customer_id,first_name,last_name,email,phone_number,date_of_birth,address,state,country,join_date
1,  Janaki  ,Handa,janaki.handa1@hotmail.com,0341316475,1981-11-05,"19/283, Shere Street, Gopalpur-503056",Kerala,India,2025-07-09
2,Siddharth,Murty,siddharth.murty2@gmail.com,6724238849,1980-11-17,"871, Choudhary Nagar, Kozhikode 916697",Tamil Nadu,India,2023-08-04
3,Advay,Contractor,advay.contractor3@hotmail.com,5146270482,1990-10-24,"H.No. 28, Acharya Circle, Unnao-154303",Odisha,India,2025-07-05
4,Farhan,Chada,farhan.chada4@hotmail.com,1822782489,2004-01-26,"57, Seth Circle, Shahjahanpur-150983",Telangana,India,2026-08-11
5,Abhimanyu,Bobal,abhimanyu.bobal5@hotmail.com,3105183473,1993-01-24,"63, Chatterjee Zila, Raichur-670106",Odisha,India,2025-10-03
6,Ikbal,Kothari,ikbal.kothari6@gmail.com,8726247317,1998-05-18,"267, Kala Chowk, Allahabad 606474",Uttar Pradesh,India,2025-10-31
7,Vidhi,Dubey,vidhi.dubey7@gmail.com,3098050097,1986-10-12,"191, Raval Ganj, Jehanabad 990916",Odisha,India,2026-02-14
8,Diya,Lal,diya.lal8@gmail.com,3462475107,1995-09-08,"42/51, Pingle Ganj, Sangli-Miraj & Kupwad 849808",Madhya Pradesh,India,2024-08-25
9,Hemang,Desai,hemang.desai9@yahoo.com,1824493534,1982-01-30,"64/005, Lala Street, Mango 801128",Gujarat,India,2024-09-10
10,Kala,Divan,kala.divan10@yahoo.com,0450533158,1972-01-28,"602, Sabharwal Path, Shimoga-160733",Kerala,India,2025-07-01
11,Triveni,Palla,triveni.palla11@yahoo.com,3036541458,2001-09-26,"H.No. 29, Barad Road, Kavali 556981",Telangana,India,2024-11-01
12,Ranveer,Kumar,ranveer.kumar12@gmail.com,0883561595,1985-05-05,"H.No. 64, Datta Circle, Bidar 299468",Karnataka,India,2025-09-22
13,Daksha,Mangat,daksha.mangat13@gmail.com,9957773872,2002-05-22,"433, Bakshi Street, Sambalpur 917693",Uttar Pradesh,India,2024-07-27
14,Leena,Talwar,leena.talwar14@yahoo.com,2016328708,1998-01-01,"88/957, Thaman, Motihari-277434",Odisha,India,2025-11-27
15,Vedhika,Khare,vedhika.khare15@yahoo.com,1434558122,1999-10-22,"65, Shukla Circle, Ghaziabad-669096",Madhya Pradesh,India,2026-02-17
16,Indira,Misra,indira.misra16@yahoo.com,8893734670,1988-10-30,"980, Bala Marg, Haldia-720465",Haryana,India,2025-06-06
17,Eta,Nazareth,eta.nazareth17@yahoo.com,6417080531,1978-09-30,"23/27, Kamdar Zila, Bardhaman-299124",Kerala,India,2025-09-29
18,Atharv,Muni,atharv.muni18@hotmail.com,6319314919,1974-10-24,"H.No. 850, Suri Marg, Bhiwani-726284",Telangana,India,2024-08-20
19,Veda,Shroff,veda.shroff19@yahoo.com,5314737996,1994-02-09,"35, Oak Road, Kavali 808313",Gujarat,India,2024-04-08
20,Vrinda,Khosla,vrinda.khosla20@hotmail.com,,1998-01-25,"85/574, Krishnamurthy Road, Jamshedpur 518233",Punjab,India,2024-09-04
21,Aradhana,Vohra,aradhana.vohra21@hotmail.com,1343524082,1998-10-09,"71/094, Srinivas Chowk, Mau 047116",Haryana,India,2026-04-10
22,Chatresh,Doshi,chatresh.doshi22@gmail.com,1318699938,1989-05-23,"H.No. 99, Chaudhary Nagar, Rajpur Sonarpur 123281",West Bengal,India,2024/01/08
23,Nilima,Seshadri,nilima.seshadri23@hotmail.com,4034471349,1976-08-26,"H.No. 21, Gandhi Nagar, Hindupur-717464",West Bengal,India,2024-01-28
24,Wakeeta,Sarma,wakeeta.sarma24@gmail.com,6594013990,1989-09-21,"74/29, Swamy Marg, Nandyal-655125",Maharashtra,India,2025-09-09
25,Warhi,Mani,warhi.mani25@hotmail.com,8071545168,1986-05-07,"859, Sathe Chowk, Kurnool-824771",Kerala,India,2025-08-29
26,Wriddhish,Dutt,,8613171274,1971-10-20,"782, Halder Marg, Coimbatore-658404",Assam,India,2024-01-27
27,Vrishti,Dixit,vrishti.dixit27@yahoo.com,5588675339,1998-04-18,"76/627, Date Nagar, Salem 187026",Karnataka,India,2023-02-03
28,Mohammed,Borde,mohammed.borde28@yahoo.com,5961586578,2003-10-20,"161, Sawhney Zila, Dewas-050455",West Bengal,India,2025-12-18
29,Yash,Wali,yash.wali29@yahoo.com,2219693792,1987-01-26,"07/482, Sathe Zila, Dharmavaram-647436",Uttar Pradesh,India,2026-06-05
30,Hredhaan,Khalsa,hredhaan.khalsa30@yahoo.com,9440640909,2003-02-18,"39/421, More Nagar, Visakhapatnam 214562",Uttar Pradesh,India,2023-08-02
31,Jasmit,Wali,jasmit.wali31@hotmail.com,2474517123,1978-05-03,"H.No. 481, Pillay Chowk, Bhimavaram 513709",Odisha,India,2026-07-14
32,Falak,Kant,falak.kant32@hotmail.com,7461200471,2004-04-22,"58, Dubey Marg, Navi Mumbai-964053",Punjab,India,2024-10-28
33,  Warinder  ,Patil,warinder.patil33@gmail.com,+91-8506431713,1987-07-22,"931, Johal Circle, Muzaffarpur 290422",Tamil Nadu,India,2025-01-31
34,Owen,Choudhary,owen.choudhary34@hotmail.com,2053950240,1991-03-27,"75, Chopra Circle, Ambala 908470",Telangana,India,2026-04-17
35,Varenya,Ratti,varenya.ratti35@yahoo.com,7711592124,1973-01-06,"84/78, Sani, Raipur 673657",Karnataka,India,2025-03-22
36,Girish,Munshi,girish.munshi36@yahoo.com,4527111161,1985-11-09,"16/560, Muni Road, Vasai-Virar 273158",Assam,India,2024-07-28
37,Arya,Kara,arya.kara37@yahoo.com,9402445502,1984-09-02,"01/836, Setty Marg, Sangli-Miraj & Kupwad 459910",Punjab,India,2024-04-28
38,Chandran,Bumb,chandran.bumb38@yahoo.com,6797643815,1976-08-13,"H.No. 369, Amble Nagar, Barasat-244510",Uttar Pradesh,India,2026-08-21
39,Qushi,Gill,qushi.gill39@gmail.com,8388516060,1989-08-09,"64/160, Garg Path, Mirzapur-613696",Uttar Pradesh,India,2026-04-12
40,Meghana,Mukherjee,meghana.mukherjee40@hotmail.com,3521818835,1990-08-13,"H.No. 32, Dua, Belgaum 799799",Karnataka,India,2025-05-17
41,Diya,Dora,diya.dora41@yahoo.com,7744905814,1982-12-27,"H.No. 11, Tripathi, Surendranagar Dudhrej 793597",Punjab,India,2023-06-07
42,David,Seshadri,david.seshadri42@gmail.com,1820377889,1989-10-03,"59, Natt Nagar, Ozhukarai 864492",Madhya Pradesh,India,2025-08-28
43,Lohit,Palla,lohit.palla43@yahoo.com,2914865281,1983-05-17,,Odisha,India,2026-09-14
44,  Baljiwan  ,Nayar,baljiwan.nayar44@hotmail.com,9622292706,2002-06-10,"834, Hari Chowk, Aurangabad 746886",Kerala,India,2023-01-21
45,Ryan,Devi,ryan.devi45@yahoo.com,7581814124,2007-06-04,"750, Bera Marg, Ambala-361530",Maharashtra,India,2025-01-14
46,Hardik,Nayak,hardik.nayak46@gmail.com,0472779010,1982-10-25,"H.No. 34, Batta Zila, Gurgaon-117980",Gujarat,India,2026-05-18
47,Wyatt,Dhawan,wyatt.dhawan47@yahoo.com,0953962185,1994-09-20,"06, Kulkarni Path, Raurkela Industrial Township 531952",Telangana,India,2025-11-30
48,Hamsini,Gill,hamsini.gill48@hotmail.com,7221704303,1972-05-22,"H.No. 03, Parikh Road, Bathinda-156676",Assam,India,2024-10-26
49,  Rachit  ,Taneja,rachit.taneja49@hotmail.com,5841616928,1983-08-03,"44/796, Sawhney Street, Amroha 596401",Kerala,India,2026-08-29
50,Nidra,Patla,nidra.patla50@hotmail.com,0297021355,1996-03-18,"H.No. 57, Devan Zila, Sikar-431027",Kerala,India,2024-02-23
51,Jacob,Lala,jacob.lala51@yahoo.com,3947312172,1990-05-19,"84/42, Pathak Street, Bhilai 237058",Madhya Pradesh,India,11-09-2025
52,Unni,Dayal,unni.dayal52@hotmail.com,1467866912,1992-06-14,"892, Sant Street, Amravati-422535",Kerala,India,19 Jan 2026
53,Zilmil,Mander,zilmil.mander53@gmail.com,3842498182,2006-09-17,"00/10, Lanka, Aurangabad-907844",Madhya Pradesh,India,2024-02-29
54,Nidra,Mishra,nidra.mishra54@yahoo.com,0276773592,1989-01-21,"H.No. 88, Nagar Zila, Kirari Suleman Nagar-473210",Odisha,India,2026-01-01
55,Leena,Sahota,leena.sahota55@gmail.com,5953278774,1981-09-25,"395, Bedi Nagar, Shimla-480162",ASSAM,India,2025-04-07
56,Jasmit,Rau,jasmit.rau56@yahoo.com,6098358416,2004-03-28,"165, Pau Path, Davanagere 800025",West Bengal,India,2025-01-27
57,Zilmil,Shan,,5952694958,2001-04-04,"H.No. 551, Morar Marg, Kavali 499309",Assam,India,13 Aug 2026
58,Lajita,Divan,lajita.divan58@hotmail.com,0913075626,1988-12-17,"28/385, Vora Chowk, Satara-785854",Uttar Pradesh,India,2023-11-19
59,Rehaan,Koshy,rehaan.koshy59@yahoo.com,3443757584,1993-11-20,"H.No. 24, Mani Nagar, Sri Ganganagar-473384",Bihar,India,2026-06-09
60,Anita,Devan,anita.devan60@gmail.com,3083301657,2006-02-28,"77/345, Bhargava Road, Chapra-802620",Tamil Nadu,India,2023-02-28
61,Mekhala,Tandon,mekhala.tandon61@gmail.com,0049915478,2008-08-06,"152, Kurian Chowk, Kanpur-493296",Punjab,India,2025-03-20
62,  Yutika  ,Narang,yutika.narang62@gmail.com,1227530463,2002-02-17,"H.No. 53, Dani Nagar, Aizawl 684145",Assam,India,2025-05-20
63,Theodore,Deol,,7956878339,1994-01-23,"10/88, Yadav Ganj, Dehradun 871397",West Bengal,India,2026-05-05
64,Yashvi,Sehgal,yashvi.sehgal64@gmail.com,2867908740,1974-02-28,"H.No. 651, Bhasin Circle, Chittoor-462265",West Bengal,India,2024-11-02
65,  Lavanya  ,Sen,lavanya.sen65@yahoo.com,1825128682,2008-06-07,"86/863, Sharma Ganj, Bhatpara 310690",Bihar,India,22-05-2026
66,Ekalinga,Chaudhuri,ekalinga.chaudhuri66@hotmail.com,7903067383,1979-11-07,"95/995, Mittal Ganj, Saharsa 644089",Maharashtra,India,2024-09-16
67,Parth,Sane,parth.sane67@hotmail.com,,2004-02-19,"H.No. 27, Sachar Nagar, Proddatur-634351",Assam,India,2024-06-01
68,Kamala,Chanda,kamala.chanda68@hotmail.com,0469901398,2005-10-01,"H.No. 331, Kibe Chowk, Sikar 854678",Haryana,India,2026-08-17
69,Darika,Lal,darika.lal69@yahoo.com,7175355609,1995-05-11,"H.No. 23, Karpe Path, Jehanabad 785477",Kerala,India,2024-10-05
70,Indira,Gara,indira.gara70@gmail.com,2808010062,1988-03-20,"75/09, Subramanian, Pune 886008",Uttar Pradesh,India,2026-05-03
71,Bhavini,Badal,bhavini.badal71@hotmail.com,2118233984,1998-02-24,"79, Kara Ganj, Jodhpur 166687",Assam,India,07/30/2026
72,Aditya,Garg,aditya.garg72@gmail.com,6591803397,1972-11-01,"503, Dhawan, Solapur 293968",West Bengal,India,2026-07-15
73,Logan,Brar,logan.brar73@hotmail.com,0163159996,1983-04-24,"586, Grewal Marg, Guwahati-311426",Kerala,India,2025-01-19
74,Mitesh,Ramachandran,mitesh.ramachandran74@yahoo.com,1104754121,1997-10-01,"H.No. 158, Nair Zila, Ahmedabad-661839",ODISHA,India,2026-08-14
75,Lajita,Gara,lajita.gara75@gmail.com,4472126464,1990-07-04,"79/937, Deshmukh Zila, Chennai 596575",West Bengal,India,2023-03-15
76,Laban,Mital,laban.mital76@yahoo.com,7526547935,1987-01-25,"39/82, Bala Circle, Bhagalpur 416724",Madhya Pradesh,India,2023-05-16
77,Mitesh,Sampath,mitesh.sampath77@yahoo.com,7979688680,1979-11-26,"529, Ratta Nagar, Chinsurah 014388",Madhya Pradesh,India,2025-06-18
78,Timothy,Sehgal,timothy.sehgal78@yahoo.com,7982507146,1991-11-28,"H.No. 73, Subramanian Circle, Fatehpur 775140",Delhi,India,2026-09-07
79,Ishwar,Bajaj,ishwar.bajaj79@yahoo.com,2382825867,2001-06-29,"09, Sengupta Ganj, Pali-334191",Punjab,India,2025-05-01
80,Rachit,Pau,rachit.pau80@yahoo.com,7147859696,2001-02-01,"24/99, Desai Zila, Kochi 412528",Tamil Nadu,India,2026-02-16
81,Lakshit,Rajagopal,lakshit.rajagopal81@yahoo.com,7828274225,1985-06-19,"23, Tiwari Marg, Alappuzha 677219",Punjab,India,2026-02-21
82,  Thomas  ,Master,thomas.master82@gmail.com,3842797881,1971-11-17,"78/361, Mishra Ganj, Hospet 517133",Delhi,India,2026-01-24
83,Indali,Sangha,indali.sangha83@gmail.com,3309584982,2001-07-06,"604, Deo Street, Ulhasnagar 367294",Uttar Pradesh,India,2024-07-10
84,Keya,Seth,keya.seth84@gmail.com,6845775901,1994-07-25,"37, Naidu Road, Naihati-975001",Gujarat,India,2025-10-17
85,Tripti,Babu,tripti.babu85@gmail.com,7706324241,1994-07-02,"H.No. 643, Chand Marg, Mumbai 712938",Madhya Pradesh,India,2024-02-10
86,Aditya,Anand,aditya.anand86@hotmail.com,1627136111,1996-07-18,"218, Anand, Gandhidham-326973",West Bengal,India,2025-05-04
87,Harish,Dey,harish.dey87@gmail.com,5652341389,1973-12-31,"898, Ramanathan Ganj, Meerut 761379",Telangana,India,2024-11-22
88,  Advik  ,Patel,advik.patel88@yahoo.com,6965827109,1973-05-27,"H.No. 684, Sagar Circle, Rewa-889241",Gujarat,India,2025-08-27
89,Yasti,Jani,yasti.jani89@gmail.com,6914630316,1982-06-25,"21/020, Taneja Street, Nagaon 252410",Punjab,India,2023-06-26
90,Pushti,Magar,pushti.magar90@hotmail.com,4917785079,1983-06-08,"13/80, Arora Nagar, Ranchi 562208",Odisha,India,2025-08-06
91,  Oni  ,Kapur,oni.kapur91@yahoo.com,6541951802,2001-03-23,"44, Chadha Path, Bangalore-349493",Assam,India,2026-04-12
92,Wakeeta,Hayre,wakeeta.hayre92@hotmail.com,+91-2060385050,1988-05-02,"70, Mammen Street, Varanasi-865719",Punjab,India,07/15/2023
93,Kiaan,Ramesh,kiaan.ramesh93@gmail.com,6234456557,1974-05-03,"12/12, Shukla Chowk, Vellore-853747",Madhya Pradesh,India,2026-06-01
94,Jagdish,Chana,jagdish.chana94@gmail.com,9035213568,1980-10-10,"78, Krish Circle, Surendranagar Dudhrej-210032",Delhi,India,2024-10-16
95,Nandini,Pradhan,nandini.pradhan95@hotmail.com,9941013721,1978-03-27,"966, Balan Chowk, Purnia-532447",Punjab,India,2026-09-12
96,Bakhshi,Korpal,bakhshi.korpal96@hotmail.com,7687014626,2004-04-10,"57/875, Thakkar, Munger 205930",Haryana,India,2026-04-28
97,Avni,Bhardwaj,avni.bhardwaj97@yahoo.com,9321334803,2004-09-29,"955, Bala, Tezpur-937842",West Bengal,India,2024-04-07
98,Gautam,Bhalla,gautam.bhalla98@gmail.com,0870593252,1989-05-05,"H.No. 851, Randhawa Path, Naihati-522675",Punjab,India,2025-11-18
99,Ishanvi,Kapoor,ishanvi.kapoor99@hotmail.com,6442209690,1977-04-28,"25, Khanna Zila, Imphal-157043",West Bengal,India,2026-01-18
100,Ekansh,Palla,ekansh.palla100@yahoo.com,0067626765,1980-03-09,"710, Bahri Road, Bhilwara-152621",Bihar,India,2023-06-01
101,Girik,Nigam,girik.nigam101@hotmail.com,0629620153,1991-06-30,"H.No. 31, Ramaswamy Nagar, Jamnagar 506149",HARYANA,India,2024-03-08
102,Gunbir,Bal,,4171467741,1988-12-15,"H.No. 27, Lall Nagar, Kirari Suleman Nagar 349021",Telangana,India,2025-05-20
103,Hemangini,Sachdev,hemangini.sachdev103@hotmail.com,8068687937,1973-12-17,"H.No. 722, Hans Ganj, Kalyan-Dombivli 163294",Punjab,India,2026-09-04
104,Ekalinga,Chahal,ekalinga.chahal104@yahoo.com,8548709986,1982-11-09,"H.No. 914, Padmanabhan Circle, Bilaspur-799702",Odisha,India,2026-06-23
105,Maanas,Ratti,maanas.ratti105@gmail.com,5307450544,1981-03-03,"H.No. 75, Saha Road, Maheshtala-367850",Uttar Pradesh,India,2026-03-14
106,Nathan,Bhatti,nathan.bhatti106@yahoo.com,2890233030,1990-04-14,"H.No. 78, Dasgupta Marg, New Delhi-797279",Haryana,India,2026-07-23
107,Hemangini,Gade,hemangini.gade107@yahoo.com,4060293333,1991-08-28,"22, Anand, Nizamabad 466574",Tamil Nadu,India,2023-07-22
108,Chasmum,Verma,chasmum.verma108@hotmail.com,9108589944,1978-12-30,"54/443, Varughese Street, Howrah 520744",Telangana,India,2025-12-11
109,Nidhi,Rama,nidhi.rama109@hotmail.com,9935387584,2005-03-02,"24, Goswami Circle, Hubli–Dharwad 534655",Tamil Nadu,India,2025-11-23
110,Chaitaly,Sheth,chaitaly.sheth110@gmail.com,0999173816,1980-08-09,"356, Shankar, Satna 175250",Kerala,India,2025-08-30
111,Anusha,Kadakia,anusha.kadakia111@gmail.com,7129666676,1970-11-19,"H.No. 583, Agrawal Nagar, Kamarhati-421689",Odisha,India,2026-04-24
112,Dhruv,Bath,dhruv.bath112@yahoo.com,7898562575,1982-05-03,"230, Thaman, Amravati 064890",Tamil Nadu,India,2026-06-04
113,Chanakya,Chokshi,chanakya.chokshi113@hotmail.com,0167618472,1993-04-10,"84/992, Cheema Marg, Ichalkaranji-173934",Assam,India,2023-01-20
114,Saksham,Parmar,saksham.parmar114@hotmail.com,4208737530,2002-04-21,"H.No. 811, Kashyap Road, Sagar-701204",West Bengal,India,2023-05-01
115,Dhriti,Sandhu,dhriti.sandhu115@hotmail.com,1002255794,1984-05-23,"67, Rajan Road, Bidar-120216",Bihar,India,2024-07-08
116,Vasudha,Sarma,vasudha.sarma116@gmail.com,5902771670,2005-05-01,"58/891, Kothari Marg, Sri Ganganagar 289002",Tamil Nadu,India,2025-03-21
117,Upasna,Tandon,upasna.tandon117@gmail.com,7535408386,1989-12-01,"71/77, Dani Path, Surat-660880",Telangana,India,2026-07-28
118,Daksha,Trivedi,daksha.trivedi118@hotmail.com,7550375899,2002-02-02,"30/554, Vig Circle, Aligarh 272614",Odisha,India,2023-07-09
119,Raghav,Dara,raghav.dara119@yahoo.com,7351609177,1993-12-01,"08/69, Trivedi Chowk, Adoni-216995",Haryana,India,2026-07-05
120,Leena,Sahota,leena.sahota120@hotmail.com,4654722698,1989-11-11,"945, Gokhale Street, Bhiwandi-879968",Madhya Pradesh,India,2025-11-27
121,Pahal,Arya,pahal.arya121@hotmail.com,0620034244,1981-07-27,,Odisha,India,2024-03-03
122,Zayan,Jain,zayan.jain122@hotmail.com,3598933472,1972-09-30,"H.No. 648, De Road, Bhimavaram 057202",Maharashtra,India,2023-04-19
123,Charan,Mitra,charan.mitra123@yahoo.com,,2005-12-29,"355, Memon Path, Tadipatri 801573",West Bengal,India,2023-06-20
124,Yagnesh,Baral,yagnesh.baral124@hotmail.com,6164840858,2005-01-28,"35/811, Yogi Street, Amritsar 361386",Rajasthan,India,2026-04-16
125,Ekbal,Dube,ekbal.dube125@gmail.com,5011024819,1995-04-11,"66/506, Warrior Zila, Tadipatri-901581",West Bengal,India,2025-04-30
126,Charvi,Chadha,charvi.chadha126@yahoo.com,6607283268,1981-09-19,"82/10, Ramesh Nagar, Farrukhabad 536822",West Bengal,India,2026-01-02
127,Zayyan,Hari,zayyan.hari127@gmail.com,9087814141,1977-09-11,"314, Boase, Ratlam 759492",Tamil Nadu,India,2026-05-09
128,Janya,Mutti,janya.mutti128@yahoo.com,0533645257,1992-03-12,"12/91, Dey Road, Firozabad 108099",Haryana,India,2025-01-14
129,Simon,Bansal,simon.bansal129@hotmail.com,8872563942,1986-02-06,"H.No. 80, Gandhi Ganj, Amroha 299275",Maharashtra,India,2026-05-02
130,Vinaya,Kata,vinaya.kata130@gmail.com,5303856770,1972-03-29,"89/26, Pau Marg, Hazaribagh 638655",Bihar,India,2024-01-27
131,Vasatika,Ahuja,vasatika.ahuja131@hotmail.com,7231843222,1989-03-16,"H.No. 17, Srinivas Chowk, Gudivada-603029",Haryana,India,2025-02-02
132,Krish,Vala,krish.vala132@gmail.com,0242869904,1993-03-19,"369, Gopal Street, Rourkela-799136",Uttar Pradesh,India,2025-02-25
133,Ikbal,Babu,ikbal.babu133@gmail.com,2912799088,1985-05-09,"68/650, Sanghvi Circle, Ongole-599162",Punjab,India,2026-01-23
134,Viraj,Chacko,viraj.chacko134@yahoo.com,4300981806,1980-05-17,"694, Wason Road, Buxar 946368",Assam,India,2025-01-16
135,Vasudha,Gola,,,2000-06-27,"90/26, Chand Nagar, Chittoor-114351",Assam,India,2026-08-07
136,Leena,Rattan,leena.rattan136@hotmail.com,9027703843,1993-11-06,"05/302, Majumdar Zila, Nagercoil-693801",Karnataka,India,2026-08-16
137,Bhavani,Pall,bhavani.pall137@yahoo.com,3937690426,2005-08-20,"H.No. 18, Yogi Road, Mango 973577",Telangana,India,2024-03-16
138,Ayaan,Subramaniam,ayaan.subramaniam138@gmail.com,1633565880,2004-10-09,"51/827, Pandya Path, Chapra 237333",Kerala,India,2025-10-27
139,Samuel,Karnik,samuel.karnik139@gmail.com,9521117908,2003-11-14,"47/28, Rao Road, Gangtok 086780",Odisha,India,2024-11-01
140,Meera,Ghosh,meera.ghosh140@yahoo.com,8750036915,1989-10-19,"479, Pau Path, Panchkula-365564",Tamil Nadu,India,2025-08-09
141,Karan,Karnik,karan.karnik141@gmail.com,3866322702,1987-11-01,"H.No. 48, Batta, Navi Mumbai 034717",Uttar Pradesh,India,2026-04-21
142,Abha,Patel,abha.patel142@yahoo.com,5061593998,1998-12-31,"71/694, Dhillon Chowk, Naihati 996112",Tamil Nadu,India,2025-08-21
143,Dipta,Nadig,dipta.nadig143@hotmail.com,4964759876,1983-10-06,"41/326, Chandran Zila, Bhalswa Jahangir Pur-068114",Haryana,India,2024-06-09
144,Frado,Ramakrishnan,frado.ramakrishnan144@yahoo.com,3472282005,1994-03-12,"829, Shan, Loni 578317",Karnataka,India,2026-08-31
145,Nitara,Lad,nitara.lad145@gmail.com,0082547807,1982-05-28,"30/85, Sabharwal Ganj, Tenali-266341",Haryana,India,2023-02-19
146,Wriddhish,Varughese,wriddhish.varughese146@hotmail.com,4846312241,1986-10-01,"502, Warrior Nagar, Gaya 442703",Kerala,India,2026-01-31
147,Alexander,Tak,alexander.tak147@gmail.com,6475705120,1974-02-17,"460, Kothari Zila, Mango-037183",Bihar,India,2025-07-30
148,Devika,Naidu,devika.naidu148@gmail.com,8814743503,1988-09-02,"491, Kibe Marg, Kalyan-Dombivli 925132",Punjab,India,2026-01-27
149,Hamsini,Bhasin,hamsini.bhasin149@gmail.com,2812735857,1989-09-13,"H.No. 07, Menon Chowk, Jhansi 855749",West Bengal,India,2024-10-22
150,Naveen,Biswas,naveen.biswas150@hotmail.com,7448570862,2005-06-15,"18/638, Dube Chowk, North Dumdum-511810",haryana,India,2025-04-25
151,Kai,Gokhale,kai.gokhale151@gmail.com,1731096789,2002-06-11,"10/37, Sidhu Zila, Karimnagar 509480",Telangana,India,2026-07-08
152,Daksha,Brahmbhatt,daksha.brahmbhatt152@gmail.com,1386338392,1998-08-11,"76/122, Ratti Circle, Sangli-Miraj & Kupwad 558556",Maharashtra,India,2025-08-08
153,Qushi,Naik,qushi.naik153@hotmail.com,9836845776,1999-09-29,"H.No. 04, Kala Ganj, Lucknow 888992",Telangana,India,2025-12-03
154,Triveni,Parekh,triveni.parekh154@gmail.com,04593344196,1974-04-15,"791, Mital, Gangtok 105566",Punjab,India,2023-05-20
155,Jai,Karan,jai.karan155@hotmail.com,6048058925,2006-01-20,"99, Chana Circle, Bhiwani 622517",West Bengal,India,06/29/2026
156,Chandran,Rastogi,chandran.rastogi156@yahoo.com,6862278376,1992-06-02,"H.No. 465, Chakraborty, Haridwar-553559",Maharashtra,India,2025-07-25
157,Dalaja,Gara,dalaja.gara157@yahoo.com,9270335211,1995-08-12,"H.No. 514, Sinha Chowk, Bathinda-833884",Bihar,India,2023-09-29
158,Lohit,Badami,lohit.badami158@yahoo.com,4204394070,1991-07-24,"H.No. 463, Trivedi Marg, Satna 981238",Kerala,India,2025-03-22
159,Anthony,Baral,anthony.baral159@gmail.com,5762055543,2007-06-12,"H.No. 843, Om Street, Durgapur 689363",West Bengal,India,2026-02-13
160,Pooja,Muni,pooja.muni160@hotmail.com,7823298324,1992-06-22,"H.No. 18, Dani Circle, Ratlam-056647",Karnataka,India,2024-11-12
161,Anusha,Doshi,anusha.doshi161@gmail.com,2209949993,1999-01-15,"H.No. 728, Singh, Udaipur 772233",Odisha,India,2024-12-04
162,Alexander,Madan,alexander.madan162@yahoo.com,33127-97573,1971-12-06,"99, Yadav, Saharsa-770388",Tamil Nadu,India,2025-04-21
163,Balveer,Ram,balveer.ram163@hotmail.com,3476447264,1985-09-27,"71/812, Deshmukh, Haridwar-702793",Assam,India,2024-02-26
164,Gautam,Krishna,gautam.krishna164@yahoo.com,1117518689,2004-03-29,"592, Dhillon Street, Faridabad-447421",Madhya Pradesh,India,2025-06-07
165,Samaksh,Aggarwal,samaksh.aggarwal165@hotmail.com,0777809733,2004-11-06,"H.No. 990, Mall Ganj, Dhanbad-205020",Punjab,India,2026-01-29
166,Chanchal,Narula,chanchal.narula166@gmail.com,1622499982,1996-01-19,"H.No. 55, Bir Marg, Jamalpur 472145",Punjab,India,2026-03-12
167,Shaurya,Kadakia,shaurya.kadakia167@hotmail.com,1981794695,1990-09-25,"97/87, Gole Chowk, Ramagundam 010713",Bihar,India,2024-01-04
168,Oeshi,Sachdev,oeshi.sachdev168@gmail.com,5830344144,2001-02-01,"55/699, Gill Nagar, Bathinda 770272",Uttar Pradesh,India,2024-07-13
169,Gautami,Shere,gautami.shere169@yahoo.com,8495880395,1994-07-16,"H.No. 68, Ramachandran Street, Hindupur 450461",Karnataka,India,2025-12-09
170,Wazir,Prabhu,wazir.prabhu170@yahoo.com,3842150317,1989-08-05,"H.No. 78, Narang Road, Navi Mumbai-307681",Odisha,India,2024-01-22
171,Chaitanya,Chahal,chaitanya.chahal171@yahoo.com,0184094353,1970-11-11,"14/224, Aurora Zila, Tiruppur 854249",Madhya Pradesh,India,2026-06-10
172,Ekavir,Mukhopadhyay,ekavir.mukhopadhyay172@hotmail.com,8702070160,1980-01-04,"54/53, Brar Circle, Tezpur-171747",Madhya Pradesh,India,2026/08/02
173,Udarsh,Dhawan,udarsh.dhawan173@hotmail.com,5625577017,1988-08-02,"H.No. 59, Datta, Machilipatnam-581487",Odisha,India,2023-06-16
174,Odika,Khare,odika.khare174@hotmail.com,8276153966,1985-12-08,"19/719, Sheth, Miryalaguda-724619",Tamil Nadu,India,2026-07-05
175,Ladli,Narang,ladli.narang175@yahoo.com,1329022784,1974-11-02,"549, Saran Road, Hubli–Dharwad-986240",Karnataka,India,2024-10-28
176,Chatresh,Acharya,chatresh.acharya176@hotmail.com,1403696566,1984-09-25,"23, Rajagopalan Circle, Erode-422010",Uttar Pradesh,India,2024-06-07
177,Vidhi,Sarkar,vidhi.sarkar177@gmail.com,2679692786,1976-03-05,"690, Tara, Orai 689500",Tamil Nadu,India,2024-03-27
178,Jyoti,Chowdhury,,1284781891,1992-04-17,"H.No. 80, Setty Chowk, Chapra 654420",Haryana,India,2025-04-10
179,Daksha,Lad,daksha.lad179@gmail.com,9290490471,1997-02-12,"944, Atwal Road, Mahbubnagar 927524",Uttar Pradesh,India,2024-11-26
180,Warinder,Sundaram,warinder.sundaram180@gmail.com,5129276637,2000-06-10,"41/027, Soni Marg, Fatehpur 667428",West Bengal,India,2023-05-12
181,Advik,Mani,,5801856945,2003-10-11,"39, Venkatesh Ganj, Bokaro 800106",Assam,India,2026-02-08
182,Hemang,Sehgal,hemang.sehgal182@yahoo.com,4430091093,1974-06-02,"92, Gour Zila, Durg 174654",Odisha,India,2025-10-16
183,Ethan,Malhotra,ethan.malhotra183@gmail.com,6504427173,1976-11-10,"863, Cherian, Rampur-011947",Kerala,India,2025-10-17
184,Widisha,Dixit,widisha.dixit184@hotmail.com,0642569087,1971-06-02,"H.No. 671, Wason, Thoothukudi 601585",Karnataka,India,2026-06-11
185,Tripti,Mann,tripti.mann185@hotmail.com,02806346157,1973-10-05,"093, Ramachandran Chowk, Panvel-787005",Telangana,India,2025-11-20
186,Brijesh,Ravi,brijesh.ravi186@gmail.com,,1972-11-01,"20/204, Shan Zila, Gudivada 117993",Punjab,India,2025/06/30
187,Samaksh,Sandhu,samaksh.sandhu187@yahoo.com,5198253092,1973-02-06,"25, Gala Circle, Latur 219620",Punjab,India,2025-01-20
188,Faris,Ahuja,faris.ahuja188@gmail.com,1946723248,2004-02-18,"27/91, Pall Road, Kolkata-318195",MADHYA PRADESH,India,2023-02-16
189,Yashica,Kanda,yashica.kanda189@yahoo.com,4031277220,2003-06-28,"H.No. 59, Bassi Chowk, Faridabad-207811",Delhi,India,2025-10-11
190,Sai,Nanda,sai.nanda190@yahoo.com,5315313636,2004-09-19,"23, Sha, Munger-273543",Kerala,India,2025-10-20
191,Azad,Bhasin,azad.bhasin191@yahoo.com,1776253492,1983-06-21,"87, Solanki Ganj, Alwar-633569",Delhi,India,2025-09-14
192,Manthan,Ahluwalia,manthan.ahluwalia192@yahoo.com,0780686717,1979-02-27,"254, Chana Ganj, Nangloi Jat 279907",Karnataka,India,2025-06-25
193,Lakshit,Ravi,lakshit.ravi193@gmail.com,7016580464,1988-04-29,"50/85, Choudhry Nagar, Ambarnath-905528",Odisha,India,2025-03-30
194,Samarth,Devi,samarth.devi194@yahoo.com,8179335548,1997-06-28,"H.No. 77, Vyas Circle, Nandyal 795137",Punjab,India,2026-03-23
195,Mahika,Gola,mahika.gola195@yahoo.com,1241272380,1974-01-08,"H.No. 67, Manne Nagar, Rajkot-385695",DELHI,India,2024-06-22
196,Eta,Sunder,eta.sunder196@hotmail.com,7492424375,1995-08-16,"29, Wason Street, South Dumdum 223105",TAMIL NADU,India,2026-06-21
197,Ridhi,Lad,ridhi.lad197@yahoo.com,3805525782,1992-07-15,"27, Dugal Path, Bongaigaon 474929",West Bengal,India,2025-07-17
198,Riya,Nigam,riya.nigam198@hotmail.com,7028140693,1998-05-23,"39/83, Hayre Road, Gwalior 186375",Haryana,India,2024-10-25
199,Yasti,Bhalla,yasti.bhalla199@hotmail.com,6265650455,1993-08-17,"76/742, Sachdeva Marg, Dharmavaram 234785",Madhya Pradesh,India,2024-12-01
200,Keya,Chakrabarti,keya.chakrabarti200@gmail.com,4628792326,1973-03-20,"47/87, Bala Ganj, Jamnagar 471462",Punjab,India,2023-12-29
201,Yash,Balakrishnan,yash.balakrishnan201@gmail.com,7195979647,1989-05-25,"902, Shenoy Path, Raurkela Industrial Township 045650",West Bengal,India,2025-11-26
202,Faraj,Varkey,faraj.varkey202@gmail.com,1928554451,1981-09-20,"845, Sabharwal Chowk, Ujjain-328338",Karnataka,India,2025-12-17
203,Ishaan,Sahni,ishaan.sahni203@yahoo.com,1207545279,1994-01-06,"13/223, Dass Road, Bikaner 611076",Maharashtra,India,2025-08-05
204,Hritik,Bali,hritik.bali204@hotmail.com,7140140119,1972-04-27,"H.No. 124, Pall, Nanded-891190",Kerala,India,2024-04-02
205,Rehaan,Manda,rehaan.manda205@gmail.com,1387592712,1990-10-20,"15, Shukla Zila, Saharsa-754801",West Bengal,India,2026-09-06
206,Jack,Rajan,jack.rajan206@yahoo.com,9473864631,1983-03-05,"16/781, Dhar Zila, Rewa 215353",Tamil Nadu,India,2024-05-31
207,Netra,Das,netra.das207@gmail.com,7499465796,1993-04-25,"H.No. 147, Kashyap Chowk, Ludhiana-017026",Delhi,India,2025-10-04
208,Eta,Dua,eta.dua208@yahoo.com,1877347784,1993-09-05,"16, Murty Chowk, Mango 002842",Madhya Pradesh,India,2025-11-13
209,Krish,Muni,krish.muni209@hotmail.com,,1989-05-19,"96, Pandit, Pondicherry-090255",Gujarat,India,2024-04-02
210,Avi,Om,avi.om210@yahoo.com,6556503334,2001-06-20,"H.No. 20, Nanda Circle, Jaunpur 986407",Uttar Pradesh,India,2026-01-23
211,Edhitha,Purohit,edhitha.purohit211@hotmail.com,5917135785,1993-01-18,"718, Mani Ganj, Nashik 963919",ODISHA,India,2026-05-26
212,Gayathri,Mahajan,gayathri.mahajan212@gmail.com,6351484685,1974-04-21,"82/082, Tata, Bhind 896908",Assam,India,2024-05-02
213,Turvi,Divan,turvi.divan213@gmail.com,4665136442,1978-04-30,"H.No. 230, Mukherjee Ganj, Shivpuri-603242",Odisha,India,2026-04-10
214,Arunima,Goda,arunima.goda214@hotmail.com,7001594165,1971-10-24,"81/89, Krishnamurthy Circle, Mysore-915596",Bihar,India,2025-05-25
215,Warinder,Sampath,warinder.sampath215@gmail.com,1234764907,2001-04-30,"34, Patil Street, Arrah 090034",West Bengal,India,2026-04-13
216,Dayamai,Patil,dayamai.patil216@hotmail.com,8376064413,1991-09-16,"60/417, Sachar Chowk, Bhusawal-248156",Haryana,India,2026-01-27
217,Eta,Setty,eta.setty217@hotmail.com,0272063459,1993-08-02,"65/77, Lad Street, Guntakal-431652",Tamil Nadu,India,2025-02-22
218,Krishna,Kapur,krishna.kapur218@gmail.com,,1985-08-28,"H.No. 529, Atwal Zila, Malda 133344",West Bengal,India,2024-03-23
219,Lavanya,De,,9343626204,1999-01-26,"H.No. 97, Anne Zila, Guntur-636694",Uttar Pradesh,India,2026-02-16
220,Daniel,Ben,daniel.ben220@yahoo.com,7599004896,1973-06-25,"24/28, Nori Chowk, Mira-Bhayandar-586241",Bihar,India,2026-06-28
221,Joshua,Tata,joshua.tata221@yahoo.com,6449485625,1982-08-11,"203, Banik Street, Bhilwara-761707",Madhya Pradesh,India,2023-09-15
222,Vedhika,Shankar,vedhika.shankar222@yahoo.com,2151342284,1984-04-02,"13, Chandra Chowk, Indore 165915",Kerala,India,2026-07-11
223,Finn,Sharma,finn.sharma223@hotmail.com,7490509759,1976-07-19,"H.No. 189, Chanda Marg, Rohtak 361032",West Bengal,India,2026-06-21
224,Neha,Mane,neha.mane224@hotmail.com,1476492515,1985-06-20,"49, Sampath, Bhusawal-926610",West Bengal,India,2023-08-30
225,Ubika,Kapur,ubika.kapur225@hotmail.com,7881476174,1990-03-19,"H.No. 90, Bose Circle, Anand-866179",Maharashtra,India,2026-08-29
226,Isha,Kumar,isha.kumar226@hotmail.com,8017226016,2001-08-05,"45/23, Brar Street, Aligarh-800610",West Bengal,India,2026-01-10
227,  Vansha  ,Sharma,vansha.sharma227@hotmail.com,9749956412,1977-03-25,"30/372, Sarin Ganj, Chandigarh 727601",Tamil Nadu,India,2025-11-08
228,Michael,Saxena,michael.saxena228@yahoo.com,0793349605,1977-01-06,"99/840, Ratta Chowk, Anand-308069",Delhi,India,2026-05-02
229,Devansh,Loyal,devansh.loyal229@hotmail.com,7179576024,1982-09-16,,Odisha,India,2024-11-23
230,Gabriel,Subramanian,gabriel.subramanian230@gmail.com,3297167433,1996-12-13,"H.No. 22, Balay Circle, Naihati 193183",Maharashtra,India,2023-09-13
231,Harini,Pant,harini.pant231@gmail.com,2891077119,1989-03-09,"135, Master Street, Guna 125521",West Bengal,India,2025-10-22
232,Reva,Sagar,reva.sagar232@gmail.com,7548214565,2002-12-14,,Uttar Pradesh,India,2024-01-01
233,Nitesh,Saraf,nitesh.saraf233@gmail.com,0290846684,1982-09-01,"67/389, Sathe, Machilipatnam 410856",Karnataka,India,04/06/2025
234,Jonathan,Venkatesh,jonathan.venkatesh234@hotmail.com,3188485200,1998-04-05,"68/105, Tripathi Road, Amravati-174907",Maharashtra,India,2025-07-04
235,Warinder,Walla,warinder.walla235@hotmail.com,5449268315,1983-08-03,"H.No. 266, Chanda Zila, Khandwa 737158",Madhya Pradesh,India,2024-08-28
236,Zilmil,Rana,zilmil.rana236@yahoo.com,6776228277,1986-01-04,"70, Pingle Street, Madanapalle 115940",Haryana,India,2026-05-10
237,Jacob,Prabhu,jacob.prabhu237@yahoo.com,4470229604,1990-07-28,"H.No. 851, Sahni Nagar, Chapra-975679",Tamil Nadu,India,2026-06-26
238,Lakshit,Thaman,lakshit.thaman238@hotmail.com,7725199663,1975-10-02,"41/209, Dasgupta Road, Nellore 983780",Haryana,India,2026-06-20
239,Pranit,Bahl,pranit.bahl239@yahoo.com,,1975-04-11,"08, Raja Path, Mysore-182422",Odisha,India,2025-11-26
240,Gaurav,Dube,gaurav.dube240@yahoo.com,2095200461,1980-06-01,"10, Khatri Ganj, Kumbakonam 140578",West Bengal,India,2026-09-03
241,Veda,Balakrishnan,veda.balakrishnan241@yahoo.com,0489138249,1986-03-05,,Rajasthan,India,2023-08-23
242,Vasatika,Mahajan,vasatika.mahajan242@hotmail.com,6539840289,1970-09-22,,Kerala,India,2023-04-13
243,Falguni,Babu,falguni.babu243@hotmail.com,0970026876,1988-03-06,"15/695, Goel Marg, Amravati 537030",Assam,India,2026-07-23
244,Ishita,Handa,ishita.handa244@gmail.com,3375047930,1999-07-11,"839, Gill, Giridih 124938",Haryana,India,27 Nov 2024
245,Anusha,Handa,anusha.handa245@hotmail.com,8948706056,1998-05-28,"H.No. 80, Batta Ganj, Bidar-506351",kerala,India,2026-01-25
246,Aryan,Kara,aryan.kara246@hotmail.com,1332541107,2004-02-24,"173, Bhagat Path, Saharsa 199717",Madhya Pradesh,India,2024-07-07
247,Frederick,Bhat,frederick.bhat247@gmail.com,5120704961,1992-09-14,"61, Roy, Khora  767699",GUJARAT,India,2026-07-17
248,  Atharv  ,Setty,atharv.setty248@hotmail.com,9311091939,1974-07-21,"97, Kibe Street, Varanasi 249685",Telangana,India,2025-09-12
249,Madhav,Din,,9545089203,1982-07-13,"331, Gulati Path, Bhind-995946",Gujarat,India,2026-08-06
250,Henry,Sha,henry.sha250@gmail.com,3033793375,1983-03-12,"H.No. 01, Balan Path, Ajmer-739500",Kerala,India,2025-06-14
251,Bhanumati,Ghosh,bhanumati.ghosh251@gmail.com,2583230241,1978-04-09,"473, Pradhan Path, Hajipur 112233",Bihar,India,2025-06-06
252,Kavya,Nadkarni,kavya.nadkarni252@hotmail.com,3099384253,1990-12-10,"17/912, Rama Circle, Panchkula-255877",Delhi,India,2024-08-15
253,Nandini,Bansal,nandini.bansal253@gmail.com,3736346692,1988-09-15,"H.No. 478, Karpe Path, Kirari Suleman Nagar 677665",Bihar,India,30 Jun 2026
254,Edhitha,Mahajan,edhitha.mahajan254@yahoo.com,2734151488,2001-04-11,"H.No. 150, Iyer Circle, Thiruvananthapuram-444392",Madhya Pradesh,India,2024-01-30
255,Advika,Anand,advika.anand255@yahoo.com,5669078263,2008-08-23,"75/153, Sahni Marg, Bahraich-805292",Maharashtra,India,2024-12-13
256,Aditya,Tata,aditya.tata256@hotmail.com,5366684590,1982-04-26,"99/96, Jayaraman Marg, Rajkot-371597",Odisha,India,2023-11-08
257,Daksha,Chander,daksha.chander257@gmail.com,8209702316,1994-12-27,"05, Apte Circle, Khammam 621286",Haryana,India,2023-02-04
258,Ekapad,Ramachandran,ekapad.ramachandran258@gmail.com,3467299493,1988-11-17,"716, Koshy, Jehanabad-779014",West Bengal,India,2024-10-17
259,Tanmayi,Palan,tanmayi.palan259@hotmail.com,6926329676,1995-04-07,"248, Bhavsar Road, Kumbakonam-815118",Karnataka,India,2025-07-09
260,Eshana,Rout,eshana.rout260@yahoo.com,4380701765,1999-11-01,"H.No. 12, Shetty Path, Surendranagar Dudhrej 183727",Kerala,India,2025-09-29
261,Neel,Garde,neel.garde261@gmail.com,2418621042,2001-11-18,"83/708, Ramakrishnan Zila, Raiganj-900633",Maharashtra,India,2025-05-08
262,William,Iyengar,william.iyengar262@gmail.com,6005313122,1984-12-10,"H.No. 83, Johal, Haldia 331552",Tamil Nadu,India,2026-09-13
263,Diya,Arora,diya.arora263@yahoo.com,7314950136,1971-04-11,"H.No. 19, Rama Path, Thoothukudi 571509",Rajasthan,India,2024-05-13
264,Saumya,Raja,saumya.raja264@hotmail.com,8903091436,2005-05-13,"H.No. 74, Doshi Ganj, Kurnool 397524",Assam,India,2026-05-27
265,Balveer,Verma,balveer.verma265@yahoo.com,0355338033,1982-10-09,"01, Boase Chowk, Faridabad 321298",Odisha,India,2024-03-10
266,Samarth,Keer,samarth.keer266@hotmail.com,6742336293,2002-04-17,"H.No. 71, Rao Path, Rourkela-768962",Karnataka,India,2024-12-31
267,Vasatika,Bahri,vasatika.bahri267@yahoo.com,1498282467,2001-11-07,"H.No. 527, Dubey Ganj, Kolkata-857666",Karnataka,India,2026-06-13
268,Kashvi,Rajagopalan,kashvi.rajagopalan268@yahoo.com,,2007-08-02,"06/633, Banerjee Chowk, Bhopal-497243",Gujarat,India,2025-05-29
269,Neel,Arora,neel.arora269@gmail.com,6691836264,1993-08-02,"61/195, Luthra Street, Sikar-027011",Uttar Pradesh,India,2026-03-31
270,Omisha,Vohra,omisha.vohra270@yahoo.com,6225223728,2000-02-09,"023, Rege Road, Moradabad-141614",Uttar Pradesh,India,2023-04-13
271,Ayushman,Keer,ayushman.keer271@yahoo.com,1004090138,1973-02-22,"59, Nayar Marg, Tiruvottiyur 356690",Haryana,India,2026-01-14
272,Ganga,Chaudhry,ganga.chaudhry272@gmail.com,6209184357,2007-10-08,"H.No. 505, Nanda Nagar, Muzaffarpur-691567",Karnataka,India,2025-10-10
273,Harish,Rajan,harish.rajan273@yahoo.com,2898027148,2008-03-16,"83/332, Cherian Zila, Bhopal 564347",Assam,India,2023-07-23
274,Jatin,Deshpande,jatin.deshpande274@hotmail.com,1539915668,2006-11-11,"H.No. 11, Oak Zila, Bhiwandi 256904",Karnataka,India,2025-07-29
275,Ranveer,Rama,ranveer.rama275@yahoo.com,5289931608,1973-01-20,"72, Mander, Visakhapatnam 481497",Odisha,India,2023-06-12
276,Tanveer,Talwar,tanveer.talwar276@yahoo.com,0523302764,1994-09-08,"75, Raman Marg, Dehri-438612",GUJARAT,India,2025-09-22
277,Chatura,Modi,chatura.modi277@yahoo.com,9277423330,1982-12-30,"20, Parekh Zila, Mangalore-185962",Delhi,India,2026-03-08
278,Netra,Konda,netra.konda278@gmail.com,3674926176,1994-07-13,"H.No. 117, Kar Circle, Dharmavaram 419267",Gujarat,India,2026-03-20
279,Radha,Misra,radha.misra279@hotmail.com,1518260688,2008-09-14,"12/920, Sekhon Circle, Bhilai 293218",Punjab,India,29 Dec 2024
280,Bakhshi,Chad,bakhshi.chad280@gmail.com,5826034084,1980-06-17,"59/88, Chaudhary Ganj, Patiala-324329",Telangana,India,2026-05-09
281,Jagrati,Mall,jagrati.mall281@gmail.com,1844626714,1991-09-07,"43/598, Gade, Jamnagar-660931",Karnataka,India,2023-06-05
282,Imaran,Ray,imaran.ray282@gmail.com,1554234016,1980-12-20,"49/71, Palla Circle, Suryapet 910256",West Bengal,India,2025-03-28
283,Neha,Sood,neha.sood283@hotmail.com,4082226940,1977-07-27,"757, Mangat Circle, Haldia-414651",Kerala,India,2024-11-15
284,Faraj,Khatri,faraj.khatri284@gmail.com,9014870682,1994-10-28,"H.No. 930, Warrior Marg, Sambalpur 972832",Maharashtra,India,2026-01-22
285,Kiaan,Varkey,kiaan.varkey285@yahoo.com,6762515381,1973-07-23,"096, Mody Ganj, Madhyamgram 050975",Telangana,India,2023-11-25
286,Hredhaan,Ahluwalia,hredhaan.ahluwalia286@yahoo.com,6501673188,1982-01-16,"437, Prasad Marg, Bharatpur-284177",Maharashtra,India,2025-10-20
287,Irya,Saraf,irya.saraf287@gmail.com,3134026650,1976-11-08,"78, Datta Chowk, Silchar 211022",Punjab,India,2025-11-18
288,Agastya,Khalsa,agastya.khalsa288@gmail.com,6906744716,1983-10-13,"H.No. 14, Sanghvi Ganj, Bhalswa Jahangir Pur-892392",Odisha,India,2025-12-17
289,Kevin,Rattan,,3260931066,1979-06-03,"70, Sane Circle, Avadi-454563",Bihar,India,2023-01-31
290,Champak,Gopal,champak.gopal290@gmail.com,0534749162,1982-11-10,"H.No. 108, Narula Street, Mirzapur 343961",West Bengal,India,2025-04-15
291,Kalpit,Dara,kalpit.dara291@gmail.com,3711895473,2004-06-02,"84, Palan Circle, Sultan Pur Majra-617688",Haryana,India,2024-06-12
292,Ojas,Mahal,ojas.mahal292@hotmail.com,4090367881,2000-10-04,"94, Gour Ganj, Kozhikode-908788",Tamil Nadu,India,2026-03-08
293,Thomas,Minhas,thomas.minhas293@hotmail.com,8123083402,1980-07-16,"810, Pillay Path, Gwalior 269450",Odisha,India,2024-08-26
294,Advaith,Parekh,,2408916498,1994-06-29,"962, Kata Chowk, Arrah 717272",Madhya Pradesh,India,2024-02-19
295,Patrick,Gulati,patrick.gulati295@hotmail.com,2404226931,2001-09-12,"61/820, Chaudhry, Yamunanagar-100231",Gujarat,India,2026-08-03
296,Agastya,Andra,agastya.andra296@gmail.com,1327972457,1980-11-16,,Gujarat,India,2026-06-10
297,Bhavini,Kara,bhavini.kara297@hotmail.com,1721314519,1984-02-17,"22/68, Golla Path, Jalgaon 945147",Punjab,India,2025-09-21
298,Alka,Bose,alka.bose298@gmail.com,2526771196,1995-11-07,"655, Samra Chowk, Haridwar 236687",Odisha,India,2025-02-16
299,Waida,Walia,waida.walia299@hotmail.com,,1991-03-06,"105, Dewan Path, Jaunpur 863330",Delhi,India,2026-04-21
300,Jacob,Dhar,jacob.dhar300@yahoo.com,6501917920,1999-02-03,"H.No. 096, Gopal Street, Kolhapur 765704",Assam,India,2023-09-11
301,Darpan,Balay,darpan.balay301@hotmail.com,8206678498,1974-12-07,"H.No. 862, Rattan Ganj, Muzaffarnagar-289177",Bihar,India,2024-01-05
302,Nidhi,Rai,nidhi.rai302@gmail.com,5634111595,1982-08-10,"H.No. 390, Guha Road, Patna-419909",Madhya Pradesh,India,2023-05-16
303,Veda,Bath,veda.bath303@gmail.com,1405468356,2008-03-11,"81/820, Raja, Dharmavaram 422711",Rajasthan,India,2024-07-24
304,Vincent,Kale,vincent.kale304@hotmail.com,2889857254,2006-11-30,"399, Dua Zila, Jalandhar 248171",Odisha,India,2024-05-27
305,Omkaar,Merchant,,04955112747,1987-12-27,"H.No. 546, Dayal Marg, Ambarnath 516874",Tamil Nadu,India,2026-05-24
306,Brijesh,Bhandari,brijesh.bhandari306@hotmail.com,8021462961,2004-01-18,"78, Chopra Chowk, Bokaro 663651",kerala,India,2023-02-19
307,Vedika,Kala,vedika.kala307@hotmail.com,,1982-10-05,"H.No. 67, Bhagat Ganj, Lucknow-442121",Rajasthan,India,2025-07-07
308,Finn,Misra,finn.misra308@hotmail.com,6834201654,1981-02-10,"82, Pant Marg, Hyderabad-199255",Delhi,India,2025-07-25
309,Tara,Divan,tara.divan309@yahoo.com,1648072791,1971-03-30,"63/53, Atwal Ganj, Bharatpur-448177",Odisha,India,06/20/2023
310,Indira,Pandey,indira.pandey310@hotmail.com,8512765289,1986-06-10,"64/911, Chakraborty Zila, Tadepalligudem-179817",Kerala,India,2023-09-21
311,Bachittar,Mann,bachittar.mann311@yahoo.com,3786137157,1989-10-31,"44/44, Khurana Marg, Vijayanagaram 002589",Punjab,India,2024-11-11
312,Onkar,Sani,onkar.sani312@gmail.com,3960962626,1982-10-08,"H.No. 281, Ramanathan, Begusarai-531106",Assam,India,2025-09-17
313,Michael,Bala,michael.bala313@hotmail.com,9602752334,1971-02-22,"04/120, Chauhan, Jaunpur-124421",Maharashtra,India,2026-06-03
314,Janaki,Johal,janaki.johal314@yahoo.com,7061713665,1973-08-24,"990, Oza Zila, Karawal Nagar 284139",Bihar,India,2024-12-10
315,Arin,Vasa,arin.vasa315@hotmail.com,3513052312,1971-10-30,"H.No. 84, Tandon Chowk, Anand-342346",Assam,India,2025-12-19
316,Devika,Gandhi,devika.gandhi316@gmail.com,6769459196,1974-08-13,"17/208, Rout Road, Mahbubnagar 601256",Uttar Pradesh,India,2024-12-01
317,Ishita,Korpal,ishita.korpal317@gmail.com,5525105053,2000-10-04,"49, Vyas Ganj, Kota-919665",Madhya Pradesh,India,2026-09-03
318,Rudra,Hegde,rudra.hegde318@gmail.com,7046117295,2001-08-12,"H.No. 907, Deep Road, Vadodara 501716",Tamil Nadu,India,2023-12-15
319,Anvi,Nadig,anvi.nadig319@yahoo.com,1857906477,1998-03-10,"002, Naidu Zila, Kamarhati 135800",West Bengal,India,2024-08-13
320,Caleb,Choudhry,caleb.choudhry320@gmail.com,1459642297,1980-07-28,"71/883, Sridhar, Parbhani-731441",Assam,India,2025-04-15
321,Xavier,Jha,xavier.jha321@hotmail.com,1703037637,1984-02-13,"72/812, Patla Ganj, Bidhannagar 631462",Rajasthan,India,2026-02-01
322,  Harsh  ,Din,harsh.din322@yahoo.com,1307240787,1996-10-13,"32, Thakkar Marg, Danapur 074510",Madhya Pradesh,India,2025-12-06
323,Pahal,Hari,pahal.hari323@yahoo.com,6294897861,1995-05-09,"H.No. 094, Bhatti Ganj, Bally-966613",Kerala,India,2024-03-29
324,Amrita,Tandon,amrita.tandon324@gmail.com,3549401289,1998-08-05,"12/257, Arya Street, Haldia-024120",Telangana,India,2025-12-13
325,Urvi,Agarwal,urvi.agarwal325@yahoo.com,7100943882,1993-04-11,"75, Kurian Circle, Nizamabad 705458",Telangana,India,2025-04-09
326,Veda,Chowdhury,veda.chowdhury326@yahoo.com,2632570396,2000-02-20,"14/878, Lanka Street, Bathinda-964430",PUNJAB,India,2025-04-26
327,Hemal,Das,hemal.das327@yahoo.com,9541072728,1992-09-22,"41, Aurora Road, Thane-491074",Assam,India,17-04-2026
328,Indira,Acharya,indira.acharya328@gmail.com,2548821423,1970-11-24,"H.No. 753, Sami Marg, Navi Mumbai 494296",Telangana,India,2024-06-27
329,Ekantika,Dewan,ekantika.dewan329@hotmail.com,4268344149,1996-07-03,"H.No. 287, Thakur Path, Bhind-676670",Madhya Pradesh,India,2024-10-20
330,Avi,Sama,avi.sama330@gmail.com,9439852989,2005-05-20,"07/870, Bhakta Zila, Aligarh-914975",West Bengal,India,2026-07-22
331,Jairaj,Vaidya,jairaj.vaidya331@hotmail.com,3828723244,2003-07-20,"H.No. 029, Venkatesh Zila, Shahjahanpur-170876",Karnataka,India,2024-05-27
332,Jairaj,Mital,jairaj.mital332@yahoo.com,2384979162,1972-10-26,"83/77, Mann Road, Giridih-546617",Assam,India,2024-08-14
333,Pavani,Divan,pavani.divan333@gmail.com,7196094097,1986-07-19,"H.No. 02, Tella Path, Karnal-812259",Telangana,India,2024-10-02
334,Logan,Mallick,logan.mallick334@hotmail.com,6176792988,1983-08-07,"H.No. 002, Char Ganj, Panchkula 533126",Uttar Pradesh,India,2023-11-12
335,Osha,Bhatt,osha.bhatt335@gmail.com,1017590251,1999-06-05,"H.No. 77, Kar Road, Nanded-831901",Uttar Pradesh,India,2024-12-08
336,Logan,Ahluwalia,logan.ahluwalia336@yahoo.com,9815287339,1978-06-10,"H.No. 766, Brar Zila, Hazaribagh 117309",Kerala,India,2025-01-27
337,Arin,Kapur,arin.kapur337@yahoo.com,6512418938,1991-03-31,"19/74, Bali Nagar, Bidar-350238",West Bengal,India,2026-02-21
338,Forum,Bhatia,forum.bhatia338@gmail.com,1990516991,2001-09-28,"H.No. 078, Palla Ganj, Morena 300038",Gujarat,India,2023-10-09
339,Ladli,Badami,ladli.badami339@hotmail.com,0662668217,1993-10-24,"H.No. 60, Kata Ganj, Giridih 368900",Rajasthan,India,2025-09-01
340,Zaid,Bhandari,zaid.bhandari340@gmail.com,2724055934,2003-11-21,"11/483, Parikh Chowk, Raiganj-584384",Delhi,India,2026-05-28
341,Yahvi,Chawla,yahvi.chawla341@gmail.com,6974132834,1982-10-27,"H.No. 377, Bail Zila, Visakhapatnam 496410",Uttar Pradesh,India,2026-02-15
342,Leena,Tandon,leena.tandon342@gmail.com,6703362680,1981-04-23,"54/93, Om Nagar, Purnia 186487",Gujarat,India,2025-01-20
343,Zilmil,Lad,zilmil.lad343@gmail.com,7320441384,1986-10-23,"H.No. 44, Arora, Aizawl 427707",Delhi,India,2025-04-01
344,Balhaar,Parmer,,6091498517,1971-01-16,"322, Bawa, Raipur 287950",Gujarat,India,2026-07-23
345,Vedant,Bhat,vedant.bhat345@hotmail.com,4058093511,1991-09-26,"595, Bora Marg, Ichalkaranji 059556",Maharashtra,India,2026-05-29
346,Kavya,Singhal,kavya.singhal346@yahoo.com,2504290193,2004-10-21,"90, Raj Street, Solapur 989868",kerala,India,2024-11-04
347,Charan,Sodhi,charan.sodhi347@hotmail.com,5439435353,1998-07-24,"65/158, Bose Circle, Karawal Nagar-763928",Assam,India,2024-11-24
348,Nikita,Devi,,4551166829,1980-01-05,"164, Singhal Circle, Cuttack-602128",Odisha,India,2026-03-10
349,Lipika,Sami,lipika.sami349@yahoo.com,6834155999,2003-08-25,"76, Sood Road, South Dumdum 209957",Odisha,India,2024-02-27
350,Reva,Goda,reva.goda350@hotmail.com,1347509889,1985-02-13,"H.No. 22, Kade Nagar, Kadapa 995154",Kerala,India,2025-04-06
351,Bhavna,Mahal,bhavna.mahal351@yahoo.com,3244913421,1976-12-30,"08/83, Suresh Nagar, Uluberia-496782",Madhya Pradesh,India,2026-04-09
352,  Chakrika  ,Choudhary,,7674124151,2002-04-14,"H.No. 78, Murty Zila, Bhiwani-853800",Tamil Nadu,India,2026-06-17
353,Krisha,Kannan,krisha.kannan353@hotmail.com,4727274231,1980-01-19,"89, Gokhale Ganj, Gurgaon-969357",Uttar Pradesh,India,2024-03-12
354,Pranit,Mital,pranit.mital354@gmail.com,7769587413,1990-11-11,"612, Nagar Chowk, Sri Ganganagar-277963",Telangana,India,2023-07-16
355,Amrita,Tripathi,amrita.tripathi355@gmail.com,0854566766,1971-10-22,"H.No. 04, Rout Chowk, Chapra-831995",Maharashtra,India,2026-06-04
356,Anmol,Bail,anmol.bail356@yahoo.com,5581083583,1975-08-13,"556, Kothari Ganj, Vadodara-818670",Delhi,India,2024-07-03
357,Charvi,Bajwa,charvi.bajwa357@gmail.com,0416624111,1976-09-01,"H.No. 963, Muni, Khandwa 447314",Madhya Pradesh,India,2025-08-27
358,Urishilla,Puri,urishilla.puri358@yahoo.com,1368474883,2007-07-16,"17/39, Ranganathan Nagar, Amroha-791452",Tamil Nadu,India,2025-12-27
359,  Fiyaz  ,Chandran,fiyaz.chandran359@hotmail.com,3793126978,2001-06-22,"45, Bansal Street, Buxar-043878",Uttar Pradesh,India,2025/06/01
360,Warinder,Nagy,warinder.nagy360@yahoo.com,8811616202,1989-09-12,"H.No. 067, Vohra Street, Kolhapur-604164",Odisha,India,2024-03-09
361,Anika,Virk,anika.virk361@yahoo.com,9224839589,1998-01-23,"22/870, Saha Path, Jalgaon-104331",Assam,India,2026-07-11
362,Ganga,Chandra,ganga.chandra362@gmail.com,9215835034,1991-02-20,"64/88, Brahmbhatt Ganj, Kota 424912",Karnataka,India,2026-04-22
363,  Leela  ,Narayanan,leela.narayanan363@hotmail.com,9732033192,2000-12-26,"H.No. 028, Sandal Chowk, Khammam 813866",Karnataka,India,2025-09-28
364,Urvi,Pant,urvi.pant364@yahoo.com,8193242687,2000-02-12,"057, Samra Path, Tadepalligudem-652037",Rajasthan,India,2026-02-27
365,Robert,Ahluwalia,robert.ahluwalia365@hotmail.com,5154809404,1984-06-03,"09/079, Swaminathan Chowk, Bhalswa Jahangir Pur 050922",Odisha,India,2025-03-18
366,Karan,Butala,karan.butala366@yahoo.com,0705184390,2003-10-20,"66/013, Divan Circle, Gwalior 704938",Assam,India,2023-04-16
367,Aarush,Mukhopadhyay,aarush.mukhopadhyay367@yahoo.com,1579197111,1986-04-04,"035, Bumb Chowk, Aizawl 240642",Delhi,India,2023-09-19
368,Diya,Sachdev,diya.sachdev368@gmail.com,4324474175,1981-04-22,"H.No. 962, Kade Circle, Sri Ganganagar-358841",Delhi,India,2025-09-20
369,Shivansh,Kuruvilla,shivansh.kuruvilla369@gmail.com,40182-72795,1990-03-18,"15/026, Natt Chowk, Salem 542782",Maharashtra,India,2025-12-11
370,Reva,Shan,reva.shan370@hotmail.com,6734595764,1999-04-14,"49, Balakrishnan Marg, Anand 498392",Karnataka,India,2024-01-02
371,Gauri,Bhagat,gauri.bhagat371@gmail.com,2576270232,1975-08-22,"613, Prasad Street, Morena-517863",Delhi,India,2023-06-26
372,Krisha,Sheth,krisha.sheth372@hotmail.com,1625265469,2005-05-24,"90/392, Pillay Ganj, Mau 996132",Assam,India,2026-02-05
373,Chaitanya,Kakar,chaitanya.kakar373@yahoo.com,1562624467,1989-09-14,"81, Butala Chowk, Salem-025298",West Bengal,India,2023-07-29
374,Suhani,Apte,suhani.apte374@yahoo.com,6046419785,1985-04-18,"686, Doctor Zila, Naihati 389760",Madhya Pradesh,India,2026-08-04
375,Balveer,Dara,balveer.dara375@yahoo.com,5095465408,1988-05-13,"H.No. 754, Choudhury Nagar, Vadodara 321812",West Bengal,India,2025-07-13
376,Wakeeta,Sankar,wakeeta.sankar376@yahoo.com,7938970155,1998-04-28,"15/46, Bains Marg, Bardhaman 613944",Madhya Pradesh,India,2025-06-28
377,Yagnesh,Bawa,yagnesh.bawa377@yahoo.com,3642480962,1994-02-05,"H.No. 624, Shere Road, Jalandhar-305319",Maharashtra,India,25-04-2025
378,Triveni,Salvi,triveni.salvi378@hotmail.com,,1981-08-23,"64/609, Sur Zila, Gwalior-854457",Bihar,India,2026-08-26
379,Ayushman,Dugal,ayushman.dugal379@hotmail.com,9596604873,1996-05-03,"H.No. 633, Mann Zila, Kozhikode-865369",Haryana,India,2025-04-28
380,Janani,Cherian,janani.cherian380@hotmail.com,8886367747,1981-04-20,"57/21, Sahota Marg, Bulandshahr 093299",Tamil Nadu,India,2024-04-06
381,Faris,Rege,faris.rege381@gmail.com,9329715096,1989-10-31,"H.No. 32, Iyengar Chowk, Mira-Bhayandar-103977",Maharashtra,India,2023-12-05
382,Sachi,Khurana,sachi.khurana382@gmail.com,8195237100,1980-01-07,"48, Walla Zila, Bahraich-046056",Delhi,India,2024-02-04
383,Yasti,Sarraf,yasti.sarraf383@yahoo.com,1249125652,1997-12-08,"H.No. 17, Konda Chowk, Tiruvottiyur 757494",Delhi,India,2025-12-11
384,Logan,Divan,logan.divan384@hotmail.com,0359544294,1993-04-17,"946, Kari Road, Rajpur Sonarpur-290458",Uttar Pradesh,India,2024-01-23
385,Zansi,Ravi,zansi.ravi385@yahoo.com,5298585672,1999-01-12,"H.No. 153, Jhaveri Road, Jalgaon-913577",Punjab,India,2025-01-29
386,Advik,Viswanathan,advik.viswanathan386@gmail.com,5061581488,1992-05-05,"423, Shan Ganj, Thane-841312",Kerala,India,2024-10-21
387,Darsh,Johal,darsh.johal387@gmail.com,9977180513,1990-07-25,"189, Sur Ganj, Jehanabad 961739",Uttar Pradesh,India,2024-03-14
388,Tanmayi,Acharya,tanmayi.acharya388@yahoo.com,9472587844,2001-04-29,"88/471, Sura Street, Imphal 722164",Gujarat,India,2025-05-21
389,Saanvi,Oommen,saanvi.oommen389@hotmail.com,3133484587,1974-04-19,"H.No. 23, Garg Marg, Phagwara-587964",Delhi,India,2025-08-07
390,Adya,Sodhi,adya.sodhi390@yahoo.com,2455574696,1979-05-25,"H.No. 27, Bahl Road, Dhule 450566",Kerala,India,2026-07-15
391,Ryan,Kale,ryan.kale391@hotmail.com,4113257970,1983-01-30,"H.No. 105, Yogi Road, Bahraich 172156",Madhya Pradesh,India,2025-07-29
392,Matthew,Mistry,matthew.mistry392@hotmail.com,8173598488,2002-01-11,"H.No. 73, Nagi Street, Ambattur 553449",Uttar Pradesh,India,2024-10-02
393,Arin,Dey,arin.dey393@gmail.com,6670808509,1999-02-12,"H.No. 95, Borra Zila, Proddatur 828197",Odisha,India,2024/12/28
394,Rayaan,Bora,rayaan.bora394@hotmail.com,4772512957,1993-11-20,"H.No. 960, Kar Nagar, Purnia-439587",West Bengal,India,2026-07-31
395,Sai,Pant,sai.pant395@hotmail.com,3234210890,1995-07-18,"H.No. 33, Mitter Ganj, Khandwa 335027",Karnataka,India,2024-05-10
396,Keya,Bal,keya.bal396@yahoo.com,6077633691,1975-05-20,"179, Nadig Path, Jhansi 185748",Rajasthan,India,2026-07-09
397,Tanmayi,Babu,tanmayi.babu397@gmail.com,6615541643,1974-12-17,"50/232, Andra, Kadapa 270093",Delhi,India,2023-07-13
398,Chaaya,Prabhu,chaaya.prabhu398@hotmail.com,2622822512,2003-08-17,"54/950, Narula Nagar, Nandyal 260869",Rajasthan,India,2026-04-07
399,Omkaar,Dugar,,5316117768,1998-02-28,"74, Naidu Street, Srikakulam 779323",Maharashtra,India,2025-06-20
400,Luke,Kar,luke.kar400@hotmail.com,1649133424,1990-04-07,"H.No. 65, Banerjee Street, Nashik 202032",Tamil Nadu,India,2024-04-07
401,Advay,Srivastava,advay.srivastava401@yahoo.com,3967379487,1985-10-13,"457, Shan Circle, Tiruvottiyur 156082",Rajasthan,India,2026-09-03
402,Tanvi,Choudhry,tanvi.choudhry402@gmail.com,2547681826,1974-04-19,"589, Wali Street, Katihar-838252",Punjab,India,2024-05-02
403,Noah,Kara,noah.kara403@hotmail.com,8963406468,1974-07-05,"40/148, Joshi Road, Allahabad 227236",Punjab,India,2024-09-30
404,Oni,Raman,oni.raman404@hotmail.com,3513426192,2000-08-02,"H.No. 184, Chauhan Circle, Ahmednagar 418972",Odisha,India,19-09-2024
405,Harita,Magar,harita.magar405@gmail.com,4176927438,1973-05-19,"76/601, Majumdar Road, Danapur 645101",Kerala,India,2023-08-29
406,Vedika,Kibe,vedika.kibe406@hotmail.com,,1997-10-20,"19/11, Patel Ganj, Singrauli 577980",Delhi,India,2026-07-09
407,Rachana,Bal,rachana.bal407@gmail.com,0514607455,2006-06-07,"H.No. 74, Kadakia Street, Rewa-271559",Maharashtra,India,2025-04-24
408,Vedant,Nadig,vedant.nadig408@yahoo.com,1659726347,1991-02-27,"501, Mukherjee Ganj, Karaikudi 691311",bihar,India,2024/10/26
409,Nidhi,Lall,nidhi.lall409@gmail.com,8562614991,1997-09-30,"24/07, Kanda Ganj, Kamarhati 320430",Madhya Pradesh,India,2024-04-10
410,Vasudha,Sarna,vasudha.sarna410@yahoo.com,6289696454,2003-04-17,,Kerala,India,2025-05-06
411,Udarsh,Shroff,udarsh.shroff411@yahoo.com,,1997-12-21,"21/514, Krishnan, Khora  626374",Assam,India,2024-09-07
412,Daksha,Narayanan,daksha.narayanan412@gmail.com,2895090591,1991-03-01,"33/922, Talwar Nagar, Bathinda-169666",Assam,India,2025-06-30
413,Lakshit,Oza,lakshit.oza413@gmail.com,4526471246,1997-03-03,"18, Bahri Road, Proddatur 512080",Delhi,India,04-10-2024
414,Leena,Mohan,leena.mohan414@gmail.com,1239728351,1970-11-18,"28/270, Barad, Bijapur-152982",Delhi,India,2025-02-08
415,Widisha,Hans,widisha.hans415@hotmail.com,9578671815,2004-11-30,"605, Srinivasan Nagar, Saharsa-589988",Uttar Pradesh,India,2026-07-31
416,Sai,Mandal,sai.mandal416@yahoo.com,7346666170,1985-09-07,"H.No. 74, Wable Nagar, Maheshtala-499825",Odisha,India,2023-03-19
417,Ayaan,Batta,ayaan.batta417@yahoo.com,3580688285,1998-10-18,"513, Jhaveri Chowk, Ranchi-314035",Assam,India,2024-11-12
418,Madhavi,Kari,madhavi.kari418@yahoo.com,0229394694,2008-02-11,"64, Sura Ganj, Ghaziabad 607231",Bihar,India,2025-01-09
419,Jack,Dutt,jack.dutt419@yahoo.com,2852464844,1994-12-07,"187, Datta Ganj, Nandyal 113062",Punjab,India,09/29/2023
420,  Ekansh  ,Khurana,ekansh.khurana420@yahoo.com,7279083350,1973-11-18,"573, Raman Nagar, Jamnagar 813235",Gujarat,India,2023-12-24
421,Reva,Bakshi,reva.bakshi421@yahoo.com,3984822850,1995-09-17,"55/021, Ahuja Ganj, Delhi 691309",Uttar Pradesh,India,2023-02-19
422,Anmol,Soni,anmol.soni422@hotmail.com,4967379457,1991-06-09,"426, Dyal Road, Jaipur 420768",Haryana,India,2024-09-26
423,Neelima,Dass,neelima.dass423@hotmail.com,3666777675,2003-01-26,"339, Patla Ganj, Motihari-543627",Madhya Pradesh,India,2024-07-22
424,Sneha,Mital,sneha.mital424@hotmail.com,0335826862,1974-11-01,"H.No. 92, Hora Marg, Bulandshahr-732759",Uttar Pradesh,India,2025-05-05
425,Balendra,Chatterjee,balendra.chatterjee425@gmail.com,0005155323,2006-02-28,"52, Mitter Road, Kishanganj 226189",Delhi,India,2024-02-11
426,Upasna,Mand,upasna.mand426@hotmail.com,1271026767,1986-04-10,"92/70, Padmanabhan Chowk, Guwahati 122946",Assam,India,14-07-2023
427,Indrajit,Hegde,indrajit.hegde427@hotmail.com,4159709962,2005-07-17,"52, Khare Nagar, Firozabad 650471",Karnataka,India,2023-01-05
428,Azad,De,azad.de428@hotmail.com,9046376604,1983-05-10,"52/548, Suresh Ganj, Shimoga-715810",Kerala,India,2025-08-11
429,Hredhaan,Kibe,hredhaan.kibe429@gmail.com,5129311005,2001-07-07,"19/102, Bumb Ganj, Mysore-063301",Delhi,India,2025-02-18
430,Reyansh,Soni,reyansh.soni430@gmail.com,9274907280,1985-05-29,"93/11, Grover Ganj, Ambattur 694968",Assam,India,2024-12-20
431,Tejas,Sandhu,tejas.sandhu431@yahoo.com,3804421017,1995-01-18,"70/159, Bhatti Path, Imphal-575747",Telangana,India,2024-02-08
432,Ranveer,Kari,ranveer.kari432@hotmail.com,0567756777,1982-08-14,"562, Pau Marg, Raebareli-292310",Kerala,India,2026-01-17
433,Mason,Madan,mason.madan433@yahoo.com,0762484337,1985-07-29,"05, Bhavsar Zila, Morena-238736",Madhya Pradesh,India,2023-04-17
434,  Darika  ,Dutt,darika.dutt434@yahoo.com,9691928455,1989-05-06,"H.No. 756, Kadakia Ganj, Muzaffarpur-748595",Uttar Pradesh,India,2026-06-03
435,Joshua,Nagy,joshua.nagy435@hotmail.com,9933797058,1997-03-29,"77/94, Sengupta Zila, Nellore 250733",Kerala,India,2025-07-19
436,Falak,Parekh,falak.parekh436@hotmail.com,8245759833,1994-10-06,"38/843, Sampath Marg, Bihar Sharif 324006",Karnataka,India,2024-03-12
437,Udyati,Divan,udyati.divan437@yahoo.com,8297514743,1973-09-11,"H.No. 01, Narain Nagar, Arrah-568065",Bihar,India,2025-06-27
438,Eta,Banerjee,eta.banerjee438@hotmail.com,5990802711,1985-09-26,"H.No. 555, Sachar Zila, Coimbatore-680866",Madhya Pradesh,India,2024-02-08
439,Gaurav,Johal,gaurav.johal439@yahoo.com,1433080037,1997-02-05,"855, Randhawa Marg, Sasaram-706810",Telangana,India,2026-06-17
440,Balendra,Joshi,balendra.joshi440@gmail.com,0519582632,1978-04-23,"58/62, Kunda Ganj, Thiruvananthapuram 461470",Haryana,India,2026-08-19
441,Yauvani,Ravi,yauvani.ravi441@gmail.com,1061339439,1987-08-21,"43/80, Arora Road, Bokaro 376576",Madhya Pradesh,India,2025-07-12
442,Noah,Swamy,noah.swamy442@yahoo.com,3191009004,1993-07-29,"H.No. 053, Sampath Ganj, Aurangabad-604014",Uttar Pradesh,India,2023-11-13
443,Tanmayi,Jayaraman,tanmayi.jayaraman443@gmail.com,7201137984,1976-02-04,"23/166, Barad Nagar, Bhiwani-620901",Madhya Pradesh,India,2026-02-12
444,Avni,Manda,avni.manda444@hotmail.com,3404337009,2007-03-01,"H.No. 51, Pillai, Chittoor-558825",Kerala,India,2026-03-20
445,  Idika  ,Ray,idika.ray445@gmail.com,5754278656,1998-08-23,"H.No. 77, Gala Circle, Tiruvottiyur-958292",Punjab,India,2024-02-16
446,Samesh,Randhawa,samesh.randhawa446@gmail.com,1880819048,2007-11-03,"H.No. 58, Virk Marg, Muzaffarnagar-613723",Karnataka,India,2025-05-19
447,Yamini,Chokshi,yamini.chokshi447@yahoo.com,1436438130,1997-12-02,"114, Dani Chowk, Secunderabad 094565",BIHAR,India,2024-08-17
448,Priya,Sridhar,priya.sridhar448@hotmail.com,,1978-08-17,"H.No. 607, Soman Zila, Tinsukia 131765",Karnataka,India,2023-02-15
449,Upasna,Banerjee,upasna.banerjee449@yahoo.com,8739610290,1979-11-17,"H.No. 96, Bava Circle, Bhimavaram-872742",Maharashtra,India,2025-06-16
450,Garima,Sandhu,garima.sandhu450@gmail.com,1377306260,1972-03-20,"711, Dewan Street, Mahbubnagar 775608",Uttar Pradesh,India,2024-07-17
451,Jyoti,Cherian,jyoti.cherian451@yahoo.com,,2004-10-25,"H.No. 021, Grover, Amroha-847129",Gujarat,India,2025-03-28
452,Balveer,Kata,balveer.kata452@gmail.com,4260508018,1986-05-29,"537, Gulati Ganj, Morena 312688",West Bengal,India,2023-06-04
453,Ekavir,Dhingra,ekavir.dhingra453@hotmail.com,8217819236,2003-05-03,"05, Bala Marg, Dindigul-793279",Punjab,India,2023-08-11
454,Yashodhara,Ray,yashodhara.ray454@hotmail.com,3984716906,2006-10-13,"H.No. 46, Shetty Road, Avadi-478769",Uttar Pradesh,India,2025-02-09
455,Laksh,Singh,laksh.singh455@yahoo.com,7588914444,1997-02-15,"935, Handa Road, Kadapa 449639",Rajasthan,India,2026-09-11
456,Liam,Merchant,liam.merchant456@gmail.com,8853798214,2004-07-18,"75/367, Sharaf Road, Ulhasnagar 914168",Madhya Pradesh,India,2025-03-11
457,Aarush,Bhavsar,aarush.bhavsar457@gmail.com,7789489634,2008-02-04,"65, Dey Zila, Bhilai 001418",Kerala,India,2024-11-13
458,Joshua,Char,joshua.char458@hotmail.com,3090015944,1991-01-16,"53/20, Nadig Circle, Tirunelveli-389021",West Bengal,India,2025-08-09
459,Anamika,Sunder,anamika.sunder459@gmail.com,3633792234,1992-05-30,"96/73, Chaudhry Ganj, Alappuzha 726960",Rajasthan,India,2024-11-04
460,Anita,Jha,anita.jha460@hotmail.com,6855078967,1991-04-10,"62/63, Murthy Ganj, Machilipatnam-343697",Kerala,India,2025-04-01
461,Yagnesh,Bhattacharyya,yagnesh.bhattacharyya461@yahoo.com,6955607676,2007-03-18,"H.No. 54, Dugar Chowk, Muzaffarnagar 065031",Uttar Pradesh,India,2024-12-21
462,Nathan,Chanda,nathan.chanda462@hotmail.com,4184724264,1997-07-29,"13/19, Goda Nagar, Motihari 623039",Madhya Pradesh,India,2024-05-23
463,Ekalinga,Chaudhuri,ekalinga.chaudhuri463@yahoo.com,8178522823,1997-10-12,"80/62, Bava Street, Bhatpara 395947",Gujarat,India,2024-10-15
464,Parth,Choudhary,parth.choudhary464@hotmail.com,2901620478,1980-01-17,"85/996, Viswanathan Road, Rourkela-203195",Odisha,India,2025-10-09
465,Jack,Sachar,jack.sachar465@yahoo.com,4505730362,2002-09-13,"203, Krishnan Chowk, Silchar 753726",Punjab,India,2026-04-18
466,Yatan,Dhingra,yatan.dhingra466@hotmail.com,4505766194,2007-03-04,"15, Hari Path, Guna-012840",Bihar,India,2026-02-05
467,Tejas,Verma,tejas.verma467@yahoo.com,7659759545,1971-08-23,"68, Toor Nagar, Jamnagar 574223",Uttar Pradesh,India,2025-03-13
468,Leena,Majumdar,leena.majumdar468@yahoo.com,0040236936,1974-03-31,"H.No. 120, Subramanian Road, Muzaffarnagar 271175",Madhya Pradesh,India,2024-03-19
469,Kashish,Singh,kashish.singh469@yahoo.com,5829849330,1994-02-22,"60, Mital, Aligarh 833372",Madhya Pradesh,India,2023-11-03
470,Yashasvi,Patil,yashasvi.patil470@yahoo.com,6954132971,2005-11-23,"670, Prabhakar Path, Aizawl-776936",Delhi,India,2025-12-21
471,Wahab,Mangat,wahab.mangat471@gmail.com,5295961111,1987-01-18,"H.No. 200, Goel Chowk, Guntur-559102",KARNATAKA,India,2026-07-04
472,Ganga,Chaudhry,ganga.chaudhry472@gmail.com,0903267149,2004-08-20,"179, Dugar Road, Mehsana 406527",Haryana,India,2023-05-08
473,Jagrati,Upadhyay,jagrati.upadhyay473@yahoo.com,6634533722,2001-06-30,"H.No. 722, Mandal Zila, Imphal 766189",Madhya Pradesh,India,2024-11-09
474,Shaurya,Solanki,shaurya.solanki474@hotmail.com,5263510046,1982-03-15,"25, Murty Marg, Chennai-461752",Bihar,India,2026-06-19
475,Logan,Khatri,logan.khatri475@hotmail.com,4326005595,1972-04-20,"258, Wali Road, Dehri-607984",Uttar Pradesh,India,2023-02-20
476,Tanmayi,Basu,,0691767993,1991-03-07,"H.No. 03, Kumar, Bilaspur-830373",West Bengal,India,2025-07-20
477,Qushi,Batta,qushi.batta477@gmail.com,8860849079,1985-10-16,"685, Iyer Street, Haldia 537012",Punjab,India,2024-01-13
478,Aarna,Gara,aarna.gara478@hotmail.com,4626325144,2006-02-01,"H.No. 031, Gola Road, Bidhannagar 188781",West Bengal,India,2025/02/13
479,Arunima,Chacko,arunima.chacko479@yahoo.com,5263840911,1988-12-28,"50, Ramachandran Path, Vasai-Virar-323979",Rajasthan,India,2024-06-24
480,Ekalinga,Karan,ekalinga.karan480@hotmail.com,8765530073,1999-02-13,"56/057, Desai Zila, Hindupur 927788",Odisha,India,2025-06-28
481,Harini,Dar,harini.dar481@hotmail.com,5348640104,1998-04-16,"H.No. 61, Patla Circle, Panchkula-460045",Punjab,India,2026-08-20
482,Girik,Devan,girik.devan482@hotmail.com,51145-51293,1977-09-22,"H.No. 88, Mishra Zila, Salem 046154",Kerala,India,2023-12-30
483,Laksh,Biswas,laksh.biswas483@gmail.com,1707568142,1998-11-13,"291, Singhal Nagar, Cuttack 836084",Uttar Pradesh,India,2025-12-13
484,Raghav,Tailor,raghav.tailor484@hotmail.com,0639638452,1992-08-14,"916, Tank Road, Raipur 934292",Bihar,India,2025-10-10
485,Jagdish,Kothari,jagdish.kothari485@gmail.com,3301623419,2001-08-27,"H.No. 537, Din Street, Arrah 668473",Gujarat,India,2026-04-29
486,Madhav,Jhaveri,madhav.jhaveri486@yahoo.com,3377460406,2003-04-20,"43/61, Dhaliwal Road, Parbhani 607819",Maharashtra,India,2024-12-02
487,Chavvi,Kapur,chavvi.kapur487@yahoo.com,4764273720,1987-12-22,"H.No. 458, Chaudhary Road, Hazaribagh-601913",Bihar,India,2026-04-12
488,Zayyan,Konda,zayyan.konda488@hotmail.com,7802058695,2004-11-10,"46/449, Ratti Ganj, Jalandhar-793350",Telangana,India,2024-12-26
489,Ishanvi,Sinha,ishanvi.sinha489@gmail.com,7368011923,2003-04-21,"11/87, Kant Street, Bellary-104096",Gujarat,India,2026-02-02
490,Avni,Sengupta,avni.sengupta490@gmail.com,5391149830,1975-04-11,"36, Chaudhry Path, Ambala-940655",Telangana,India,2024-04-10
491,Nitesh,Bala,nitesh.bala491@hotmail.com,9043223023,1999-05-02,"H.No. 739, Balay Street, Kurnool 462127",Kerala,India,2025-09-08
492,Onveer,Prasad,onveer.prasad492@gmail.com,6112312616,1985-01-26,"989, Sen Ganj, Malegaon 454930",Tamil Nadu,India,2025-11-09
493,Chakrika,Prashad,chakrika.prashad493@hotmail.com,1912038187,1978-03-01,"32/30, Borah Circle, Siwan 588144",Punjab,India,2024-08-22
494,Laban,Gokhale,laban.gokhale494@gmail.com,07323182971,1983-04-29,"450, Apte Nagar, Nagpur 152911",Kerala,India,2026-02-13
495,Vasana,Chaudhari,vasana.chaudhari495@yahoo.com,0902556184,1996-11-05,"98/74, Vig Chowk, Saharanpur 489056",Haryana,India,2023-06-06
496,Yashica,Saran,yashica.saran496@yahoo.com,0900436551,1988-07-09,"91, Sachar Ganj, Agartala-550542",West Bengal,India,2025-09-19
497,Keya,Barman,keya.barman497@hotmail.com,7063369987,2000-07-16,"H.No. 040, Ramanathan Zila, Dehri-880442",Gujarat,India,2025-08-05
498,Urvi,Tara,urvi.tara498@gmail.com,6381643212,1991-07-05,"42, Kibe Nagar, Bikaner-863144",Gujarat,India,2025-09-08
499,Banjeet,Ramakrishnan,,2554026355,1973-10-29,"17/646, Mannan Road, Kamarhati-538882",Haryana,India,2024-08-18
500,  Anya  ,Narula,anya.narula500@hotmail.com,7905040433,2002-04-06,"51/63, Chaudry Street, Bareilly-871809",Madhya Pradesh,India,2026-09-06
501,Wridesh,Chand,wridesh.chand501@hotmail.com,7326530601,2007-10-12,"17, Ray Circle, Hyderabad-300915",Assam,India,2026-09-11
502,Isaac,Datta,isaac.datta502@hotmail.com,3657744916,2000-04-17,"52/01, Bobal Road, Hajipur-184336",Karnataka,India,2025-08-16
503,Hemal,Bala,hemal.bala503@hotmail.com,6322399821,1990-11-03,"11, Bansal Road, Bikaner 050537",Telangana,India,2025-04-23
504,Priya,Saran,priya.saran504@hotmail.com,8112600308,2006-04-05,"H.No. 627, Nagi Zila, Salem-345506",Odisha,India,27-05-2024
505,Qadim,Sarin,qadim.sarin505@hotmail.com,7768293844,1990-01-18,"73/54, Sood Ganj, Vellore 335910",Tamil Nadu,India,2025-09-11
506,Kamala,Seth,kamala.seth506@hotmail.com,9085991449,1974-08-07,"99, Salvi, Sagar 184285",Haryana,India,2025-05-18
507,Yuvraj,Din,yuvraj.din507@yahoo.com,4084993231,1992-09-19,"98, Reddy Nagar, Proddatur-261760",Odisha,India,2025-01-22
508,Owen,Kalita,owen.kalita508@yahoo.com,8935953828,1995-02-06,"12/996, Balan Path, Machilipatnam 826418",Uttar Pradesh,India,2025-08-06
509,Kritika,Padmanabhan,kritika.padmanabhan509@yahoo.com,3087612385,1985-03-28,"H.No. 68, Khosla Street, Danapur 002730",Haryana,India,2024-01-17
510,Yoshita,Saraf,yoshita.saraf510@hotmail.com,6101683113,1970-12-14,"80, Mallick, Durg 507628",Tamil Nadu,India,2026-02-14
511,Saanvi,Sabharwal,saanvi.sabharwal511@hotmail.com,0534407779,1978-02-24,"662, Devan, Surat 776029",Haryana,India,2026-05-02
512,Ekalinga,Lall,,8841333731,1997-04-12,"H.No. 61, Buch Chowk, Hyderabad-211920",West Bengal,India,2026-08-08
513,Theodore,Sami,theodore.sami513@gmail.com,2778956133,1985-02-20,"H.No. 90, Naidu Street, Ajmer 480164",Haryana,India,2026-04-16
514,Chatresh,Khalsa,chatresh.khalsa514@yahoo.com,04167812778,1981-07-11,"17/982, Hari Zila, Kadapa 298579",Kerala,India,2025-11-02
515,Pooja,Kata,pooja.kata515@hotmail.com,1828560539,1987-05-07,"17/706, Keer Chowk, Kadapa-050682",Telangana,India,2026-05-30
516,Onveer,Gole,,5216505871,1973-11-28,"21/92, Rao Path, Hindupur-898436",Bihar,India,2026-02-18
517,Bhavya,Babu,bhavya.babu517@gmail.com,0509386948,1994-05-25,"14/578, Shankar Circle, Gandhidham 523867",West Bengal,India,2026-05-22
518,Rohan,Zacharia,rohan.zacharia518@hotmail.com,0974619177,1985-07-18,"96/87, Dayal Street, Hazaribagh-708580",Kerala,India,2026-03-09
519,Quincy,Khanna,quincy.khanna519@yahoo.com,4056695790,1985-11-07,"55/442, Ramaswamy Circle, Guntakal 325942",Telangana,India,2026-07-21
520,Kiaan,Walia,kiaan.walia520@hotmail.com,6338915624,1994-12-17,"562, Garg, Giridih 358951",Karnataka,India,2025-07-12
521,Yamini,Cherian,yamini.cherian521@hotmail.com,5507846850,1979-03-14,"034, Dar, Gorakhpur 972038",Haryana,India,2025-05-23
522,Gauri,Keer,gauri.keer522@yahoo.com,1536415471,2002-05-12,"25/936, Vohra Chowk, Patiala 750094",Maharashtra,India,2025-09-07
523,Mason,Chopra,mason.chopra523@yahoo.com,0527698198,2006-11-28,"H.No. 452, Varkey Ganj, Rewa-258660",Odisha,India,2026-02-17
524,Yashawini,Sagar,yashawini.sagar524@yahoo.com,4422758548,2007-01-06,"94/282, Dani Road, Haldia 020002",Karnataka,India,2025-12-24
525,Kashish,Karpe,kashish.karpe525@hotmail.com,1321551305,2001-03-02,"21/44, Venkatesh Road, Kharagpur-273677",Bihar,India,2026-07-23
526,Brinda,Sachdev,brinda.sachdev526@gmail.com,2582543183,1998-01-15,"H.No. 239, Amble Street, Tiruchirappalli-601836",Punjab,India,2026-09-11
527,Nathaniel,Jani,nathaniel.jani527@hotmail.com,5082768172,1980-09-03,"H.No. 58, Sule Road, Nadiad-905291",Assam,India,2024-10-22
528,Sudiksha,Raja,sudiksha.raja528@hotmail.com,1608271721,1990-02-13,"92/05, Gera Street, Gangtok-621659",Odisha,India,2026-01-25
529,Chavvi,Keer,chavvi.keer529@hotmail.com,3255398358,1973-07-27,"77/326, Kota Road, Aurangabad 449791",Maharashtra,India,2023-03-22
530,Sanya,Sarna,sanya.sarna530@gmail.com,9271205397,1977-07-24,"52/988, De Ganj, Bhopal-256083",West Bengal,India,2026-08-08
531,Chaitanya,Lanka,chaitanya.lanka531@hotmail.com,9788897535,1977-04-15,"H.No. 030, Mittal Road, Munger-995171",Telangana,India,2026-06-04
532,Nicholas,Kade,nicholas.kade532@hotmail.com,0292950143,1983-11-20,"30/96, Butala Chowk, Guntakal-191260",Haryana,India,2023-07-04
533,Max,D’Alia,max.d’alia533@gmail.com,,1994-10-09,"019, Sekhon Nagar, Tiruvottiyur 339304",Madhya Pradesh,India,2025-11-29
534,Raagini,Rai,raagini.rai534@yahoo.com,8027481242,1992-06-08,"82/509, Desai Path, Kavali 620935",Bihar,India,2025-12-25
535,Inaya,Rai,inaya.rai535@gmail.com,3995297013,2008-07-01,"58, Zacharia Path, Munger 230412",Rajasthan,India,2025-12-27
536,Vasatika,Bhagat,vasatika.bhagat536@yahoo.com,5927387402,1971-09-05,"69, Sachar Nagar, Bikaner-481554",Odisha,India,2025-03-09
537,Nathan,Amble,nathan.amble537@gmail.com,0301095679,2006-12-01,"H.No. 79, Prabhu Path, Khandwa 347124",Tamil Nadu,India,2023-12-23
538,Aarnav,Choudhry,aarnav.choudhry538@gmail.com,1810306831,1988-04-02,"680, Arya Circle, Ambarnath 129015",Assam,India,2026-08-05
539,Ubika,Chad,ubika.chad539@gmail.com,67130-73510,1997-06-20,"H.No. 36, Comar Street, Nagpur 962588",Tamil Nadu,India,2023-07-16
540,Sanya,Sandhu,sanya.sandhu540@hotmail.com,9470318053,1996-05-28,"H.No. 66, Dixit Marg, Nagercoil-832700",West Bengal,India,2023-07-08
541,Amaira,Rau,amaira.rau541@yahoo.com,1459011079,1972-11-22,"H.No. 493, Bir Circle, Chapra 531520",West Bengal,India,2024-03-09
542,Yachana,Barad,yachana.barad542@hotmail.com,9769873137,1980-05-31,"84/16, Chaudhary Marg, Thrissur-407794",Gujarat,India,2023-10-16
543,Owen,Naidu,owen.naidu543@yahoo.com,3899499197,1980-02-20,"20/370, Sharma Circle, Aligarh-602041",West Bengal,India,2025-04-20
544,Fiyaz,Keer,fiyaz.keer544@yahoo.com,2117088948,2002-12-28,"H.No. 82, Dara Street, Raurkela Industrial Township-978570",Karnataka,India,2026-08-15
545,David,Bal,david.bal545@yahoo.com,6757123691,1991-03-11,"879, Gandhi Road, Karaikudi 769704",Madhya Pradesh,India,2026-03-13
546,Isha,Karnik,isha.karnik546@hotmail.com,4196156078,1972-05-05,"H.No. 65, Sharma Zila, South Dumdum 096496",West Bengal,India,2024-08-07
547,Yuvraj,Lanka,yuvraj.lanka547@hotmail.com,0478421702,1985-04-15,"593, Maharaj Marg, Mumbai-486883",Punjab,India,2024-11-26
548,Rajata,Devan,rajata.devan548@yahoo.com,7287991609,1994-01-15,"H.No. 935, Gade, Vellore 337605",Punjab,India,2026-01-14
549,Yuvraj,Bassi,yuvraj.bassi549@yahoo.com,8816502544,1977-10-17,"50, Mann Ganj, Bhopal 617718",Madhya Pradesh,India,2024-11-06
550,Aarna,Yohannan,aarna.yohannan550@hotmail.com,8806782141,1975-07-10,"H.No. 92, Puri Marg, Bongaigaon 989396",Uttar Pradesh,India,2024-01-28
551,Ria,Muni,ria.muni551@hotmail.com,9415594501,1997-03-04,"75/360, Comar Path, Bhalswa Jahangir Pur-603988",Karnataka,India,2025-02-27
552,  Sarthak  ,Sama,sarthak.sama552@yahoo.com,6218945590,2001-05-23,"94/24, Krishna Circle, Nashik 664896",Kerala,India,2025-01-07
553,Nirja,Bedi,nirja.bedi553@yahoo.com,4204565775,1987-02-04,"H.No. 33, Balakrishnan Circle, Bikaner-546622",Gujarat,India,2023-10-19
554,Gayathri,Mann,gayathri.mann554@gmail.com,6599530062,1999-12-25,"767, Mukhopadhyay Chowk, Guntur-916011",Karnataka,India,2026-02-07
555,Harish,Chanda,harish.chanda555@yahoo.com,8860080179,1977-06-05,"129, Parmar, Ahmedabad-726426",Delhi,India,2023-04-21
556,Indrajit,Gala,indrajit.gala556@gmail.com,8437536596,1973-08-06,"H.No. 48, Mukherjee Street, Amravati 854540",Bihar,India,2026-07-23
557,Pushti,Kumar,pushti.kumar557@yahoo.com,4752311232,1971-11-25,"76, Kibe Ganj, Rourkela-203886",West Bengal,India,2025-07-25
558,Elijah,Soman,elijah.soman558@yahoo.com,8019630453,1996-09-26,"88/249, Narayanan Ganj, Farrukhabad-018167",Rajasthan,India,2024-06-07
559,Bhavini,Varkey,bhavini.varkey559@gmail.com,5244454460,1988-09-21,"99, Seshadri Ganj, Kanpur 391287",Madhya Pradesh,India,2026-03-21
560,Yauvani,Kumer,yauvani.kumer560@hotmail.com,9996988290,2007-03-14,"H.No. 472, Puri Road, Vadodara-986424",Karnataka,India,2025-11-29
561,Samar,Kara,samar.kara561@hotmail.com,2833912187,1975-09-23,"80/98, Ganesh Ganj, Bhilai-102320",Uttar Pradesh,India,2024-08-11
562,Libni,Shenoy,libni.shenoy562@yahoo.com,1008987610,1971-04-28,"14, Keer Nagar, Imphal-198074",tamil nadu,India,2023-02-14
563,Lakshit,Hayer,lakshit.hayer563@yahoo.com,6951003076,1986-09-16,"96/715, Batra Nagar, Bhiwani 641106",Gujarat,India,2025-11-08
564,Chandani,Chadha,chandani.chadha564@hotmail.com,3407851699,2005-07-09,"H.No. 83, Saini Marg, Durg 689996",Maharashtra,India,2023-12-29
565,Tripti,Aurora,tripti.aurora565@hotmail.com,8688891787,1976-10-04,"62/57, Sha Zila, Lucknow 201265",Telangana,India,2024-06-26
566,Rachit,Rai,rachit.rai566@gmail.com,,1987-12-24,"41, Sura Street, Kharagpur-118824",Telangana,India,2024-03-05
567,Neha,Devi,,2229758917,1974-03-13,"H.No. 854, Sunder Path, Imphal 820922",Maharashtra,India,2026-03-02
568,Jeevika,Taneja,jeevika.taneja568@gmail.com,0163564072,2002-10-19,"28/95, Ahluwalia Road, Hubli–Dharwad-882247",Karnataka,India,2024-08-07
569,Laban,Saini,laban.saini569@gmail.com,8507105801,1979-11-03,"11, Grewal Path, Jodhpur 537092",Assam,India,2024-10-22
570,Bachittar,Shere,bachittar.shere570@gmail.com,9500741894,1978-04-16,"87/69, Kala Circle, Hapur-944716",Gujarat,India,2025-07-04
571,Gaurang,Varma,gaurang.varma571@gmail.com,+91-3481310450,2002-06-27,"21/743, Sarma Path, Loni-526806",Tamil Nadu,India,2024-05-10
572,Radhika,Barad,radhika.barad572@hotmail.com,7398344883,2003-06-19,"46, Zachariah Street, Bathinda 077406",Maharashtra,India,2024-09-17
573,Gautami,Pandey,gautami.pandey573@gmail.com,6239209085,1984-05-22,"09/131, Chaudhry Zila, Guna-190254",West Bengal,India,2024-08-29
574,Sai,Ramachandran,sai.ramachandran574@gmail.com,2069535412,1997-06-18,"H.No. 95, Anne Nagar, Erode-151532",Bihar,India,2024-01-19
575,Idika,Lad,idika.lad575@yahoo.com,0740717327,2005-02-25,"03/100, Mani Marg, Avadi 391045",Kerala,India,2024-05-07
576,Azad,Kala,azad.kala576@yahoo.com,8941184913,1975-06-30,"H.No. 35, Oak, Ranchi-610067",Tamil Nadu,India,2024-02-09
577,Agastya,Bahl,agastya.bahl577@yahoo.com,8018677403,1992-05-05,"39/449, Kar Path, Delhi-776255",Delhi,India,2025-01-27
578,Naveen,Pall,naveen.pall578@gmail.com,7365426241,1971-01-04,"29/233, Narayanan Road, Coimbatore-090605",Punjab,India,2026-02-05
579,Odika,Uppal,odika.uppal579@yahoo.com,0211667329,1979-12-27,"88/75, Grewal, Tirunelveli-426033",Odisha,India,2026-06-09
580,Praneel,Anand,praneel.anand580@hotmail.com,7558214770,1986-08-18,"H.No. 523, Ahuja Circle, Maheshtala-219215",Punjab,India,2023-04-13
581,Jeet,Vig,jeet.vig581@hotmail.com,0591611863,2005-03-02,"77/21, Varughese Marg, Dhanbad 378931",Assam,India,2026-05-05
582,  Keya  ,Dubey,keya.dubey582@hotmail.com,2845401822,1991-07-06,"39/48, Karnik Street, Bhatpara 414474",Uttar Pradesh,India,2026-04-11
583,Karan,Vohra,karan.vohra583@hotmail.com,1659930202,1995-08-04,"227, Parmer Chowk, Kota 530281",HARYANA,India,2024-07-28
584,Champak,Ray,,3005937775,1986-08-02,"H.No. 029, Sagar Zila, Nandyal-690298",Kerala,India,2025-12-22
585,Ayush,Lall,ayush.lall585@gmail.com,1966229131,1978-12-30,"85, Ramaswamy Marg, Thane 362198",Punjab,India,2023-12-03
586,Janaki,Pathak,janaki.pathak586@gmail.com,9444076634,2001-04-07,"H.No. 496, Setty Street, Bikaner-626114",Bihar,India,2023-09-29
587,Aadhya,Kalita,aadhya.kalita587@yahoo.com,5854218808,2007-07-07,,West Bengal,India,2025-01-31
588,Rachit,Pau,rachit.pau588@hotmail.com,5833343031,2007-09-21,"H.No. 545, Ramakrishnan Chowk, Panchkula-769453",Uttar Pradesh,India,2026-02-17
589,Wriddhish,Sarkar,,4669861634,1984-05-27,"H.No. 08, Natarajan Nagar, Danapur 526925",Haryana,India,2026-07-31
590,Kamya,Raj,kamya.raj590@yahoo.com,7213074235,2000-08-05,"H.No. 404, Hayre Circle, Sangli-Miraj & Kupwad-145430",West Bengal,India,2025-02-13
591,Nitara,Kannan,nitara.kannan591@hotmail.com,3100817852,1987-11-29,"H.No. 845, Kadakia Street, Parbhani 687447",Delhi,India,2025/07/21
592,Widisha,Hari,widisha.hari592@hotmail.com,0865237772,1972-07-20,"370, Mallick Zila, Ranchi 278105",Telangana,India,2025-03-08
593,Zilmil,Bath,zilmil.bath593@gmail.com,2722142573,1983-01-27,"13/68, Talwar Zila, Visakhapatnam 136955",Kerala,India,2026-07-21
594,Zarna,Raman,zarna.raman594@gmail.com,9297352595,1997-08-27,"73/938, Ghosh, Tumkur-735323",Rajasthan,India,2024-05-19
595,Gagan,Tripathi,gagan.tripathi595@yahoo.com,7610870826,1986-10-15,"01, Swamy Nagar, Bhatpara-158388",Tamil Nadu,India,2023-10-27
596,Qadim,Chakraborty,qadim.chakraborty596@yahoo.com,4846735742,1994-09-22,"801, Master, Jamnagar-892225",Tamil Nadu,India,2024-08-26
597,Krishna,Goswami,krishna.goswami597@hotmail.com,3506373118,1986-02-04,"H.No. 307, Karnik Path, Bhilai-201362",Odisha,India,2025-04-17
598,Dakshesh,Trivedi,dakshesh.trivedi598@yahoo.com,3975615470,1985-12-14,"15/164, Brahmbhatt Zila, Ozhukarai 409196",Punjab,India,2024-03-02
599,Siddharth,Nagi,siddharth.nagi599@yahoo.com,5207020426,1993-03-20,"124, Jaggi Zila, Chinsurah-789760",Kerala,India,2026-01-21
600,Urvi,Kale,urvi.kale600@gmail.com,6773192276,1992-03-24,"H.No. 33, More, Bhiwandi-654308",Haryana,India,2023-12-31
601,Gaurika,Gopal,gaurika.gopal601@gmail.com,2021915057,1996-03-30,"00, Dey Nagar, Kishanganj-644867",Telangana,India,2024-01-26
602,Sara,Sengupta,sara.sengupta602@yahoo.com,6365604500,1985-12-09,"30, Raju, Buxar 927711",Madhya Pradesh,India,2026-03-31
603,Ishita,Devan,ishita.devan603@hotmail.com,35305-97025,2004-04-01,"36, Keer Road, Satara-898959",Tamil Nadu,India,2026-05-08
604,Baghyawati,Sachdev,baghyawati.sachdev604@hotmail.com,3454434414,1985-08-28,"44/974, Madan Ganj, Bilaspur-882230",Delhi,India,2026-03-13
605,Xiti,Salvi,xiti.salvi605@gmail.com,3988941321,1993-04-02,"21/707, Mitra Path, Nellore-655792",Madhya Pradesh,India,2026-04-24
606,Jeremiah,Barad,jeremiah.barad606@gmail.com,0449646129,2003-05-09,"51/213, Nath Chowk, Raurkela Industrial Township 359570",Karnataka,India,2024-11-18
607,Qushi,Brar,qushi.brar607@hotmail.com,1458434566,1991-10-23,"H.No. 342, Reddy Ganj, Bhavnagar-334742",Karnataka,India,2025-05-13
608,  Sarthak  ,Chokshi,sarthak.chokshi608@gmail.com,3796868008,1980-10-11,"02/17, Mangal Chowk, Kirari Suleman Nagar 304350",Odisha,India,2023-02-03
609,Jeevika,Batta,jeevika.batta609@gmail.com,8946652752,1976-08-07,"H.No. 202, Rattan Path, Thrissur-030334",Kerala,India,2026-02-17
610,Ridhi,Bir,ridhi.bir610@hotmail.com,6750762799,1986-03-22,"H.No. 53, Brar Nagar, Ahmednagar 723034",Bihar,India,2023-08-25
611,  Karan  ,Batra,karan.batra611@gmail.com,7190172224,1997-12-10,"H.No. 87, Soni Zila, Pondicherry-619924",Madhya Pradesh,India,2026-07-22
612,Jagvi,Karan,jagvi.karan612@hotmail.com,2725812259,1972-08-09,"44/82, Sunder Ganj, Maheshtala-912121",Gujarat,India,2025-03-30
613,Champak,Dar,champak.dar613@hotmail.com,8035869017,1973-12-21,"25/19, Krishnamurthy, Mangalore 171222",Delhi,India,2024-08-16
614,Lipika,Kumar,lipika.kumar614@gmail.com,8722054221,2005-02-08,"63/30, Hayre Circle, Ramagundam 470488",Punjab,India,2025-11-12
615,Ganga,Arora,ganga.arora615@yahoo.com,0205968519,1989-09-02,"26/63, Nadig Street, Muzaffarpur-277752",Karnataka,India,2025-10-09
616,Jagrati,Dube,jagrati.dube616@gmail.com,1658129205,1976-10-14,"H.No. 563, Doshi Nagar, Satna 363726",Uttar Pradesh,India,2024-03-11
617,Chaman,Gole,chaman.gole617@gmail.com,6154980851,1977-04-03,"H.No. 498, Dugar Ganj, Gwalior-212154",Madhya Pradesh,India,2025-10-06
618,Isaiah,Pradhan,isaiah.pradhan618@hotmail.com,6868764019,1990-02-19,"44, Acharya Street, Munger 987787",Assam,India,2026-07-03
619,Dipta,Verma,dipta.verma619@yahoo.com,6464196234,1979-12-31,"213, Badal Street, Rajkot-429483",Madhya Pradesh,India,2024-10-16
620,Isaiah,Manda,isaiah.manda620@hotmail.com,8911797269,2000-12-12,"28/318, Bhandari Nagar, Bhiwani 602000",Uttar Pradesh,India,2024-01-14
621,Ronith,Edwin,ronith.edwin621@hotmail.com,3863105052,1983-12-03,"H.No. 82, Garg Marg, Allahabad-686276",Assam,India,2023-05-24
622,Utkarsh,Goel,utkarsh.goel622@hotmail.com,8963376185,2006-03-07,"13, Mody Marg, Mumbai-328233",Gujarat,India,2025-10-27
623,Michael,Chaudhary,michael.chaudhary623@hotmail.com,+91-5279187506,1997-12-12,"59, Ahuja Street, Shimoga 192797",Delhi,India,2023-12-03
624,Jackson,Sharma,jackson.sharma624@hotmail.com,5969838457,2007-01-20,"H.No. 68, Garde Marg, Ramgarh-257349",Madhya Pradesh,India,2026-04-23
625,Nicholas,Oza,nicholas.oza625@yahoo.com,9460742990,1989-12-24,"94, Sarma Zila, Shivpuri-808974",Kerala,India,2024-03-29
626,Widisha,Kumer,widisha.kumer626@hotmail.com,9946418398,1996-10-09,"H.No. 78, Jhaveri Path, Amaravati-649804",MAHARASHTRA,India,2026-07-03
627,Advaith,Ganesan,advaith.ganesan627@hotmail.com,0521026270,1981-09-22,,West Bengal,India,2026-06-30
628,Dalaja,Zachariah,dalaja.zachariah628@hotmail.com,,1983-03-29,"H.No. 305, Rau Marg, Guntakal 305641",Assam,India,2025-04-07
629,Rehaan,Sarma,rehaan.sarma629@hotmail.com,6790870187,1991-11-28,"36/510, Madan Ganj, Avadi 299067",Karnataka,India,2025-03-31
630,Hemal,Sami,hemal.sami630@hotmail.com,5240622155,1981-02-15,"H.No. 62, Golla Street, Narasaraopet-533470",Assam,India,2023-11-05
631,Damyanti,Srinivasan,damyanti.srinivasan631@yahoo.com,8455939652,1980-07-13,"H.No. 712, Nath Road, Bellary-290036",West Bengal,India,2023-11-11
632,Qasim,Chand,qasim.chand632@gmail.com,3277264883,1975-07-23,"52/29, Garde Road, Kolhapur 161857",Kerala,India,2024-03-31
633,Frado,Sen,frado.sen633@gmail.com,5080549147,1984-09-12,"H.No. 35, Mishra Street, Dehri-171594",West Bengal,India,2023-03-17
634,Tripti,Iyengar,tripti.iyengar634@yahoo.com,9305378803,1997-05-24,"H.No. 133, Gopal Circle, Agra-882815",Haryana,India,2026-07-06
635,Varsha,Soman,varsha.soman635@gmail.com,48625-15217,2000-11-22,"37/801, Chhabra Circle, Khandwa-344671",Kerala,India,2026-07-22
636,Saanvi,Radhakrishnan,saanvi.radhakrishnan636@gmail.com,9143362999,1998-08-23,"H.No. 999, Balakrishnan, Gorakhpur 898573",Bihar,India,2024-03-10
637,Vivaan,Oak,vivaan.oak637@gmail.com,1896844246,1992-08-24,"57/28, Swaminathan Path, Aurangabad 828190",Gujarat,India,2026-09-07
638,Ekbal,Sastry,ekbal.sastry638@hotmail.com,8912488397,1977-07-06,"H.No. 51, Jhaveri Road, Mehsana 868112",Gujarat,India,2026-07-02
639,Ayushman,Kadakia,ayushman.kadakia639@hotmail.com,6811939781,1998-04-19,"99/217, Batta Chowk, Satna 866933",Gujarat,India,2024-12-18
640,Kashvi,Chakraborty,kashvi.chakraborty640@hotmail.com,8807053260,2001-12-25,"H.No. 382, Som, Guntur-513609",Delhi,India,2026-07-20
641,  Falak  ,Warrior,falak.warrior641@gmail.com,0450243736,1972-12-12,"62, Brar Chowk, Karnal-933539",Uttar Pradesh,India,2024-06-11
642,Abhimanyu,Nath,abhimanyu.nath642@hotmail.com,6154731566,1972-12-30,"H.No. 11, Mannan Marg, Singrauli-283772",West Bengal,India,23 Feb 2025
643,Nathan,Sama,,6053428164,1988-01-26,"H.No. 975, Natt Ganj, Alappuzha 051038",Kerala,India,2024-02-09
644,Krishna,Swaminathan,krishna.swaminathan644@gmail.com,4276362814,1991-06-27,"53/09, Basu Marg, Shimla 490922",Kerala,India,2024-02-15
645,  Arunima  ,Upadhyay,arunima.upadhyay645@yahoo.com,5513587271,1989-12-02,"81/16, Banerjee Road, Farrukhabad 988187",Karnataka,India,2025-05-16
646,Upma,Savant,upma.savant646@hotmail.com,8333647704,1978-07-07,"H.No. 38, Bajaj Marg, Bongaigaon 625420",Delhi,India,2024-02-25
647,Ekansh,Garde,ekansh.garde647@gmail.com,,2005-10-23,"32/45, Borra Ganj, Karawal Nagar 122487",Bihar,India,2024/08/02
648,Vaishnavi,Dora,vaishnavi.dora648@hotmail.com,4963225174,1971-10-10,"32/611, Behl Circle, Nellore 686163",Madhya Pradesh,India,2025-07-13
649,Advik,Dixit,advik.dixit649@hotmail.com,7202009536,1972-08-12,"89, Anne Nagar, Kirari Suleman Nagar 950017",Uttar Pradesh,India,2023-09-03
650,Gauri,Arora,gauri.arora650@gmail.com,3971307221,1979-12-15,"87/167, Grewal Street, Nagpur-546171",Delhi,India,2024-02-07
651,Ekapad,Som,ekapad.som651@gmail.com,4436023442,1992-05-06,"H.No. 252, Madan Ganj, Ajmer 944772",Tamil Nadu,India,2024-06-12
652,Arin,Joshi,arin.joshi652@hotmail.com,6551327617,1984-12-26,"H.No. 55, Zachariah, Gorakhpur 021191",Gujarat,India,2023-03-29
653,Gavin,Garde,gavin.garde653@yahoo.com,4986478686,1982-11-08,"H.No. 884, Shan Road, Nagpur-781919",Assam,India,2026-02-17
654,Bishakha,De,bishakha.de654@gmail.com,,1971-12-10,"64/70, Dugar Circle, Rajahmundry 546220",Gujarat,India,2026-08-09
655,Ojas,Iyengar,ojas.iyengar655@hotmail.com,2055033000,1977-02-04,"H.No. 67, Choudhry Ganj, Delhi-141600",Tamil Nadu,India,2025-08-11
656,George,Rajagopalan,george.rajagopalan656@hotmail.com,3273798979,1992-09-24,"18/67, Rama Road, Thane 099843",Telangana,India,2024-04-07
657,Jagat,Chatterjee,jagat.chatterjee657@hotmail.com,7118151985,1980-03-02,"034, Biswas Nagar, Kurnool-346607",Delhi,India,2025-06-02
658,Zashil,Mander,zashil.mander658@hotmail.com,6672010824,1982-12-05,"387, Mani, Jalgaon 208581",West Bengal,India,2024-10-08
659,Ekta,Deshpande,ekta.deshpande659@yahoo.com,5364235700,1989-08-02,"51/81, Boase Marg, Khammam 904610",Punjab,India,2023-01-02
660,Oscar,Kanda,oscar.kanda660@gmail.com,6600128382,1973-01-06,"296, Panchal Zila, Cuttack 485076",Maharashtra,India,2026-09-03
661,Ekta,Kapur,ekta.kapur661@hotmail.com,,1987-03-30,"057, More Ganj, Jalgaon 358617",Karnataka,India,2024-11-22
662,Omkaar,Gade,omkaar.gade662@yahoo.com,2726708666,2008-09-03,"H.No. 976, Sathe Circle, Durg-712903",Madhya Pradesh,India,2025-03-01
663,Balhaar,Sachar,balhaar.sachar663@gmail.com,8974223543,1984-06-12,"21/21, Sant Path, Mahbubnagar-254920",Madhya Pradesh,India,2025-12-05
664,Aradhana,Mandal,aradhana.mandal664@hotmail.com,1197388182,2007-07-25,"H.No. 35, Mani, Amritsar-968066",odisha,India,2024-07-14
665,Andrew,Palan,andrew.palan665@gmail.com,0212543412,1980-07-28,"H.No. 98, Agrawal Marg, Mehsana-186003",Uttar Pradesh,India,2023-08-14
666,Saksham,Cheema,saksham.cheema666@hotmail.com,8999011400,1976-11-26,"H.No. 719, Sachdeva Chowk, Vasai-Virar 259084",Tamil Nadu,India,2026-02-01
667,Bhavani,Shukla,bhavani.shukla667@hotmail.com,5011375358,1974-06-13,"87/80, Devan Chowk, Khora -371616",Bihar,India,2023-06-26
668,Yauvani,Choudhry,yauvani.choudhry668@hotmail.com,2239964771,1971-10-01,"H.No. 768, Amble Zila, Baranagar 855780",Madhya Pradesh,India,2026-04-27
669,Aarini,Memon,aarini.memon669@gmail.com,3622169069,1971-04-07,"70, Savant Marg, Amritsar-913952",Assam,India,2026-08-03
670,Christopher,D’Alia,christopher.d’alia670@yahoo.com,2610703350,1974-02-07,"19/839, Mani Street, Ambala 300416",Karnataka,India,2025-05-01
671,Falan,Aurora,falan.aurora671@yahoo.com,0215167586,1993-07-13,"481, Aggarwal Zila, Pune-476427",West Bengal,India,2024-12-31
672,Panini,Das,panini.das672@yahoo.com,3855128177,1989-12-01,"78/15, Lad Path, Gandhinagar-972360",Gujarat,India,2023-08-18
673,Brinda,Saran,brinda.saran673@hotmail.com,4677205171,1976-07-15,"H.No. 564, Wali Chowk, Ongole 317543",Bihar,India,2026-04-09
674,Quincy,Sathe,quincy.sathe674@yahoo.com,4857260292,1990-11-06,"28, Mital Circle, Sultan Pur Majra-642076",West Bengal,India,2023-12-16
675,Maanas,Sridhar,maanas.sridhar675@gmail.com,5386762592,1996-08-31,"04, Virk Circle, Gudivada-205534",Karnataka,India,2026-05-13
676,Atharv,Vohra,atharv.vohra676@hotmail.com,7396159764,1970-12-07,"07, Sheth Circle, Sonipat 426190",Kerala,India,2023-10-12
677,Aashi,Din,aashi.din677@gmail.com,3627320222,1979-11-15,"H.No. 76, Dara, Aligarh 204298",maharashtra,India,2026-08-23
678,Bhavya,Loyal,bhavya.loyal678@hotmail.com,9830521690,1984-11-02,"698, Chandran Nagar, Udaipur-471068",West Bengal,India,2026-08-03
679,Ekbal,Seshadri,ekbal.seshadri679@yahoo.com,3163705004,1971-08-31,"24, Puri Road, Gorakhpur-294763",Tamil Nadu,India,2023-10-29
680,  Abdul  ,Zacharia,abdul.zacharia680@gmail.com,6540259985,2005-07-05,"27, Zachariah Street, Kozhikode-635049",Haryana,India,2026-02-21
681,Daniel,Dass,daniel.dass681@yahoo.com,7652728453,2001-10-03,"08, Saran Circle, Delhi 756020",Assam,India,2026-05-16
682,Harshil,Garg,harshil.garg682@hotmail.com,2215439044,1991-06-10,"533, Ghose Ganj, Rourkela-510255",Telangana,India,2025-08-31
683,Daniel,Comar,daniel.comar683@hotmail.com,5450369888,1983-10-12,"243, Gade Marg, Mira-Bhayandar-805983",Madhya Pradesh,India,2025-11-13
684,Amruta,Madan,amruta.madan684@gmail.com,9075965999,1975-05-11,"63, Srivastava Zila, Tirupati-421062",Delhi,India,2023-06-19
685,Amrita,Chander,amrita.chander685@hotmail.com,7591922671,1993-04-29,"62/647, Dora Path, Chandrapur 120961",Maharashtra,India,2026-05-18
686,Veer,Bala,veer.bala686@gmail.com,8452403211,1987-10-02,"H.No. 14, Dewan Ganj, Amaravati 430877",Assam,India,2024-06-04
687,Triya,Dey,triya.dey687@yahoo.com,9254221883,2005-07-25,"04/877, Sankar Nagar, Eluru 332998",Uttar Pradesh,India,2026-02-20
688,Girish,Parmar,girish.parmar688@hotmail.com,2578464085,1987-01-17,"H.No. 67, Ravel Street, Surat-672925",Kerala,India,2023-08-15
689,Tarak,Nagar,tarak.nagar689@hotmail.com,1962822250,1982-04-20,"472, Sabharwal Circle, Giridih 201223",Karnataka,India,2024-08-01
690,Gagan,Mani,gagan.mani690@hotmail.com,9009662702,2005-09-29,"H.No. 956, Goyal Ganj, Morena 003910",Bihar,India,2024-04-18
691,Frado,Kanda,frado.kanda691@gmail.com,3892224711,1998-09-22,"08, Shenoy Street, Agra 646160",Gujarat,India,2026-07-11
692,  Rajata  ,Dayal,rajata.dayal692@yahoo.com,3850095372,1988-09-19,"23, Jha Zila, Bulandshahr 094416",West Bengal,India,2023-12-30
693,Ryan,Chaudhary,ryan.chaudhary693@yahoo.com,4413727768,1982-02-03,"34/942, Bath, Haldia 755188",Rajasthan,India,2026-01-15
694,Gabriel,Talwar,gabriel.talwar694@hotmail.com,2420248374,1987-06-24,"456, Hegde Path, Chapra-790254",Delhi,India,2026-05-08
695,Kala,Kar,kala.kar695@yahoo.com,6890472386,2000-01-26,"855, Loyal Chowk, Mysore 435990",Odisha,India,2026-04-12
696,Bachittar,Kannan,bachittar.kannan696@yahoo.com,4604761437,2002-06-11,"06, Butala Marg, Etawah 467263",Maharashtra,India,2025-11-22
697,Ekalinga,Pillai,ekalinga.pillai697@hotmail.com,1858990027,1986-01-23,"45/07, Rajan Circle, Ramagundam 566050",Gujarat,India,2024-09-07
698,Yug,Sawhney,yug.sawhney698@yahoo.com,9833067730,1979-05-14,"26/679, Bumb Road, Anand-886538",Haryana,India,2026-08-31
699,Chakradhar,Ram,chakradhar.ram699@yahoo.com,9634289876,1999-08-01,"22/17, Lala Nagar, Solapur 706632",Karnataka,India,2024-05-12
700,Ekaraj,Ratti,ekaraj.ratti700@gmail.com,7399289198,2002-08-02,"53/371, Ahuja Chowk, Aizawl-269420",Rajasthan,India,2024-07-16
701,Wahab,Chahal,wahab.chahal701@hotmail.com,5490145996,1978-07-17,"58/73, Pillai Nagar, Medininagar-438843",Telangana,India,2026-04-26
702,Manan,Borra,,6780664315,2001-07-20,"49/281, Agarwal Path, Sultan Pur Majra 170926",Maharashtra,India,2025-09-20
703,Brijesh,Sehgal,brijesh.sehgal703@gmail.com,0880817262,1994-09-04,"44/850, Shankar Nagar, Hazaribagh-927411",Maharashtra,India,2025-03-09
704,Aarnav,Sampath,aarnav.sampath704@hotmail.com,9612766208,1986-08-17,"17/02, Hayer Marg, Parbhani 359624",Punjab,India,2024-11-07
705,Vedhika,Ahuja,vedhika.ahuja705@gmail.com,00424253690,1983-05-26,"H.No. 30, Lata Street, Machilipatnam-396702",Madhya Pradesh,India,2026-05-21
706,Chaaya,Kibe,chaaya.kibe706@yahoo.com,2405536481,2005-08-07,"648, Din Circle, Nagercoil 738546",Odisha,India,24 Aug 2026
707,Rudra,Datta,rudra.datta707@gmail.com,0667998649,1986-04-30,"22/042, Vohra, Udaipur 699206",Madhya Pradesh,India,2024-09-23
708,Elijah,Setty,elijah.setty708@hotmail.com,2356999299,1986-07-20,"88, Tandon Chowk, Phagwara 560413",Haryana,India,2025-01-04
709,Orinder,Bawa,orinder.bawa709@hotmail.com,9315398391,1980-05-21,"H.No. 144, Shukla Nagar, Siliguri 430491",Punjab,India,2025-11-01
710,Jagat,Badal,jagat.badal710@gmail.com,5287209986,1978-12-24,"H.No. 05, Dora, Kadapa-353097",Telangana,India,2025-09-04
711,Priya,Chaudry,priya.chaudry711@hotmail.com,8962980568,2008-06-14,"079, Rege Marg, Hajipur-957240",Punjab,India,2025-05-22
712,Damyanti,Swaminathan,damyanti.swaminathan712@yahoo.com,2531379561,1982-06-21,"217, Bhatia Path, Gurgaon-920259",Delhi,India,2024-09-21
713,  Ekavir  ,Issac,ekavir.issac713@hotmail.com,3370342444,1998-12-26,"60, Warrior Chowk, Warangal 510765",West Bengal,India,2026-07-26
714,Ekbal,Sinha,ekbal.sinha714@hotmail.com,8517328951,1973-08-07,,Telangana,India,2026-09-12
715,Manya,Pau,manya.pau715@gmail.com,6077004093,1981-01-04,"40/39, Doctor Circle, Jodhpur 396620",Delhi,India,2026-07-27
716,Kamya,Rastogi,kamya.rastogi716@hotmail.com,0788026529,1979-10-09,"93/335, Deo Marg, Pimpri-Chinchwad 974408",Kerala,India,2025-10-20
717,Chatresh,Sankaran,chatresh.sankaran717@yahoo.com,8987092019,2005-03-16,"H.No. 132, Radhakrishnan Marg, Jalandhar 848580",Assam,India,2026-04-24
718,  Mohini  ,Khosla,mohini.khosla718@gmail.com,1960472205,1983-09-26,"45, Minhas Road, Howrah 317146",Gujarat,India,2026-07-03
719,  Harinakshi  ,Kohli,harinakshi.kohli719@hotmail.com,6766262359,1999-01-19,"618, Babu Road, Dindigul-870368",ASSAM,India,2026-04-03
720,Ganga,Ben,ganga.ben720@yahoo.com,0663605028,1985-12-14,"H.No. 390, Dani, Allahabad 025209",Gujarat,India,2023-05-13
721,Nakul,Iyengar,nakul.iyengar721@yahoo.com,9795319260,1980-09-02,"757, Nagy Road, Darbhanga-054894",Uttar Pradesh,India,2026-06-21
722,Forum,Kar,forum.kar722@hotmail.com,1808189655,1997-01-21,"62, Prabhakar Street, Amravati 970566",Kerala,India,2024-06-06
723,Nilima,Chauhan,nilima.chauhan723@yahoo.com,4860704726,1971-03-01,"H.No. 585, Bobal Nagar, Davanagere-173167",Tamil Nadu,India,2024/10/26
724,Diya,Sampath,diya.sampath724@gmail.com,8790522441,2001-06-12,"94, Prashad Nagar, Ambarnath 157905",Karnataka,India,2025-11-21
725,Jatin,Buch,jatin.buch725@hotmail.com,6469365618,1998-03-02,"87/680, Sidhu Path, Gaya-771843",Madhya Pradesh,India,2025-04-10
726,Harish,Grewal,harish.grewal726@gmail.com,9567333297,2003-03-20,"H.No. 02, Deol Circle, Mathura-676992",West Bengal,India,2025-07-31
727,Reva,Solanki,reva.solanki727@gmail.com,3852023209,1980-07-09,"33/28, Memon Road, Rajpur Sonarpur 719982",Odisha,India,2023-04-13
728,Aditya,Subramanian,aditya.subramanian728@yahoo.com,1545260756,2004-07-03,"31/00, Mane Marg, Kakinada 262277",Assam,India,2023-04-03
729,Tejas,Jani,tejas.jani729@gmail.com,8066470703,1988-06-20,"H.No. 595, Thakur Street, Bhavnagar-107402",Delhi,India,2024-03-31
730,Anamika,Badami,anamika.badami730@hotmail.com,7582676259,2004-10-27,"638, Raval Path, Bulandshahr 497459",Gujarat,India,2023-05-21
731,Sathvik,Chawla,sathvik.chawla731@hotmail.com,9979849149,1989-02-28,"H.No. 493, Saha Street, Sagar 223946",Karnataka,India,2025-03-23
732,Harrison,Dugar,harrison.dugar732@hotmail.com,1594853400,1974-07-23,"398, Tank Road, Malegaon-567871",Madhya Pradesh,India,2023-08-11
733,Yachana,Vora,yachana.vora733@gmail.com,3788705841,2002-11-25,"34/956, Sibal Road, Katni-586794",Delhi,India,2025-09-02
734,Lila,Hans,lila.hans734@hotmail.com,,1992-04-07,"20, Sahota Zila, Raurkela Industrial Township 786457",Kerala,India,2025-07-11
735,Mohini,Naidu,mohini.naidu735@yahoo.com,7512476400,1995-12-30,"68/24, Parikh Nagar, Vijayanagaram-545122",Maharashtra,India,2026-04-08
736,Chasmum,Lad,chasmum.lad736@gmail.com,4023386860,2004-08-04,"17/036, Bath Ganj, Agartala-386020",Haryana,India,08-05-2025
737,Gaurangi,Bava,gaurangi.bava737@hotmail.com,0941349096,2001-01-01,"452, Luthra Circle, Bhagalpur-694804",Punjab,India,2024-02-22
738,Brijesh,Shetty,brijesh.shetty738@gmail.com,6748095739,1982-10-12,"60/294, Din Road, Muzaffarpur 589258",Punjab,India,2024-01-24
739,Anay,Sidhu,anay.sidhu739@gmail.com,2031977748,1981-05-11,"41/864, Dutt Circle, Delhi 958684",Kerala,India,2025-09-24
740,Osha,Dutt,osha.dutt740@gmail.com,2605869427,1974-09-25,"30, Rau Marg, Gudivada-151817",KERALA,India,2025-12-18
741,Mason,Menon,mason.menon741@gmail.com,5594698906,1991-04-05,"717, Thakkar, Saharanpur-379006",Rajasthan,India,2026-09-08
742,Anjali,Sem,,7795417675,1982-09-23,"37, Bhatti Circle, Ballia 579089",Uttar Pradesh,India,2024-07-25
743,Yashvi,Ramakrishnan,yashvi.ramakrishnan743@gmail.com,8384887638,1982-03-14,"H.No. 239, Chopra Marg, Raipur-518812",Maharashtra,India,2026-03-09
744,Lila,Chaudhari,lila.chaudhari744@hotmail.com,0706690107,2005-12-26,"82/68, Kashyap, Panipat-497035",Delhi,India,2025-03-28
745,Vritti,Narang,vritti.narang745@yahoo.com,8335570773,1972-05-21,"H.No. 50, Sarraf Path, Secunderabad 187993",Delhi,India,2024-11-23
746,Ati,Lall,ati.lall746@gmail.com,5883114147,1990-05-03,"H.No. 368, Comar Chowk, Singrauli-097797",Maharashtra,India,2025-01-25
747,Lucky,Kata,lucky.kata747@hotmail.com,4568446794,1991-02-20,"H.No. 163, Nagar Street, Bellary-831597",Madhya Pradesh,India,2023-03-01
748,Naveen,Din,naveen.din748@hotmail.com,3186830291,1984-08-12,"324, Prashad Zila, Coimbatore 483966",West Bengal,India,2023-05-10
749,Unnati,Johal,unnati.johal749@yahoo.com,06746215958,1971-08-13,"17, Nayar Nagar, Nanded 181698",Punjab,India,2024-12-17
750,Bhavini,Chaudhary,bhavini.chaudhary750@gmail.com,4760948377,1973-06-07,"H.No. 33, Doshi Nagar, Karnal-996218",Telangana,India,2025-02-21
751,Ojasvi,Purohit,ojasvi.purohit751@yahoo.com,,2004-07-20,"223, Baral Road, Dhule-683675",Tamil Nadu,India,2025-12-25
752,Amol,Chandra,amol.chandra752@yahoo.com,9152446144,1994-02-27,"H.No. 17, Rana Road, Raebareli-260186",Tamil Nadu,India,2025-11-13
753,Kabir,Raghavan,kabir.raghavan753@gmail.com,9956955922,1980-01-25,"H.No. 90, Kalita Nagar, Delhi 551344",Rajasthan,India,2026-09-12
754,Aadhya,Rastogi,aadhya.rastogi754@yahoo.com,2883904733,2005-11-13,"15/749, Dixit Ganj, Tiruchirappalli 497887",Bihar,India,2026-04-14
755,Edhitha,Kala,edhitha.kala755@gmail.com,0409543776,1993-02-10,"85/800, Wason Zila, Latur-439151",Rajasthan,India,2024-01-21
756,Zashil,Karnik,zashil.karnik756@yahoo.com,8621078187,2006-05-12,"42, Sha Path, Vellore-269331",Maharashtra,India,2025-09-04
757,Adya,Gola,adya.gola757@hotmail.com,0600230286,1984-11-07,"411, Dube Road, Sambhal 701514",Assam,India,2023-02-15
758,Lucky,Bahl,lucky.bahl758@gmail.com,6338222240,1982-11-09,"20/562, Chandran Nagar, Aurangabad-348433",Karnataka,India,2023-02-16
759,Reyansh,Kari,reyansh.kari759@hotmail.com,5286132394,1992-08-03,"428, Misra Marg, Phagwara 602498",Uttar Pradesh,India,2026-02-21
760,Reyansh,Loyal,reyansh.loyal760@gmail.com,9536773498,1987-01-18,"H.No. 61, Goel Path, Sambhal-591476",Delhi,India,2025-06-01
761,Kala,Koshy,kala.koshy761@hotmail.com,+91-9664147533,2007-03-15,"46, Nadkarni Marg, Sonipat-896298",punjab,India,2023-03-31
762,Zaid,Dube,zaid.dube762@yahoo.com,6792415712,2004-06-16,"H.No. 34, Narasimhan Marg, Shahjahanpur-616824",Tamil Nadu,India,2024-12-12
763,Warjas,Brahmbhatt,warjas.brahmbhatt763@yahoo.com,5381168371,1992-03-12,"26, Sinha Nagar, Kolkata-489678",West Bengal,India,2023-01-24
764,Anirudh,Dey,anirudh.dey764@yahoo.com,9312146394,2005-01-19,"926, Padmanabhan Road, Tiruppur 917299",Odisha,India,2025-03-29
765,Charita,Apte,charita.apte765@gmail.com,9481126649,1994-09-01,"06/833, Kannan Path, Patna-612590",Karnataka,India,2026-05-18
766,Yatin,Magar,yatin.magar766@hotmail.com,1333443767,1975-01-08,"H.No. 984, Bhatia Zila, Raebareli 930148",Madhya Pradesh,India,2024-06-24
767,Nandini,Anne,nandini.anne767@yahoo.com,0042028866,1974-03-03,"90/34, Dara Street, Rampur 484203",Madhya Pradesh,India,2025-08-22
768,Falan,Sandal,falan.sandal768@gmail.com,9179138601,1982-11-02,"H.No. 321, More, Bhavnagar 702881",Gujarat,India,2025-09-02
769,Jagdish,Deo,jagdish.deo769@hotmail.com,4527193678,1981-09-12,"913, Buch Circle, Panchkula 916194",Gujarat,India,2023-12-23
770,Max,Dani,max.dani770@yahoo.com,0131535069,1977-02-20,"45/52, Gill Path, Bijapur 025471",Odisha,India,2023-10-30
771,Unnati,Majumdar,unnati.majumdar771@hotmail.com,6694899300,2006-03-17,"56, Pau Ganj, Dibrugarh 227172",Maharashtra,India,2024-07-13
772,  Kiaan  ,Pathak,kiaan.pathak772@yahoo.com,0460700144,1985-07-07,"408, Chauhan Chowk, Delhi-689041",Assam,India,2026-03-08
773,Lohit,Amble,lohit.amble773@yahoo.com,,1989-03-02,"H.No. 08, Sinha Road, Bhatpara-599940",Karnataka,India,2023-07-30
774,George,Barad,george.barad774@hotmail.com,7913511350,1970-10-02,"892, Sarkar Nagar, Kochi-780978",uttar pradesh,India,2024-06-09
775,Joshua,Zachariah,joshua.zachariah775@gmail.com,0419453419,1979-11-01,"H.No. 78, Sha Marg, Warangal 218893",Tamil Nadu,India,2026-06-23
776,Tristan,Padmanabhan,tristan.padmanabhan776@yahoo.com,3789121397,1971-07-25,"H.No. 85, Tailor Path, Guntakal 084290",Madhya Pradesh,India,2025-05-08
777,Qushi,Bawa,qushi.bawa777@hotmail.com,5289860610,2002-05-27,"745, Bassi Chowk, Silchar-276136",Delhi,India,2023-10-13
778,Ekapad,Mistry,ekapad.mistry778@hotmail.com,2530843769,1995-12-07,"H.No. 47, Gole Chowk, Bangalore-232423",Assam,India,2023-03-22
779,Aayush,Balay,aayush.balay779@yahoo.com,7241553691,1982-02-28,"H.No. 90, Ghosh Marg, Phusro 024257",Assam,India,2026-03-26
780,Tanay,Kant,tanay.kant780@hotmail.com,9594523158,1973-01-14,"H.No. 02, Saran, Udaipur-721742",Delhi,India,2024-06-18
781,Karan,Bala,karan.bala781@yahoo.com,6782153926,1993-07-07,"32, Bali Path, Bhilai-928048",Madhya Pradesh,India,2025-10-09
782,Ishita,Amble,ishita.amble782@gmail.com,0619019333,2000-05-09,"H.No. 900, Bains Nagar, Amaravati-616225",Odisha,India,2026-02-10
783,Avni,Tailor,avni.tailor783@gmail.com,5940799230,1985-01-05,"H.No. 677, Borra Circle, Bathinda-474370",Tamil Nadu,India,2023-09-13
784,Jagat,Merchant,jagat.merchant784@yahoo.com,91177-66650,2000-06-08,"092, Chadha Circle, Morena-619022",Bihar,India,2026-01-10
785,Ishaan,Raman,ishaan.raman785@yahoo.com,0676353223,1980-01-19,"H.No. 268, Vala Road, Vijayanagaram 711429",Karnataka,India,2023-10-09
786,Anthony,Baria,anthony.baria786@gmail.com,7539892313,1982-07-18,"93, Srinivas Street, Kota 837659",Rajasthan,India,2026-06-05
787,Harita,Kade,,0114065266,1973-06-04,"H.No. 12, Goswami Chowk, Satna-337565",Haryana,India,2025-08-22
788,Libni,Singh,libni.singh788@yahoo.com,8784962249,2006-01-22,"25, Sachdev Nagar, Tezpur 568512",Kerala,India,2026-04-25
789,Chatura,Sama,chatura.sama789@gmail.com,6729350979,2001-10-21,"914, Prabhu Marg, Gaya-347780",Haryana,India,2025-11-14
790,Hemani,Tailor,hemani.tailor790@hotmail.com,2518407033,1981-08-09,"82, Hans Ganj, Bhatpara 945167",Uttar Pradesh,India,2026-02-28
791,Sai,Arora,sai.arora791@yahoo.com,6328630112,1985-11-29,"648, Jayaraman Ganj, Bhusawal 960828",Punjab,India,2023-07-01
792,Wishi,Chada,wishi.chada792@hotmail.com,6054946920,1993-09-14,"H.No. 324, Pingle, Phusro 500115",Delhi,India,2025-07-11
793,Imaran,Soman,imaran.soman793@yahoo.com,8038890441,1981-10-16,"H.No. 566, Oak Circle, Kakinada 381483",Bihar,India,2026-09-10
794,Tara,Nagarajan,tara.nagarajan794@yahoo.com,3090168564,1988-11-04,"H.No. 190, Shere Street, Machilipatnam-716115",Tamil Nadu,India,2023-11-09
795,Lopa,Samra,lopa.samra795@hotmail.com,1199767598,1990-04-24,"05, Natarajan Nagar, Dindigul-458195",Rajasthan,India,2026-07-21
796,Ria,Doctor,ria.doctor796@hotmail.com,,1986-09-28,"75/801, Zacharia Path, Khandwa 879303",Delhi,India,2026-02-25
797,Yutika,Om,yutika.om797@gmail.com,7276698345,1970-12-13,"854, Chhabra Marg, Kolkata-308972",Odisha,India,2026-03-05
798,Abhiram,Shan,abhiram.shan798@gmail.com,7777118425,2004-05-16,"H.No. 900, Butala Chowk, Srinagar-242344",West Bengal,India,2025-10-29
799,Charles,Palla,charles.palla799@hotmail.com,7719619971,1989-04-13,"67, Minhas Marg, Medininagar-833440",Delhi,India,2026-01-03
800,Jeevika,Doshi,jeevika.doshi800@gmail.com,2653793221,1971-05-15,"05, Sridhar Road, Bidar-157911",Assam,India,2025-08-10
801,Falguni,Barad,falguni.barad801@hotmail.com,0162600802,2005-03-16,"59, Jani Chowk, Imphal-883571",Gujarat,India,2026-04-01
802,  Hritik  ,Mander,hritik.mander802@hotmail.com,7914638664,1993-07-05,"26, Patla Marg, Kadapa-468549",Kerala,India,2026-03-07
803,Wishi,Dave,wishi.dave803@yahoo.com,0020860146,2004-12-19,"H.No. 32, Contractor Chowk, Panihati 335636",Uttar Pradesh,India,2025-07-16
804,Sai,Arya,,,1993-06-10,"02/83, Mallick Path, Thanjavur 909304",Odisha,India,2024-06-24
805,Sachi,Sahni,sachi.sahni805@yahoo.com,3662808122,1997-07-18,"47, Palan Nagar, Srinagar 058330",Punjab,India,2026-03-12
806,Rachita,Tank,rachita.tank806@gmail.com,9842189142,2003-06-18,"50/167, Srinivas Marg, Danapur-762883",Rajasthan,India,06/10/2026
807,Warinder,Sankaran,warinder.sankaran807@hotmail.com,0162762922,1986-04-03,"37/61, Nair Marg, Gaya-749935",Haryana,India,2024-11-15
808,Hitesh,Deshmukh,hitesh.deshmukh808@yahoo.com,9777265976,1992-03-13,"80/501, Dash Road, Moradabad-578939",GUJARAT,India,2026-03-09
809,Liam,Pandey,liam.pandey809@yahoo.com,1887114860,1973-05-13,"H.No. 49, Virk Street, Kishanganj 570302",Tamil Nadu,India,2025-12-22
810,Andrew,Dasgupta,andrew.dasgupta810@gmail.com,5018607429,1993-02-10,"233, Kade Marg, Kishanganj 620073",Bihar,India,2026-09-03
811,Laban,Lal,laban.lal811@gmail.com,6249753740,1971-06-17,"95, Tandon Marg, Dhanbad 873544",Bihar,India,2025-10-01
812,Theodore,Kumar,theodore.kumar812@yahoo.com,4668865834,2006-06-01,"86/267, Saraf Ganj, Dewas-320775",West Bengal,India,2026-02-24
813,Aayush,Trivedi,aayush.trivedi813@hotmail.com,3269834436,1990-08-21,"H.No. 450, Balay Path, Katihar 672007",Gujarat,India,2023-01-29
814,Orinder,Hayre,orinder.hayre814@hotmail.com,7737295450,1978-03-12,"585, Pandya Zila, Mira-Bhayandar 450281",Delhi,India,2026-05-09
815,Hemal,Karan,hemal.karan815@gmail.com,7943379531,1982-07-19,"04/26, Goyal Path, Bilaspur-866251",Delhi,India,2025-06-01
816,Januja,Tandon,,8554514609,1996-12-30,"H.No. 745, Munshi Path, Malda 627281",Uttar Pradesh,India,2024-08-19
817,Ryan,Kota,ryan.kota817@yahoo.com,6121575626,1986-07-03,"48/18, Ramanathan Chowk, Kanpur-693196",Punjab,India,2026-07-19
818,Wahab,Nayar,wahab.nayar818@gmail.com,7045059982,1979-11-05,"343, Wali Circle, Aizawl-142025",Madhya Pradesh,India,2025/01/25
819,Xavier,Rattan,xavier.rattan819@yahoo.com,0282313427,1993-10-20,"991, Narula Zila, Gudivada-443183",Delhi,India,2025-12-17
820,Yuvraj,Sarin,yuvraj.sarin820@hotmail.com,3102977115,1995-04-15,"26/51, Kala Chowk, Danapur 629108",Odisha,India,2023-05-09
821,Nachiket,Dugar,nachiket.dugar821@gmail.com,6915737671,1989-04-17,"H.No. 745, Buch, Thiruvananthapuram-445002",Rajasthan,India,2026-07-08
822,Krishna,Verma,krishna.verma822@gmail.com,,1970-12-05,"040, Jha, Vellore-541823",Gujarat,India,10 Apr 2026
823,Yashasvi,Char,yashasvi.char823@gmail.com,3827210513,2000-09-05,"42/20, Keer Zila, Mirzapur 208316",Gujarat,India,2026-02-08
824,Nirja,Kapadia,nirja.kapadia824@yahoo.com,3891736907,1990-07-30,"20, Bajaj Nagar, Bikaner-410707",Bihar,India,2026-03-03
825,Wyatt,Luthra,wyatt.luthra825@hotmail.com,0895123708,1975-01-16,"45/456, Sodhi, Tadepalligudem 556192",Telangana,India,2024-05-15
826,Wishi,Brar,wishi.brar826@gmail.com,7188626395,1987-12-09,"83, Pradhan Nagar, Shimla-713887",West Bengal,India,2023-08-27
827,Chakradhar,Gandhi,chakradhar.gandhi827@hotmail.com,3461446627,1999-02-09,"11/761, Ghosh Road, Dindigul 483196",Punjab,India,2023-06-15
828,Oviya,Johal,oviya.johal828@yahoo.com,7046568969,2008-05-04,"83/00, Kannan Road, Madanapalle-631592",Karnataka,India,2025/10/21
829,Maanav,Comar,maanav.comar829@hotmail.com,7065934104,1999-01-31,"72/28, Mand Street, Amravati 018179",Gujarat,India,2026-06-12
830,Nandini,Bera,nandini.bera830@yahoo.com,,2000-01-25,"217, Choudhry Zila, Bongaigaon 565818",Madhya Pradesh,India,2025-09-16
831,Harsh,Andra,harsh.andra831@yahoo.com,7356316312,1994-04-04,"616, Mody, Bellary 881193",Kerala,India,2023-04-24
832,Chatresh,Ramanathan,chatresh.ramanathan832@hotmail.com,0130716753,1990-09-04,"13, Singhal Zila, Agartala-049037",Assam,India,2024-05-30
833,Ishanvi,Merchant,ishanvi.merchant833@yahoo.com,8356399812,1996-04-06,"H.No. 51, Magar Chowk, Ghaziabad-581476",Haryana,India,2026-01-05
834,Hitesh,Gopal,hitesh.gopal834@hotmail.com,6018639945,2004-10-30,"156, Ben Ganj, Bangalore 968590",Uttar Pradesh,India,2025-11-25
835,Priya,Mohan,priya.mohan835@yahoo.com,2408992177,1995-06-06,"11/33, Singhal, Haldia-072173",Tamil Nadu,India,2026-06-14
836,Advay,Gole,advay.gole836@yahoo.com,2241983063,1997-07-22,"H.No. 181, Mannan Road, Gulbarga 842024",Maharashtra,India,2024-10-03
837,Jhalak,Amble,jhalak.amble837@hotmail.com,7651186156,1980-01-01,"H.No. 75, Zacharia Ganj, Nellore 054245",Odisha,India,2026-07-11
838,Daksh,Trivedi,daksh.trivedi838@gmail.com,1103565942,2008-04-30,"766, Sampath Marg, Rourkela 338619",Rajasthan,India,2025-06-01
839,Dhruv,Handa,dhruv.handa839@hotmail.com,9342424066,1980-03-16,"348, Karpe Circle, Bardhaman 751866",Gujarat,India,2024-02-12
840,Aachal,Barad,aachal.barad840@hotmail.com,5424382692,2005-01-01,"H.No. 35, Palan Nagar, Karaikudi 947039",Rajasthan,India,2026-01-04
841,Pahal,Mander,pahal.mander841@yahoo.com,5917650471,1986-12-05,,BIHAR,India,2025-04-20
842,Aarna,Shan,aarna.shan842@gmail.com,1706901497,1987-01-13,"71/567, Sahota Path, Anantapur-518860",Bihar,India,2026-04-16
843,Leena,Swamy,leena.swamy843@hotmail.com,4923435969,1996-10-12,"H.No. 566, Karnik, Tiruvottiyur 024286",West Bengal,India,2025-02-06
844,  Oliver  ,Narula,oliver.narula844@yahoo.com,4025038576,1973-06-11,"849, Ray Ganj, Kharagpur 585301",Karnataka,India,2023-06-19
845,Fariq,Dhaliwal,fariq.dhaliwal845@yahoo.com,9519304852,1971-07-13,"H.No. 365, Din Marg, Jammu-344439",Uttar Pradesh,India,2023-05-09
846,Yashoda,Purohit,yashoda.purohit846@hotmail.com,3181233576,1980-07-07,"H.No. 744, Shenoy Path, Haldia-626367",Madhya Pradesh,India,2026-07-28
847,Benjamin,Upadhyay,benjamin.upadhyay847@hotmail.com,7475944348,1991-02-26,"74, Khatri Nagar, Pali 687404",Tamil Nadu,India,2025-01-09
848,Arin,Srinivasan,arin.srinivasan848@yahoo.com,5149753411,2003-11-06,"90/00, Mall, Alappuzha-658234",Karnataka,India,2025-11-25
849,Hemal,Konda,hemal.konda849@hotmail.com,6535232660,1998-02-26,"11/03, Pathak Road, Solapur-998996",Karnataka,India,2026-01-24
850,Faris,Chadha,faris.chadha850@hotmail.com,5837466144,2002-05-19,"70/47, Sabharwal, Yamunanagar 905256",Punjab,India,2024-09-14
851,Kavya,Badal,kavya.badal851@hotmail.com,4233029276,1983-09-29,"39/862, Bhavsar Street, Pimpri-Chinchwad 131866",Odisha,India,2025-05-25
852,Vedhika,Mohanty,vedhika.mohanty852@yahoo.com,3891478524,1971-12-06,"594, Chauhan Road, Rourkela-873518",Gujarat,India,2024-12-04
853,Niharika,Sachdev,niharika.sachdev853@yahoo.com,7413135183,2005-07-03,"H.No. 65, Brar Circle, Bhagalpur 217895",Punjab,India,2025-03-11
854,Dalbir,Virk,dalbir.virk854@yahoo.com,2865581675,1983-10-07,"34/89, Barman Zila, Thiruvananthapuram-463429",Haryana,India,2026-03-15
855,Oscar,Muni,oscar.muni855@gmail.com,9597309121,2008-01-09,"H.No. 11, Ratti Road, Thiruvananthapuram-155530",West Bengal,India,2026-01-06
856,Ekani,Kapoor,ekani.kapoor856@gmail.com,0440778110,2006-11-22,"H.No. 76, Khanna Marg, Anantapur 182991",Madhya Pradesh,India,2023-01-03
857,Amara,Om,amara.om857@gmail.com,6419106166,1976-01-29,,Haryana,India,2025-02-13
858,Lakshmi,Raj,lakshmi.raj858@gmail.com,8347910059,1995-06-03,"870, Dugar Ganj, Ludhiana-748597",West Bengal,India,2024-11-26
859,Aachal,Halder,aachal.halder859@hotmail.com,1295145205,1998-08-21,"04, Balakrishnan Circle, South Dumdum-065474",Telangana,India,2024-04-23
860,Mohini,Om,mohini.om860@gmail.com,4189856643,1987-11-07,"23, Swamy Circle, Eluru 699313",Delhi,India,2024-04-02
861,Charles,Saha,charles.saha861@hotmail.com,2901138604,1985-07-02,"90/38, Johal Nagar, Bhilai-895382",Karnataka,India,2026-08-25
862,Bimala,Morar,bimala.morar862@gmail.com,4790534728,2006-11-01,"30, Narula, Cuttack 708488",Rajasthan,India,2024-02-04
863,Odika,Narula,odika.narula863@yahoo.com,9258228280,1986-01-21,"H.No. 30, Uppal Marg, Purnia-676780",Haryana,India,2026-09-07
864,Mohini,Mallick,mohini.mallick864@yahoo.com,7449597521,1993-12-01,"H.No. 55, Dutt, Panipat 411486",Punjab,India,2023-12-02
865,Naksh,Sangha,naksh.sangha865@yahoo.com,1199764534,1996-09-10,"H.No. 64, Rau Zila, Bettiah 300935",Odisha,India,2025-04-10
866,Qarin,Bhat,qarin.bhat866@gmail.com,3015972242,1998-09-09,"92/766, Bava Circle, Junagadh-180403",West Bengal,India,2024-12-03
867,Charita,Ahluwalia,charita.ahluwalia867@gmail.com,3735866715,1978-03-04,"H.No. 39, Ramaswamy Street, Srikakulam-746272",Bihar,India,2025-07-06
868,Gaurangi,Jhaveri,gaurangi.jhaveri868@yahoo.com,9911928567,1972-07-13,,Uttar Pradesh,India,2024-06-09
869,Omaja,Lad,omaja.lad869@gmail.com,,1985-05-20,"81/77, Prabhakar Path, Jamnagar 414925",Haryana,India,2026-08-12
870,  Harish  ,Sanghvi,harish.sanghvi870@yahoo.com,8385974776,1978-07-14,"H.No. 554, Lall, Farrukhabad 687715",Odisha,India,2023-06-19
871,Owen,Dhaliwal,owen.dhaliwal871@hotmail.com,9490763415,2003-05-19,"H.No. 001, Nath Zila, Surendranagar Dudhrej-349431",Tamil Nadu,India,2025-06-06
872,Adweta,Yadav,adweta.yadav872@yahoo.com,2557856413,2001-10-24,"85, Sibal Path, Udupi 232855",Telangana,India,2024-11-06
873,Andrew,Padmanabhan,andrew.padmanabhan873@yahoo.com,7581660284,1983-12-27,"470, Badami Road, Kota-697147",Rajasthan,India,2026-03-13
874,Vrinda,Korpal,vrinda.korpal874@yahoo.com,8559508374,1996-02-22,"H.No. 396, Bahl Zila, Jaunpur 900170",Karnataka,India,2024-11-16
875,Triveni,Madan,triveni.madan875@hotmail.com,7869285516,2006-06-06,"63, Hora Path, Morbi-558960",Madhya Pradesh,India,2026-01-16
876,  Suhani  ,Dave,suhani.dave876@gmail.com,4133513901,1989-04-16,"749, Sankaran Ganj, Kamarhati-796714",TELANGANA,India,2026-04-19
877,Anthony,Hayre,anthony.hayre877@hotmail.com,0735658260,1990-06-21,"794, Dhaliwal Zila, Haldia-122321",West Bengal,India,2025-10-04
878,Ojas,Naidu,ojas.naidu878@gmail.com,01197892594,1980-09-24,"53, Prasad Street, Parbhani 118185",Punjab,India,2024-04-24
879,Lavanya,Sengupta,lavanya.sengupta879@gmail.com,52038-81937,1973-12-12,"14, Desai Marg, Bhopal 483335",Madhya Pradesh,India,2023-09-14
880,Darpan,Chatterjee,darpan.chatterjee880@gmail.com,7283603087,1980-11-06,"90/676, Khalsa Zila, Burhanpur-950767",Gujarat,India,2024-01-06
881,Dominic,Saha,dominic.saha881@gmail.com,7204888680,1996-11-20,"H.No. 326, Narasimhan Road, Bardhaman-741991",Gujarat,India,2026-03-13
882,Ekantika,Kashyap,ekantika.kashyap882@hotmail.com,6490970342,1985-12-14,"H.No. 815, Chaudhry Circle, Sikar-967074",West Bengal,India,2025-10-17
883,Gaurangi,Koshy,gaurangi.koshy883@gmail.com,6252602216,1977-05-12,"H.No. 80, Kata Street, Arrah-843910",Delhi,India,2026-09-05
884,Saumya,Khatri,saumya.khatri884@yahoo.com,7454693510,1986-03-21,"833, Narayanan Zila, Anand 990359",Telangana,India,2024-09-06
885,Waida,Tailor,,0305687094,1987-12-13,"H.No. 16, Zachariah Road, Miryalaguda-337684",Haryana,India,2024-01-22
886,Sudiksha,Raval,sudiksha.raval886@yahoo.com,6006434597,1975-02-01,"324, Salvi, Thoothukudi-451048",Delhi,India,2024-08-20
887,Caleb,Mitter,caleb.mitter887@hotmail.com,3181560542,1981-05-18,"61, Chokshi Zila, Karawal Nagar 647545",Telangana,India,2026-06-15
888,Triya,Doctor,triya.doctor888@hotmail.com,2269348540,1986-08-08,"56/06, Gopal Marg, Jabalpur 826870",Gujarat,India,2026-05-15
889,Saanvi,Sastry,,9570399626,1994-06-13,"H.No. 107, Parmar Ganj, Bikaner-220682",Karnataka,India,2024-07-12
890,Nihal,Kata,nihal.kata890@gmail.com,0239934460,1981-08-17,"06/952, Om Ganj, Siwan 529412",Uttar Pradesh,India,2025-07-12
891,Xavier,Subramaniam,xavier.subramaniam891@hotmail.com,0644885487,1989-12-05,"H.No. 25, Mukhopadhyay Path, Bettiah 537642",Haryana,India,2025-06-30
892,Ayushman,Srinivasan,ayushman.srinivasan892@hotmail.com,8878602039,1984-07-31,"01, Nanda, Vijayanagaram-992879",Maharashtra,India,2025-09-04
893,Veda,Dutta,veda.dutta893@hotmail.com,3142495629,1990-08-20,"H.No. 16, Keer Nagar, South Dumdum-700510",Uttar Pradesh,India,2025-03-13
894,Vinaya,Muni,vinaya.muni894@yahoo.com,,1977-07-01,"21/04, Sagar Marg, Kirari Suleman Nagar 015269",West Bengal,India,26-11-2023
895,Anya,Garde,anya.garde895@gmail.com,6078548330,1987-09-14,"836, Anne Circle, Dhanbad-457923",Tamil Nadu,India,2024-07-04
896,Vedika,Borra,vedika.borra896@yahoo.com,8197015019,1975-10-27,"H.No. 925, De Zila, Jamshedpur-852332",Tamil Nadu,India,2025-08-01
897,Shivani,Aggarwal,shivani.aggarwal897@yahoo.com,7958291585,2007-07-20,"71/49, Bahl Street, Thanjavur-414248",Gujarat,India,2025-09-03
898,Wazir,Sabharwal,wazir.sabharwal898@gmail.com,2591883124,2001-07-06,"77/244, Mohan Ganj, Tiruvottiyur-978729",Delhi,India,2025-07-30
899,Krisha,Pathak,krisha.pathak899@yahoo.com,5643802990,2007-09-26,"479, Bedi Marg, Dhanbad 091657",Delhi,India,2023-10-31
900,Ojasvi,Datta,ojasvi.datta900@yahoo.com,6622549203,1979-05-16,"40/152, Khurana Chowk, Raipur 226414",Telangana,India,2026-03-17
901,Falguni,Sama,falguni.sama901@hotmail.com,0184293359,1989-05-17,"983, Sahni Path, Ongole 153902",Maharashtra,India,2026-07-27
902,Nihal,Mitra,nihal.mitra902@yahoo.com,6500329909,1977-01-07,"14, Dhingra Road, Ambala 355404",Rajasthan,India,2026-05-26
903,Yuvraj,Dash,yuvraj.dash903@yahoo.com,9206754939,1977-05-24,"H.No. 53, Goswami, Akola-835733",Gujarat,India,2025-08-30
904,Yasti,Chaudhari,yasti.chaudhari904@gmail.com,0734533023,2002-02-21,"H.No. 74, Yohannan Nagar, Jhansi-203350",Gujarat,India,2024-07-29
905,Elijah,Ratta,elijah.ratta905@gmail.com,3251071555,1983-01-09,"H.No. 22, Om Road, Farrukhabad 199255",Kerala,India,2025-09-19
906,Karan,Nagi,karan.nagi906@gmail.com,7819135053,2003-03-25,"H.No. 575, Taneja Path, Katni 328246",MADHYA PRADESH,India,2026-02-05
907,Qushi,Dara,qushi.dara907@hotmail.com,2185635200,1980-01-20,"H.No. 20, Rajan Path, Bidar 714336",Bihar,India,2023-01-09
908,Yashasvi,Basak,yashasvi.basak908@hotmail.com,1014610392,1971-08-13,"H.No. 461, Kibe Marg, Vellore 851856",Delhi,India,2026-02-19
909,Chakradev,Palla,chakradev.palla909@hotmail.com,9656882672,2006-01-30,"72/081, Sem Road, Nellore-356407",Karnataka,India,2026-09-15
910,Ayush,Walla,ayush.walla910@gmail.com,6978999514,1990-04-21,"14, Srivastava Marg, Phusro-668867",Maharashtra,India,2025-03-08
911,Geetika,Swamy,geetika.swamy911@gmail.com,6456059563,1984-11-11,"920, Desai Nagar, Dehri 653377",Haryana,India,2026-08-09
912,Wyatt,Badami,wyatt.badami912@hotmail.com,1678719261,1989-01-09,"H.No. 124, Devi Nagar, Ramagundam-500549",Assam,India,2026-08-08
913,Yashica,Bansal,yashica.bansal913@hotmail.com,9767388724,2008-06-03,"438, Bhargava Ganj, Ludhiana-435294",Tamil Nadu,India,2026-07-15
914,Upkaar,Badami,upkaar.badami914@yahoo.com,1799654662,1994-03-17,"H.No. 896, Dhillon Street, Bhatpara-560022",Uttar Pradesh,India,2025-05-11
915,Kai,Kapur,kai.kapur915@yahoo.com,5677125158,1980-03-13,"05/16, Sankar Marg, Hosur 239278",Bihar,India,2026-02-12
916,Anya,Sunder,anya.sunder916@hotmail.com,9863615276,1991-09-25,"H.No. 20, Dutta Street, Miryalaguda 488631",Maharashtra,India,2024-01-03
917,Triya,Keer,triya.keer917@yahoo.com,4503118026,1979-12-28,"39/60, Chada Marg, Bilaspur 189119",Madhya Pradesh,India,2025-03-02
918,Jeremiah,Murty,jeremiah.murty918@yahoo.com,4768834103,2001-04-07,"H.No. 811, Chawla Circle, Bangalore 132517",Bihar,India,2025-12-19
919,  Aarnav  ,Mukherjee,aarnav.mukherjee919@yahoo.com,0856094067,2003-11-30,"H.No. 031, Pandya Road, Darbhanga-722757",Telangana,India,2024-03-20
920,Chatura,Sha,chatura.sha920@hotmail.com,0337449998,1993-06-29,"13/69, Chakraborty Road, Machilipatnam-106032",Haryana,India,2024-10-01
921,Shravya,Panchal,shravya.panchal921@gmail.com,8057631010,1986-12-01,"12, Kara Path, Agra 400474",Rajasthan,India,2025-12-15
922,Mugdha,Shetty,mugdha.shetty922@hotmail.com,8698948481,2006-10-30,"H.No. 077, Bora Nagar, Shivpuri-759493",Haryana,India,2025-10-13
923,Balhaar,Sawhney,balhaar.sawhney923@hotmail.com,1171960049,2001-06-12,"H.No. 15, Sampath Path, Parbhani 338496",Punjab,India,2025-09-05
924,Hema,Prasad,hema.prasad924@gmail.com,9170335300,2008-02-18,"65/361, Sridhar, Noida-739462",West Bengal,India,2025-12-28
925,Warhi,Doshi,warhi.doshi925@gmail.com,8653927687,1981-01-29,"31/79, Sarraf Marg, Chinsurah-558173",Odisha,India,2026-03-02
926,Turvi,Dass,turvi.dass926@gmail.com,6250698935,2002-01-17,"89/70, Minhas Zila, Karimnagar-039342",Madhya Pradesh,India,2026-03-24
927,Hardik,Zachariah,hardik.zachariah927@yahoo.com,92552-90509,1988-10-09,"11/015, Borah Marg, Madurai 384498",Maharashtra,India,2026-01-27
928,Gagan,Kashyap,gagan.kashyap928@gmail.com,,1973-10-25,"31/044, Dash Circle, Kirari Suleman Nagar-655619",Bihar,India,2026-03-16
929,Ekbal,Wali,ekbal.wali929@hotmail.com,20631-86417,1975-12-20,"641, Khare Marg, Guna 599167",Karnataka,India,2023-05-15
930,Alexander,Kohli,alexander.kohli930@gmail.com,9193252826,1987-03-21,"94, Nagi, Gaya-296444",Madhya Pradesh,India,2025-07-16
931,Arya,Kothari,arya.kothari931@hotmail.com,,1996-09-09,"77/15, Pall Path, Munger 787902",Delhi,India,2025-09-24
932,Guneet,Doshi,guneet.doshi932@gmail.com,6372162660,2005-10-02,"H.No. 802, Nagarajan, Udupi 737939",Odisha,India,2026-03-31
933,Vrinda,Mutti,vrinda.mutti933@yahoo.com,9247411173,2002-04-08,"567, Chawla Marg, Nanded-842330",Punjab,India,2023-12-03
934,Brijesh,Pathak,brijesh.pathak934@yahoo.com,0829248287,2000-12-21,"88/312, Karpe Chowk, Nagercoil 852207",uttar pradesh,India,2024-11-02
935,Devansh,Sen,devansh.sen935@gmail.com,2874162796,1975-10-15,"55/51, Badami Nagar, Jodhpur 819484",Uttar Pradesh,India,2025-12-12
936,Kabir,Sanghvi,kabir.sanghvi936@gmail.com,0036072235,1997-09-07,"34/243, Narayanan Chowk, Ramgarh-692809",Telangana,India,2025-03-22
937,Ojasvi,Randhawa,ojasvi.randhawa937@gmail.com,6696874033,1974-12-15,"H.No. 061, Raman Marg, Amaravati 008445",Madhya Pradesh,India,2026-06-30
938,Harish,Narayan,,7642962809,1991-09-11,"H.No. 509, Sagar Marg, Jammu 525523",Karnataka,India,2025-09-23
939,Kiaan,Bava,kiaan.bava939@yahoo.com,7743540476,1997-03-01,"H.No. 115, Nair Street, Guna 277888",Haryana,India,2026-05-26
940,Banjeet,Kant,banjeet.kant940@gmail.com,4890304588,1977-06-09,"H.No. 422, Kannan, Ozhukarai 592055",Rajasthan,India,2024-05-21
941,Saanvi,Nagi,saanvi.nagi941@yahoo.com,09911379830,1992-02-13,"45, Chahal Zila, Mumbai-897015",Telangana,India,2025-07-26
942,Oliver,Golla,oliver.golla942@gmail.com,3689600834,1995-10-05,"H.No. 746, Dada Zila, Aurangabad-992715",Karnataka,India,2024-09-16
943,Chanakya,Kannan,chanakya.kannan943@gmail.com,8852858986,1997-02-24,"76/30, Anand, Nandyal 794999",Telangana,India,2025-06-24
944,Chameli,Malhotra,chameli.malhotra944@yahoo.com,4441076926,2002-12-29,"H.No. 75, Chopra, Ludhiana 359839",Madhya Pradesh,India,2026-05-09
945,Chatura,Shere,chatura.shere945@hotmail.com,5857837568,1990-04-21,"H.No. 07, Bhandari Ganj, Navi Mumbai 761350",Odisha,India,2025-05-05
946,Aarnav,Swamy,aarnav.swamy946@hotmail.com,6922338540,1995-02-05,"50/23, Devi Zila, Satna 273551",Assam,India,2025-10-28
947,Shravya,Dugal,shravya.dugal947@yahoo.com,3223477146,1981-07-11,"H.No. 55, Barman Chowk, Vadodara-617413",Uttar Pradesh,India,2023-02-04
948,Dayamai,Lanka,dayamai.lanka948@yahoo.com,7612189391,1986-08-05,"H.No. 761, Ganguly Street, Hosur-056446",Bihar,India,2025-04-28
949,Ira,Kothari,ira.kothari949@hotmail.com,4555595026,1991-11-21,"78, Muni, Ahmednagar 763990",Telangana,India,2026-01-05
950,Nirja,Banik,nirja.banik950@gmail.com,3696269022,1980-09-10,"H.No. 06, Shankar Zila, Bhiwani-015120",Kerala,India,2024-02-17
951,Sathvik,Krishnan,sathvik.krishnan951@yahoo.com,7697216218,1972-10-28,"69/21, Nazareth Nagar, Nagpur 122600",HARYANA,India,2023-04-02
952,Jeremiah,Dhillon,jeremiah.dhillon952@hotmail.com,7742705498,2004-10-26,"20/63, Dutt Street, Vijayawada-698044",Rajasthan,India,2024-10-20
953,Oni,Pau,oni.pau953@hotmail.com,2476096064,1986-07-06,"H.No. 73, Shroff Chowk, Nandyal 884070",Uttar Pradesh,India,2025-04-13
954,Anjali,Saha,anjali.saha954@yahoo.com,7706129889,2001-07-03,"80, Deshpande, Rewa 641700",UTTAR PRADESH,India,2026-04-16
955,Waida,Borde,waida.borde955@hotmail.com,0566880316,1983-09-08,"798, Dasgupta Ganj, Firozabad 853541",Tamil Nadu,India,2026-07-02
956,Andrew,Chad,andrew.chad956@hotmail.com,9848087017,2002-07-26,"H.No. 20, Sibal Chowk, Pimpri-Chinchwad-404336",Assam,India,2023-02-10
957,Kashish,Savant,kashish.savant957@hotmail.com,7246105110,2007-10-04,"H.No. 785, Goda Nagar, Serampore-254972",Assam,India,2025-10-05
958,Victor,Gill,victor.gill958@gmail.com,0297599747,1996-10-10,"74/42, Dora Path, Tadepalligudem-204164",Telangana,India,2024-06-10
959,Siddharth,Sastry,siddharth.sastry959@yahoo.com,5133793766,1974-12-31,"60/855, Chakrabarti Chowk, Barasat-584968",Uttar Pradesh,India,2025-09-19
960,Anvi,Mahajan,anvi.mahajan960@hotmail.com,8035862405,1990-01-19,"99/86, Goswami Ganj, Dindigul 527911",Bihar,India,2026-03-07
961,Gautam,Bhandari,gautam.bhandari961@hotmail.com,1846689859,2004-12-15,"61/83, Setty Nagar, Panipat-022642",Haryana,India,2025/10/04
962,Warhi,Desai,warhi.desai962@gmail.com,5482987819,1983-11-10,"84/74, Ahluwalia Marg, Akola-717847",odisha,India,2024-12-17
963,Pranit,Buch,pranit.buch963@yahoo.com,1727580452,2008-03-13,"88/97, Vohra, Nandyal-445847",Maharashtra,India,2026-08-24
964,Ekapad,Keer,,1929360596,1999-07-12,"H.No. 63, Bala Circle, Jamnagar 844793",Tamil Nadu,India,2023-04-18
965,Ikshita,Ray,ikshita.ray965@gmail.com,,1986-09-27,"H.No. 31, Banerjee Marg, Bikaner 433037",Gujarat,India,2024-11-09
966,Patrick,Swamy,patrick.swamy966@gmail.com,02447563112,2007-03-12,"28/78, Rana Nagar, Solapur 459858",Kerala,India,2025-05-02
967,Vincent,Pandya,vincent.pandya967@yahoo.com,4180288252,1985-12-15,"05/94, Vora Marg, Akola-847052",Bihar,India,2024-09-12
968,Fariq,Kannan,fariq.kannan968@hotmail.com,9887123203,1972-05-24,"778, Deshpande Marg, Hosur-272876",Madhya Pradesh,India,2026-07-10
969,Yagnesh,Doctor,yagnesh.doctor969@gmail.com,,2008-01-03,"35, Ghose Marg, Bikaner 700453",Uttar Pradesh,India,2024-04-02
970,Ishanvi,Singhal,ishanvi.singhal970@gmail.com,2732285704,1983-08-12,"H.No. 54, Verma Marg, Adoni-704116",Bihar,India,2026-05-19
971,Ekapad,Parsa,ekapad.parsa971@hotmail.com,4673865690,1988-10-26,"33, Gokhale Street, Ujjain 895587",West Bengal,India,2026-04-11
972,Raksha,Balakrishnan,raksha.balakrishnan972@gmail.com,2394599426,2005-08-04,"89/530, Dave Zila, Kamarhati-980138",Assam,India,2025-01-05
973,Keya,Dhawan,keya.dhawan973@hotmail.com,+91-3568905810,1989-08-29,"743, Raval Path, Jaipur 772871",Kerala,India,2023-11-19
974,Lakshmi,Pau,lakshmi.pau974@hotmail.com,9579457595,2008-08-18,"H.No. 53, Desai Marg, Mango 485418",Delhi,India,2026-06-03
975,Hemani,Dyal,hemani.dyal975@hotmail.com,2520788216,1979-03-24,"H.No. 57, Merchant Road, Jalgaon-302769",Rajasthan,India,2024-12-19
976,Ubika,Jain,ubika.jain976@gmail.com,4035321244,2004-03-18,"409, Chana Road, Hubli–Dharwad-525795",Tamil Nadu,India,2026-09-01
977,Darsh,Bala,darsh.bala977@yahoo.com,9412325460,1992-11-09,"434, Peri Circle, Coimbatore 399627",Haryana,India,2025-06-21
978,Ojasvi,Chahal,ojasvi.chahal978@gmail.com,3421120291,1986-12-13,"H.No. 494, Banerjee Circle, Tadipatri-888196",Bihar,India,2025-05-12
979,Chasmum,Patel,chasmum.patel979@gmail.com,1919908213,1996-06-12,"23, Rastogi Marg, Meerut-171038",Rajasthan,India,12/14/2023
980,George,Contractor,george.contractor980@hotmail.com,4050133203,2004-12-23,"H.No. 714, Soman Circle, Hapur 775257",GUJARAT,India,2025-11-29
981,  Faqid  ,Purohit,faqid.purohit981@hotmail.com,1603781105,1976-06-25,"H.No. 667, Arya Nagar, Hindupur-696693",Assam,India,2026-05-26
982,Laksh,Kota,laksh.kota982@gmail.com,0071580097,2003-06-08,"234, Balasubramanian Ganj, Naihati-448883",Madhya Pradesh,India,2026-08-17
983,Onveer,Kohli,onveer.kohli983@yahoo.com,9097228582,1994-05-19,"H.No. 13, Contractor, Nagpur 482367",West Bengal,India,2025-08-26
984,Samuel,Suresh,samuel.suresh984@gmail.com,9323800436,1991-04-30,"48, Srinivasan Marg, Navi Mumbai 371206",Madhya Pradesh,India,2026-06-22
985,Tanvi,Natarajan,,9776014584,1979-05-15,"H.No. 15, Gokhale Chowk, Bijapur 611686",Kerala,India,2026-02-06
986,Damyanti,Raju,damyanti.raju986@gmail.com,6118926055,1975-03-14,"683, Toor Marg, Ahmednagar 714034",telangana,India,2024-06-11
987,Anjali,Murty,anjali.murty987@yahoo.com,9566003011,2004-01-16,"386, Sinha, Cuttack-736838",Odisha,India,2025-07-22
988,Christopher,Nair,christopher.nair988@hotmail.com,0934099165,1984-09-03,"40, Maharaj Ganj, Kishanganj 377006",Odisha,India,07/05/2026
989,Vidhi,Narayanan,vidhi.narayanan989@hotmail.com,1429544966,1977-04-08,"75/627, Ganguly Path, Ahmedabad-617344",West Bengal,India,2025-04-05
990,Bhavani,Nagar,bhavani.nagar990@hotmail.com,3516383264,1988-03-22,"H.No. 170, Chauhan Chowk, Anantapuram 761304",Karnataka,India,2026-05-09
991,Charvi,Manda,charvi.manda991@gmail.com,2355283372,2003-12-01,"81/30, Sachdeva Street, Burhanpur-771158",Karnataka,India,2024-07-22
992,Dhruv,Vohra,dhruv.vohra992@yahoo.com,8941079116,1991-12-31,"H.No. 61, Thaman Zila, Allahabad-542473",Maharashtra,India,2026-08-31
993,Zaitra,Nayar,zaitra.nayar993@hotmail.com,3774877007,2007-03-04,"251, Chadha Street, Jamalpur-267990",West Bengal,India,2026-02-12
994,Nidra,Sabharwal,nidra.sabharwal994@hotmail.com,02865383957,1994-01-21,"H.No. 003, Andra Chowk, Amroha-378088",Uttar Pradesh,India,2023-07-19
995,Omaja,Saran,omaja.saran995@hotmail.com,2070983484,1999-04-11,"76/29, Palan Marg, Fatehpur-456572",West Bengal,India,2026-08-15
996,Megha,Patel,megha.patel996@hotmail.com,1982817947,1986-12-07,"452, Bhat Street, Junagadh 693032",Haryana,India,2025-03-29
997,Lopa,Kumer,lopa.kumer997@yahoo.com,5733090740,2002-10-27,"52/24, Ratta Chowk, Arrah 258379",Odisha,India,2026-06-16
998,Aryan,Bhatia,aryan.bhatia998@hotmail.com,3669332763,1993-04-05,"62/837, Kanda Street, Belgaum-593103",West Bengal,India,2026-05-20
999,Urishilla,Bera,urishilla.bera999@gmail.com,2340370433,2001-06-25,"H.No. 61, Parsa Street, Motihari-473719",Odisha,India,2026-04-01
1000,Kamya,Comar,kamya.comar1000@yahoo.com,9680645544,1990-08-10,"92, Mann Marg, North Dumdum-273968",Bihar,India,2025-11-22
1001,Samarth,Lall,samarth.lall1001@hotmail.com,8839039799,1990-10-26,"50/321, Uppal, Amaravati-551025",Haryana,India,2025-11-24
1002,Rajata,Saraf,rajata.saraf1002@hotmail.com,0673476714,1971-02-24,,Odisha,India,2025-04-27
1003,Eshana,Pandey,eshana.pandey1003@hotmail.com,3743963994,1976-07-04,"895, Mangal Path, Mirzapur 531708",Punjab,India,2024-07-30
1004,Azad,Bera,azad.bera1004@gmail.com,0273663256,1989-05-07,"H.No. 87, Kala Road, Purnia-019109",West Bengal,India,2023-09-25
1005,Zilmil,Sankar,zilmil.sankar1005@yahoo.com,7326447893,1971-02-06,"H.No. 760, Bajaj, Shimla 645810",Assam,India,2024/08/28
1006,Vritti,Koshy,vritti.koshy1006@hotmail.com,6694473387,1981-07-22,"56/651, Halder Circle, Hosur-771988",Bihar,India,2026-09-02
1007,Sai,Mahal,sai.mahal1007@gmail.com,5096859380,1989-10-19,"089, Ramakrishnan, Singrauli 434354",Haryana,India,2026-04-29
1008,Forum,Goel,forum.goel1008@gmail.com,1560387108,1990-10-14,"94, Sane Marg, Dewas 376474",Uttar Pradesh,India,2024-10-14
1009,Jason,Bumb,jason.bumb1009@yahoo.com,2215039655,1988-03-02,"H.No. 415, Kant Circle, Thrissur 286601",Madhya Pradesh,India,2024-11-26
1010,Yutika,Murthy,yutika.murthy1010@yahoo.com,0295738010,2001-09-03,"H.No. 815, Bhakta Circle, Mysore 999136",Uttar Pradesh,India,2024-02-10
1011,Kashvi,Bansal,kashvi.bansal1011@yahoo.com,1919396871,1994-06-22,"H.No. 804, Divan, Ujjain 071961",Telangana,India,2025-11-10
1012,Thomas,Johal,thomas.johal1012@gmail.com,3495220940,1976-07-18,"58, Palla Circle, Bhatpara 480661",Bihar,India,2024-09-29
1013,Pratyush,Sachdeva,pratyush.sachdeva1013@hotmail.com,0306951657,1973-04-19,"H.No. 181, Deep Zila, Srikakulam 302559",Punjab,India,2024-02-05
1014,Yashoda,Tandon,yashoda.tandon1014@hotmail.com,0623145968,2003-12-13,"19/680, Parmer Road, Hapur 112036",Telangana,India,2023-08-22
1015,Jason,Ravel,jason.ravel1015@yahoo.com,8044608197,1970-12-05,"95, Mand Road, Ludhiana-095806",Maharashtra,India,2026-09-09
1016,Tanmayi,Lala,tanmayi.lala1016@yahoo.com,6983985907,2002-02-27,"H.No. 29, Mannan Nagar, Malda 625384",TAMIL NADU,India,2024-09-30
1017,Madhavi,Chada,madhavi.chada1017@hotmail.com,3016472861,1987-12-18,"629, Rama Chowk, Jamshedpur 628660",Maharashtra,India,2024-03-05
1018,Darika,Vig,darika.vig1018@gmail.com,6896701656,1999-11-21,"157, Jhaveri Street, Siliguri 242352",Rajasthan,India,2024-03-18
1019,Madhavi,Bandi,madhavi.bandi1019@gmail.com,8949617215,1983-09-08,"35/313, Varma Zila, Serampore 059934",Assam,India,2024-06-08
1020,Xavier,Doctor,xavier.doctor1020@gmail.com,,1995-12-07,"H.No. 37, Dora Chowk, Ranchi-116823",Delhi,India,2026-08-26
1021,Vyanjana,Varughese,vyanjana.varughese1021@gmail.com,0096242657,1974-03-25,"H.No. 87, Mandal Chowk, Warangal-348882",Madhya Pradesh,India,2024-03-15
1022,Wakeeta,Dixit,wakeeta.dixit1022@yahoo.com,4225351178,1978-02-17,"H.No. 345, Karpe Path, Sasaram 204767",Telangana,India,2023-08-29
1023,Kritika,Basu,kritika.basu1023@hotmail.com,8874587120,1987-03-29,"68/593, Prabhu Zila, Tenali 107414",Uttar Pradesh,India,2026-01-07
1024,Adya,Kannan,adya.kannan1024@gmail.com,0614452996,2000-09-27,"319, Srinivas, Bhilai 333497",Delhi,India,2024-08-14
1025,Rachana,Sibal,rachana.sibal1025@gmail.com,0034344997,1976-12-17,"88/817, Raval Circle, Bikaner-599279",Rajasthan,India,2024-02-18
1026,Tanmayi,Sarkar,tanmayi.sarkar1026@gmail.com,7490331222,1980-05-26,"04, Jhaveri Chowk, Bijapur 687477",Kerala,India,2025-12-15
1027,Watika,Kumer,watika.kumer1027@gmail.com,0366656007,1998-03-08,"821, Kala, Siwan-784726",Tamil Nadu,India,2024-01-22
1028,Tanveer,Jha,tanveer.jha1028@gmail.com,4596920666,1980-08-21,"H.No. 234, Jha Road, Saharsa 981184",Haryana,India,2024-11-22
1029,Rachita,Panchal,rachita.panchal1029@gmail.com,4210637817,2008-01-01,"H.No. 81, Roy Zila, Adoni-585942",Uttar Pradesh,India,2026-04-22
1030,  Yatin  ,Tata,yatin.tata1030@hotmail.com,1363659727,1973-06-27,"59, Patel Ganj, Madurai-417491",Telangana,India,2025-06-16
1031,Thomas,Bajwa,thomas.bajwa1031@hotmail.com,2672339907,1992-12-05,"H.No. 113, Cherian, Aizawl 442364",Maharashtra,India,2025-07-22
1032,Naksh,Borde,naksh.borde1032@yahoo.com,1086164790,1989-09-06,"38, Raj Nagar, Pudukkottai 736720",West Bengal,India,2026-09-01
1033,Meera,Dani,meera.dani1033@gmail.com,3726432058,1992-11-24,"H.No. 59, Chawla Chowk, Mirzapur-932770",Assam,India,2024-02-15
1034,Gautami,Morar,gautami.morar1034@hotmail.com,7732609685,1975-03-18,"H.No. 859, Iyer Chowk, Orai-794336",Delhi,India,2023-11-13
1035,Watika,Behl,watika.behl1035@gmail.com,,1981-02-09,"49/47, Palla Zila, Mathura-745024",Tamil Nadu,India,2023-11-27
1036,Janya,Khurana,janya.khurana1036@yahoo.com,2908489653,1971-08-07,"54, Bali Circle, Loni 538338",Haryana,India,2023-04-30
1037,Neha,Gulati,neha.gulati1037@gmail.com,3696480407,1984-11-01,"H.No. 506, Goda Ganj, Ludhiana 102658",Maharashtra,India,2026-08-13
1038,Siya,Sankaran,siya.sankaran1038@gmail.com,4674646603,1979-06-18,"H.No. 15, Din, Ramgarh-101027",Telangana,India,2025-07-03
1039,Vasudha,Walla,vasudha.walla1039@gmail.com,1648497797,1987-04-13,"14, Kale Road, Amroha-478935",Punjab,India,2026-09-06
1040,Hemangini,Goswami,hemangini.goswami1040@yahoo.com,2706875670,1971-07-30,"23/61, Choudhary Ganj, Maheshtala 745998",Gujarat,India,2025-09-08
1041,Harsh,Johal,harsh.johal1041@gmail.com,6870580791,2007-05-23,,Telangana,India,2025-06-15
1042,Advaith,Kari,advaith.kari1042@yahoo.com,7365404492,2007-07-12,"178, Konda Circle, Bardhaman 167859",West Bengal,India,2026-03-24
1043,Amara,Lal,amara.lal1043@yahoo.com,8895930320,1989-10-20,"699, Dash Nagar, Kozhikode 029996",Odisha,India,2025-05-15
1044,Theodore,Bail,theodore.bail1044@hotmail.com,3565403079,1985-03-09,"732, Dalal Nagar, Narasaraopet 318500",Gujarat,India,2023-11-23
1045,Sai,Brar,,0682048109,1981-10-22,"73/857, Sekhon Chowk, Dharmavaram 455381",Uttar Pradesh,India,2026-07-06
1046,Frado,Wason,,2382642951,1984-12-11,"76/881, Nigam Path, Latur 819695",Madhya Pradesh,India,2024-02-02
1047,Adweta,Thaker,adweta.thaker1047@yahoo.com,1504884915,2002-10-25,"H.No. 64, Khanna Nagar, Indore-695559",West Bengal,India,2024-12-15
1048,Shivansh,Pillay,shivansh.pillay1048@yahoo.com,,1997-03-22,"H.No. 41, Kalla Street, Siliguri 937979",Kerala,India,2025-06-15
1049,Wakeeta,Bhatia,wakeeta.bhatia1049@hotmail.com,5594849674,1972-03-02,"95/671, Narayan Street, Dharmavaram-502767",Delhi,India,2023-09-25
1050,Ansh,Prashad,ansh.prashad1050@yahoo.com,2272765314,1980-09-19,"00, Mandal Path, Naihati 455955",Delhi,India,2026-03-08
1051,Rachit,Das,rachit.das1051@yahoo.com,3576680895,2005-10-21,"60/43, Som Zila, Uluberia 785219",Delhi,India,2024-09-05
1052,Vincent,Kapoor,vincent.kapoor1052@yahoo.com,0931608988,1988-01-24,"H.No. 58, Brar Ganj, Moradabad 320264",telangana,India,2025-07-18
1053,Ranveer,Khanna,ranveer.khanna1053@hotmail.com,9637902038,1972-07-19,"89/38, Mander Road, Saharsa-676634",Karnataka,India,2023-04-24
1054,Krishna,Anand,krishna.anand1054@hotmail.com,4812426647,2004-03-03,"H.No. 478, Ganesan Ganj, Khora  637958",Karnataka,India,2023-04-17
1055,Urvi,Sawhney,urvi.sawhney1055@yahoo.com,9924687144,1974-03-27,"H.No. 556, Mukhopadhyay Marg, Thiruvananthapuram 026908",Bihar,India,2025-11-24
1056,Keya,Loyal,keya.loyal1056@hotmail.com,6681182292,2006-05-18,"203, Johal Chowk, Shivpuri-061386",Telangana,India,2026-01-30
1057,Charvi,Verma,charvi.verma1057@yahoo.com,8304559657,1989-05-26,"H.No. 551, Randhawa Street, Khandwa-494363",Karnataka,India,2025-02-06
1058,Balhaar,Pillai,balhaar.pillai1058@yahoo.com,46534-42004,1976-12-30,"H.No. 71, Devan Path, Kulti-191985",Uttar Pradesh,India,2026-02-19
1059,Anthony,Oak,anthony.oak1059@yahoo.com,1335850814,1996-03-10,"32, Batta Chowk, Warangal-381060",Uttar Pradesh,India,2025-04-08
1060,Yashasvi,Brahmbhatt,yashasvi.brahmbhatt1060@hotmail.com,0052291845,2005-09-01,"90/52, Bahl Chowk, Etawah-114358",Bihar,India,2025-04-02
1061,Chaitanya,Muni,chaitanya.muni1061@gmail.com,7513061092,2001-12-05,"H.No. 37, Mandal Zila, Mathura-043192",Bihar,India,2026-07-03
1062,Yuvraj,Chahal,yuvraj.chahal1062@gmail.com,6656023361,1987-07-23,"475, Nigam Path, Bidar 203670",Madhya Pradesh,India,2026-03-27
1063,Dipta,Chowdhury,dipta.chowdhury1063@gmail.com,5687069057,1976-03-05,"79, Gole Ganj, Bharatpur 933054",Odisha,India,2025-12-03
1064,Ekaja,Bumb,ekaja.bumb1064@yahoo.com,7079432183,1990-11-01,"46/855, Bakshi Zila, Visakhapatnam-115488",Kerala,India,2026-06-11
1065,Diya,Chaudhari,diya.chaudhari1065@gmail.com,3465336330,1971-12-13,"00, Zachariah, Jamshedpur 437702",Bihar,India,2026-07-31
1066,Turvi,Anne,turvi.anne1066@hotmail.com,7012592833,1974-05-07,"81, Radhakrishnan Chowk, Dindigul-591739",Rajasthan,India,2026-06-15
1067,Ekapad,Bhandari,ekapad.bhandari1067@hotmail.com,5916983317,1979-10-15,"H.No. 894, Bassi Road, Etawah 525935",Telangana,India,2024-10-08
1068,Widisha,Raja,widisha.raja1068@yahoo.com,9462078562,1988-06-15,"H.No. 261, Sarin Zila, Kochi-936091",Madhya Pradesh,India,2024-08-19
1069,Aarush,Bhavsar,aarush.bhavsar1069@hotmail.com,0032762805,1993-02-09,"H.No. 149, Desai Chowk, Guna-119569",Maharashtra,India,2023-01-18
1070,  Damini  ,Saraf,damini.saraf1070@gmail.com,7359569192,2005-03-28,"H.No. 63, Sharaf, Bettiah 500751",Uttar Pradesh,India,2025-06-04
1071,Amaira,Vohra,amaira.vohra1071@yahoo.com,3581821774,1986-10-31,"35/99, Mohanty Path, Jorhat-569997",Telangana,India,2024-06-10
1072,Peter,Panchal,peter.panchal1072@gmail.com,1930646912,1999-04-09,"93/35, Barad Ganj, Solapur 878305",Odisha,India,2026-03-21
1073,Kevin,Varma,kevin.varma1073@hotmail.com,5335526202,1995-01-29,"81, Grewal Zila, Sambhal-451739",Uttar Pradesh,India,2024-03-11
1074,Joshua,Devan,joshua.devan1074@hotmail.com,1778650394,2007-09-13,"77, Brar, Dewas 124345",Madhya Pradesh,India,2024-06-02
1075,Yug,Thakkar,yug.thakkar1075@hotmail.com,1575092720,1978-07-19,"95, Pandey Chowk, Gaya 339168",Kerala,India,2025-04-22
1076,Triveni,Agrawal,triveni.agrawal1076@hotmail.com,5069439441,1985-01-19,"97, Hans Road, Alwar 101818",Tamil Nadu,India,2026-03-30
1077,Ojasvi,Comar,ojasvi.comar1077@gmail.com,9357538481,1991-06-11,"475, Bera Marg, Bulandshahr-262455",Madhya Pradesh,India,2025-06-03
1078,Nicholas,Aggarwal,nicholas.aggarwal1078@gmail.com,3546922394,1981-06-28,"43/466, Oak Nagar, Chittoor-060398",Kerala,India,2023-01-29
1079,Faraj,Behl,faraj.behl1079@yahoo.com,1635214120,2003-02-16,"H.No. 61, Varkey Marg, Medininagar 641854",Tamil Nadu,India,2024-08-10
1080,Tejas,Hegde,tejas.hegde1080@yahoo.com,5028591565,1975-05-03,"78/290, Goel Path, Guntakal 219114",Maharashtra,India,2026-04-27
1081,Anamika,Thakur,anamika.thakur1081@gmail.com,1401385699,1976-10-14,"52, Dara Nagar, Ludhiana 740209",Punjab,India,2025-11-20
1082,Chasmum,Mohanty,chasmum.mohanty1082@yahoo.com,6594818272,2004-12-27,"59/164, Dasgupta Road, Jhansi-180113",West Bengal,India,2025/06/13
1083,Divya,Devan,divya.devan1083@gmail.com,5682342840,1973-01-17,"71, Dugar Ganj, Kolhapur-342386",Delhi,India,2024-12-23
1084,Balveer,Sem,balveer.sem1084@yahoo.com,0429398766,1987-06-19,"107, Gokhale Path, Faridabad-330510",Karnataka,India,2025-07-21
1085,Waida,Dhillon,waida.dhillon1085@yahoo.com,2542654168,1996-11-05,"39, Nagar Circle, Muzaffarnagar-828936",West Bengal,India,2024-05-28
1086,Ojas,Sharaf,ojas.sharaf1086@hotmail.com,8070423573,1995-05-02,"H.No. 169, Grover, Jhansi 347050",Delhi,India,2023-02-12
1087,Aarush,Tandon,aarush.tandon1087@yahoo.com,0884949996,2001-09-05,"62/138, Nanda Nagar, Srinagar-845422",Bihar,India,2025-05-15
1088,Gaurangi,Nayar,gaurangi.nayar1088@gmail.com,3059154196,2004-11-30,"67/45, Karpe Zila, Berhampur 590504",Assam,India,2026-03-08
1089,Wazir,Taneja,,3426787032,1973-03-03,"18, Karpe, Aizawl-521127",Rajasthan,India,2025-09-07
1090,Pallavi,Konda,pallavi.konda1090@yahoo.com,1149331088,1999-03-05,"59/400, Walia Ganj, Danapur 364851",Karnataka,India,2025-09-26
1091,Chaitanya,Dayal,chaitanya.dayal1091@gmail.com,4140817028,1996-06-13,"73/21, Sridhar Road, Bhagalpur-043474",KARNATAKA,India,2024-08-08
1092,Samarth,Mohanty,samarth.mohanty1092@yahoo.com,1065100460,1978-10-20,"H.No. 355, Shah Path, Guntur 722395",Haryana,India,2023-07-31
1093,Ucchal,De,ucchal.de1093@hotmail.com,7618989878,1986-10-15,"H.No. 13, Srinivasan Circle, Solapur-398189",Maharashtra,India,2024-06-25
1094,Tanmayi,Dyal,tanmayi.dyal1094@gmail.com,8730451945,1979-03-10,"34/188, Tara Nagar, Bijapur 315758",Odisha,India,2026-03-28
1095,Reyansh,Cherian,,3620544933,1983-04-20,,Uttar Pradesh,India,2025-08-14
1096,Arya,Grewal,arya.grewal1096@gmail.com,5553544078,1978-03-14,"21/007, Andra Street, Lucknow-711246",karnataka,India,2024-07-10
1097,Sachi,Peri,sachi.peri1097@hotmail.com,8041048667,1974-09-20,"624, Tank Road, Rampur 711018",West Bengal,India,2023-01-28
1098,Akshay,Kashyap,akshay.kashyap1098@gmail.com,5704430732,1988-04-22,"03/04, Varghese Ganj, Madhyamgram-998992",Tamil Nadu,India,2026-05-28
1099,Naveen,Mander,naveen.mander1099@yahoo.com,,1980-08-17,"H.No. 65, Uppal Zila, Rourkela 591700",Rajasthan,India,2024-08-29
1100,Wyatt,Sharma,wyatt.sharma1100@yahoo.com,2567405362,1980-01-16,,Telangana,India,2026-04-19
1101,Samar,Bera,samar.bera1101@gmail.com,2214426735,1995-05-23,"11, Chopra Marg, Aurangabad-426184",West Bengal,India,2025-11-15
1102,Forum,Murty,forum.murty1102@gmail.com,5826829508,2003-01-17,"323, Prabhakar Path, Karnal 352880",Delhi,India,2025-12-09
1103,Warhi,Mutti,warhi.mutti1103@gmail.com,8197354425,1983-06-23,"44, Ramakrishnan Road, Dharmavaram-046400",Telangana,India,2024-01-31
1104,Libni,Wali,libni.wali1104@hotmail.com,6486275537,1987-03-24,"60/912, Bains Zila, Nagpur 254539",Karnataka,India,2023-12-02
1105,George,Saraf,george.saraf1105@gmail.com,2470792625,1987-03-28,"60/325, Kashyap Nagar, Shahjahanpur-427895",Haryana,India,2024-05-18
1106,Xavier,Sane,xavier.sane1106@gmail.com,9496454959,1976-08-09,"31, Mani Chowk, Bahraich 832240",Madhya Pradesh,India,2026-01-10
1107,Sathvik,Ramesh,sathvik.ramesh1107@hotmail.com,7617640404,1976-11-02,"863, Buch Circle, Pune 022892",Tamil Nadu,India,2024-07-13
1108,Bishakha,Nigam,bishakha.nigam1108@hotmail.com,2827677423,1972-02-22,"732, Venkatesh Chowk, Narasaraopet 921510",Karnataka,India,2026-09-06
1109,Ladli,Agarwal,ladli.agarwal1109@yahoo.com,2143486965,1971-02-27,"31, Parekh Nagar, Kolkata 187309",Maharashtra,India,2024-09-13
1110,Charan,Soni,charan.soni1110@hotmail.com,3773129734,2008-04-03,"759, Vora Nagar, Bulandshahr 090722",Assam,India,2023-09-29
1111,Vanya,Chada,vanya.chada1111@gmail.com,8945239596,1971-10-01,"H.No. 99, Shetty Circle, Raipur-579032",Haryana,India,2024-03-21
1112,Dakshesh,Saraf,dakshesh.saraf1112@gmail.com,1750241300,1978-03-05,"58/755, Nigam Circle, Dharmavaram-914504",Telangana,India,2024-06-03
1113,Raksha,Goda,raksha.goda1113@gmail.com,6946272865,1994-03-19,"H.No. 438, Naik Road, Rampur 217643",Maharashtra,India,2026-05-12
1114,Saksham,Mangat,saksham.mangat1114@gmail.com,6740788698,2006-01-04,"11/06, Shankar Marg, Haldia-187939",Kerala,India,2026-05-24
1115,Edhitha,Kalita,edhitha.kalita1115@yahoo.com,0124931645,1987-10-22,"80, Sarraf Road, Jalna 793651",Madhya Pradesh,India,2026-03-12
1116,Sanya,Prakash,sanya.prakash1116@yahoo.com,6920327357,2001-03-04,"123, Bala Nagar, Berhampore-915324",Uttar Pradesh,India,2025-12-14
1117,Lipika,Rai,lipika.rai1117@gmail.com,9805783690,1977-08-10,"653, Varma Street, Raebareli 997707",Punjab,India,2025-10-21
1118,  Pooja  ,Basu,pooja.basu1118@gmail.com,4614337004,2001-02-25,"687, Raj Zila, Ambala 621577",West Bengal,India,2026-06-18
1119,Abeer,Nair,abeer.nair1119@yahoo.com,8661824874,2001-02-07,"141, Thakur, Malegaon-349212",Rajasthan,India,2024-03-11
1120,Theodore,Viswanathan,theodore.viswanathan1120@gmail.com,5900713204,1975-11-20,"71, Lata Path, Madhyamgram 604568",West Bengal,India,2026-06-08
1121,Vihaan,Chad,vihaan.chad1121@gmail.com,4576776576,1993-02-02,,Gujarat,India,2025-03-16
1122,Bhavna,Yogi,bhavna.yogi1122@hotmail.com,,1984-07-11,"H.No. 850, Garde Marg, Ahmednagar 400672",Tamil Nadu,India,2024-10-12
1123,Rachana,Jain,rachana.jain1123@hotmail.com,3214303183,1982-04-22,"H.No. 184, Rattan Nagar, Chandrapur 587552",Kerala,India,2024-03-15
1124,Ishani,Dube,ishani.dube1124@hotmail.com,1514369745,1997-03-04,"98, Thaker Ganj, Hubli–Dharwad 556696",Punjab,India,2026-07-31
1125,Yug,Jani,yug.jani1125@hotmail.com,8641782560,2007-09-11,"469, Singhal Road, Gulbarga 684268",Telangana,India,2025-11-23
1126,Jackson,Sundaram,jackson.sundaram1126@hotmail.com,3679901027,2003-05-21,"H.No. 387, Chaudhuri Street, Amravati 190456",Gujarat,India,2024-04-06
1127,Dalaja,Madan,dalaja.madan1127@yahoo.com,,1977-03-22,"262, Khosla Path, Bally-307559",Uttar Pradesh,India,2023/11/10
1128,Bhanumati,Bhatti,bhanumati.bhatti1128@hotmail.com,2024843507,1999-06-18,"809, Shroff, Kolhapur-404310",Haryana,India,2025-04-29
1129,Advik,Sidhu,advik.sidhu1129@yahoo.com,8235327737,2005-03-08,"17, Sawhney Street, Fatehpur 554814",Assam,India,2023-09-02
1130,Gunbir,Gole,gunbir.gole1130@yahoo.com,6153939294,1988-06-29,"H.No. 01, Kumar Ganj, Kulti-627989",Madhya Pradesh,India,2026-07-11
1131,Ganga,Thaman,ganga.thaman1131@gmail.com,7733912990,1995-03-07,"59, Patil Ganj, Surendranagar Dudhrej 421162",Uttar Pradesh,India,2025-03-12
1132,  Bahadurjit  ,Raman,bahadurjit.raman1132@hotmail.com,9100443643,2008-01-23,"969, Krishnan Zila, Sangli-Miraj & Kupwad 072276",Bihar,India,2023-01-08
1133,William,Nagar,william.nagar1133@gmail.com,8087857109,1997-12-25,"H.No. 009, Bhasin Nagar, Rajpur Sonarpur 586775",Rajasthan,India,2024-12-09
1134,Kala,Sachdev,kala.sachdev1134@gmail.com,2847034463,1981-06-26,"68/415, Roy Road, Thoothukudi-757351",Assam,India,2023-08-13
1135,Yutika,Peri,yutika.peri1135@gmail.com,6965959656,2001-10-10,"52/296, Varty Road, Kolhapur-092225",Bihar,India,2025-08-23
1136,Alka,Nigam,alka.nigam1136@yahoo.com,9537237660,1974-03-23,"H.No. 30, Sodhi Street, Bongaigaon-372298",Madhya Pradesh,India,2025-01-22
1137,Amol,Iyer,amol.iyer1137@yahoo.com,4392295014,1976-02-17,"69, Hora Path, Bongaigaon 834767",Delhi,India,2026-07-21
1138,Arjun,Bedi,arjun.bedi1138@yahoo.com,4466669483,1996-10-24,"68/25, Wagle Nagar, Thanjavur 562972",Delhi,India,2025-08-20
1139,Madhav,Kade,madhav.kade1139@gmail.com,,1985-01-11,"34/466, Cheema Marg, Nagercoil-496180",Madhya Pradesh,India,2026-05-06
1140,Yochana,Randhawa,yochana.randhawa1140@gmail.com,8879244940,2007-12-16,"56/13, Mahajan Road, Kishanganj 318380",Delhi,India,21 Jan 2026
1141,Rayaan,Loyal,rayaan.loyal1141@yahoo.com,9123779398,1975-04-25,"H.No. 631, Peri Circle, Ludhiana-239152",Punjab,India,2024-08-13
1142,Robert,Kibe,robert.kibe1142@yahoo.com,1409821270,1978-12-03,"012, Pall, Sambalpur-775690",Bihar,India,2026-05-27
1143,Abdul,Cheema,abdul.cheema1143@hotmail.com,7653244834,1971-01-01,"H.No. 547, Saran Road, Raipur 087027",West Bengal,India,2024-01-28
1144,Quincy,Bali,quincy.bali1144@yahoo.com,0938083491,1976-01-18,"00/593, Lanka Street, Bongaigaon 252762",TAMIL NADU,India,2025-11-27
1145,Brijesh,Gade,brijesh.gade1145@gmail.com,1167954283,1984-06-02,"16/781, Sant Zila, Jorhat 290251",West Bengal,India,2024-10-26
1146,Yashica,Ranganathan,yashica.ranganathan1146@yahoo.com,6730220994,1983-05-13,"H.No. 05, Brahmbhatt Ganj, Aurangabad-507550",Gujarat,India,2024-06-14
1147,Yachana,Nagarajan,yachana.nagarajan1147@gmail.com,,1990-10-03,"H.No. 764, Baria Road, Sasaram 550172",ODISHA,India,2025-12-31
1148,Suhani,Savant,suhani.savant1148@gmail.com,8290183205,1987-07-01,,Gujarat,India,06/15/2023
1149,Dominic,Singh,dominic.singh1149@hotmail.com,7117064857,1982-09-01,"12/407, Bakshi, Bihar Sharif-388190",Odisha,India,2026-03-05
1150,Harish,Mahal,harish.mahal1150@yahoo.com,7677619524,2005-06-08,"H.No. 921, Sami Chowk, Bathinda 770223",Madhya Pradesh,India,2025-02-13
1151,Zayan,Palla,,7827725320,1991-10-20,"98/73, Thakkar Path, Akola-299335",Madhya Pradesh,India,2026-03-23
1152,Amol,Gade,amol.gade1152@hotmail.com,0939866398,1997-04-30,"739, Kaul Circle, Singrauli 239188",West Bengal,India,2023-03-29
1153,Sudiksha,Ravel,sudiksha.ravel1153@gmail.com,7353340620,1986-07-11,"H.No. 01, Deol Road, Dindigul-345263",Delhi,India,2024-03-15
1154,Oni,Gopal,oni.gopal1154@gmail.com,5704445514,1985-12-12,"H.No. 175, Lanka Road, Tezpur-742188",Odisha,India,2025-06-08
1155,Praneel,Mital,praneel.mital1155@yahoo.com,81512-91164,1998-01-05,"H.No. 29, Thaker, Malegaon 735399",West Bengal,India,2024-04-02
1156,Warhi,Prasad,warhi.prasad1156@hotmail.com,5300751451,1990-10-12,"30/578, Lad Street, Thiruvananthapuram-081246",Telangana,India,2026-01-02
1157,William,Sridhar,william.sridhar1157@hotmail.com,2430146066,2007-12-08,"63/74, Chaudry, Rajkot 906506",Maharashtra,India,2023-09-12
1158,Amaira,Sarma,amaira.sarma1158@gmail.com,9011250231,1973-08-26,"728, Sagar, Guntur 208614",Assam,India,2025-09-10
1159,Chakrika,Dhaliwal,,7966997842,1999-02-10,"H.No. 42, Ramanathan Road, Fatehpur 723861",Maharashtra,India,2025-08-15
1160,Irya,Pillay,irya.pillay1160@gmail.com,9947576379,1998-01-02,"H.No. 57, Singh Chowk, Pali-607410",Rajasthan,India,2024-10-07
1161,Tejas,Mahajan,tejas.mahajan1161@hotmail.com,5043903560,1984-09-22,"09, Kakar Marg, Aizawl-607512",Haryana,India,17-03-2023
1162,Gaurang,Tella,gaurang.tella1162@yahoo.com,6226441802,1974-01-05,"59/35, Prakash Marg, Naihati 437795",Punjab,India,2023-01-17
1163,Sanya,Sahni,sanya.sahni1163@hotmail.com,5737485251,1972-02-25,"90, Swamy Zila, Gulbarga 792949",Bihar,India,2024-02-14
1164,Priya,Narang,priya.narang1164@gmail.com,9674999020,1996-10-04,"00, Lala Circle, Tiruvottiyur 242695",Gujarat,India,2026-03-24
1165,Ekaja,Kant,ekaja.kant1165@hotmail.com,1397635294,1988-07-22,"20/408, Dhaliwal Path, Sikar-346118",Karnataka,India,2026-07-04
1166,Warhi,Gulati,warhi.gulati1166@yahoo.com,8265933804,1993-06-17,"03, Kashyap Ganj, Dibrugarh-441843",Madhya Pradesh,India,2026-06-15
1167,Qushi,Bhagat,qushi.bhagat1167@hotmail.com,0931378802,1986-08-26,"67, Sheth Chowk, Mathura-576455",Karnataka,India,2026-08-07
1168,Dalbir,Joshi,dalbir.joshi1168@yahoo.com,9543511026,1982-01-22,"308, Deshmukh, Kulti 135148",Telangana,India,2024-03-09
1169,Ayush,Shetty,ayush.shetty1169@gmail.com,06406260674,1982-09-02,"76/21, Mangal Marg, Rohtak 797302",Rajasthan,India,2024-07-30
1170,Chatresh,Sarkar,chatresh.sarkar1170@hotmail.com,7252023589,1992-11-11,"H.No. 82, Lalla Circle, Gudivada 951659",Karnataka,India,2025-02-25
1171,Anya,Murthy,anya.murthy1171@yahoo.com,4645239004,1992-11-01,"86/785, Kumer Path, Bangalore 897795",Punjab,India,2025-12-19
1172,Jeet,Mitra,jeet.mitra1172@yahoo.com,,1999-10-04,"07, Madan Ganj, Kalyan-Dombivli 161340",Haryana,India,2025-06-12
1173,Joshua,Chahal,joshua.chahal1173@yahoo.com,5752754283,1999-01-27,"H.No. 506, Verma Marg, Sri Ganganagar-715566",Assam,India,2026-09-12
1174,Oviya,Sachdeva,oviya.sachdeva1174@hotmail.com,,1973-10-12,"H.No. 133, Natt, Maheshtala 245182",Uttar Pradesh,India,2025-04-03
1175,Netra,Bhavsar,netra.bhavsar1175@hotmail.com,1269748697,1984-11-19,"31/963, Palan Nagar, Shimla-436922",Maharashtra,India,2026-04-10
1176,Farhan,Sami,,3012746901,1999-08-29,"86/37, Viswanathan Nagar, Sri Ganganagar 606223",RAJASTHAN,India,2025-03-02
1177,Ranbir,Pall,ranbir.pall1177@yahoo.com,3577569429,1971-03-01,"H.No. 032, Jani Chowk, Bellary 482746",Kerala,India,2026-08-01
1178,Ekta,Datta,ekta.datta1178@hotmail.com,5611882038,1978-07-28,"185, Bhatt Ganj, Bareilly 817790",Rajasthan,India,2024-11-22
1179,Shaurya,Raman,shaurya.raman1179@yahoo.com,6369472813,2001-06-20,"H.No. 337, Bawa, Ghaziabad 037535",Punjab,India,2025-05-11
1180,Rudra,Chokshi,rudra.chokshi1180@hotmail.com,2452756719,1994-10-04,"87, Bhatia Circle, Jabalpur 652494",Maharashtra,India,2024-10-08
1181,Ekbal,Tella,ekbal.tella1181@yahoo.com,9838820151,2000-12-07,"49, Korpal Zila, Guwahati-576528",Maharashtra,India,2023-06-20
1182,Ojas,Desai,ojas.desai1182@hotmail.com,1954902948,2004-12-27,"57/766, Khanna Zila, Tiruvottiyur-009159",Kerala,India,2026-04-10
1183,Mugdha,Sawhney,mugdha.sawhney1183@hotmail.com,2395936019,1983-11-17,"61, Narang Circle, Alappuzha-878072",Delhi,India,2026-09-03
1184,Logan,Balakrishnan,,8811209966,1970-09-24,"H.No. 373, Krishna Road, Gandhinagar-670719",Odisha,India,2025-09-04
1185,Aarnav,Palan,aarnav.palan1185@yahoo.com,7439677054,1994-08-09,"49, Om Nagar, Khandwa-305886",Bihar,India,2026-06-21
1186,  Dalbir  ,Dyal,dalbir.dyal1186@yahoo.com,1292662547,1990-12-28,"H.No. 01, Raju Road, Satna 000190",Punjab,India,2026-01-29
1187,Bakhshi,Seshadri,bakhshi.seshadri1187@gmail.com,4673474369,2007-06-03,"198, Radhakrishnan Path, Jabalpur 213054",Maharashtra,India,2025-12-14
1188,Zehaan,Gill,zehaan.gill1188@yahoo.com,1190359409,1975-06-27,"597, Bansal, Kolhapur 887676",Haryana,India,2024-12-16
1189,Balhaar,Ram,balhaar.ram1189@gmail.com,1340399783,2003-02-07,"H.No. 818, Reddy Ganj, Nanded 970266",Maharashtra,India,2023-03-18
1190,Ojas,Agrawal,ojas.agrawal1190@yahoo.com,5481851331,1979-11-30,"H.No. 77, Sethi Marg, Madurai-889203",Gujarat,India,2024-07-11
1191,Nachiket,Wali,nachiket.wali1191@yahoo.com,7405892303,1972-12-12,"71/92, Sodhi Road, Burhanpur-571364",Tamil Nadu,India,2025-07-19
1192,  Oeshi  ,Sood,oeshi.sood1192@yahoo.com,1453752574,1992-08-07,"699, Chowdhury Nagar, Vasai-Virar-156733",Kerala,India,2026-06-07
1193,Hemangini,Borde,hemangini.borde1193@yahoo.com,6467050680,1991-05-11,"34/65, Goel Nagar, Imphal-034563",Assam,India,2026-05-20
1194,Samuel,Zachariah,samuel.zachariah1194@hotmail.com,3495245705,1996-11-08,"38, Amble Circle, Rourkela-271618",Punjab,India,2026-07-10
1195,Madhavi,Dyal,madhavi.dyal1195@hotmail.com,9747623703,1999-02-09,"26/819, Das Ganj, Mangalore-123280",Haryana,India,2024-06-03
1196,Manya,Goyal,manya.goyal1196@yahoo.com,9418545541,2003-08-27,"H.No. 400, Palan Ganj, Kamarhati 328267",ODISHA,India,14-04-2026
1197,Chavvi,Andra,chavvi.andra1197@yahoo.com,9865716896,1977-12-15,"H.No. 862, Reddy Circle, Kharagpur-347608",West Bengal,India,2025-09-05
1198,Parth,Kade,parth.kade1198@gmail.com,5872894673,2002-01-07,"084, Barman Marg, Nandyal-628033",Punjab,India,2024-09-04
1199,Nidhi,Muni,nidhi.muni1199@hotmail.com,8474911634,1997-05-05,"16/636, Gola Marg, Loni 554140",Tamil Nadu,India,2026-03-15
1200,Garima,Setty,garima.setty1200@hotmail.com,2295110848,1990-12-22,"00/260, Sahota Road, Vasai-Virar-495389",Delhi,India,2026-03-09
1201,Ladli,Desai,ladli.desai1201@yahoo.com,1066788457,1974-09-24,"H.No. 242, Vohra Ganj, Sri Ganganagar-407110",Punjab,India,2025-09-25
1202,Onveer,Varty,onveer.varty1202@yahoo.com,2305066714,1996-10-23,"H.No. 714, Nadig Chowk, Rohtak-298249",Delhi,India,2026-02-14
1203,Abdul,Gole,,5208952176,1977-06-17,"62/50, Bhandari Path, Ambattur-491394",Maharashtra,India,2023-12-04
1204,Yatin,Ganguly,yatin.ganguly1204@yahoo.com,2749623838,1979-10-09,"65/439, Lata, Kishanganj-803308",Rajasthan,India,2025-06-09
1205,Aachal,Char,aachal.char1205@yahoo.com,3290850504,1986-04-27,"H.No. 18, Kakar Street, Morbi 109074",Kerala,India,2024-04-08
1206,  Upma  ,Kata,upma.kata1206@hotmail.com,1717400345,1981-09-07,"H.No. 73, Memon Chowk, Khora  660723",Gujarat,India,2026-03-02
1207,Dalbir,Master,dalbir.master1207@yahoo.com,1208180368,1985-09-01,"894, Mohan Nagar, Amaravati-516026",Tamil Nadu,India,2024-01-08
1208,Falguni,Subramanian,falguni.subramanian1208@yahoo.com,2668480316,1993-10-18,"H.No. 24, Bhavsar Circle, Sonipat 764298",Telangana,India,2024-06-28
1209,Thomas,Apte,thomas.apte1209@gmail.com,3952608853,1979-06-12,"H.No. 01, Kumar Zila, Avadi-547377",Uttar Pradesh,India,2023-12-27
1210,Balveer,Sahni,balveer.sahni1210@yahoo.com,9456597739,1972-02-09,,Kerala,India,2024-06-08
1211,Tanish,Balay,tanish.balay1211@yahoo.com,1887716991,1994-12-29,"634, Dani Zila, Bilaspur-786712",Assam,India,2025-01-26
1212,Vansha,Dutta,vansha.dutta1212@hotmail.com,8291278988,1985-05-03,"H.No. 841, Natt Path, Nellore 304376",Delhi,India,2026-01-26
1213,Ekani,Pillay,ekani.pillay1213@hotmail.com,7071694481,1978-06-05,"40/756, Dixit Nagar, Bhilai 640797",Odisha,India,2023-07-20
1214,Nirja,Viswanathan,nirja.viswanathan1214@hotmail.com,2885427344,1976-09-28,"H.No. 973, Reddy Marg, Bally-587837",Rajasthan,India,2025-06-09
1215,Darpan,Naidu,darpan.naidu1215@gmail.com,5906771853,2005-04-11,"040, Palla Street, Allahabad-413166",Odisha,India,2026-02-10
1216,Udyati,Pandey,udyati.pandey1216@gmail.com,0712797176,2002-11-18,"729, Bajwa, Bhagalpur-767622",Odisha,India,2025-02-17
1217,Raksha,Banerjee,raksha.banerjee1217@gmail.com,4316391584,2002-12-08,"04, Sibal Marg, Varanasi-690615",Odisha,India,2023-06-08
1218,Indali,Bali,indali.bali1218@hotmail.com,6134097312,1997-09-08,"65, Agrawal Road, Muzaffarpur-421694",Telangana,India,2025-04-25
1219,Udarsh,Ganesan,udarsh.ganesan1219@hotmail.com,1780581380,1979-02-11,"678, Rajan Circle, Raurkela Industrial Township-526151",Kerala,India,2026-07-20
1220,Advay,Pall,advay.pall1220@hotmail.com,7052950868,1971-11-07,,Maharashtra,India,2026-06-16
1221,Leela,Grover,leela.grover1221@yahoo.com,1517975193,1971-08-27,"H.No. 273, Krishnamurthy Road, Bettiah 197621",Odisha,India,2023-02-27
1222,Amruta,Saha,amruta.saha1222@gmail.com,4615265322,1978-03-16,"H.No. 148, Ganesh Zila, Srinagar 089437",West Bengal,India,2026-05-25
1223,Chasmum,Dar,chasmum.dar1223@gmail.com,8179300805,1999-11-22,"80/814, Hans Nagar, Ichalkaranji 508105",TAMIL NADU,India,2025-07-27
1224,Timothy,Om,timothy.om1224@hotmail.com,9902131166,1985-01-06,"12/467, Kuruvilla Marg, Dibrugarh 259836",Punjab,India,2024-11-28
1225,Charan,Shankar,charan.shankar1225@yahoo.com,9591260920,2000-03-30,"H.No. 65, Dar Chowk, Katni 781304",Uttar Pradesh,India,2025-07-25
1226,Hemani,Bhandari,hemani.bhandari1226@yahoo.com,8964164508,2007-12-12,"230, Divan Chowk, Suryapet 641261",Assam,India,2025-10-08
1227,Januja,Patil,januja.patil1227@yahoo.com,5861805839,2004-08-16,"H.No. 42, Varma Chowk, Buxar-920696",Bihar,India,2024-06-23
1228,Rohan,Gokhale,rohan.gokhale1228@yahoo.com,2762236831,1984-11-15,"H.No. 839, Padmanabhan, Nandyal-228017",kerala,India,2026-08-11
1229,Avi,Salvi,,5026944735,1989-08-06,"10/32, Dasgupta Ganj, Purnia 906674",Karnataka,India,2025-05-01
1230,Laban,Behl,laban.behl1230@hotmail.com,1040838437,1988-08-04,"87/779, Kapadia Path, Ichalkaranji 253939",Odisha,India,2026-09-07
1231,Aishani,Dave,aishani.dave1231@yahoo.com,7727745750,1975-08-19,"H.No. 148, Sankaran Road, Ambattur 383968",Gujarat,India,2024-02-19
1232,Yashasvi,Mishra,yashasvi.mishra1232@gmail.com,47598-35894,1989-04-17,"92/853, Bhagat Street, Ratlam-616794",Tamil Nadu,India,2024-07-26
1233,Sai,Sethi,sai.sethi1233@hotmail.com,8986361395,1986-05-05,"H.No. 857, Karpe Street, Faridabad-947377",Madhya Pradesh,India,2025-11-02
1234,Laksh,Rattan,laksh.rattan1234@hotmail.com,8965499779,1992-05-26,"H.No. 081, Balan Nagar, Rohtak-866906",Karnataka,India,2024-11-26
1235,Frederick,Nagy,frederick.nagy1235@yahoo.com,9514909671,1977-08-18,"58/724, Ghosh Street, Durg 652948",Maharashtra,India,2024-03-12
1236,Chaitanya,Pai,chaitanya.pai1236@gmail.com,1972512343,1978-03-30,"H.No. 77, Sawhney Chowk, Chandrapur-658750",Punjab,India,2026-03-18
1237,Ekaraj,Andra,ekaraj.andra1237@yahoo.com,9140771280,1978-07-25,"H.No. 66, Tank Marg, Bhalswa Jahangir Pur 171243",Rajasthan,India,2024-10-22
1238,Pallavi,Tella,pallavi.tella1238@hotmail.com,0325369525,1984-09-12,"507, Chander Circle, Panchkula-839476",Punjab,India,2025-06-12
1239,Ojasvi,Bora,ojasvi.bora1239@gmail.com,1499363196,1980-11-21,"H.No. 39, Nagar Nagar, Mahbubnagar-663006",Haryana,India,2026-08-11
1240,Maanav,Dalal,maanav.dalal1240@gmail.com,1640787048,1978-05-03,"73/965, Subramanian Street, Hindupur 986777",Madhya Pradesh,India,2026-01-05
1241,Gaurika,Patel,gaurika.patel1241@yahoo.com,7129969915,1997-03-10,"H.No. 293, Cheema Ganj, Warangal-893746",Delhi,India,2026-05-31
1242,Devansh,Krish,devansh.krish1242@yahoo.com,1577129184,1971-06-15,"H.No. 765, Dugar Path, Muzaffarnagar 528587",Haryana,India,2023-10-14
1243,  Rajeshri  ,Hayer,rajeshri.hayer1243@gmail.com,2829335287,1996-02-05,"35/964, Dugar Chowk, Hajipur 746455",Uttar Pradesh,India,2023-05-25
1244,Matthew,Venkatesh,matthew.venkatesh1244@gmail.com,0185088087,1971-12-28,"58/105, Anne Circle, Mumbai 797447",Kerala,India,2025-10-30
1245,Simon,Sekhon,simon.sekhon1245@hotmail.com,6364653334,1987-03-31,"792, Sani Street, Ambala-915023",Rajasthan,India,2026-07-27
1246,Samuel,Tara,samuel.tara1246@gmail.com,5052194050,1989-02-17,"79/62, Borra, Raichur-736609",Madhya Pradesh,India,2025-09-01
1247,Edhitha,Contractor,edhitha.contractor1247@hotmail.com,7473665397,1990-12-11,"95/57, Konda Zila, Pudukkottai-449616",West Bengal,India,2026/07/04
1248,Ekaja,Golla,,4777437212,1979-12-12,"H.No. 61, Bumb, Thoothukudi-798322",Maharashtra,India,2024-12-09
1249,Banjeet,Balakrishnan,banjeet.balakrishnan1249@gmail.com,9054517365,2001-08-20,"91/934, Goyal Road, Alappuzha 712393",Assam,India,2023-01-09
1250,Christopher,Ray,christopher.ray1250@yahoo.com,3535975980,1980-02-02,"60/87, Suresh Circle, Nandyal-737630",Bihar,India,2025-03-11
1251,Upasna,Shah,upasna.shah1251@gmail.com,6660979785,1993-01-18,"H.No. 07, Ratta Street, Phagwara 107932",Odisha,India,2026-08-06
1252,Manbir,Ravel,manbir.ravel1252@yahoo.com,7825463059,1996-11-30,"H.No. 177, Jani Path, Dehradun-581987",Madhya Pradesh,India,2025-10-10
1253,Yashawini,Tella,,7553805365,1996-03-09,"50/70, Butala Path, Ranchi-967212",Maharashtra,India,2024-04-05
1254,Eesha,Rama,eesha.rama1254@hotmail.com,8702785379,1991-01-10,"H.No. 13, Chauhan Chowk, New Delhi 639085",Telangana,India,2025-05-02
1255,Bahadurjit,Reddy,bahadurjit.reddy1255@hotmail.com,8368167238,1990-11-15,"77, Palla Path, Sultan Pur Majra-541057",Delhi,India,2025-10-07
1256,Kalpit,Pandya,kalpit.pandya1256@gmail.com,0258988108,1988-12-30,"578, Parsa Road, Jalgaon-802410",Tamil Nadu,India,2026-09-05
1257,Frederick,Pingle,frederick.pingle1257@gmail.com,4931660816,2000-11-02,"13, Badal Road, Gandhidham 000458",Telangana,India,2025-12-20
1258,Lakshit,De,lakshit.de1258@hotmail.com,0699064949,1982-02-20,"36/383, Master Marg, Kolhapur 455817",Karnataka,India,2025-02-10
1259,Timothy,Keer,timothy.keer1259@yahoo.com,4244966390,1972-02-29,"80/48, Sahni Circle, Dehradun 140961",Karnataka,India,2024-11-18
1260,Charan,Thakkar,charan.thakkar1260@yahoo.com,1709816688,1998-10-11,"91, Char Street, Meerut-645466",Punjab,India,2025-10-04
1261,  Kala  ,Sarna,kala.sarna1261@gmail.com,2536127698,2008-07-12,"94, Mammen Chowk, Agra-989717",MAHARASHTRA,India,25 Jun 2025
1262,Thomas,Chakraborty,thomas.chakraborty1262@yahoo.com,1604261447,2005-01-17,"H.No. 15, Sani Street, Anantapuram 829694",Kerala,India,2025-09-20
1263,Jyoti,Kurian,jyoti.kurian1263@gmail.com,3780498762,1998-05-21,"965, Muni Street, Fatehpur-074146",Delhi,India,2025-05-31
1264,Anamika,Aggarwal,anamika.aggarwal1264@gmail.com,1353425556,1980-08-23,"21/384, Parsa Zila, Srinagar-954252",Telangana,India,2025-11-02
1265,Harinakshi,Ahuja,harinakshi.ahuja1265@yahoo.com,8808482072,2003-08-16,"402, Kakar, Bettiah-326727",Delhi,India,2023-08-31
1266,Mohammed,Rout,mohammed.rout1266@gmail.com,7674695881,1980-02-09,"H.No. 92, Mann, Medininagar-136757",Maharashtra,India,2025-05-30
1267,Neha,Rege,,9053667832,1976-09-01,"31/779, Om Nagar, Barasat-388333",Karnataka,India,2024-02-12
1268,Eiravati,Char,eiravati.char1268@hotmail.com,1664802362,1974-07-29,"115, Khosla Road, Tinsukia-573415",Telangana,India,2026-05-23
1269,Frado,Bains,frado.bains1269@hotmail.com,6086236504,1992-09-26,"478, Deep, Naihati-826135",Tamil Nadu,India,2024-05-11
1270,Ojasvi,Dass,ojasvi.dass1270@gmail.com,8401579970,1972-05-05,"97/52, Wali Marg, Gurgaon 083681",Odisha,India,2025-10-30
1271,Nihal,Comar,,7373087143,1999-09-10,"H.No. 056, Rao Street, Ongole 247485",Uttar Pradesh,India,2024-03-30
1272,Saumya,Virk,saumya.virk1272@hotmail.com,1327381522,2004-08-19,"25/401, Kothari Road, Unnao-431886",Kerala,India,2025-09-28
1273,Jalsa,Loyal,jalsa.loyal1273@yahoo.com,0792463669,2000-08-17,"50/458, Zacharia Ganj, Karimnagar 077099",West Bengal,India,2026-03-16
1274,Raghav,D’Alia,raghav.d’alia1274@yahoo.com,1135980433,1972-10-06,"H.No. 01, Chacko Nagar, Machilipatnam-193352",Uttar Pradesh,India,2026-07-31
1275,Radhika,Ganesan,radhika.ganesan1275@gmail.com,0931642663,1970-12-23,"H.No. 823, Amble Zila, Fatehpur 719945",Haryana,India,2025-11-23
1276,Zashil,Batra,,9950819005,1988-05-18,"35, Pillay, Chittoor 352413",Tamil Nadu,India,2023-05-16
1277,Ayaan,Doctor,ayaan.doctor1277@hotmail.com,8671066560,1995-06-27,"H.No. 77, Mani Chowk, Barasat-571753",PUNJAB,India,2023-08-26
1278,  Warhi  ,Tak,warhi.tak1278@hotmail.com,2615878989,1976-06-13,"15, Chander Zila, Rampur-412484",Madhya Pradesh,India,2025-09-30
1279,Dalaja,Saha,dalaja.saha1279@yahoo.com,1371741906,2008-06-23,"08/570, Kumar Ganj, Bhilai 761706",Bihar,India,2025-03-16
1280,Balhaar,Comar,balhaar.comar1280@gmail.com,7383181720,1974-09-01,"40, Bhatt Nagar, Ratlam-260782",Kerala,India,2023-08-18
1281,Falan,Das,falan.das1281@yahoo.com,3424114754,2003-01-27,"306, Date Road, Vijayawada 846038",Haryana,India,2026-01-22
1282,Ijaya,Chaudhari,ijaya.chaudhari1282@hotmail.com,9234665217,2001-05-11,"164, Murty, Chinsurah 541137",Telangana,India,2026-08-10
1283,  Hemang  ,Kapur,hemang.kapur1283@hotmail.com,6310789078,2007-12-17,"H.No. 188, Atwal Ganj, Aligarh-447473",Telangana,India,2024-05-16
1284,Udant,Prabhu,udant.prabhu1284@hotmail.com,+91-3697016852,1979-10-03,"H.No. 409, Som Ganj, Gwalior-859689",Uttar Pradesh,India,2025-07-20
1285,Amruta,Badami,,2905509579,1997-03-04,"26/680, Jha Marg, Tumkur 611954",Gujarat,India,2026-04-10
1286,Lakshmi,Goel,lakshmi.goel1286@hotmail.com,8908806831,1972-01-17,"28/22, Khurana Ganj, Udaipur-677250",Karnataka,India,2024-01-06
1287,Tanish,Venkataraman,tanish.venkataraman1287@yahoo.com,1627141342,2002-01-14,"H.No. 73, Kumar Chowk, Salem-209420",Odisha,India,2023-02-20
1288,William,Srivastava,william.srivastava1288@yahoo.com,,1987-05-26,"09/558, Talwar Chowk, Tenali 273795",Delhi,India,2024-05-25
1289,Tristan,Verma,tristan.verma1289@hotmail.com,6129213511,1987-12-14,"H.No. 753, Basu Path, Bhilwara 948412",Rajasthan,India,2023-02-17
1290,Jonathan,Golla,jonathan.golla1290@gmail.com,,1978-09-23,"H.No. 858, Venkataraman Chowk, Nangloi Jat-131682",Tamil Nadu,India,2026-03-04
1291,Chatura,Varty,chatura.varty1291@gmail.com,7151931784,1976-01-17,"747, Dasgupta Ganj, Rajahmundry-704946",Gujarat,India,2023-11-06
1292,Jeevika,Munshi,jeevika.munshi1292@yahoo.com,7700535588,1977-02-16,"08/29, Varughese Ganj, Howrah 847798",Odisha,India,2026-04-05
1293,Harini,Varma,harini.varma1293@yahoo.com,3715641533,1999-09-24,"70, Kala Marg, Mysore-916119",Telangana,India,2025-02-08
1294,Thomas,Bal,thomas.bal1294@hotmail.com,7313403779,1983-05-03,"30/61, Devan Circle, Kanpur-582072",Karnataka,India,2026-06-15
1295,Mahika,Gopal,mahika.gopal1295@yahoo.com,4246847325,2001-05-08,"90/53, Sastry Marg, Bikaner 720957",Kerala,India,02/01/2024
1296,Arin,Kaur,arin.kaur1296@yahoo.com,0819968445,1991-07-23,"H.No. 42, Murty Nagar, Pimpri-Chinchwad 155674",Telangana,India,2026-05-13
1297,Owen,Bava,owen.bava1297@gmail.com,7599300134,1971-01-26,,Rajasthan,India,2024-02-05
1298,Chaaya,Barad,,6454976834,1971-03-22,"04, Dhar Circle, Tenali-257601",Tamil Nadu,India,2025-04-02
1299,Balveer,Singhal,balveer.singhal1299@hotmail.com,1181216525,2007-06-03,"04/31, Bains Path, Madurai 416477",Tamil Nadu,India,2023-08-09
1300,Lila,Gulati,lila.gulati1300@gmail.com,3231976702,2003-04-06,"44/46, Saini, Ambarnath 441832",Karnataka,India,2026-05-13
1301,Ekalinga,Chakrabarti,ekalinga.chakrabarti1301@gmail.com,2447929759,1990-01-10,"H.No. 946, Kumer Path, Noida 488780",Maharashtra,India,2023-05-09
1302,Vansha,Kohli,vansha.kohli1302@yahoo.com,7649737805,1995-03-06,"18/71, Date Marg, Farrukhabad 676660",Maharashtra,India,2026-03-18
1303,Finn,Dara,finn.dara1303@hotmail.com,5264259931,1997-01-01,"56/75, Dada, Dindigul-396704",Kerala,India,2026-07-19
1304,Sanaya,Sood,sanaya.sood1304@yahoo.com,4057702501,2003-03-23,"H.No. 998, Shanker Path, Mira-Bhayandar 637448",Assam,India,2026-01-02
1305,Gayathri,Nayar,gayathri.nayar1305@hotmail.com,6633542050,1980-12-05,"772, Dhar Circle, Pali 887089",Karnataka,India,2025-07-26
1306,Nakul,Sandhu,,3669802764,2008-05-12,"50/079, Chauhan Marg, Raichur 777842",Assam,India,2025-01-02
1307,Hitesh,Salvi,hitesh.salvi1307@yahoo.com,9163695072,1981-04-11,"H.No. 691, Sane Path, Bettiah 798230",Haryana,India,2023-10-02
1308,Chakradhar,Bail,chakradhar.bail1308@hotmail.com,3349023743,1988-11-17,"41/80, Raghavan Zila, Phagwara-129464",Karnataka,India,2024-06-04
1309,Ekansh,Chhabra,ekansh.chhabra1309@hotmail.com,8791465951,1972-03-15,"05/96, Sant Marg, Jamnagar-943837",Odisha,India,2024-06-23
1310,Bhavini,Dutt,bhavini.dutt1310@hotmail.com,6377348503,1984-04-12,"17/931, Dutt Marg, Ranchi-532679",Gujarat,India,2026-05-29
1311,Arunima,Mody,arunima.mody1311@hotmail.com,7268779388,1993-09-29,"67/28, Srinivasan Chowk, Mehsana 910407",Punjab,India,2025-07-16
1312,Noah,Purohit,noah.purohit1312@hotmail.com,5241573180,1985-02-14,"H.No. 071, Biswas, Hindupur 337026",Haryana,India,2025-02-24
1313,Harish,Manne,harish.manne1313@hotmail.com,3550193531,1984-07-21,"H.No. 67, Chand Ganj, Morena 017493",Rajasthan,India,2025-11-20
1314,Shravya,Parsa,shravya.parsa1314@yahoo.com,7302173733,1974-03-18,"H.No. 492, Dugar Marg, Suryapet 240061",Uttar Pradesh,India,2023-04-09
1315,Lakshmi,Natt,,6025143580,1978-08-20,"H.No. 450, Mutti Zila, Coimbatore 959602",Punjab,India,2025-02-02
1316,Rayaan,Mahal,rayaan.mahal1316@yahoo.com,9660548562,1989-01-07,"246, Bhandari Road, Gudivada 861754",Maharashtra,India,2025-08-19
1317,Zarna,Dutta,zarna.dutta1317@yahoo.com,1148816058,2004-02-20,"H.No. 70, Garde Circle, Pallavaram-504441",Delhi,India,2023-01-29
1318,Arya,Devan,arya.devan1318@hotmail.com,2670880501,2004-12-29,"684, Sawhney, Durg-416981",Odisha,India,2025-04-19
1319,Abdul,Saxena,abdul.saxena1319@yahoo.com,7006814365,1981-11-28,"61, Munshi Nagar, Bhilai-150076",Uttar Pradesh,India,18 Mar 2026
1320,Tanvi,Pall,tanvi.pall1320@gmail.com,0778428455,1971-03-26,"06, Sura Marg, Tiruchirappalli-283491",Assam,India,2026-01-19
1321,Advaith,Dora,advaith.dora1321@gmail.com,2725978336,1980-07-18,"05/994, Shroff Road, Gudivada 122562",Delhi,India,2025-08-30
1322,Tarak,Sachdeva,tarak.sachdeva1322@gmail.com,8802570162,1973-01-06,"559, Cherian Path, Amravati-761662",Gujarat,India,2024-11-28
1323,Nidra,Palan,nidra.palan1323@hotmail.com,3602536873,2008-01-16,"H.No. 45, Bahri Nagar, Srikakulam-097873",Tamil Nadu,India,2025-06-07
1324,Widisha,Chatterjee,widisha.chatterjee1324@hotmail.com,4100066584,2001-12-15,"H.No. 460, Munshi Ganj, Mumbai-064937",Karnataka,India,2025-03-29
1325,Abdul,Mane,abdul.mane1325@yahoo.com,9058304702,1984-11-16,"64, Comar Path, Kolkata 501985",Uttar Pradesh,India,2026-02-24
1326,Falguni,Misra,falguni.misra1326@yahoo.com,8808427406,2005-06-30,"25, Kapur Path, Ahmedabad 285155",Madhya Pradesh,India,2023-04-14
1327,Jackson,Gulati,jackson.gulati1327@yahoo.com,,2004-11-04,"H.No. 805, Mann Zila, Warangal 074045",West Bengal,India,2024-12-16
1328,Priya,Kala,priya.kala1328@gmail.com,7692689947,1973-04-12,"25/23, Bava, Faridabad-636071",Gujarat,India,2024-04-19
1329,Jatin,Jani,jatin.jani1329@yahoo.com,9491258193,1976-05-10,"43, Palla Marg, Guwahati 594568",Bihar,India,2024-03-02
1330,Jhalak,Balay,jhalak.balay1330@hotmail.com,1463187989,1999-08-11,"304, Kade Street, Korba-196025",ODISHA,India,2024-07-08
1331,Mitesh,Tandon,mitesh.tandon1331@gmail.com,0043866684,1971-09-26,"H.No. 275, Toor Chowk, Purnia-680537",Tamil Nadu,India,2024-10-24
1332,Dalbir,Vora,dalbir.vora1332@gmail.com,3097019982,1978-01-22,"H.No. 18, Devi Marg, Delhi 367828",Maharashtra,India,2026-07-12
1333,Ekansh,Sampath,ekansh.sampath1333@hotmail.com,0066881279,1995-05-13,"46/58, Sami Nagar, Hospet 241997",Gujarat,India,2026-02-11
1334,Saanvi,Anand,saanvi.anand1334@gmail.com,0808348098,2008-06-15,"H.No. 83, Kumer Ganj, Ratlam-726021",Assam,India,2026-05-26
1335,Yamini,Balan,yamini.balan1335@yahoo.com,6405997430,1978-12-07,"82, Khosla Path, Aligarh 688704",Telangana,India,2025-04-16
1336,Faris,Nath,faris.nath1336@yahoo.com,8137314217,2008-06-09,"94/43, Choudhry Ganj, Tinsukia 730597",Gujarat,India,2025-07-30
1337,Krishna,Balay,krishna.balay1337@hotmail.com,0784640157,1986-03-25,"H.No. 997, Nadig Circle, Tiruvottiyur-554245",Assam,India,2025-01-20
1338,Pahal,Ratti,pahal.ratti1338@yahoo.com,9299072267,1992-01-26,"H.No. 541, Varughese Ganj, Bahraich-868833",Punjab,India,2025-02-15
1339,Samaksh,Yadav,samaksh.yadav1339@hotmail.com,2254686296,1994-02-13,"57, Ben Road, Kollam-149262",Rajasthan,India,2024-01-03
1340,Jasmit,Agrawal,jasmit.agrawal1340@hotmail.com,0012664609,1988-12-25,"H.No. 091, Ramanathan Marg, Guntakal 454300",Haryana,India,2023-09-29
1341,Zilmil,Luthra,zilmil.luthra1341@yahoo.com,7420522589,1974-05-10,"216, Prakash Marg, Jehanabad 070861",Rajasthan,India,2026-04-23
1342,Warda,Chander,warda.chander1342@gmail.com,0250064227,2003-07-23,"65/265, Nagarajan Nagar, Anantapuram 741160",West Bengal,India,2024-04-09
1343,Kashvi,Pandey,kashvi.pandey1343@gmail.com,5598759204,1976-09-01,"016, Kashyap Road, Shahjahanpur-977444",Gujarat,India,2025-08-31
1344,Maanav,More,maanav.more1344@yahoo.com,8674047724,1979-05-05,,haryana,India,2025-01-23
1345,Oscar,Trivedi,oscar.trivedi1345@gmail.com,1642128265,1981-10-13,"489, Agarwal Zila, Bharatpur-999158",Odisha,India,2024-08-10
1346,Veer,Lalla,veer.lalla1346@hotmail.com,6512343440,1998-12-15,"31/395, Master, North Dumdum 845907",Gujarat,India,2023-01-27
1347,Jatin,Dugal,,1112642181,1978-08-28,"70, Bhardwaj Chowk, Bhopal-095062",Tamil Nadu,India,2024-01-15
1348,Teerth,Goyal,teerth.goyal1348@yahoo.com,2432657207,1985-04-30,"H.No. 789, Sastry Ganj, Shimla 239996",Kerala,India,2023-05-01
1349,Robert,Ramachandran,robert.ramachandran1349@hotmail.com,8454419838,2002-06-19,"29, Chaudhuri Nagar, Nagercoil-599527",Uttar Pradesh,India,2025-12-13
1350,Sanya,Tak,sanya.tak1350@gmail.com,5333179313,2005-12-27,"61/76, Bedi Path, Gorakhpur-002786",Uttar Pradesh,India,2026-06-16
1351,  Ishanvi  ,Vig,ishanvi.vig1351@hotmail.com,0051253806,1982-05-25,"769, Garde Ganj, Ramgarh 746226",Uttar Pradesh,India,2026-04-13
1352,Vamakshi,Nadig,vamakshi.nadig1352@gmail.com,1524387207,2005-04-26,"H.No. 44, Loyal, Guntakal-459624",Bihar,India,2023-10-27
1353,Arunima,Ahuja,arunima.ahuja1353@hotmail.com,7715736850,1996-02-18,"H.No. 11, Handa Nagar, Katihar 720759",Madhya Pradesh,India,2023-11-09
1354,Arunima,Prakash,arunima.prakash1354@yahoo.com,1966760150,1974-09-17,"H.No. 265, Setty Path, Avadi 566573",Haryana,India,2024-08-22
1355,Vansha,Srinivasan,vansha.srinivasan1355@yahoo.com,0506859023,1998-04-05,"21/470, Chaudhari Marg, Thanjavur 730534",delhi,India,2026-04-14
1356,  Aadi  ,Swaminathan,aadi.swaminathan1356@hotmail.com,6293096150,1976-12-21,"H.No. 690, Sant Ganj, Howrah-904117",Tamil Nadu,India,2025-01-31
1357,Upasna,Savant,upasna.savant1357@hotmail.com,3199467099,1995-09-02,"61/22, Vaidya, Surat-884779",Kerala,India,2026-08-23
1358,Yamini,Dua,yamini.dua1358@yahoo.com,7596868627,1991-03-12,"H.No. 971, Kurian Path, Thoothukudi-013367",Gujarat,India,2024-05-31
1359,Gagan,Bhatti,gagan.bhatti1359@yahoo.com,7814082824,2003-04-22,"16, Bhalla Path, Rourkela 159637",Karnataka,India,2025-10-11
1360,Frederick,Kapoor,frederick.kapoor1360@gmail.com,5181369004,2008-01-28,"44/940, Bhattacharyya Path, Navi Mumbai 942789",Rajasthan,India,2025-09-25
1361,Elijah,Dyal,elijah.dyal1361@yahoo.com,0986068144,2004-05-25,"H.No. 772, Mall, Delhi-708058",Bihar,India,2025-08-25
1362,Hemangini,Dube,hemangini.dube1362@yahoo.com,4977957240,1998-12-24,"H.No. 18, Chanda Marg, Sri Ganganagar-224947",Bihar,India,2026-05-07
1363,Harish,Madan,harish.madan1363@hotmail.com,8325199010,1986-08-22,"22/77, Bhakta Chowk, Gangtok-268239",Maharashtra,India,2025-10-30
1364,Jalsa,Prabhakar,jalsa.prabhakar1364@yahoo.com,4482138011,1995-09-27,"H.No. 513, Patil, Kulti-375083",Assam,India,2025-01-23
1365,Xavier,Dalal,xavier.dalal1365@yahoo.com,2523243421,1993-11-16,"H.No. 62, Ahuja Circle, Davanagere-500645",Madhya Pradesh,India,2026-01-18
1366,Chaitanya,Mody,chaitanya.mody1366@hotmail.com,9407828625,2000-01-06,"70/625, Sheth Circle, Nadiad-805582",Odisha,India,2025-12-23
1367,Laban,Sahota,laban.sahota1367@gmail.com,1675011532,2002-02-09,"H.No. 77, Raghavan Path, Rajpur Sonarpur 137998",Maharashtra,India,2025-02-12
1368,Azaan,Natarajan,azaan.natarajan1368@gmail.com,8981223965,1988-08-29,"H.No. 45, Dutt Zila, Yamunanagar-220834",West Bengal,India,2025-07-28
1369,Aahana,Luthra,aahana.luthra1369@gmail.com,1380718606,2000-01-10,"H.No. 068, Venkataraman Ganj, Tadepalligudem 162986",Karnataka,India,2024-05-02
1370,Qasim,Sundaram,qasim.sundaram1370@hotmail.com,7103630569,1971-04-07,"96/941, Kala Street, Gulbarga 888608",Odisha,India,2023-12-09
1371,Aarush,Sharma,aarush.sharma1371@gmail.com,9236036808,1973-04-24,"H.No. 37, Chowdhury Street, Malegaon 776383",Odisha,India,2026-01-13
1372,Elijah,Borra,elijah.borra1372@hotmail.com,4384309797,2000-03-08,"H.No. 818, Bhatti Nagar, Alwar 291311",Haryana,India,2026-07-27
1373,Libni,Parikh,libni.parikh1373@hotmail.com,4603023121,1976-10-06,"H.No. 23, Tak Street, Hajipur-185920",Karnataka,India,2025-12-27
1374,Arjun,Lal,arjun.lal1374@gmail.com,5272618910,1986-06-16,"H.No. 179, Naik Street, Kamarhati 223801",Delhi,India,2024-12-19
1375,Saumya,Balay,saumya.balay1375@gmail.com,9819401469,1978-11-20,"72, Dugar Chowk, Ichalkaranji-098063",Rajasthan,India,2024-05-18
1376,Indali,Karnik,indali.karnik1376@gmail.com,5016262510,1996-12-02,"30, Borde Path, Salem-320967",Kerala,India,2026-02-11
1377,Mason,Memon,mason.memon1377@gmail.com,4135966533,1978-06-02,"85/743, Chaudhuri Ganj, Dibrugarh-008416",Haryana,India,2026-01-29
1378,Krishna,Sura,krishna.sura1378@yahoo.com,1468314650,1976-02-01,"H.No. 84, Mani Marg, Allahabad 819023",Odisha,India,2026-02-26
1379,  Girish  ,Prashad,girish.prashad1379@yahoo.com,9889060917,1977-02-18,"92/677, Bail Path, Rewa 622843",Karnataka,India,2025-07-07
1380,Raagini,Pal,,2020487103,1998-07-29,"41, Manne Road, Nandyal 974531",Kerala,India,2025-04-15
1381,Januja,Pillay,januja.pillay1381@yahoo.com,8002906954,2003-07-11,"729, Jani Road, Tiruchirappalli-909824",Rajasthan,India,2024-02-28
1382,Jackson,Lalla,jackson.lalla1382@hotmail.com,4702360741,1982-12-29,"525, Jain Path, Maheshtala 176228",Telangana,India,2026-04-26
1383,Hiral,Mistry,hiral.mistry1383@gmail.com,5401637905,1971-10-10,"39, Kakar Ganj, Tadipatri-082965",Karnataka,India,2025-08-05
1384,Ikbal,Deshpande,ikbal.deshpande1384@gmail.com,+91-4646764785,1987-03-14,"H.No. 01, Kota Road, Raurkela Industrial Township 099286",Tamil Nadu,India,2024-08-19
1385,Maanas,Verma,maanas.verma1385@yahoo.com,1438255203,1975-04-04,"19/80, Grewal Path, Mahbubnagar 530673",Punjab,India,2025-09-30
1386,Umang,Bera,umang.bera1386@gmail.com,0167769219,2004-07-05,"H.No. 970, Pandya, Durg 540691",Karnataka,India,2025-07-08
1387,Yug,Uppal,yug.uppal1387@yahoo.com,7384315567,2004-07-06,"62/63, Soni Street, Rourkela-370391",Madhya Pradesh,India,2024-08-22
1388,Banjeet,Narain,banjeet.narain1388@yahoo.com,5141343076,1992-05-27,"81/605, Chauhan Zila, Chennai-423637",Karnataka,India,2026-05-28
1389,Tanveer,Shere,tanveer.shere1389@gmail.com,1318434135,1980-03-20,"H.No. 114, Raj Chowk, Nagpur-347873",West Bengal,India,2023-05-22
1390,Devika,Dara,devika.dara1390@yahoo.com,5647311688,1998-07-23,"700, Virk Circle, Rajahmundry-014857",Maharashtra,India,2025-04-15
1391,Hemang,Ravel,hemang.ravel1391@yahoo.com,0880418902,1989-12-22,"17, Lala Ganj, Visakhapatnam-363149",west bengal,India,2024-12-15
1392,Girik,Varty,girik.varty1392@gmail.com,7229380450,1978-02-13,"11/64, Sachar Chowk, Amaravati-738681",Maharashtra,India,2025-08-04
1393,Vivaan,Soman,vivaan.soman1393@hotmail.com,2781815539,1978-06-09,"136, Bhatnagar Chowk, Faridabad-384178",Uttar Pradesh,India,2024-02-02
1394,Agastya,Dubey,agastya.dubey1394@hotmail.com,4907264881,1987-12-31,"78, Ghose Zila, Raiganj-985930",Kerala,India,2026-06-21
1395,Mohammed,Gour,mohammed.gour1395@yahoo.com,4695395369,2000-03-27,"24, Sachdeva Circle, Guwahati-623067",Odisha,India,2025-06-17
1396,Dhruv,Mammen,dhruv.mammen1396@yahoo.com,0141280447,1991-09-14,"487, Thakur Road, Sambhal-378861",Punjab,India,2025-10-18
1397,Timothy,De,timothy.de1397@yahoo.com,6063951368,1988-12-06,"41, Krishnamurthy Marg, Vijayanagaram-337561",Haryana,India,2024-05-13
1398,Yashica,Magar,yashica.magar1398@yahoo.com,5777785929,2005-02-20,"H.No. 883, Manne Chowk, Hosur-396042",Punjab,India,2026-01-25
1399,Ekta,Agrawal,ekta.agrawal1399@gmail.com,6702178295,1980-11-30,"H.No. 037, Joshi Marg, Giridih 038043",Gujarat,India,2025-03-27
1400,Gautam,Dugar,gautam.dugar1400@yahoo.com,8655108619,1989-05-10,"31/32, Modi, Rourkela-594250",Gujarat,India,2026-05-27
1401,Netra,Prakash,netra.prakash1401@yahoo.com,5574863281,1973-03-18,"H.No. 557, Virk Ganj, Bhiwandi 960066",Tamil Nadu,India,2026-03-20
1402,Nikita,Bhavsar,nikita.bhavsar1402@hotmail.com,3176602445,2002-03-04,"H.No. 33, Seth Marg, Berhampore 546068",Odisha,India,2023-06-12
1403,Pranit,Sahni,pranit.sahni1403@gmail.com,3388249969,1977-12-11,"H.No. 88, Mani Nagar, Ramagundam 363487",DELHI,India,2024-04-04
1404,Henry,Devi,henry.devi1404@hotmail.com,1937902293,1980-08-03,"H.No. 213, Naik Road, Gandhidham 072566",Odisha,India,2025-06-26
1405,Vedhika,Deep,vedhika.deep1405@gmail.com,6365783715,2000-05-29,"77, Raghavan Chowk, Medininagar 932249",Tamil Nadu,India,2025-03-25
1406,Tejas,Sidhu,tejas.sidhu1406@gmail.com,7557912094,1985-04-05,"H.No. 38, Devi Circle, Giridih-694136",West Bengal,India,2026-07-27
1407,Anamika,Verma,anamika.verma1407@yahoo.com,9087863914,1985-05-28,"94/904, Lad Road, Alwar 707254",Kerala,India,2026-06-13
1408,Matthew,Srinivasan,matthew.srinivasan1408@hotmail.com,1095472874,1981-01-24,"14/60, Sen Ganj, Karaikudi 356899",Punjab,India,2025-06-01
1409,Anirudh,Pradhan,anirudh.pradhan1409@hotmail.com,7707501399,1996-11-23,"97, Ramesh Road, Tiruchirappalli 718626",Odisha,India,2026-03-17
1410,Ria,Wable,ria.wable1410@yahoo.com,6338638130,1986-02-23,"98/640, Krishnan, Sikar-497705",Delhi,India,2024-02-27
1411,Chameli,Luthra,chameli.luthra1411@gmail.com,9541217620,1979-04-03,"H.No. 82, Andra Circle, Giridih-053650",Maharashtra,India,2023-10-10
1412,Isha,Rastogi,isha.rastogi1412@hotmail.com,9690019233,1981-09-06,"H.No. 15, Narain Chowk, Ulhasnagar 686127",Karnataka,India,04/23/2025
1413,Rudra,Khurana,rudra.khurana1413@gmail.com,5694201844,1987-10-09,"29, Bera Path, Ichalkaranji-031841",Uttar Pradesh,India,2024-11-07
1414,Vidhi,Korpal,vidhi.korpal1414@hotmail.com,6523465546,1994-11-20,"67/264, Ben Road, Madanapalle-891435",Karnataka,India,2026-05-23
1415,Harinakshi,Lala,harinakshi.lala1415@gmail.com,6286078138,2008-01-10,"40/749, Thakur Zila, Surat 824055",Karnataka,India,2025-08-17
1416,Omisha,Panchal,omisha.panchal1416@gmail.com,0690611959,1999-12-03,"031, Warrior Path, Burhanpur-394428",Kerala,India,2026-07-21
1417,Ekani,Kumar,ekani.kumar1417@hotmail.com,0923195078,1971-04-30,"00/34, Grewal Ganj, Munger 055556",Haryana,India,2025-09-19
1418,Yashasvi,Mitra,yashasvi.mitra1418@hotmail.com,5657833939,2001-10-29,"51/88, Pandit Circle, Motihari 828095",Haryana,India,2024-08-06
1419,Yashodhara,Kibe,,8301898659,1989-01-12,"H.No. 56, Nagarajan Street, Bhind 327188",Odisha,India,2023-06-26
1420,Zinal,Seth,zinal.seth1420@yahoo.com,9802075204,1987-09-13,"906, Walia Road, Nangloi Jat-392024",Odisha,India,2026-02-14
1421,Aadhya,Luthra,aadhya.luthra1421@gmail.com,3197189011,1994-08-12,"916, Krishnan, Bhiwani-666471",Punjab,India,2026-08-01
1422,Vrinda,Kannan,vrinda.kannan1422@yahoo.com,7565208313,2008-05-13,"83/215, Batra Street, Kumbakonam-166430",bihar,India,2024-08-05
1423,Arjun,Minhas,arjun.minhas1423@gmail.com,1672324644,1991-08-07,"06, Khalsa Chowk, Malda-141810",West Bengal,India,2023-10-28
1424,Naveen,Bal,naveen.bal1424@hotmail.com,7980117056,1972-12-25,"57, Bail, Kamarhati 759479",Kerala,India,2024-08-31
1425,Ansh,Kalla,ansh.kalla1425@hotmail.com,8486523080,2007-11-03,"049, Ghosh Circle, Madhyamgram-002675",Karnataka,India,2023-10-30
1426,Sanya,Palan,sanya.palan1426@gmail.com,4163825117,1983-07-14,"21/72, Kar Marg, Bhopal-480886",Bihar,India,2023-11-24
1427,Farhan,Chhabra,farhan.chhabra1427@gmail.com,8044306577,2004-03-01,"H.No. 681, Wali Nagar, Malda-635215",West Bengal,India,2024-08-24
1428,Omya,Sule,omya.sule1428@gmail.com,1107068686,1976-06-28,"35, Mukhopadhyay, Jamalpur 374252",Assam,India,2024-07-14
1429,Sachi,Raghavan,sachi.raghavan1429@hotmail.com,7395166032,1982-10-09,"09/507, Panchal Zila, Udupi 323047",Punjab,India,2023-06-04
1430,Matthew,Nayar,matthew.nayar1430@hotmail.com,1159533841,2005-04-27,"881, Rege Path, Meerut 098051",Maharashtra,India,2025-08-26
1431,Tanveer,Lall,tanveer.lall1431@gmail.com,,1994-12-25,"441, Sheth Marg, Asansol 874309",assam,India,2024-06-02
1432,Xalak,Mitra,xalak.mitra1432@gmail.com,2683487092,1986-03-05,"90/84, Lanka Path, Burhanpur-773312",Bihar,India,2023-12-07
1433,Gopal,De,gopal.de1433@hotmail.com,6634041974,1983-07-15,"469, Varty Marg, Raipur 921751",Maharashtra,India,2024-12-18
1434,Yug,Prabhu,yug.prabhu1434@hotmail.com,8454705005,1988-03-27,"64, Sharaf Circle, Raipur 831276",Karnataka,India,2023-05-22
1435,Wahab,Hegde,wahab.hegde1435@yahoo.com,8224524881,1972-06-20,"H.No. 17, Pandit Marg, Vellore 411910",bihar,India,2025-07-05
1436,Brinda,Shere,brinda.shere1436@gmail.com,2983584480,1995-07-25,"771, Rajan Path, Jammu-917447",Tamil Nadu,India,2026-09-01
1437,Zayyan,Atwal,zayyan.atwal1437@hotmail.com,3089229064,1992-05-12,"40/29, Shetty Ganj, Chandrapur-265872",Telangana,India,2024-10-21
1438,Om,Khanna,om.khanna1438@hotmail.com,05626008059,1990-08-23,"30/053, Yogi Chowk, Bongaigaon 872203",Odisha,India,2024-01-30
1439,Ekavir,Bhat,ekavir.bhat1439@hotmail.com,6922397662,1971-02-01,"19/807, Date Nagar, Guntur 942863",Delhi,India,2026-03-11
1440,Wazir,Mohan,wazir.mohan1440@hotmail.com,6389874955,1983-04-30,"558, Pall Circle, Jalgaon-463891",Haryana,India,2024-08-02
1441,Finn,Bala,finn.bala1441@yahoo.com,8753029614,2004-06-06,"79, Dugar Path, Gaya 989145",Karnataka,India,2023-05-30
1442,Faris,Bobal,faris.bobal1442@hotmail.com,7284584874,2003-01-14,"28, Rao Circle, Panvel 720080",Tamil Nadu,India,2025-11-18
1443,Ansh,Buch,ansh.buch1443@hotmail.com,4357529255,1984-03-19,"90, Chawla Nagar, Kishanganj 236242",Kerala,India,2025-03-27
1444,Bhavika,Sule,bhavika.sule1444@hotmail.com,0251906724,1981-11-08,"72/487, Mani Chowk, Kharagpur 083572",Haryana,India,2026-06-04
1445,Ayushman,Chandra,ayushman.chandra1445@hotmail.com,0634741804,1996-02-21,"H.No. 597, Shan Path, Kakinada-828765",West Bengal,India,2023-10-24
1446,Jagvi,Parikh,jagvi.parikh1446@yahoo.com,5868568506,2007-02-03,"64/871, Bath Ganj, Meerut-554645",Assam,India,2023-09-23
1447,William,Mangal,william.mangal1447@yahoo.com,2948447041,2002-12-13,"370, Natt Marg, Amritsar 961387",West Bengal,India,2025-03-25
1448,Januja,Pall,januja.pall1448@yahoo.com,2298133241,2003-03-20,"H.No. 801, Sathe Marg, Durg-604890",Tamil Nadu,India,2025-04-07
1449,Zinal,Narula,,7143694749,2003-08-14,"86/161, Srivastava Circle, Yamunanagar-580843",West Bengal,India,2025-02-09
1450,Oeshi,Nadkarni,oeshi.nadkarni1450@gmail.com,7900531260,1973-10-17,"845, Pillai, Bhusawal 591268",Haryana,India,2026-09-03
1451,Bakhshi,Tandon,bakhshi.tandon1451@hotmail.com,7318359412,1974-02-21,"580, Mani Street, Imphal-116274",Kerala,India,2023-08-15
1452,Gaurangi,Chauhan,gaurangi.chauhan1452@yahoo.com,8632702317,2000-01-08,"07, Kata Marg, Panipat 346026",Tamil Nadu,India,2024-06-04
1453,Sathvik,Korpal,sathvik.korpal1453@hotmail.com,6416298702,2007-08-02,"H.No. 35, Soman Zila, Davanagere 850448",Uttar Pradesh,India,2024-12-21
1454,Lipika,Behl,lipika.behl1454@hotmail.com,35472-24055,1984-07-10,"900, Pau Road, Bhalswa Jahangir Pur 234087",Karnataka,India,2024-04-17
1455,Kavya,Sahota,,3555638598,1972-01-24,"97/48, Basak Marg, Hapur 733807",Assam,India,2025-02-27
1456,Jeremiah,Ravi,jeremiah.ravi1456@hotmail.com,0940447501,1994-05-29,"65/589, Barad, North Dumdum 972232",Delhi,India,2026-01-22
1457,Brijesh,Krishnan,brijesh.krishnan1457@gmail.com,0631910697,1981-09-14,,Telangana,India,2026-01-31
1458,Karan,Mani,karan.mani1458@yahoo.com,2249224302,1980-12-12,"H.No. 327, Garg Circle, Bilaspur 509791",Tamil Nadu,India,2023-06-04
1459,Viraj,Nayak,viraj.nayak1459@gmail.com,9561762948,1997-11-04,"H.No. 897, Patil Chowk, Gandhinagar-408307",Rajasthan,India,2026-04-16
1460,Chatura,Ramanathan,chatura.ramanathan1460@gmail.com,6027315672,1972-03-19,"924, Singhal Path, Malda-824382",West Bengal,India,2024-06-28
1461,Rachana,Ganesan,rachana.ganesan1461@hotmail.com,2228338138,1973-02-19,,Haryana,India,2026-05-23
1462,Mohammed,Krishnamurthy,,7089393504,1977-10-03,"74/153, Kaur Path, Nagaon-895919",Uttar Pradesh,India,2024-09-13
1463,Xavier,Bali,xavier.bali1463@hotmail.com,5875950825,1971-07-12,"H.No. 070, Sama Circle, Proddatur-948467",Maharashtra,India,2025-02-04
1464,Inaya,Ganguly,inaya.ganguly1464@hotmail.com,4835650869,1981-07-16,"H.No. 25, Chauhan Road, Ghaziabad 562412",Gujarat,India,2025-04-09
1465,Nikita,Sehgal,nikita.sehgal1465@yahoo.com,9405964703,1986-10-09,"H.No. 32, Sani Nagar, Gopalpur-261434",Tamil Nadu,India,2026-01-03
1466,Sarthak,Sridhar,sarthak.sridhar1466@gmail.com,2431091568,2003-09-16,"12/252, Majumdar Marg, Ichalkaranji 870676",Gujarat,India,2026-09-01
1467,Nihal,Toor,nihal.toor1467@yahoo.com,0707810101,1981-09-28,,Haryana,India,2025-02-24
1468,  Chatura  ,Bhatia,chatura.bhatia1468@yahoo.com,3149204993,1992-11-26,"H.No. 210, Baria Chowk, Tiruppur 055031",Uttar Pradesh,India,2026-08-06
1469,Yochana,Shah,yochana.shah1469@hotmail.com,0660675141,1984-07-21,"H.No. 60, Panchal, Shimoga 770215",Tamil Nadu,India,2025-06-10
1470,Lipika,Contractor,lipika.contractor1470@gmail.com,1116271435,2000-04-14,"16, Anne Path, Panchkula 553107",Punjab,India,2025-09-11
1471,Falan,Grover,falan.grover1471@gmail.com,7250845240,1978-04-22,"92/533, Barad Marg, Kanpur 191400",Assam,India,2025-01-21
1472,Yashasvi,Contractor,yashasvi.contractor1472@gmail.com,1922887415,2001-07-15,"H.No. 34, Basu Path, Machilipatnam-427386",Punjab,India,2023-05-26
1473,Meera,Sarkar,,1051292724,1994-06-20,"98, Rajan Ganj, Berhampore-070824",Bihar,India,2025-08-16
1474,Yahvi,Kapoor,yahvi.kapoor1474@hotmail.com,1331579208,2007-03-18,"62/017, Nanda Street, Kolhapur-608696",Karnataka,India,2024-08-07
1475,Gagan,Bahri,,0390927673,2000-03-10,"399, Basu Path, Katni-760550",Haryana,India,2026-09-01
1476,Avi,Bansal,avi.bansal1476@yahoo.com,9083069250,1990-09-12,"44, Mani Zila, Cuttack 361605",Tamil Nadu,India,2024-12-11
1477,Pranit,Basak,pranit.basak1477@yahoo.com,1918149836,1971-03-12,"177, Chander Road, Morena 755004",Karnataka,India,2024-09-24
1478,Wakeeta,Nori,wakeeta.nori1478@hotmail.com,01575229508,1977-11-10,"03/67, Sanghvi Road, Karimnagar 753515",Tamil Nadu,India,2023-07-22
1479,Wakeeta,Mane,wakeeta.mane1479@gmail.com,7081207800,1980-02-21,"H.No. 032, Thakkar Nagar, Mathura 160990",Rajasthan,India,2026-03-28
1480,Idika,Suresh,idika.suresh1480@hotmail.com,1661907644,1992-08-16,"46/16, Dass Street, Kirari Suleman Nagar 261054",Madhya Pradesh,India,2024-10-31
1481,Baljiwan,Gara,baljiwan.gara1481@hotmail.com,0284655921,2000-05-13,"H.No. 99, Handa Ganj, Panipat-391802",Telangana,India,2023-08-06
1482,Chaitaly,Sastry,chaitaly.sastry1482@yahoo.com,,1979-07-27,"794, Ramanathan Chowk, Vasai-Virar-429002",Madhya Pradesh,India,2026-05-20
1483,Noah,Sur,noah.sur1483@hotmail.com,2346151216,1981-07-21,"H.No. 066, Tiwari Path, Ambala-425658",Madhya Pradesh,India,2024-12-07
1484,Tejas,Narayan,tejas.narayan1484@yahoo.com,4450398638,1975-09-04,"14/49, Raman Circle, Durgapur-532831",Odisha,India,2026-05-23
1485,Saksham,Bains,saksham.bains1485@yahoo.com,7919048786,1983-10-19,"451, Wable Street, Madanapalle 541833",Uttar Pradesh,India,2023-05-09
1486,Hritik,Modi,hritik.modi1486@hotmail.com,,2000-04-18,"86, Sekhon Chowk, Thanjavur 053576",Delhi,India,2025-03-10
1487,Thomas,Ramanathan,thomas.ramanathan1487@yahoo.com,3614247415,1997-10-19,"61, Trivedi Road, Bilaspur-648517",Gujarat,India,2026/09/13
1488,Shivani,Pathak,shivani.pathak1488@hotmail.com,7306146017,1990-10-01,,Punjab,India,13-12-2024
1489,Urvi,Sridhar,urvi.sridhar1489@yahoo.com,5402347145,1980-03-07,"826, Sankar Path, Bokaro 675627",Assam,India,2025-02-19
1490,Zayan,Om,,0349893975,1984-10-04,"42/209, Sarma Road, Bathinda-476583",assam,India,2026-04-14
1491,Advay,Bir,advay.bir1491@hotmail.com,6927043885,1993-11-24,"83/443, Deep Nagar, Mathura 442402",Maharashtra,India,2025-05-14
1492,Aashi,Wason,aashi.wason1492@gmail.com,6886989087,1994-02-01,"477, Choudhury Zila, Amroha-378156",Tamil Nadu,India,2026-01-17
1493,Netra,Dugar,netra.dugar1493@gmail.com,3671387314,1975-05-13,"61, Gara Marg, Sikar 762182",Odisha,India,2024-06-10
1494,Ucchal,Golla,ucchal.golla1494@gmail.com,7686707167,1977-07-20,"25/78, Gera Path, Satna 980093",Punjab,India,2025-01-17
1495,Ekaraj,Kapoor,ekaraj.kapoor1495@yahoo.com,4542471155,1981-10-24,"51/71, Agarwal, Indore 776931",West Bengal,India,2026-03-26
1496,Mahika,Mishra,mahika.mishra1496@yahoo.com,8336425503,1978-09-01,"H.No. 125, Raval Road, Khammam-499959",Tamil Nadu,India,2024-07-18
1497,Saumya,Sinha,saumya.sinha1497@gmail.com,1705682583,1999-09-12,"H.No. 45, Hans Marg, Chittoor 686364",Assam,India,2025-09-09
1498,Devika,More,,0632673920,2008-01-22,"992, Chakraborty Zila, Shimoga-435069",Madhya Pradesh,India,2025-03-22
1499,Omkaar,Bhasin,omkaar.bhasin1499@hotmail.com,8721120382,1995-12-05,"H.No. 505, Palla, Unnao-168068",Haryana,India,2024-10-29
1500,Wazir,Barad,wazir.barad1500@yahoo.com,0546801314,1972-01-05,"43, Chaudry Street, Jamshedpur 495992",Maharashtra,India,2026-05-26
1501,Urvi,Chokshi,urvi.chokshi1501@hotmail.com,9091364176,1992-08-31,"48/36, Bala Nagar, Bidar 115360",Haryana,India,2025-03-07
1502,Bishakha,Kade,bishakha.kade1502@hotmail.com,5349732009,1994-06-03,"H.No. 30, Kannan Path, Hapur 248888",Kerala,India,2026/01/14
1503,Charita,Tandon,charita.tandon1503@gmail.com,6485551693,1971-05-15,"41/193, Issac Path, Mumbai 891667",Haryana,India,2024-08-07
1504,Avi,Parsa,avi.parsa1504@gmail.com,8586804394,1987-06-13,"H.No. 85, Varkey Chowk, Narasaraopet 370377",Uttar Pradesh,India,2025-01-29
1505,Fitan,Dube,fitan.dube1505@gmail.com,8869485307,1978-07-16,"H.No. 09, Dalal Path, Kanpur 018136",Karnataka,India,08 Jun 2024
1506,Bahadurjit,Agate,bahadurjit.agate1506@gmail.com,8541234810,1973-07-21,"H.No. 39, Dhingra Marg, Karimnagar-144129",Maharashtra,India,2026-02-28
1507,Darsh,Bhatnagar,darsh.bhatnagar1507@gmail.com,2152941761,1991-04-21,"H.No. 09, Oza Marg, Bulandshahr-216694",Bihar,India,2025-01-20
1508,Darpan,Agarwal,darpan.agarwal1508@gmail.com,2330167965,1990-04-28,"836, Mohanty Circle, Durg-446228",Assam,India,2025-08-04
1509,Vidhi,Lalla,,5389059509,1971-07-26,"36/25, Swamy Chowk, Guwahati 872741",Madhya Pradesh,India,2025-06-12
1510,Kashish,Buch,kashish.buch1510@yahoo.com,9815551849,2006-12-08,"522, Sule Zila, Warangal-248729",Tamil Nadu,India,2024-02-20
1511,Neel,Bajaj,neel.bajaj1511@gmail.com,7265134204,1991-01-10,"H.No. 456, Pradhan Street, Ghaziabad 024130",Kerala,India,2025-04-16
1512,Isaiah,Kade,isaiah.kade1512@gmail.com,6442143778,1971-04-14,"70, Sane Street, Farrukhabad-697998",Bihar,India,2024-06-02
1513,Qarin,Panchal,qarin.panchal1513@yahoo.com,4113507649,2006-04-18,"63/396, Bal Circle, Mango-194750",Karnataka,India,2024-11-21
1514,Ishani,Gour,ishani.gour1514@gmail.com,1127042259,1995-09-19,"H.No. 33, Ray Zila, Chinsurah-974469",Delhi,India,2026-04-20
1515,Vinaya,Contractor,,1115787239,1989-03-12,"58/602, Mitra Marg, Bhagalpur 245884",Uttar Pradesh,India,2024-10-20
1516,Samuel,Sehgal,samuel.sehgal1516@gmail.com,7875080571,1997-09-25,"H.No. 00, Sura Street, Danapur 244379",Tamil Nadu,India,2025-02-17
1517,Nidra,Ramakrishnan,nidra.ramakrishnan1517@yahoo.com,4486711881,2002-01-31,"73/477, Sahni Road, Kadapa-527331",Assam,India,2025-05-20
1518,Zinal,Cheema,zinal.cheema1518@yahoo.com,7541354557,1995-01-18,"70, Prakash Road, Bhagalpur-017314",Punjab,India,2025-06-27
1519,Urishilla,Gera,urishilla.gera1519@yahoo.com,1298567240,1974-09-02,,Kerala,India,2025-06-03
1520,Yashasvi,Deshmukh,yashasvi.deshmukh1520@gmail.com,2204106496,1982-05-27,"014, Shenoy Circle, Nashik-737250",Odisha,India,2024-07-24
1521,William,Dyal,william.dyal1521@gmail.com,6932050650,1972-10-16,"84/45, Kalla Street, Chandrapur 110020",Maharashtra,India,2025-10-08
1522,Keya,Swamy,keya.swamy1522@yahoo.com,4062321517,1991-02-21,"29/60, Virk Path, Raichur-143422",Assam,India,2025-09-22
1523,Chakradhar,Mangat,chakradhar.mangat1523@gmail.com,0772228749,1971-12-14,"42, Rao Circle, Gwalior-678738",Bihar,India,2024-08-27
1524,Zaitra,Bhandari,zaitra.bhandari1524@gmail.com,1305292383,1999-09-13,"50, Mangat Road, Sikar-244896",Haryana,India,2026-01-31
1525,  Nimrat  ,Banerjee,nimrat.banerjee1525@yahoo.com,2616554279,1991-07-25,"146, Rajan Zila, Bijapur-610296",Punjab,India,2025-05-04
1526,Jeevika,Lall,jeevika.lall1526@yahoo.com,,1995-11-11,"H.No. 62, Seshadri Ganj, Panipat 456048",Karnataka,India,2026-07-30
1527,Ishanvi,Chadha,ishanvi.chadha1527@gmail.com,6563226791,1999-08-03,"592, Gokhale Chowk, Machilipatnam 222925",Punjab,India,2025-07-31
1528,Aarini,Bobal,aarini.bobal1528@hotmail.com,5761765722,1980-01-31,"07, Kalita, Ichalkaranji-833783",Uttar Pradesh,India,2025-05-12
1529,Isaiah,Pandey,isaiah.pandey1529@hotmail.com,+91-6686680807,1985-08-13,"H.No. 002, Sundaram Street, Ahmedabad 604709",Maharashtra,India,2025-02-28
1530,Balendra,Keer,balendra.keer1530@gmail.com,1421374727,1976-08-10,"68/949, Lad Path, Panchkula-293369",Bihar,India,2024-06-07
1531,Yasti,Kala,yasti.kala1531@gmail.com,0728195981,2003-11-06,"88/04, Johal Nagar, Singrauli 724452",Telangana,India,2025-01-19
1532,Jagvi,Lad,jagvi.lad1532@gmail.com,7327222155,1977-10-05,"99, Grewal Ganj, Nizamabad 116516",Telangana,India,2023-05-13
1533,Mohini,Ghose,,1339660575,1970-11-12,"11, Chada Circle, Guntur-723919",Delhi,India,2025-04-01
1534,Adya,Ratta,adya.ratta1534@yahoo.com,0636985167,1997-09-05,"97, Bhat Marg, Durgapur 644995",Delhi,India,2026-09-06
1535,Bimala,Keer,bimala.keer1535@yahoo.com,4342491626,1996-10-13,"H.No. 42, Dhillon Street, Gaya-219738",Punjab,India,2026-02-12
1536,Ayaan,Kaul,ayaan.kaul1536@yahoo.com,3175102958,1974-03-23,"271, Misra Nagar, Dhule 135634",karnataka,India,2026-07-28
1537,Dominic,Sarraf,dominic.sarraf1537@gmail.com,6335471543,2008-07-24,"H.No. 768, Dhaliwal, Patna 829945",Tamil Nadu,India,2024-03-12
1538,Benjamin,Ghose,benjamin.ghose1538@hotmail.com,5718691981,2000-01-23,"H.No. 453, Nigam Marg, Kollam 861367",Telangana,India,2025-10-25
1539,Libni,Bumb,libni.bumb1539@yahoo.com,6054337073,1997-01-05,"47/069, Khatri Path, Akola-789406",tamil nadu,India,2025-02-16
1540,Shravya,Dey,shravya.dey1540@hotmail.com,7204186293,1994-05-02,"75/86, Swamy Road, Kanpur-925531",Madhya Pradesh,India,2026-06-10
1541,Gaurika,Narain,,6161438403,1987-12-03,"H.No. 45, Sahota Chowk, Amaravati-142509",Rajasthan,India,2026-05-01
1542,Ronith,Rege,ronith.rege1542@hotmail.com,3855288231,1984-02-08,"34/35, Patla Circle, Medininagar-763858",Telangana,India,2023-03-31
1543,Manbir,Dhar,manbir.dhar1543@yahoo.com,3763662871,2006-02-02,"595, Hayer Path, Uluberia-698958",Delhi,India,2025-05-11
1544,Kabir,Lall,kabir.lall1544@hotmail.com,3099728554,2000-04-14,"149, Lall Zila, Madurai-440967",Tamil Nadu,India,2025-07-11
1545,Manan,Mukhopadhyay,manan.mukhopadhyay1545@gmail.com,7404052770,2002-09-22,"30, Sathe Chowk, Pondicherry-090651",Uttar Pradesh,India,2024-08-04
1546,Barkha,Bajaj,barkha.bajaj1546@yahoo.com,3461504117,1994-04-27,"H.No. 925, Kade Zila, Kolkata-950114",HARYANA,India,2026-03-16
1547,Sanaya,Goda,sanaya.goda1547@hotmail.com,5552378390,1987-06-21,"45/684, Deshpande Road, Ahmednagar 338846",Delhi,India,2026-01-11
1548,Brijesh,Johal,brijesh.johal1548@hotmail.com,8308241301,1983-09-22,"03/59, Mannan Ganj, Shivpuri 334307",Uttar Pradesh,India,2026-01-28
1549,Max,Chaudhry,max.chaudhry1549@hotmail.com,1606392318,1974-12-04,"08/023, Khosla Circle, Gangtok 025795",Haryana,India,2024-07-15
1550,Ishita,Sampath,ishita.sampath1550@yahoo.com,,1979-10-26,"H.No. 02, Thakkar Ganj, Asansol-317591",Uttar Pradesh,India,2026-03-04
1551,Advaith,Basu,advaith.basu1551@hotmail.com,3957286939,1980-08-20,"73, Kala Ganj, Raiganj 534802",Madhya Pradesh,India,2026-07-18
1552,Lopa,Raman,lopa.raman1552@hotmail.com,3858552010,1997-01-04,,Uttar Pradesh,India,2026-05-11
1553,Siya,Shan,siya.shan1553@yahoo.com,2549839103,1977-03-02,"728, Bhakta Zila, Kavali 295755",Kerala,India,2024-03-23
1554,Ishwar,Dugal,ishwar.dugal1554@yahoo.com,7007963302,2004-04-27,"68, Ghosh, Dehradun-462133",Telangana,India,2026-07-28
1555,Idika,Goel,idika.goel1555@hotmail.com,6562192959,1982-03-20,"H.No. 475, Sarna Ganj, Thiruvananthapuram 825648",Bihar,India,2026-09-09
1556,Priya,Muni,priya.muni1556@yahoo.com,6955770518,1984-02-26,"96/45, Chaudhary Zila, Bhimavaram-592568",Tamil Nadu,India,2026-06-20
1557,Dayita,Gandhi,dayita.gandhi1557@yahoo.com,6979508046,1988-01-18,"50/41, Dhar Marg, Bathinda-209225",Haryana,India,2026-05-14
1558,Qarin,Kapur,qarin.kapur1558@hotmail.com,2944627635,1977-05-06,"71/51, Narasimhan Street, Uluberia-853358",Odisha,India,2025-10-08
1559,Chaaya,Bhavsar,chaaya.bhavsar1559@yahoo.com,3595228751,2003-07-12,"17/49, Krish Chowk, Bhilai 496336",Gujarat,India,2025-01-27
1560,Gopal,Bhagat,gopal.bhagat1560@yahoo.com,4596197400,2003-01-11,"H.No. 45, Mahajan, Hubli–Dharwad 420841",Madhya Pradesh,India,2025-11-25
1561,Rachit,Ray,rachit.ray1561@yahoo.com,9078725505,2004-01-04,"37/57, Agate Chowk, Adoni 061694",Karnataka,India,2024-06-05
1562,Janya,Chaudhry,janya.chaudhry1562@gmail.com,8369559582,1974-12-27,"691, Rama Path, Khora -608276",West Bengal,India,2023-05-08
1563,Advay,Gara,advay.gara1563@hotmail.com,5120945969,1975-06-07,"43/85, Iyer Marg, Morena-984913",Kerala,India,30 Jul 2026
1564,Urvashi,Wadhwa,urvashi.wadhwa1564@yahoo.com,1881113379,1998-07-15,"H.No. 32, Bumb Road, Ahmedabad-127879",Kerala,India,2025-03-10
1565,Yatan,Uppal,yatan.uppal1565@yahoo.com,8132208220,1986-07-10,,Haryana,India,2026-04-12
1566,Harini,Badal,harini.badal1566@gmail.com,8422417018,2007-08-28,"43/403, Om Nagar, Chapra-517333",Uttar Pradesh,India,2024-07-12
1567,Ishwar,Kaul,ishwar.kaul1567@yahoo.com,2015297968,2005-09-24,"H.No. 670, Sahni Nagar, Varanasi-124076",Uttar Pradesh,India,2023-01-12
1568,Geetika,Kala,geetika.kala1568@yahoo.com,9213501134,1987-02-23,"29/18, Trivedi Road, Raurkela Industrial Township 949725",Gujarat,India,2026-08-25
1569,Manan,Bhakta,manan.bhakta1569@yahoo.com,4421756394,1981-11-27,"H.No. 444, Salvi Road, Shivpuri-814525",Telangana,India,2023-11-13
1570,Yasti,Vaidya,yasti.vaidya1570@hotmail.com,4650893043,1975-10-27,"H.No. 391, Sarkar Ganj, Mau 839377",Tamil Nadu,India,2023-07-08
1571,Kevin,Sastry,kevin.sastry1571@hotmail.com,+91-5422412503,1989-01-31,"H.No. 72, Karpe Street, Ulhasnagar 741975",Odisha,India,2023-09-27
1572,Vansha,Bawa,vansha.bawa1572@hotmail.com,6323998877,1978-12-07,"H.No. 858, Sharma Ganj, Raurkela Industrial Township-632189",Rajasthan,India,2026-09-11
1573,Kala,Chaudhry,kala.chaudhry1573@hotmail.com,8858998181,1981-05-22,"17/83, Deshmukh Road, Bulandshahr 339553",Assam,India,2024-05-16
1574,Rohan,Guha,rohan.guha1574@yahoo.com,1972040932,2001-07-07,"H.No. 917, Choudhury Ganj, Nellore-243087",Rajasthan,India,2024-08-08
1575,Onkar,Mohan,onkar.mohan1575@yahoo.com,8390712125,1999-10-09,"H.No. 241, Thakur, Chittoor-449520",Rajasthan,India,2026-05-25
1576,Faraj,Parekh,faraj.parekh1576@gmail.com,1197789516,1987-06-14,"H.No. 544, Dhawan Nagar, Bahraich 012316",Maharashtra,India,2025-07-29
1577,Urishilla,Pillai,urishilla.pillai1577@gmail.com,0036685743,1975-12-08,"18/458, Rama Zila, Nashik 129182",Odisha,India,2024-05-14
1578,Rishi,Som,rishi.som1578@gmail.com,1129803102,1977-12-31,"H.No. 06, Menon Chowk, Etawah-292546",Odisha,India,2026-07-09
1579,Arya,Talwar,arya.talwar1579@yahoo.com,1691455903,1983-07-01,"372, Sarkar Road, Bidhannagar 226761",Kerala,India,2023-08-29
1580,Ria,Arora,ria.arora1580@yahoo.com,5224205964,1989-06-09,"43, Chacko Chowk, Thane-489731",Madhya Pradesh,India,2026-07-23
1581,Chakradhar,Das,chakradhar.das1581@yahoo.com,5399521154,1974-10-30,"H.No. 437, Bhat, Motihari 883585",Delhi,India,2026-05-12
1582,Yadavi,Kapur,yadavi.kapur1582@yahoo.com,5487597997,2004-08-13,"90/436, Ganesh Circle, Khammam 849785",Haryana,India,2023-05-01
1583,Sneha,Virk,sneha.virk1583@hotmail.com,7253081580,1973-01-18,"H.No. 193, Mander Street, Ongole 999275",Madhya Pradesh,India,2026-01-24
1584,Reva,Cherian,reva.cherian1584@gmail.com,2959635187,1977-03-16,"093, Bose Marg, Jaipur 446419",West Bengal,India,2024-07-21
1585,Nakul,Mani,nakul.mani1585@gmail.com,3675806932,2007-02-07,"H.No. 713, Kothari Nagar, Bhopal 184679",Telangana,India,2026-01-22
1586,Udyati,Soni,udyati.soni1586@hotmail.com,7316927592,1972-11-15,"H.No. 069, Singhal Chowk, Faridabad 970183",Odisha,India,2024-09-09
1587,Mitali,Raj,mitali.raj1587@hotmail.com,80610-85370,1975-09-24,"H.No. 222, Gara Zila, Karaikudi 905101",Bihar,India,2023-06-12
1588,Faraj,Bir,faraj.bir1588@hotmail.com,9349106769,2005-10-08,"H.No. 94, Bumb Zila, Berhampur 822519",West Bengal,India,2023-03-01
1589,Krishna,Narayan,krishna.narayan1589@hotmail.com,1672117025,1985-03-10,"H.No. 02, Dugar Road, Kadapa-548057",Bihar,India,2025-05-24
1590,Falguni,Agate,falguni.agate1590@gmail.com,+91-2426335231,2006-09-17,"H.No. 320, Badal Street, Mysore-920318",Telangana,India,2024-05-14
1591,Pavani,Shere,pavani.shere1591@yahoo.com,8228780739,1986-06-27,"H.No. 966, Sen Marg, Akola-029649",Kerala,India,2025-08-12
1592,Benjamin,Kurian,benjamin.kurian1592@hotmail.com,1649545844,1993-06-09,"715, Kumar Ganj, Kirari Suleman Nagar-287322",West Bengal,India,2026-09-09
1593,Krishna,Sandhu,krishna.sandhu1593@yahoo.com,8427494645,2001-04-29,"143, Sagar Marg, Phusro 538823",Odisha,India,2025-12-03
1594,Yuvraj,Mody,,3566822896,1975-11-21,"03/980, Jaggi Zila, Kirari Suleman Nagar 191577",Gujarat,India,2023-03-18
1595,Hardik,Mukhopadhyay,,1581623153,2007-08-06,,Odisha,India,2023-05-14
1596,Reva,Devan,reva.devan1596@gmail.com,1098100944,1984-09-24,"32, Prashad Nagar, Sikar-276380",Haryana,India,2025-09-11
1597,Oscar,Raja,oscar.raja1597@gmail.com,6763114310,2002-05-28,"H.No. 14, Sankaran Street, Guntur-064614",Tamil Nadu,India,2026-09-06
1598,Yashawini,Jaggi,yashawini.jaggi1598@hotmail.com,6742895405,2006-06-12,"94/75, Trivedi Street, Nanded 597989",Karnataka,India,2026/03/17
1599,Rachit,Mani,rachit.mani1599@yahoo.com,4042100149,1991-05-07,"85, Prabhu Road, Buxar 579866",Gujarat,India,2024-05-25
1600,Raagini,Goda,raagini.goda1600@gmail.com,9530025539,2006-03-07,"73, Gill Zila, Sangli-Miraj & Kupwad-587013",Rajasthan,India,2026-05-20
1601,Jackson,Bhatnagar,jackson.bhatnagar1601@yahoo.com,1733583624,2008-09-12,"H.No. 69, Mukhopadhyay Road, Begusarai 871713",Gujarat,India,2025-01-03
1602,Tanveer,Pall,tanveer.pall1602@hotmail.com,0548256273,1983-01-02,"H.No. 612, Dhaliwal Nagar, Deoghar-842775",Assam,India,2025-02-09
1603,Tristan,Ranganathan,tristan.ranganathan1603@hotmail.com,2097506699,1974-08-13,"59/44, Salvi Zila, Aurangabad 311156",Tamil Nadu,India,2025-06-18
1604,Eesha,Muni,,6218060363,1999-06-19,"291, Pandya Marg, Tiruchirappalli 073987",Tamil Nadu,India,2024-10-29
1605,Bina,Vaidya,bina.vaidya1605@yahoo.com,4430074577,1973-09-09,"51/831, Konda Marg, Akola 336305",Odisha,India,2026-03-20
1606,Ira,Sheth,,6070250766,1988-01-23,"52/61, Salvi Nagar, Serampore 326474",Telangana,India,2026-09-03
1607,Aashi,Bhatt,aashi.bhatt1607@gmail.com,0439684835,2003-08-08,"H.No. 820, Sura Circle, Munger 881939",Delhi,India,2025-01-03
1608,Maanav,Sood,maanav.sood1608@gmail.com,8993819879,1994-09-12,"H.No. 817, Shan Path, Bangalore 808675",West Bengal,India,2025-08-20
1609,Jonathan,Sabharwal,jonathan.sabharwal1609@gmail.com,9152893281,1999-03-08,"31, Chacko Ganj, Ramagundam 135276",Punjab,India,2024-01-25
1610,Hemangini,Oommen,hemangini.oommen1610@hotmail.com,7651182566,2001-02-09,"27, Narayan Zila, Deoghar-628134",Madhya Pradesh,India,2024-01-29
1611,Gauri,Bajwa,gauri.bajwa1611@gmail.com,4607496875,1975-04-28,"H.No. 48, Contractor Street, Bellary-125588",Madhya Pradesh,India,2023-05-11
1612,Urishilla,Mammen,,0315134650,2006-05-28,"38/744, Swamy Chowk, Ambattur-125383",Madhya Pradesh,India,2023-04-17
1613,Gagan,Bal,gagan.bal1613@yahoo.com,7299766562,1980-09-21,"33/67, Sha Chowk, Bijapur 084397",Punjab,India,30 Nov 2024
1614,Isaac,Venkatesh,isaac.venkatesh1614@gmail.com,0340935827,2004-12-24,"106, Rana Marg, Junagadh-184788",Punjab,India,2025-08-10
1615,Unni,Vora,unni.vora1615@hotmail.com,5879579711,1989-08-23,"19, Prashad Nagar, Kamarhati-108327",Tamil Nadu,India,2026-03-09
1616,Mitali,Ramanathan,mitali.ramanathan1616@hotmail.com,8998420032,1996-03-10,"H.No. 24, Char Zila, Gulbarga-765133",Madhya Pradesh,India,2026-04-13
1617,Barkha,Prakash,barkha.prakash1617@yahoo.com,0396108492,1983-07-10,"868, Rao Chowk, Asansol 676213",Karnataka,India,2025-10-16
1618,Ekani,Raval,ekani.raval1618@gmail.com,3153834899,1983-06-12,"H.No. 859, Muni Nagar, Ludhiana-417036",Bihar,India,08-07-2026
1619,Qadim,Kohli,qadim.kohli1619@yahoo.com,3134241471,1997-12-05,"H.No. 779, Dhaliwal Road, Navi Mumbai-172748",Kerala,India,2025/02/17
1620,Faris,Oak,faris.oak1620@gmail.com,5079631324,1999-11-07,"65/19, Ramanathan Marg, Ongole-457065",West Bengal,India,2026-04-25
1621,Rachita,Tripathi,rachita.tripathi1621@yahoo.com,3785771712,2005-11-23,"67, Suri Nagar, Mumbai-279624",Bihar,India,2026-02-12
1622,Qadim,Savant,,3003987806,1982-05-03,"86/849, Sur Circle, Madanapalle 203922",West Bengal,India,2023-09-02
1623,Neha,Thaker,neha.thaker1623@yahoo.com,3755785457,1985-01-26,"H.No. 64, Badami Ganj, Korba 225750",Bihar,India,2025-06-03
1624,Lakshit,Gade,lakshit.gade1624@yahoo.com,4350945573,1980-07-14,"22, Swamy Road, Haldia-382807",Delhi,India,2024-01-25
1625,Darsh,Bawa,darsh.bawa1625@gmail.com,5886417939,2007-04-03,"39/338, Hayre Ganj, Haldia-868982",Tamil Nadu,India,2025-09-19
1626,Jason,Sem,jason.sem1626@gmail.com,8165223507,1983-11-01,"521, Virk, Gandhinagar-960334",haryana,India,2025-10-19
1627,Indali,Bhandari,indali.bhandari1627@hotmail.com,7226628107,1977-05-30,"39, Borra Chowk, Narasaraopet-597468",Maharashtra,India,2024-02-11
1628,Vedant,Kalla,vedant.kalla1628@gmail.com,3740624261,2006-10-16,"77/36, Chopra Path, Medininagar-986613",Gujarat,India,2023-12-05
1629,  Charvi  ,Bail,charvi.bail1629@yahoo.com,5724763985,1976-01-27,"H.No. 728, Karan Road, Loni 099986",Punjab,India,2026-01-24
1630,Naveen,Loyal,naveen.loyal1630@hotmail.com,0514904873,1987-03-09,"453, Memon Marg, Salem 779977",Odisha,India,2024-08-20
1631,Naveen,Dhaliwal,naveen.dhaliwal1631@hotmail.com,4615330027,1976-02-12,"69, Sarkar Chowk, Siwan 514538",Gujarat,India,2025-05-16
1632,Advaith,Dada,advaith.dada1632@yahoo.com,,1985-01-16,"22/44, Parekh Path, Sonipat 322148",Telangana,India,2024-02-10
1633,Dayamai,Mammen,dayamai.mammen1633@gmail.com,9995176993,2008-02-28,"95, Barman, Ahmedabad 695106",Maharashtra,India,2026-02-24
1634,Sathvik,Sabharwal,sathvik.sabharwal1634@gmail.com,2874081173,2001-12-13,"H.No. 452, Sastry Circle, Bhavnagar-028405",Assam,India,2023-03-01
1635,Yadavi,Parmer,yadavi.parmer1635@gmail.com,6083191260,1976-03-12,"H.No. 98, Magar Zila, Kanpur-865471",Assam,India,2025-07-27
1636,Rachit,Tata,rachit.tata1636@hotmail.com,5487487056,1994-05-08,"H.No. 60, More, Katni 501235",Madhya Pradesh,India,2024-11-11
1637,Megha,Prasad,megha.prasad1637@yahoo.com,0505908557,1972-09-14,"39/19, Sura Road, Kamarhati-299035",Maharashtra,India,2026-02-14
1638,Fitan,Ram,fitan.ram1638@gmail.com,0276471424,2003-10-01,"90/266, Keer Street, Hospet 813309",Rajasthan,India,2024-01-09
1639,Yagnesh,Chaudhari,yagnesh.chaudhari1639@yahoo.com,2378034633,2005-02-21,"H.No. 65, Ramaswamy Marg, Katihar 580005",West Bengal,India,2026-04-18
1640,Inaya,Kale,inaya.kale1640@hotmail.com,5750154385,2005-03-09,"94, Chhabra, Bettiah 514466",Rajasthan,India,2025-08-12
1641,Harita,Krishnan,harita.krishnan1641@gmail.com,1006562666,1974-03-24,"53/637, Sandal Chowk, Karimnagar 990234",Bihar,India,2023-08-26
1642,Kevin,Kaul,kevin.kaul1642@hotmail.com,6226648491,1981-05-28,"883, Kamdar Marg, Siwan 533151",Odisha,India,2023-03-27
1643,Faras,Hegde,faras.hegde1643@yahoo.com,11702-78473,1994-08-23,"239, Subramanian Zila, Aurangabad-822588",Odisha,India,2026-08-30
1644,Anjali,Hegde,anjali.hegde1644@gmail.com,5740874740,1983-09-01,"61/75, Om Marg, Shivpuri-618344",Madhya Pradesh,India,2025-04-14
1645,Jeet,Chadha,jeet.chadha1645@hotmail.com,9545519241,1976-05-18,"H.No. 84, Bhavsar Nagar, Chandigarh-064914",BIHAR,India,2023-01-05
1646,Simon,Korpal,simon.korpal1646@yahoo.com,2015691461,1982-05-01,"376, Madan Circle, Tadipatri 341781",Punjab,India,2026-09-11
1647,Abdul,Sur,abdul.sur1647@gmail.com,7145149514,1971-04-19,"680, Gill Chowk, Purnia-808438",Assam,India,2023-07-24
1648,Ekapad,Raja,ekapad.raja1648@hotmail.com,8272309907,1990-05-30,"H.No. 03, Amble Nagar, Delhi 519908",Bihar,India,2024-02-01
1649,Yochana,Srinivas,yochana.srinivas1649@gmail.com,0027632722,1973-11-18,"H.No. 432, Basu Marg, Bhimavaram-473535",Bihar,India,2025-10-11
1650,Nitesh,Sahota,nitesh.sahota1650@hotmail.com,4930539734,2002-10-02,,Haryana,India,2026-03-01
1651,Xavier,Contractor,xavier.contractor1651@yahoo.com,1199136564,1980-07-10,"00, Datta Marg, Rourkela 843579",Punjab,India,2025-08-12
1652,Raghav,Yogi,raghav.yogi1652@hotmail.com,9458922517,2005-05-29,"77/56, Murty Path, Ujjain-638367",Uttar Pradesh,India,2026-08-29
1653,Idika,Setty,idika.setty1653@gmail.com,1012213387,1986-03-15,"H.No. 48, Nayak Ganj, Bathinda-498839",Kerala,India,2025-10-28
1654,Zinal,Iyer,zinal.iyer1654@hotmail.com,5254309353,1986-11-08,"34, Salvi Marg, Bhiwani 471575",Punjab,India,2026-08-28
1655,Henry,Badal,henry.badal1655@hotmail.com,1030221239,1986-06-26,"98, Deshpande Ganj, Jamnagar-414226",Haryana,India,2026-07-19
1656,Kiaan,Sachar,kiaan.sachar1656@hotmail.com,1445371504,2001-10-27,"77/88, Brar Nagar, Nagercoil-326842",Punjab,India,2026-03-24
1657,Parth,Ramaswamy,parth.ramaswamy1657@gmail.com,5469033693,1978-02-21,"73/23, Chaudhry Circle, Durg-527876",West Bengal,India,2025-02-14
1658,Neel,Raj,neel.raj1658@gmail.com,3564093099,1994-12-25,"H.No. 786, Ramanathan Chowk, Loni 919487",Tamil Nadu,India,2024-03-21
1659,Jacob,Ghose,jacob.ghose1659@gmail.com,9002415517,1981-01-27,"533, Solanki Street, Bikaner-668685",Rajasthan,India,2026-09-10
1660,Amruta,Kala,amruta.kala1660@gmail.com,6210651494,2001-08-13,"43/105, Sarna Path, Amritsar-302759",Telangana,India,2025-01-10
1661,Ganga,Rajagopal,ganga.rajagopal1661@hotmail.com,9358434231,1986-06-14,"12/586, Samra Nagar, Kolkata 804099",Delhi,India,2024-03-22
1662,Edhitha,Dash,edhitha.dash1662@yahoo.com,4050850134,1992-12-04,"41, Garg Street, Avadi-254392",Uttar Pradesh,India,2026-06-22
1663,  Siddharth  ,Rao,siddharth.rao1663@gmail.com,2408174425,1981-07-20,"68, Bahl Street, Motihari 224661",Kerala,India,2023-04-25
1664,Nathaniel,Yadav,nathaniel.yadav1664@gmail.com,0209790963,2006-04-07,"53, Dalal Ganj, Pimpri-Chinchwad 533797",Telangana,India,2026-01-24
1665,Lopa,Behl,lopa.behl1665@yahoo.com,7758725371,1970-10-08,"330, Iyengar Nagar, Naihati 964741",Odisha,India,2026-02-23
1666,Warinder,Boase,warinder.boase1666@gmail.com,1968394842,1977-12-15,"H.No. 43, Balan Nagar, Bijapur-315653",Tamil Nadu,India,2026-02-26
1667,Ladli,Sankaran,ladli.sankaran1667@yahoo.com,3646351452,2003-05-06,"H.No. 34, Nagi Circle, Hindupur-993496",Gujarat,India,2026-01-22
1668,Raksha,Shan,,3521970640,1984-03-16,"15/402, Lal Road, Ambala-075016",Gujarat,India,2025-04-16
1669,Widisha,Bail,widisha.bail1669@gmail.com,9141052696,1978-03-08,"126, Munshi Road, Panihati-768796",Assam,India,2026-08-15
1670,Damini,Ramakrishnan,damini.ramakrishnan1670@yahoo.com,6986301333,1988-11-24,"02, Sule Marg, Madanapalle-149491",Haryana,India,2026-02-20
1671,Indira,Dar,indira.dar1671@yahoo.com,,2003-04-11,"879, Raval Path, Aizawl-096615",Rajasthan,India,2024-03-11
1672,Ranveer,Dugar,ranveer.dugar1672@hotmail.com,7890885069,1994-01-28,"71/120, Singh Street, Nagpur-385951",Maharashtra,India,2025-08-01
1673,Liam,Dube,,2230335823,1997-01-31,"H.No. 139, Tank, Latur 927876",Gujarat,India,2024-08-30
1674,Naksh,Korpal,naksh.korpal1674@yahoo.com,8422966514,2007-12-16,"43, Rau Nagar, Lucknow-814849",Bihar,India,2023-07-10
1675,Jatin,Tiwari,jatin.tiwari1675@hotmail.com,+91-2029811300,1994-01-19,"H.No. 19, D’Alia Circle, Bahraich-330507",Bihar,India,2024-12-06
1676,Ati,Nori,ati.nori1676@gmail.com,4327192980,1999-04-28,"16, Kala, Mangalore 088516",Bihar,India,03/12/2026
1677,Wridesh,Toor,wridesh.toor1677@gmail.com,7057410376,1979-07-19,"H.No. 525, Kade Circle, Gwalior 357811",Haryana,India,2026-08-23
1678,Arunima,Saraf,arunima.saraf1678@yahoo.com,7132901029,1986-05-03,"H.No. 858, Dara Zila, Bareilly 602353",Maharashtra,India,2026-08-15
1679,Mekhala,Upadhyay,mekhala.upadhyay1679@gmail.com,1408123563,2004-07-11,"H.No. 271, Gole Marg, Dehri-787181",Kerala,India,2026-02-05
1680,Rushil,Wali,rushil.wali1680@gmail.com,7705104730,2003-02-24,"114, Gera Circle, Tiruchirappalli-304446",Madhya Pradesh,India,2025-03-26
1681,Chaman,Din,chaman.din1681@yahoo.com,3490019768,1992-04-03,"H.No. 041, Patla, Chandigarh 030766",Delhi,India,2026-03-19
1682,Aayush,Ram,aayush.ram1682@hotmail.com,,1973-05-21,"18/69, Dey Marg, Parbhani 405572",Punjab,India,2026-06-01
1683,Dayamai,Tara,dayamai.tara1683@yahoo.com,1396362091,2003-01-11,"23, Balakrishnan Zila, Bahraich 668637",Maharashtra,India,2026-06-10
1684,Janani,Kale,janani.kale1684@yahoo.com,0470571265,1975-10-21,"65/666, Chandran Chowk, Berhampore 112070",odisha,India,2026-03-17
1685,Andrew,Nazareth,andrew.nazareth1685@hotmail.com,5967926255,1974-09-05,"H.No. 03, Palan Ganj, Jorhat-861868",Odisha,India,2025-10-06
1686,Rayaan,Anne,rayaan.anne1686@yahoo.com,4229978532,1998-11-04,"89/30, Atwal, Chennai-376584",Rajasthan,India,2025-11-29
1687,Amol,Cherian,amol.cherian1687@yahoo.com,5650257870,2002-05-21,"799, Madan Nagar, Nellore 919918",Kerala,India,2026-02-13
1688,Osha,Loke,osha.loke1688@hotmail.com,62696-16367,1999-10-11,"969, Gole Road, Navi Mumbai-489788",Punjab,India,2024-03-05
1689,  Alka  ,Char,alka.char1689@hotmail.com,4527705087,1998-05-28,"448, Yadav Zila, Mango 013919",Kerala,India,2024-09-18
1690,Triya,Bhatia,,1420134984,1978-05-04,"H.No. 462, Soman Road, Thiruvananthapuram 723627",Telangana,India,2026-03-23
1691,Viraj,Batta,viraj.batta1691@hotmail.com,3454468432,2005-07-02,"68/61, Sharma Chowk, Howrah 909919",Tamil Nadu,India,2024-06-04
1692,Xiti,Mallick,xiti.mallick1692@yahoo.com,6170995110,1993-12-01,"62, Bhandari Zila, Ajmer-579550",Haryana,India,2026-07-10
1693,Christopher,Kunda,christopher.kunda1693@yahoo.com,1566305727,1971-08-13,,Odisha,India,2023-11-30
1694,Manya,Balakrishnan,manya.balakrishnan1694@hotmail.com,2032489323,1995-02-07,"94, Rama Marg, Kurnool-414842",Uttar Pradesh,India,2024-01-03
1695,Yashoda,Banik,yashoda.banik1695@yahoo.com,5746585785,1986-08-11,"H.No. 27, Khurana, Kharagpur 985165",Punjab,India,2026-04-30
1696,Vritti,Johal,vritti.johal1696@yahoo.com,1877863414,1976-03-11,"H.No. 76, Sehgal Ganj, Surat-188727",Madhya Pradesh,India,2025-10-21
1697,Omya,Bhakta,omya.bhakta1697@yahoo.com,+91-7420505784,1989-03-10,"465, Wali Zila, Ratlam 531214",Rajasthan,India,2025-05-07
1698,Vivaan,Verma,vivaan.verma1698@gmail.com,9086865146,2004-08-10,"59/396, Bansal Chowk, Thanjavur-226412",West Bengal,India,2026-07-04
1699,Libni,Prasad,libni.prasad1699@yahoo.com,,1980-09-11,"11, Buch Ganj, Allahabad-149800",DELHI,India,2026-07-30
1700,Aachal,Savant,aachal.savant1700@hotmail.com,5577343282,1998-01-22,"18/366, Lala, Secunderabad-846987",Odisha,India,2025-03-08
1701,  Sudiksha  ,Mutti,sudiksha.mutti1701@hotmail.com,5627137024,1978-07-18,"89/09, Raghavan Nagar, Bhopal 783062",Madhya Pradesh,India,2023-12-13
1702,Pavani,Mannan,,8899872444,2005-09-27,"092, Mohan Chowk, Tezpur-981122",Odisha,India,2026-09-13
1703,Ethan,Om,ethan.om1703@hotmail.com,2851368405,1972-02-25,"700, Seth Circle, Fatehpur 190032",Bihar,India,2025-09-08
1704,Raagini,Bala,raagini.bala1704@yahoo.com,4784326748,1976-09-21,,Assam,India,2026-03-15
1705,Owen,Brahmbhatt,owen.brahmbhatt1705@hotmail.com,4599682243,1983-09-25,"H.No. 88, Venkatesh, Tadepalligudem-307814",Tamil Nadu,India,2026-03-08
1706,Forum,Sibal,forum.sibal1706@gmail.com,70779-24454,1974-12-04,"H.No. 315, Vyas Marg, Bhagalpur-024264",Gujarat,India,2025-08-22
1707,Pushti,Kashyap,pushti.kashyap1707@hotmail.com,06845831090,1982-10-06,"632, Palla Chowk, Gaya 192642",TAMIL NADU,India,2026-07-09
1708,Abeer,Ghose,abeer.ghose1708@gmail.com,+91-2880736649,1974-11-25,"19/643, Pai Ganj, Asansol 950211",Haryana,India,2025-07-29
1709,Yashoda,Sinha,yashoda.sinha1709@gmail.com,0082220532,2003-06-19,"08, Wadhwa, Jalna-617101",Tamil Nadu,India,2025-01-21
1710,Pratyush,Lall,pratyush.lall1710@yahoo.com,9911739066,1981-07-28,"60/273, Samra Zila, Mathura 024506",Assam,India,2024-07-10
1711,Ryan,Date,ryan.date1711@hotmail.com,0524169456,2001-12-14,"64, Dar Marg, Dehradun-000013",Bihar,India,2023-03-15
1712,Sachi,Lall,sachi.lall1712@gmail.com,8471073823,1999-08-03,"62, Kadakia Street, Agartala-015417",Rajasthan,India,2023-06-06
1713,Jyoti,Shenoy,jyoti.shenoy1713@hotmail.com,+91-6100005911,1989-06-21,"39/33, Trivedi Road, Baranagar 269631",Haryana,India,2024-09-07
1714,Idika,Panchal,idika.panchal1714@hotmail.com,08757-57513,2007-02-25,"08, Maharaj Road, Munger-013813",Punjab,India,2023-01-23
1715,Chanchal,Chopra,chanchal.chopra1715@hotmail.com,2932645701,1989-12-14,,Assam,India,2025-06-22
1716,Baljiwan,Walla,baljiwan.walla1716@gmail.com,2775699906,1979-07-23,,Odisha,India,2026-03-09
1717,Raagini,Modi,raagini.modi1717@gmail.com,8309753363,1982-08-10,"18/61, Nagarajan Chowk, Bongaigaon-345496",Kerala,India,2026-08-18
1718,Omkaar,Gera,omkaar.gera1718@gmail.com,9925583003,2006-04-14,"34, Chatterjee Road, Guna-348831",Bihar,India,2023-11-16
1719,Quincy,Sastry,quincy.sastry1719@hotmail.com,7783407932,2004-08-30,"71/771, Ahuja Zila, Anantapuram 207361",Delhi,India,2024-07-21
1720,Ekaja,Sha,ekaja.sha1720@yahoo.com,7918480000,1989-08-19,"21/489, Kumer Nagar, Vijayawada-392158",Karnataka,India,2026-08-15
1721,Faras,Doctor,faras.doctor1721@yahoo.com,2443764561,2003-07-21,"83/365, Savant, Morbi 914871",Punjab,India,2026-01-13
1722,Alexander,Vaidya,alexander.vaidya1722@gmail.com,8265619789,1993-08-18,"69, Dani, Chapra-770866",KARNATAKA,India,2025-03-05
1723,Chaman,Yohannan,chaman.yohannan1723@hotmail.com,,1984-03-13,"H.No. 06, Deol Circle, Kulti 339347",Delhi,India,2024-11-12
1724,Girik,Gill,girik.gill1724@yahoo.com,08865707385,2000-01-20,"H.No. 732, Kothari Zila, Delhi 878928",Maharashtra,India,2026-04-07
1725,Alexander,Gala,alexander.gala1725@hotmail.com,9557693088,1990-08-31,"91/90, Datta Marg, Gwalior 434491",Maharashtra,India,2023-09-30
1726,Vyanjana,Mukherjee,vyanjana.mukherjee1726@yahoo.com,8486711724,1992-02-05,"H.No. 36, Batta Path, Vasai-Virar-267240",Odisha,India,2024-04-15
1727,Ladli,Gade,ladli.gade1727@hotmail.com,0132156670,1989-11-29,"10, Nath Road, Ranchi-189802",madhya pradesh,India,2023-10-01
1728,Xavier,Cheema,xavier.cheema1728@hotmail.com,0503461173,1977-04-04,"H.No. 65, Mital Path, Guwahati 335591",Maharashtra,India,2025-09-09
1729,Charvi,Chahal,charvi.chahal1729@yahoo.com,6303633864,1986-06-23,"44, Nanda Ganj, Ratlam 191653",Kerala,India,2024-04-02
1730,Triya,Bahri,triya.bahri1730@yahoo.com,9677813414,1985-10-24,"H.No. 91, Kalita Path, Nagpur 435184",Tamil Nadu,India,2024-02-16
1731,Kritika,Joshi,kritika.joshi1731@hotmail.com,9465132710,1972-03-13,,Telangana,India,2025-05-27
1732,Leela,Kakar,leela.kakar1732@gmail.com,3625932865,1974-04-26,"12/83, Bala Nagar, Malegaon-818392",Bihar,India,2026-03-20
1733,Jack,Sachdeva,jack.sachdeva1733@yahoo.com,7761960791,1980-11-24,,Kerala,India,2025-01-31
1734,Laksh,Mukhopadhyay,laksh.mukhopadhyay1734@yahoo.com,4094147716,2003-04-27,"24/46, Dyal Circle, Silchar-629703",Madhya Pradesh,India,2024-12-31
1735,Bhavani,Sarna,bhavani.sarna1735@gmail.com,2322426378,1990-08-02,"H.No. 41, Oommen Road, Saharsa 847590",Kerala,India,2023-03-14
1736,Udyati,Mandal,udyati.mandal1736@hotmail.com,76434-41057,1981-04-02,"532, Koshy, Agartala-483451",Uttar Pradesh,India,2024-03-02
1737,Jyoti,Nagar,jyoti.nagar1737@gmail.com,7547281570,1992-08-15,"H.No. 622, Mital Nagar, Sultan Pur Majra 149487",Madhya Pradesh,India,2026-05-02
1738,Zarna,Krishna,zarna.krishna1738@hotmail.com,6152830568,1976-12-22,"H.No. 780, Thaker, Tirunelveli 925210",Odisha,India,2026-05-18
1739,Anusha,Dhawan,anusha.dhawan1739@gmail.com,4791302792,1995-04-13,"H.No. 002, Srinivas Street, Karimnagar-998835",Bihar,India,2025-02-03
1740,Zashil,Kakar,zashil.kakar1740@gmail.com,0322408077,2000-09-05,"15, Raghavan Nagar, Siliguri-608889",Tamil Nadu,India,2025-01-10
1741,Neel,Bedi,neel.bedi1741@hotmail.com,1512286600,1984-09-25,"41/17, Prakash Zila, Noida-487372",west bengal,India,2024-10-11
1742,Ansh,Cherian,ansh.cherian1742@gmail.com,9968483432,1997-03-09,"H.No. 542, Nori, Shivpuri-947700",Rajasthan,India,2024-07-27
1743,Gaurang,Chacko,gaurang.chacko1743@hotmail.com,3533635921,1988-06-24,"H.No. 15, Walia Path, Bidar 143870",Gujarat,India,2026-03-14
1744,Devansh,Oza,devansh.oza1744@yahoo.com,1188959491,1984-12-20,"H.No. 733, Ramakrishnan Marg, Farrukhabad 431374",Odisha,India,2026-08-05
1745,Aadi,Chander,aadi.chander1745@hotmail.com,1106382244,1971-08-02,"51/89, Dara Circle, Orai 517915",Punjab,India,2023-08-26
1746,William,Rattan,william.rattan1746@hotmail.com,3459489304,1981-07-14,"H.No. 069, Rattan Path, Madanapalle 331679",Assam,India,2025-03-27
1747,Om,Ramachandran,om.ramachandran1747@yahoo.com,0307505999,2007-03-02,"H.No. 671, Cheema Nagar, Gandhinagar 105920",Madhya Pradesh,India,2024-05-08
1748,Falguni,Kale,falguni.kale1748@hotmail.com,4945583931,1991-03-28,"H.No. 93, Shere Road, Siliguri-888107",PUNJAB,India,2026-04-19
1749,Keya,Khare,keya.khare1749@gmail.com,1970307817,1994-07-23,"H.No. 88, Chad Zila, Dehradun-761518",Punjab,India,2023-10-01
1750,Yadavi,Lata,yadavi.lata1750@yahoo.com,4676004259,1971-10-29,"544, Mitra Path, Tezpur-196149",West Bengal,India,2023-12-24
1751,Andrew,Bhavsar,andrew.bhavsar1751@hotmail.com,0905444962,2003-02-24,"897, Bava Ganj, Sambhal-675244",Rajasthan,India,2026-05-24
1752,Wridesh,Chawla,wridesh.chawla1752@yahoo.com,9970658112,1977-08-11,"36/35, Sama Nagar, Kota-271662",Kerala,India,2025-06-12
1753,Veer,Parmar,veer.parmar1753@gmail.com,0177265581,1978-07-18,"H.No. 42, Ahluwalia Chowk, Suryapet 332002",Uttar Pradesh,India,2025-12-29
1754,Udant,Bassi,udant.bassi1754@yahoo.com,7407185331,1983-01-11,"H.No. 62, Sharma Circle, Nellore 848336",Odisha,India,2025-06-14
1755,Matthew,Choudhry,matthew.choudhry1755@yahoo.com,96458-71663,1981-08-21,"168, Batra Circle, Delhi-821557",West Bengal,India,2026-06-18
1756,Gagan,Desai,gagan.desai1756@yahoo.com,2188334017,1980-09-10,"55/766, Puri, Hapur 671171",Maharashtra,India,2025-01-02
1757,Caleb,Kari,caleb.kari1757@yahoo.com,7417565923,1999-03-14,"237, Rau Zila, Bijapur-335199",Assam,India,2026-03-30
1758,Nathaniel,Bhatti,nathaniel.bhatti1758@gmail.com,5292709930,1994-04-10,"H.No. 117, Borde Ganj, Solapur 910460",Karnataka,India,2026-02-11
1759,Garima,Grewal,garima.grewal1759@hotmail.com,4956686510,1972-07-12,,Tamil Nadu,India,2025-12-10
1760,  Anthony  ,Swamy,anthony.swamy1760@yahoo.com,5776543959,1982-05-23,"31, Merchant Street, Patiala 749116",Haryana,India,2024-07-11
1761,Yashodhara,Lanka,yashodhara.lanka1761@hotmail.com,8182223449,1971-12-31,"56/94, Narasimhan Road, Firozabad 157299",Tamil Nadu,India,2024-12-22
1762,Kevin,Raghavan,kevin.raghavan1762@hotmail.com,7133914382,1974-03-29,"395, Lalla Path, Siliguri-913720",Uttar Pradesh,India,2025-04-09
1763,Upadhriti,Sastry,upadhriti.sastry1763@hotmail.com,0978039934,2002-01-08,"75/391, Chahal, Jamalpur-891835",Haryana,India,2026-05-24
1764,Warinder,Tella,warinder.tella1764@yahoo.com,5050681511,1971-03-16,"62, Singh Zila, Nanded-243814",Uttar Pradesh,India,2024-11-10
1765,Janani,Rout,janani.rout1765@yahoo.com,4997530144,1980-12-06,"H.No. 45, Chakraborty Nagar, Ajmer 198848",Delhi,India,2024-09-09
1766,Farhan,Dave,,9308989309,1974-07-05,"41/766, Sarna, Sambhal 828266",Rajasthan,India,2024-12-26
1767,Darpan,Badami,darpan.badami1767@hotmail.com,9773549625,1987-09-29,"135, Gulati Path, Kochi 534364",Telangana,India,2023-11-23
1768,Tristan,Shroff,tristan.shroff1768@gmail.com,7564403148,1985-06-25,"H.No. 72, Palan Nagar, Imphal 216855",Rajasthan,India,2025-09-10
1769,Mitesh,Ram,mitesh.ram1769@hotmail.com,,1982-10-04,"88/668, Wadhwa, Navi Mumbai-652854",Gujarat,India,2025-10-17
1770,Rohan,Balay,rohan.balay1770@yahoo.com,3614163707,2006-12-31,"H.No. 502, Memon, Mango-977881",West Bengal,India,2023-03-07
1771,Adweta,Trivedi,adweta.trivedi1771@yahoo.com,5905424878,1972-06-30,"14, Vala Nagar, Morbi 156992",Telangana,India,2024-10-18
1772,Ishwar,Iyengar,ishwar.iyengar1772@yahoo.com,1688404763,1975-10-16,"91/415, Grewal, Durgapur 677416",Telangana,India,2024-12-13
1773,Sai,Mammen,sai.mammen1773@yahoo.com,7856371643,1983-06-24,"59/52, Bobal Road, Kochi 874782",Bihar,India,2025-08-21
1774,Yug,Mahajan,yug.mahajan1774@hotmail.com,2510110288,1982-08-28,"H.No. 011, Bath Street, Malda 748157",Kerala,India,2025-11-29
1775,Gopal,Mahal,gopal.mahal1775@gmail.com,8021245824,1992-04-25,"H.No. 927, Patil Circle, Agartala 642542",Odisha,India,2025-07-28
1776,Triya,Bhat,triya.bhat1776@gmail.com,9154666920,1996-06-04,"318, Bal Chowk, New Delhi-445397",Uttar Pradesh,India,2025-09-22
1777,Chakradhar,Gera,chakradhar.gera1777@hotmail.com,3856980284,2006-08-27,"26, Majumdar Circle, Moradabad-790447",Kerala,India,2023-08-04
1778,Hiral,Keer,hiral.keer1778@yahoo.com,6060823820,1983-02-07,"78, Loyal Street, Satara-309222",Maharashtra,India,2023-04-10
1779,Jai,Datta,jai.datta1779@hotmail.com,6903583223,2006-11-26,"H.No. 24, Ramanathan Zila, Hazaribagh-881489",Bihar,India,2026/04/26
1780,Anika,Ganesan,anika.ganesan1780@hotmail.com,3322846619,1995-05-03,"18/63, Choudhry Street, Ambattur 521455",Kerala,India,2026-05-08
1781,Aarini,Sekhon,aarini.sekhon1781@gmail.com,7004899744,2002-01-26,"H.No. 374, Patla Circle, Loni-743200",Maharashtra,India,2024-11-16
1782,Aayush,Koshy,aayush.koshy1782@gmail.com,7366758598,1985-11-29,"335, Thaker Ganj, Panchkula 238940",Kerala,India,2025-01-13
1783,Bimala,Shanker,bimala.shanker1783@yahoo.com,9278120796,1983-02-11,"242, Narang Chowk, Bhiwandi 372017",Uttar Pradesh,India,2026-05-07
1784,Arin,Bhatt,arin.bhatt1784@gmail.com,5556774735,2003-01-18,"H.No. 49, Trivedi, Pallavaram-677880",Uttar Pradesh,India,2026-01-28
1785,  Noah  ,Mangat,noah.mangat1785@hotmail.com,3008334187,1979-08-21,"30/38, Gupta Nagar, Agartala 137312",Odisha,India,2026-08-13
1786,Kala,Balakrishnan,kala.balakrishnan1786@yahoo.com,9875997322,2006-02-09,"39/86, Chandra Ganj, Gurgaon 046786",Delhi,India,2025-02-13
1787,Banjeet,Kapadia,banjeet.kapadia1787@hotmail.com,,2005-04-23,"H.No. 49, Dar Zila, Jodhpur-154272",West Bengal,India,2024-12-21
1788,Tripti,Karnik,tripti.karnik1788@gmail.com,8087258423,1982-12-23,"52, Padmanabhan Zila, Morbi-311434",Bihar,India,2023-08-15
1789,Libni,Rajagopal,libni.rajagopal1789@gmail.com,6775972777,1973-04-12,"H.No. 534, Narula Marg, Baranagar 968348",Delhi,India,2023-12-13
1790,Yamini,Suri,yamini.suri1790@gmail.com,4629291773,2006-12-22,"11/00, Subramaniam Nagar, Panvel-182637",Bihar,India,2024-07-14
1791,Ekavir,Zacharia,ekavir.zacharia1791@yahoo.com,3225081933,1995-01-01,"45/454, Subramaniam Road, Raiganj-924477",Maharashtra,India,2024-11-02
1792,Faqid,Shah,faqid.shah1792@yahoo.com,6686799420,2005-09-30,"82/37, Chada Marg, Ratlam-087879",Tamil Nadu,India,2025-08-26
1793,Ekaraj,Goel,ekaraj.goel1793@hotmail.com,2126358156,1971-10-23,"251, Iyengar, Ratlam-284437",Odisha,India,2024-12-11
1794,Qarin,Tella,qarin.tella1794@yahoo.com,1252004320,1996-04-04,"479, Sahota Marg, Kirari Suleman Nagar-031729",Tamil Nadu,India,2025-10-28
1795,Chandresh,Kalita,chandresh.kalita1795@yahoo.com,1376848141,1999-01-16,"H.No. 19, Agate Street, Purnia 385194",Rajasthan,India,2023-02-04
1796,Neha,Zacharia,neha.zacharia1796@yahoo.com,9340107528,1972-03-12,"575, Dave Nagar, Naihati-122725",Telangana,India,2026-03-06
1797,Bhavika,Pau,bhavika.pau1797@yahoo.com,3079582546,1980-12-05,"78, Apte Ganj, Imphal-638066",Odisha,India,2024-09-03
1798,Vasudha,Mistry,,7372291764,1977-08-01,,Delhi,India,2024-03-11
1799,Avni,Mital,avni.mital1799@gmail.com,9228356022,1999-02-09,,Haryana,India,2023/10/27
1800,Henry,Sur,henry.sur1800@yahoo.com,1726108456,1983-07-10,"H.No. 265, Wable Nagar, Karimnagar-853799",West Bengal,India,2024-10-04
1801,Yasti,Bumb,yasti.bumb1801@yahoo.com,08096511988,1996-01-15,"217, Upadhyay Chowk, Durg 747706",Haryana,India,2025-11-05
1802,Hema,Nori,hema.nori1802@hotmail.com,4856432754,1972-03-18,"770, Padmanabhan Zila, Nanded-699818",Delhi,India,2026-03-16
1803,Jhalak,Dass,jhalak.dass1803@yahoo.com,0085463164,1972-11-11,"32/37, Narasimhan Path, Kottayam-331493",Rajasthan,India,2025-04-11
1804,Ishita,Mangal,ishita.mangal1804@hotmail.com,9282066653,1995-06-09,"H.No. 900, Yadav Street, Mumbai-032666",Assam,India,2026-06-24
1805,Unnati,Arya,unnati.arya1805@hotmail.com,4499162776,2002-12-21,"H.No. 01, Deol Street, Mirzapur 537592",Kerala,India,2025-08-28
1806,Elijah,Shetty,elijah.shetty1806@yahoo.com,,2007-10-20,"74, Randhawa Road, Panvel 486491",Bihar,India,2026-06-21
1807,Ekiya,Andra,ekiya.andra1807@yahoo.com,1233153497,1989-03-23,"H.No. 037, Cheema Path, Aligarh-486689",Delhi,India,2024-02-23
1808,Ranveer,Setty,ranveer.setty1808@hotmail.com,,1991-12-22,"H.No. 219, Buch, Guntakal 253595",Uttar Pradesh,India,2025-01-02
1809,Abhimanyu,Chacko,abhimanyu.chacko1809@hotmail.com,5497059445,1979-09-12,"102, Jayaraman Nagar, Mumbai 136042",Kerala,India,2025-04-20
1810,Hardik,Ahuja,hardik.ahuja1810@gmail.com,6879752100,1973-03-28,"H.No. 25, Sant Path, Ajmer-290544",Gujarat,India,2026-07-12
1811,Triveni,Chakrabarti,triveni.chakrabarti1811@gmail.com,6739293690,2001-05-07,"358, Nath Ganj, Surendranagar Dudhrej 204770",Karnataka,India,2026-01-04
1812,Rohan,Amble,rohan.amble1812@hotmail.com,6273255382,1972-03-20,"62/250, Joshi Marg, Bettiah-732301",Punjab,India,2024-10-11
1813,Nirja,Kunda,nirja.kunda1813@yahoo.com,5038095418,1980-08-02,"H.No. 010, Madan Road, Bellary-509809",Haryana,India,2025-11-20
1814,  Wyatt  ,Kumar,wyatt.kumar1814@gmail.com,0087684865,1993-01-10,"H.No. 27, Ramakrishnan Chowk, Bhind-564429",Punjab,India,2023-01-16
1815,Wakeeta,Om,wakeeta.om1815@gmail.com,9325267494,1977-05-15,"09, Ghosh Path, Danapur 498714",kerala,India,2024-05-14
1816,Anthony,Kapadia,anthony.kapadia1816@hotmail.com,7779312404,1977-08-09,"23, Swaminathan Zila, Etawah-373477",Maharashtra,India,2026-05-06
1817,Teerth,Bhatia,teerth.bhatia1817@hotmail.com,5858276546,1995-05-31,"037, Nagi Circle, Agartala 298368",Maharashtra,India,2024-05-14
1818,Ishwar,Bail,ishwar.bail1818@yahoo.com,0561155510,1988-06-20,"61/15, Wable Circle, Rajkot 187297",Tamil Nadu,India,2026-03-12
1819,Fariq,Grewal,fariq.grewal1819@yahoo.com,1562420605,2005-01-19,"05/43, Doshi Path, Suryapet-194719",Uttar Pradesh,India,2024-04-17
1820,Karan,Kota,karan.kota1820@gmail.com,1073257592,1998-08-10,"H.No. 89, Bhat, Alappuzha 317210",Bihar,India,2024-07-09
1821,Ati,Rana,ati.rana1821@gmail.com,1867019878,1995-04-03,"H.No. 59, Chopra Ganj, Korba 254709",West Bengal,India,2026-02-03
1822,Reyansh,Kunda,reyansh.kunda1822@gmail.com,5054076471,1992-10-01,"81, Chakrabarti Ganj, Thoothukudi 948072",Haryana,India,2026-04-09
1823,Ridhi,Wali,ridhi.wali1823@yahoo.com,8458402227,2000-05-20,"06/67, Nayak Street, Sultan Pur Majra-444519",Uttar Pradesh,India,2024-08-07
1824,Ria,Suresh,ria.suresh1824@yahoo.com,1083063443,1972-02-27,"H.No. 75, Goyal Road, Jaunpur 534972",Punjab,India,2026-04-07
1825,Oni,Venkatesh,oni.venkatesh1825@hotmail.com,2253502277,2007-11-09,"847, Kanda Zila, Bangalore 877522",Telangana,India,2026-06-17
1826,Fitan,Dyal,fitan.dyal1826@hotmail.com,0402342033,1977-08-21,"500, Chatterjee Street, Bulandshahr 836669",Karnataka,India,2026-09-08
1827,Ranbir,Ray,ranbir.ray1827@yahoo.com,9491997851,1981-05-03,"296, Tank Chowk, Pallavaram 942831",Madhya Pradesh,India,2026-02-03
1828,Meera,Chopra,meera.chopra1828@yahoo.com,6334280911,1989-11-02,"H.No. 97, Ahluwalia Chowk, Rampur-140654",Odisha,India,2026-07-11
1829,Mekhala,Pandit,mekhala.pandit1829@gmail.com,6749075351,2008-03-24,"29, Kant Ganj, Ghaziabad 651582",Assam,India,2024-12-30
1830,Tanay,Ben,,7605967656,1976-08-03,"H.No. 41, Raja Road, Adoni-938925",Madhya Pradesh,India,2026-09-11
1831,Harrison,Mangat,harrison.mangat1831@hotmail.com,7352908311,1996-04-01,"H.No. 78, Vora Marg, Kollam-071811",Rajasthan,India,2025-10-26
1832,Zehaan,Krishnamurthy,zehaan.krishnamurthy1832@gmail.com,6971870153,1986-01-20,"H.No. 41, Bhattacharyya, Madanapalle 117426",Uttar Pradesh,India,2024-04-13
1833,Karan,Dhar,,0451228589,1973-09-27,"35/743, Dada Zila, Ludhiana 924601",Madhya Pradesh,India,2024-06-05
1834,Matthew,Parmer,matthew.parmer1834@yahoo.com,2631508108,2004-06-26,"29/579, Kala Nagar, Alwar 642823",Karnataka,India,2025-07-11
1835,Xiti,Mammen,xiti.mammen1835@hotmail.com,6918648412,2003-02-03,"H.No. 593, Basak Chowk, Ulhasnagar 235264",Haryana,India,2023-02-13
1836,Shaurya,Raj,shaurya.raj1836@gmail.com,3887057162,1997-10-05,"H.No. 87, Ben Nagar, Rohtak-146994",Kerala,India,2024-01-22
1837,Yauvani,Pandey,yauvani.pandey1837@yahoo.com,1668586778,1990-04-03,"75/39, Barman Ganj, Katni-999326",Haryana,India,2025-08-28
1838,Yug,Ranganathan,yug.ranganathan1838@gmail.com,7423683780,1998-07-03,"65/88, Shan Nagar, Sambhal-204654",Maharashtra,India,2026-06-12
1839,Eesha,Saraf,eesha.saraf1839@yahoo.com,6363813922,1983-02-11,"H.No. 037, Grewal, Barasat 937012",Karnataka,India,2024-04-29
1840,Gautami,Sem,gautami.sem1840@hotmail.com,7759012929,1979-07-06,"H.No. 337, Mangal Nagar, Bhalswa Jahangir Pur-085074",Karnataka,India,2024-02-12
1841,Farhan,Buch,farhan.buch1841@gmail.com,8236964938,1993-07-30,"800, Krish Ganj, Noida-736140",Karnataka,India,2026-04-27
1842,Odika,Bose,odika.bose1842@hotmail.com,+91-5615818110,1981-06-28,"22/31, Swaminathan, Nagaon 201089",Rajasthan,India,2024-10-06
1843,Falan,Amble,,3227478301,2000-11-08,"83/44, Doshi Road, Kulti 424941",Telangana,India,2025-05-09
1844,Yachana,Narula,yachana.narula1844@hotmail.com,7702392831,2001-05-21,"H.No. 910, Khatri Road, Gangtok 341024",Telangana,India,2024-11-05
1845,Chakradhar,Nagy,chakradhar.nagy1845@hotmail.com,3106268441,1976-03-10,"H.No. 768, Grover Chowk, Cuttack-429758",Haryana,India,2023-06-03
1846,Dalbir,Chander,dalbir.chander1846@hotmail.com,1008259230,1994-08-02,"82, Dani Path, Saharanpur 049605",Maharashtra,India,2026-07-26
1847,Arjun,Prakash,arjun.prakash1847@gmail.com,9517042047,1981-02-16,"H.No. 26, Dyal Ganj, Nagaon-413335",West Bengal,India,2025-09-20
1848,Chatura,Gill,chatura.gill1848@hotmail.com,0377002335,1991-09-06,"27, Butala Road, Bhalswa Jahangir Pur 883286",Rajasthan,India,2026-04-27
1849,Aishani,Char,aishani.char1849@yahoo.com,4354349189,2003-02-12,"46/433, Bhalla Ganj, Pune 058181",Odisha,India,2025-09-22
1850,Yochana,Palla,yochana.palla1850@gmail.com,+91-0629258099,1984-05-25,"33, Bhavsar Ganj, Srikakulam 865568",Karnataka,India,2026-08-25
1851,Daniel,Dugar,daniel.dugar1851@gmail.com,,1983-08-31,"46/518, Pingle Ganj, Rohtak-120140",Bihar,India,2024-04-06
1852,Yashawini,Kara,yashawini.kara1852@yahoo.com,0771601083,1998-05-28,"215, Kant Path, Tadepalligudem 531752",Maharashtra,India,2024-08-18
1853,Keya,Chaudhry,keya.chaudhry1853@gmail.com,4000259375,2001-10-04,"H.No. 022, Solanki Circle, Ahmedabad-578423",Punjab,India,2024-10-22
1854,Baljiwan,Dutta,baljiwan.dutta1854@yahoo.com,2149288416,1983-11-14,"92/796, Issac, Kolkata-515704",Haryana,India,2026-01-05
1855,Ranbir,Kashyap,ranbir.kashyap1855@gmail.com,3494815988,2001-08-06,"H.No. 33, Jhaveri Chowk, Firozabad-290300",madhya pradesh,India,2024-08-02
1856,Abhimanyu,Kapadia,abhimanyu.kapadia1856@hotmail.com,1140755978,1991-06-01,"H.No. 84, Kaur Road, Thoothukudi-447550",Maharashtra,India,2026-06-03
1857,Manbir,Karnik,manbir.karnik1857@hotmail.com,8881613719,2000-10-30,"271, Rai Road, Karnal 428468",West Bengal,India,2025-01-17
1858,Tanish,Sawhney,tanish.sawhney1858@gmail.com,3238322704,2001-09-29,"40/265, Naik Path, Firozabad-802331",madhya pradesh,India,2026-06-19
1859,Hardik,Thaman,hardik.thaman1859@yahoo.com,,1971-10-24,"47/181, Dhawan Ganj, Agra 214613",Karnataka,India,2026-04-15
1860,Abha,Sarma,abha.sarma1860@gmail.com,7025556348,1978-12-08,"18, Sengupta Nagar, Buxar 239665",Kerala,India,2025-04-07
1861,Jasmit,Cheema,jasmit.cheema1861@hotmail.com,1908274574,1975-11-24,"H.No. 763, Soman Ganj, Vijayanagaram-353712",Punjab,India,2025-08-20
1862,Meera,Kohli,meera.kohli1862@gmail.com,0095830428,1974-06-07,"H.No. 265, Tank Path, Morena-493667",Gujarat,India,2023-02-23
1863,Maanas,Chaudhary,maanas.chaudhary1863@yahoo.com,8340289740,1979-05-13,"64/79, Patla Ganj, Udupi-621542",Maharashtra,India,2023-12-19
1864,Omaja,Deol,omaja.deol1864@yahoo.com,01889267013,1997-06-29,"73, Dhar Street, Berhampore 594144",Madhya Pradesh,India,2024-02-05
1865,Pranav,Bajwa,pranav.bajwa1865@yahoo.com,3376979162,1989-03-12,"60/63, Barad Nagar, Giridih 338917",Karnataka,India,2024-04-29
1866,Samarth,Patla,samarth.patla1866@yahoo.com,9211878162,1989-09-16,"510, Shere Path, Dewas-685009",Gujarat,India,2025-07-08
1867,Advika,Shan,advika.shan1867@hotmail.com,9361662908,1981-11-18,"677, Kashyap Marg, Kharagpur-527360",Tamil Nadu,India,2024-07-29
1868,Sneha,Patel,sneha.patel1868@yahoo.com,4084138389,1971-05-29,"820, Arora Chowk, Karawal Nagar-182561",Karnataka,India,2023-08-03
1869,Advika,Baria,advika.baria1869@gmail.com,2802224466,1986-06-12,"58/666, Raval Street, Mehsana 438833",rajasthan,India,2024-04-15
1870,Parth,Hora,parth.hora1870@hotmail.com,0991269176,1999-05-13,"42, Kadakia Chowk, Tezpur 070547",Gujarat,India,2024-12-29
1871,Kiaan,Sant,kiaan.sant1871@yahoo.com,5296794718,1976-07-27,"31, Balakrishnan Nagar, Sultan Pur Majra-766002",Odisha,India,2025-06-08
1872,Aryan,Krish,aryan.krish1872@hotmail.com,4238223552,1976-10-15,"456, Chopra Street, Lucknow 540941",Odisha,India,2024-01-04
1873,Ranbir,Rau,ranbir.rau1873@yahoo.com,+91-5255176569,1973-09-25,"H.No. 926, Vaidya Street, Uluberia 203143",Uttar Pradesh,India,2023-07-24
1874,Nidra,Chaudhuri,nidra.chaudhuri1874@yahoo.com,2885899470,2003-03-15,"92/37, Bhasin Zila, Avadi-711364",Odisha,India,2025-10-19
1875,Chatura,Rajan,chatura.rajan1875@hotmail.com,8580391277,1986-10-24,"H.No. 18, Om, Chandrapur-970397",Punjab,India,2025-01-21
1876,Wakeeta,Jain,wakeeta.jain1876@gmail.com,0414326944,1998-07-09,"008, Patla Marg, Akola-348781",Punjab,India,2025-08-22
1877,Chanchal,Ganesh,chanchal.ganesh1877@gmail.com,4746757325,1994-02-04,"H.No. 731, Mammen Street, Jalgaon 979247",Gujarat,India,2024-03-30
1878,Mohini,Comar,mohini.comar1878@yahoo.com,0353005684,2001-07-01,"H.No. 06, Swaminathan, Firozabad-326301",Gujarat,India,2026-08-10
1879,Ekaja,Bhakta,ekaja.bhakta1879@hotmail.com,2983092213,2001-04-04,"03/860, Gala Chowk, Jammu 628734",Delhi,India,2025-02-18
1880,Lakshit,Pingle,lakshit.pingle1880@gmail.com,2855867931,1983-06-08,"487, Pathak Marg, Bareilly-806955",Punjab,India,2024-03-21
1881,Nakul,Dash,nakul.dash1881@gmail.com,9531615667,2000-07-05,"411, Din Street, Bangalore-238524",Rajasthan,India,2025-02-04
1882,Mugdha,Nagarajan,mugdha.nagarajan1882@hotmail.com,4508554885,1987-11-04,"H.No. 39, Soman Circle, Tinsukia-406026",Tamil Nadu,India,2026-07-30
1883,Bakhshi,Pau,bakhshi.pau1883@hotmail.com,0521989902,1992-09-26,"H.No. 881, Karpe Path, Ujjain-336770",Kerala,India,2026-02-09
1884,  Wakeeta  ,Deshpande,wakeeta.deshpande1884@yahoo.com,8412791325,1983-11-03,"04/162, Maharaj Chowk, Durgapur 211544",DELHI,India,2025-03-26
1885,Yoshita,Palla,yoshita.palla1885@gmail.com,4610168107,1982-06-27,"095, Mitter Zila, Hyderabad-372040",Odisha,India,2025-02-07
1886,Pranav,Misra,pranav.misra1886@gmail.com,4012178563,1979-12-14,,Madhya Pradesh,India,2024-07-23
1887,Reva,Pai,reva.pai1887@yahoo.com,6983633209,1986-12-18,"199, Agarwal, Visakhapatnam-461870",West Bengal,India,2023-05-09
1888,Nihal,Soni,nihal.soni1888@hotmail.com,9246783146,2000-07-01,"243, Roy, Farrukhabad 732372",Karnataka,India,2024-08-25
1889,Nitesh,Gandhi,nitesh.gandhi1889@hotmail.com,3324061869,1980-06-03,"27/45, Peri Nagar, Tadipatri 826169",Odisha,India,2023-12-03
1890,Aradhana,Kapadia,aradhana.kapadia1890@hotmail.com,2580256219,1974-04-22,"H.No. 40, Din Road, Moradabad-265626",Gujarat,India,2023-05-23
1891,Megha,Bhakta,megha.bhakta1891@yahoo.com,4300724766,1973-05-18,"78/37, Sridhar Road, Nadiad 777242",Tamil Nadu,India,2026-02-21
1892,Om,Subramanian,om.subramanian1892@hotmail.com,1287612826,2004-09-12,"99/48, Muni Zila, Vellore-275610",Maharashtra,India,2025-07-20
1893,Balhaar,Sandal,balhaar.sandal1893@yahoo.com,2586848106,1981-11-20,"H.No. 69, Wason Ganj, Ratlam 205415",Gujarat,India,2025-03-20
1894,Yadavi,Bal,yadavi.bal1894@hotmail.com,8647701696,2000-10-13,"27, Ratta Nagar, Latur-378956",Rajasthan,India,2024-01-18
1895,Saksham,Narang,saksham.narang1895@yahoo.com,5129045896,1996-11-27,"H.No. 05, Bhandari Nagar, Satna 066605",Tamil Nadu,India,2025-01-25
1896,Chaitanya,Mutti,chaitanya.mutti1896@hotmail.com,4398158832,1991-11-03,"H.No. 168, Rau Marg, Nanded 814989",Maharashtra,India,2024-06-06
1897,Inaya,Saraf,inaya.saraf1897@hotmail.com,7815483611,1985-09-02,"64, Hegde Road, Kirari Suleman Nagar-303426",Uttar Pradesh,India,2023-07-13
1898,Udyati,Loyal,udyati.loyal1898@yahoo.com,6115568160,2006-07-11,"87, Sahni Marg, Aurangabad 829614",Maharashtra,India,2024-05-02
1899,Urishilla,Karan,urishilla.karan1899@gmail.com,4802797273,1999-03-03,"52, Soman Zila, Serampore-589884",Rajasthan,India,2025-01-08
1900,Pallavi,Merchant,pallavi.merchant1900@yahoo.com,,1978-02-16,,Tamil Nadu,India,2025-02-02
1901,Utkarsh,Edwin,utkarsh.edwin1901@yahoo.com,,2008-04-15,"H.No. 96, Tata Road, Deoghar-753409",Delhi,India,2026-03-27
1902,Ridhi,Padmanabhan,ridhi.padmanabhan1902@gmail.com,7563440602,1987-02-17,"696, Saini, Ujjain 833226",Kerala,India,2025-02-25
1903,  Vyanjana  ,Iyengar,vyanjana.iyengar1903@gmail.com,8243698120,2005-10-04,"71, Sami Path, Barasat-012983",Madhya Pradesh,India,2025-04-08
1904,Aadhya,Parikh,aadhya.parikh1904@yahoo.com,6460715006,2006-11-19,"H.No. 045, Singh Path, Deoghar 922220",Tamil Nadu,India,2026-03-03
1905,Lekha,Pal,lekha.pal1905@hotmail.com,7414420180,1971-05-28,"87/217, Mand Nagar, Erode 081796",Kerala,India,2024-03-29
1906,Faris,Saraf,faris.saraf1906@yahoo.com,2304658365,1976-02-02,"65, Chaudry Circle, Bhusawal 222086",Karnataka,India,2023-04-19
1907,Ayaan,Dewan,ayaan.dewan1907@gmail.com,0509639947,2003-07-11,"08, Lad Street, Barasat 794344",Haryana,India,2025-05-23
1908,Isaiah,Sibal,isaiah.sibal1908@yahoo.com,6619621323,1981-07-16,"H.No. 976, Baral Zila, Guntur 658087",Assam,India,2023-04-22
1909,Vamakshi,Bandi,vamakshi.bandi1909@hotmail.com,01193883090,1976-05-28,"72/919, Anne Ganj, Bikaner 185905",Gujarat,India,2026-02-22
1910,Utkarsh,Choudhry,utkarsh.choudhry1910@gmail.com,6567224128,1976-10-14,"H.No. 019, Grover Path, Bokaro-924440",Madhya Pradesh,India,2024-02-18
1911,Mugdha,Sankaran,mugdha.sankaran1911@gmail.com,9222097648,1997-12-14,"H.No. 59, Menon Zila, Belgaum-172456",Gujarat,India,2025-12-22
1912,Hemangini,Bose,hemangini.bose1912@hotmail.com,0808617808,1998-09-03,"47/32, Dubey Road, Secunderabad 036595",Assam,India,2025-12-19
1913,Diya,Sridhar,diya.sridhar1913@gmail.com,2792904699,1992-10-05,"H.No. 370, Sankar Street, Yamunanagar-167270",Odisha,India,2023-01-10
1914,Brinda,Buch,brinda.buch1914@gmail.com,6210830832,1976-06-11,"19/384, Narayan Zila, Mysore 892307",Maharashtra,India,2024-11-23
1915,Fariq,Karpe,fariq.karpe1915@hotmail.com,2988728771,2001-12-10,"76/80, Amble, Karawal Nagar-964277",Tamil Nadu,India,2024-11-11
1916,Turvi,Wagle,turvi.wagle1916@yahoo.com,5399138541,1998-09-19,"51/95, Mand Road, Rajahmundry 440258",Karnataka,India,2024-08-07
1917,Janani,Narula,janani.narula1917@gmail.com,8892171087,1995-07-03,"H.No. 99, Mani Marg, Hyderabad-254777",Rajasthan,India,2023-07-11
1918,Yasti,Dani,yasti.dani1918@hotmail.com,6835324781,1983-04-08,"H.No. 989, Kumer Chowk, Bidar-168151",Uttar Pradesh,India,2024-04-14
1919,Ishwar,Bahl,ishwar.bahl1919@yahoo.com,4451964923,1985-06-17,"H.No. 748, Gade Road, Nanded 671930",Kerala,India,2026-08-16
1920,Chaman,Sura,chaman.sura1920@gmail.com,8753589832,1985-04-01,"331, Pradhan Marg, Thiruvananthapuram 324693",Delhi,India,2023-06-12
1921,Jatin,Sahota,jatin.sahota1921@hotmail.com,8837772043,1984-01-13,"16, Sandal, Erode 553928",Punjab,India,2025-08-01
1922,Samar,Lata,samar.lata1922@yahoo.com,9645440668,1980-08-13,"283, Kata Marg, Begusarai-118721",Kerala,India,2026-04-28
1923,Ranbir,Badal,ranbir.badal1923@gmail.com,0565723861,1995-06-09,"13/64, Sachdev Nagar, Panvel-518404",Uttar Pradesh,India,2024-04-15
1924,Vinaya,Khurana,vinaya.khurana1924@yahoo.com,3188497416,1995-03-07,"33, Reddy Marg, Udaipur 521792",Madhya Pradesh,India,2026-04-24
1925,Hitesh,Dalal,hitesh.dalal1925@hotmail.com,8913051027,2008-09-11,"H.No. 79, Behl Marg, Burhanpur 330947",Maharashtra,India,2025-04-04
1926,Shravya,Raval,shravya.raval1926@hotmail.com,4346458295,1992-08-14,"300, Amble Ganj, Sirsa-662342",Rajasthan,India,2023-09-09
1927,Chakradhar,Dara,chakradhar.dara1927@gmail.com,9400112952,1984-08-11,"41/465, Sahni Marg, Hospet 704373",West Bengal,India,2023-03-14
1928,Tamanna,Pillai,tamanna.pillai1928@gmail.com,3535546222,1999-10-17,"H.No. 097, Agarwal Road, Jamnagar-193581",Rajasthan,India,2023-10-31
1929,Chameli,Char,,9400489656,1984-09-19,"H.No. 49, Purohit Path, Surendranagar Dudhrej-561234",Odisha,India,2024-02-10
1930,Finn,Narang,finn.narang1930@gmail.com,9040150762,1971-05-12,"172, Basak Street, Korba 220824",Gujarat,India,2024-04-11
1931,Frado,Parsa,frado.parsa1931@yahoo.com,8734137230,2007-05-17,"36/187, Kumar Chowk, Kottayam-352585",Odisha,India,2025-06-05
1932,Eiravati,Naik,eiravati.naik1932@hotmail.com,1541436043,2003-09-13,"H.No. 884, Ravel Circle, Purnia 144250",Assam,India,2026-04-14
1933,Lakshmi,Handa,lakshmi.handa1933@gmail.com,5790155088,1992-04-12,"H.No. 45, Nagi Nagar, Madanapalle 537047",Gujarat,India,2023-07-04
1934,Yadavi,Bhatia,yadavi.bhatia1934@hotmail.com,6835051834,1986-04-27,"H.No. 47, Dash Nagar, Belgaum-033693",Bihar,India,2025-08-05
1935,Umang,Mistry,umang.mistry1935@gmail.com,1104549804,1985-03-05,"H.No. 93, Sampath Nagar, Junagadh 491660",Madhya Pradesh,India,2026-09-04
1936,Ekantika,Tailor,ekantika.tailor1936@yahoo.com,9045543623,1984-11-28,"21/081, Baria Zila, Hosur-738007",Punjab,India,2025-02-12
1937,Zaitra,Chandra,zaitra.chandra1937@hotmail.com,8706668843,1998-11-08,"83/38, Gole Zila, Kolhapur 901405",Gujarat,India,2025-03-20
1938,Victor,Mammen,,7384395372,1982-04-16,"584, Sachdev, Surat 323020",Punjab,India,2024-08-25
1939,Krishna,Raghavan,krishna.raghavan1939@hotmail.com,0173855555,1974-12-12,"61/426, Devi Marg, Farrukhabad 677041",Kerala,India,2024-11-06
1940,Yachana,Baria,yachana.baria1940@gmail.com,6491359748,1974-01-02,"H.No. 27, Kala Path, Mango 910537",Rajasthan,India,2023-08-29
1941,Ishita,Rout,ishita.rout1941@yahoo.com,3373434889,1977-05-08,"H.No. 242, Bora Nagar, Hospet 606625",Haryana,India,2023-09-14
1942,Kamala,Sinha,kamala.sinha1942@hotmail.com,4411284842,1996-02-27,"21/940, Solanki Road, Panihati-716168",Haryana,India,2025-08-01
1943,Yahvi,Borra,yahvi.borra1943@hotmail.com,6382794145,2007-09-10,"309, Sood Circle, Korba-429852",Karnataka,India,2024-06-06
1944,Brinda,Sehgal,brinda.sehgal1944@hotmail.com,4446346474,1989-07-24,"H.No. 101, Datta Path, Srinagar 595881",Tamil Nadu,India,2025/01/20
1945,Pavani,Vyas,pavani.vyas1945@yahoo.com,0882323511,1976-12-07,"H.No. 49, Pathak Road, Surat-176810",Bihar,India,2024-10-16
1946,Gabriel,Kala,gabriel.kala1946@gmail.com,+91-7073081414,2001-10-23,"H.No. 54, Das Path, Ahmednagar 016548",Assam,India,2026-06-28
1947,  Jyoti  ,Sen,jyoti.sen1947@hotmail.com,5916655172,1988-01-07,"601, Chander Chowk, Karawal Nagar-229453",Madhya Pradesh,India,2025-07-08
1948,Nidra,Nadig,nidra.nadig1948@gmail.com,4418054008,2006-08-31,"079, Chhabra Marg, Tadepalligudem 989659",Delhi,India,2026-05-07
1949,Upkaar,Chaudhuri,upkaar.chaudhuri1949@gmail.com,0878157491,1997-02-17,"70, Vora, Chinsurah-885168",Maharashtra,India,2026-07-05
1950,Saksham,Pillai,saksham.pillai1950@gmail.com,7940154150,1977-06-19,"H.No. 881, Rai Zila, Deoghar 348085",Odisha,India,2025-11-27
1951,Zayyan,Raval,zayyan.raval1951@yahoo.com,5716954023,1975-02-21,"39/69, Padmanabhan, Bareilly-957001",Gujarat,India,2026-03-17
1952,Brinda,Palan,brinda.palan1952@gmail.com,2402387893,1986-10-04,"76/040, Randhawa, Bhusawal 922595",Madhya Pradesh,India,2023-02-17
1953,Pooja,Ganguly,pooja.ganguly1953@gmail.com,,1978-06-03,"05/97, Babu Ganj, Sirsa 374508",Karnataka,India,2024-10-27
1954,Zaitra,Jani,zaitra.jani1954@gmail.com,8294817049,1999-11-21,"91, Boase, Rajpur Sonarpur 980047",Gujarat,India,2025-04-07
1955,  Ojas  ,Wali,ojas.wali1955@hotmail.com,3979708770,1976-04-04,"H.No. 43, Basu Zila, Udupi 210367",Madhya Pradesh,India,2026-05-10
1956,Aishani,Banik,aishani.banik1956@gmail.com,5427098318,1995-07-11,"071, Kalla Road, Bathinda-508275",KARNATAKA,India,2025-07-30
1957,Mekhala,Vasa,mekhala.vasa1957@yahoo.com,9748846748,1996-10-03,"H.No. 25, Mitter Nagar, Alwar-174265",Haryana,India,2023-10-21
1958,Chanchal,Bera,chanchal.bera1958@yahoo.com,1245011601,2001-09-03,"60/762, Bajaj Zila, Phagwara 621684",Madhya Pradesh,India,2026-05-18
1959,Anirudh,Dugar,anirudh.dugar1959@gmail.com,3141092443,1988-07-11,"56/864, Ramesh Street, Pallavaram 472731",Assam,India,2025-01-04
1960,Vritti,Bansal,vritti.bansal1960@yahoo.com,4462037445,1990-08-25,"73/421, Dhillon Road, Navi Mumbai 078136",Bihar,India,05-02-2023
1961,Devika,Deo,devika.deo1961@hotmail.com,7038394271,1995-12-03,"H.No. 649, Dave Street, Satna 164004",Bihar,India,2025-12-02
1962,Jagvi,Gaba,jagvi.gaba1962@yahoo.com,4345646639,2003-01-06,"063, Pandya Ganj, Raurkela Industrial Township 949756",West Bengal,India,2024-07-10
1963,Omya,Mand,omya.mand1963@yahoo.com,7667491348,1988-03-16,"242, Choudhry Street, Rohtak 324421",Tamil Nadu,India,2024/04/03
1964,Girish,Arya,girish.arya1964@gmail.com,9835900581,1982-05-04,"H.No. 469, Naidu Nagar, Jorhat-765397",Delhi,India,2025-04-19
1965,Bachittar,Bansal,bachittar.bansal1965@yahoo.com,8341080750,1992-08-14,"H.No. 51, Sani Ganj, Agra-942208",Bihar,India,2026-04-09
1966,Ekanta,Agate,,2155959959,1983-05-06,"65, Kalita Path, Ranchi-811703",Gujarat,India,2025-11-16
1967,Chaitanya,Kothari,chaitanya.kothari1967@gmail.com,3836144917,1975-08-22,"H.No. 481, Chaudhary Zila, Alappuzha-261173",Telangana,India,2023-02-13
1968,Oscar,Das,,8450355996,1988-11-16,"131, Mukherjee Street, Rohtak-662913",Assam,India,2023-01-16
1969,Krishna,Gokhale,krishna.gokhale1969@gmail.com,3944060146,2005-09-29,"84/47, Kannan Path, Khandwa 074813",Telangana,India,2025-02-21
1970,Ranbir,Pingle,ranbir.pingle1970@gmail.com,,2003-01-07,"25/54, Khare Circle, Proddatur-123587",Delhi,India,2026-01-04
1971,Hamsini,Agrawal,hamsini.agrawal1971@yahoo.com,0907294856,1993-11-16,"139, Gokhale Marg, Shahjahanpur-897547",Madhya Pradesh,India,2023-09-25
1972,Fariq,Golla,fariq.golla1972@gmail.com,3593939427,1971-08-01,,Assam,India,2025-05-17
1973,Leena,Mand,leena.mand1973@hotmail.com,3357829924,2005-06-14,"88, Kale Road, Gudivada 960626",Kerala,India,2026-08-08
1974,Manbir,Karpe,manbir.karpe1974@hotmail.com,9294787454,1978-03-02,"86/865, Goswami, Kavali-812964",Madhya Pradesh,India,2026-05-03
1975,Bhavani,Venkatesh,bhavani.venkatesh1975@gmail.com,7195911994,1982-12-12,"77/291, Thakkar Zila, Tirupati 147082",Kerala,India,2024-01-30
1976,Gaurang,Purohit,gaurang.purohit1976@gmail.com,2588284427,2007-06-27,"H.No. 91, Pradhan Street, Nanded 744756",Madhya Pradesh,India,2026-01-02
1977,Veer,Raman,veer.raman1977@yahoo.com,+91-8370470237,1999-03-23,"21/20, Pillai Ganj, New Delhi 951962",Tamil Nadu,India,2026-03-13
1978,Kavya,Doctor,kavya.doctor1978@yahoo.com,5589723591,1997-05-21,"292, Sarna, Visakhapatnam 598458",Uttar Pradesh,India,2026-05-24
1979,Dipta,Mane,dipta.mane1979@gmail.com,0548729129,2001-06-09,"537, Sangha Nagar, Ulhasnagar-001719",Assam,India,2024-11-12
1980,Irya,Parekh,irya.parekh1980@yahoo.com,3295166215,2007-10-05,"47, Khalsa Nagar, Rajpur Sonarpur-638602",Kerala,India,2025-12-05
1981,Yasti,Sha,yasti.sha1981@gmail.com,5840531886,1985-05-16,"87/61, Dugar Chowk, Darbhanga-003410",KERALA,India,2023-07-04
1982,Orinder,Wable,orinder.wable1982@yahoo.com,3517199497,1999-09-07,"H.No. 644, Solanki Nagar, Malegaon 346115",Madhya Pradesh,India,2025-04-30
1983,Falguni,Natt,falguni.natt1983@gmail.com,0278201581,2002-11-05,"116, Naik, Nagercoil-234508",Assam,India,2026-02-11
1984,Ayush,Srinivasan,ayush.srinivasan1984@gmail.com,7667080606,1992-03-01,"H.No. 511, Karnik Circle, Suryapet-014407",Punjab,India,2026-02-21
1985,Anjali,Jaggi,anjali.jaggi1985@hotmail.com,5317324615,1994-04-11,"H.No. 341, Chawla Road, Vijayanagaram 658352",Delhi,India,2025-12-31
1986,Samarth,Rout,samarth.rout1986@hotmail.com,6069456847,1988-08-18,"99, Narayanan Marg, Bokaro 944949",Odisha,India,2023-02-14
1987,Ubika,More,ubika.more1987@yahoo.com,8449023077,1978-12-23,"28/601, Tripathi Zila, Raiganj 910818",Assam,India,2024-08-16
1988,Gunbir,Kanda,gunbir.kanda1988@yahoo.com,1104708444,1997-10-03,"72, Bhatt Zila, Aurangabad-094526",Gujarat,India,2025-05-04
1989,Kevin,Bobal,kevin.bobal1989@yahoo.com,5146200088,1984-02-21,"14/377, Dutta Street, Guna-569314",Maharashtra,India,2026-02-15
1990,Isha,Mani,isha.mani1990@hotmail.com,0732761990,1992-02-16,"H.No. 102, Hans Path, Imphal-358515",Telangana,India,2024-06-16
1991,Chakrika,Mahal,chakrika.mahal1991@gmail.com,7467239798,1996-01-22,"07/605, Patla, Jorhat-042537",Tamil Nadu,India,11-05-2024
1992,Niharika,Ray,niharika.ray1992@yahoo.com,2549660702,2005-03-31,"805, Dada Chowk, Bhiwandi-629668",Assam,India,2025-10-01
1993,Pratyush,Sridhar,pratyush.sridhar1993@gmail.com,2890426854,1994-09-02,"99/32, Bose Zila, Maheshtala-442179",Uttar Pradesh,India,2023-12-21
1994,Shivansh,Mistry,shivansh.mistry1994@hotmail.com,6450446240,1983-01-25,"H.No. 664, Sur Zila, Meerut-337904",Madhya Pradesh,India,2026-02-03
1995,Ridhi,Lata,ridhi.lata1995@gmail.com,2066058085,2007-10-24,"70/888, Sarna Nagar, Bally-075308",Bihar,India,2026-07-15
1996,Sai,Shere,sai.shere1996@gmail.com,69667-34958,2006-06-11,"H.No. 858, Madan Path, Jalna 516792",Punjab,India,2026-04-25
1997,Luke,Sastry,luke.sastry1997@gmail.com,2617186709,2007-02-25,"H.No. 164, Murty Circle, Surendranagar Dudhrej-332581",Rajasthan,India,2023-02-15
1998,Nikita,Joshi,nikita.joshi1998@yahoo.com,3004362569,1997-05-05,"H.No. 81, Tata Circle, Dehradun-046610",West Bengal,India,2026-03-01
1999,Bakhshi,Saran,bakhshi.saran1999@hotmail.com,9581618932,2002-08-07,"61, Parikh Road, Solapur 878503",Maharashtra,India,2026-07-14
2000,Charvi,Jain,charvi.jain2000@yahoo.com,2514261891,2001-08-28,"H.No. 219, Kala Ganj, Tiruppur 060328",Madhya Pradesh,India,2024-10-29
2001,Jagrati,Shenoy,jagrati.shenoy2001@gmail.com,7564108945,1993-02-06,"40/37, Lala Marg, Vijayawada-309845",West Bengal,India,2026-06-13
2002,Krishna,Prasad,krishna.prasad2002@yahoo.com,9422851413,1984-06-03,"61/33, Kala Ganj, Karnal 131113",Tamil Nadu,India,2025-11-05
2003,Samuel,Salvi,samuel.salvi2003@yahoo.com,8213522111,1989-06-04,"08/799, Kanda Ganj, Ranchi 389198",Kerala,India,2024-10-02
2004,Pahal,Bail,pahal.bail2004@gmail.com,8289681814,2006-06-25,"35/88, Patil Nagar, Shivpuri-807687",Assam,India,2023-06-01
2005,Pranav,Mammen,pranav.mammen2005@yahoo.com,4423598648,1992-04-27,"H.No. 290, Pradhan Chowk, Ulhasnagar-489801",West Bengal,India,2025-03-17
2006,Lila,Zachariah,lila.zachariah2006@hotmail.com,6391596586,1982-02-24,"484, Malhotra Path, New Delhi 793263",Punjab,India,2026-01-18
2007,Hemangini,Saxena,hemangini.saxena2007@gmail.com,1759661446,1978-12-25,"95/71, Subramanian Nagar, Yamunanagar 140223",Assam,India,2025-12-19
2008,Harinakshi,Sahni,harinakshi.sahni2008@gmail.com,+91-5855229509,2002-02-07,"48/848, Bhatti Marg, Shimla-575768",Madhya Pradesh,India,2025-04-21
2009,Rachana,Kala,rachana.kala2009@yahoo.com,0897303659,2006-11-25,"43, Mishra Ganj, Tezpur 055501",Rajasthan,India,2023-06-20
2010,Ryan,Jhaveri,ryan.jhaveri2010@gmail.com,3172749631,1997-02-10,"H.No. 261, Das Nagar, Saharsa-263231",Delhi,India,2026-04-26
2011,Zinal,Nayar,zinal.nayar2011@yahoo.com,8846205420,1972-06-14,"27/26, Mitter Ganj, Vijayawada-497741",Madhya Pradesh,India,2026-04-02
2012,Falan,Thakur,falan.thakur2012@hotmail.com,7151319482,1991-08-06,"34/394, Kaul Marg, Amroha-886835",Gujarat,India,2024-12-03
2013,Urmi,Kashyap,urmi.kashyap2013@yahoo.com,5714727479,2008-05-10,"H.No. 233, Savant Marg, Ulhasnagar 554237",Assam,India,2026-07-20
2014,Siya,Seth,siya.seth2014@hotmail.com,4145886136,1980-01-09,"06/32, Shankar Circle, Pondicherry-484004",Punjab,India,2026-07-20
2015,Aarush,Sunder,aarush.sunder2015@hotmail.com,7601966679,1976-05-27,"36/07, Venkataraman, Tezpur-892079",Madhya Pradesh,India,2024-04-09
2016,Wahab,Kohli,wahab.kohli2016@hotmail.com,0136240831,1990-02-22,"74, Nagy Road, Nellore-250546",Delhi,India,2023-06-15
2017,Bhavna,Tella,bhavna.tella2017@hotmail.com,5954742002,1988-05-31,"714, Mane Street, Ambala-137249",Gujarat,India,2026-06-05
2018,Chaman,Balay,,9657385375,1976-08-31,"159, Batta Circle, Yamunanagar 222470",Punjab,India,2025-08-15
2019,Frado,Khalsa,frado.khalsa2019@hotmail.com,7800684096,1979-06-25,"H.No. 50, Gulati Chowk, Chennai-822449",Rajasthan,India,2026-04-18
2020,Balveer,Rajagopal,balveer.rajagopal2020@gmail.com,8557041936,1975-04-23,"H.No. 11, Deshpande Circle, Tirunelveli 132950",Tamil Nadu,India,2026-01-05
2021,Joshua,Konda,joshua.konda2021@gmail.com,,1973-08-31,"H.No. 221, Chad Road, Tiruchirappalli-199532",Bihar,India,2025-03-17
2022,Aadi,Narasimhan,aadi.narasimhan2022@hotmail.com,8428143519,2007-05-03,"63, Cherian Nagar, Moradabad-431670",Tamil Nadu,India,2025-03-28
2023,Brinda,Choudhary,brinda.choudhary2023@gmail.com,8820645620,1973-09-06,"73/652, Jayaraman, Bikaner-205656",Delhi,India,2024-08-30
2024,Ucchal,Chandra,ucchal.chandra2024@yahoo.com,1279440130,1996-11-01,"324, Sha, Berhampore-068688",Bihar,India,2023-09-21
2025,Rajeshri,D’Alia,rajeshri.d’alia2025@hotmail.com,0228540402,1988-08-30,"H.No. 01, Sankaran Path, Dehradun-848190",Tamil Nadu,India,2026-07-26
2026,Bina,Natarajan,bina.natarajan2026@hotmail.com,7814705649,1986-03-10,"698, Murthy Zila, Rajahmundry-533843",Gujarat,India,2024-09-07
2027,Lakshit,Sahni,lakshit.sahni2027@hotmail.com,8833102085,1971-07-02,"H.No. 98, Gulati Nagar, Rohtak-585659",Karnataka,India,2025-07-12
2028,Farhan,Sinha,farhan.sinha2028@hotmail.com,,2001-08-25,"H.No. 91, Vora Street, Srinagar 794944",Odisha,India,2026-07-15
2029,Qarin,Varghese,qarin.varghese2029@gmail.com,9958742796,2005-04-04,"H.No. 947, Raghavan Circle, Jabalpur 388281",Tamil Nadu,India,02-03-2024
2030,Gayathri,Dyal,gayathri.dyal2030@yahoo.com,2118946231,1971-03-19,"36, Acharya Ganj, Sagar 359015",Uttar Pradesh,India,2025-12-09
2031,Chakrika,Arya,chakrika.arya2031@yahoo.com,5694146735,1985-10-08,"577, Chaudhuri Road, Bhilai-566576",Assam,India,2023-10-21
2032,Mekhala,Kala,mekhala.kala2032@gmail.com,5586171106,1982-06-25,"24/96, Karan Street, Anantapuram-692851",Gujarat,India,2024-02-18
2033,Quincy,Vyas,quincy.vyas2033@gmail.com,9477417333,1983-10-20,,Punjab,India,2024-11-26
2034,  Christopher  ,Ramaswamy,christopher.ramaswamy2034@gmail.com,6487608576,2005-09-09,"242, Sankar Circle, Mangalore-719217",Gujarat,India,2025-02-20
2035,Lila,Nayar,lila.nayar2035@yahoo.com,7390607277,1979-03-17,"14, Sankaran Chowk, Nagercoil 164022",Assam,India,2025-12-25
2036,Joshua,Hayre,joshua.hayre2036@yahoo.com,5724491764,1985-09-17,"10/99, Sridhar Path, Kishanganj 380703",TAMIL NADU,India,2023-10-27
2037,Jack,Panchal,jack.panchal2037@yahoo.com,7053308519,1994-09-21,"96, Mohanty Street, Erode-103089",Tamil Nadu,India,2026-04-17
2038,Jagrati,Wable,jagrati.wable2038@yahoo.com,8040441616,1987-06-17,"548, Hari Path, Hubli–Dharwad 480880",Maharashtra,India,2024-11-02
2039,Vanya,Lala,vanya.lala2039@hotmail.com,5840249387,1982-08-28,"35/44, Nayar Road, Tiruvottiyur-301995",West Bengal,India,2025-06-10
2040,Falan,Malhotra,,7824566363,1975-09-24,"37, Saran, Hubli–Dharwad-333856",Telangana,India,2025-12-01
2041,Zaid,Ramesh,zaid.ramesh2041@hotmail.com,7001503431,1991-08-22,"56/213, Hayer Road, Uluberia-120574",Tamil Nadu,India,2026-01-18
2042,Ekapad,Kanda,ekapad.kanda2042@hotmail.com,0682897287,1994-02-24,"H.No. 53, Bedi Zila, Sikar 700960",Gujarat,India,2025-07-06
2043,Rajata,Shroff,rajata.shroff2043@yahoo.com,3593457161,1991-07-29,"H.No. 610, Kibe Zila, Kakinada-230367",Punjab,India,2025-12-03
2044,Yahvi,Mandal,yahvi.mandal2044@yahoo.com,,1976-10-07,"95/80, Deshpande Road, Begusarai-116883",Punjab,India,2023-09-23
2045,Elijah,Bhattacharyya,elijah.bhattacharyya2045@yahoo.com,6785873346,1992-12-03,"30/07, Sodhi Ganj, Mathura-746438",Assam,India,2025-08-16
2046,Anay,Vohra,anay.vohra2046@hotmail.com,5704455428,1995-12-04,"109, Kaur Road, Karnal-794898",Haryana,India,2025-09-25
2047,Jagdish,Verma,jagdish.verma2047@yahoo.com,8075393985,1979-07-15,"42/709, Khatri Circle, Thanjavur 894338",Tamil Nadu,India,2025-09-19
2048,Abhiram,Peri,abhiram.peri2048@gmail.com,,1995-03-25,"H.No. 29, Prabhakar Street, Firozabad 480874",Rajasthan,India,2025-01-23
2049,Oscar,Chatterjee,oscar.chatterjee2049@hotmail.com,,1983-02-08,"57, Lad Zila, Panchkula 410566",Rajasthan,India,2023-04-21
2050,Kai,Sabharwal,kai.sabharwal2050@gmail.com,6302578653,1978-01-29,"73, Bala Marg, Ulhasnagar-124586",Bihar,India,2025-05-23
2051,Anvi,Subramanian,anvi.subramanian2051@hotmail.com,4185199683,1973-10-27,"23/71, Prakash Nagar, Hyderabad-339804",Gujarat,India,2023-05-11
2052,Yatan,Doshi,yatan.doshi2052@yahoo.com,2437581162,1987-08-23,"51/14, Sathe Chowk, Jamshedpur-315938",Bihar,India,2025-02-12
2053,Neelima,Dhar,neelima.dhar2053@hotmail.com,,1972-08-15,"08, Natarajan Ganj, Ichalkaranji 540858",Karnataka,India,2026-03-15
2054,Aarav,Mistry,,4928767567,1981-09-24,"81/45, De Ganj, Chandigarh-373326",Rajasthan,India,2025-05-18
2055,Charles,Venkatesh,charles.venkatesh2055@gmail.com,4489020842,1995-09-27,"H.No. 578, Kurian Marg, Bettiah 961205",West Bengal,India,2026-03-25
2056,  Yashvi  ,Sem,yashvi.sem2056@gmail.com,1906246521,1976-05-03,"H.No. 43, Sachdeva Chowk, Phagwara-066545",Uttar Pradesh,India,2024-08-10
2057,Osha,Tandon,osha.tandon2057@gmail.com,7070109557,2005-07-25,"78/437, Chauhan Zila, Madurai-691178",Bihar,India,2023-03-05
2058,Vinaya,Narasimhan,vinaya.narasimhan2058@hotmail.com,5891862393,1973-10-11,"H.No. 957, Padmanabhan Zila, Belgaum 000471",Kerala,India,2023-11-24
2059,Bishakha,Basu,bishakha.basu2059@yahoo.com,6859003708,2000-09-06,"10/27, Ghose Road, Chittoor-762314",Uttar Pradesh,India,2026-03-16
2060,Girik,Dhingra,girik.dhingra2060@yahoo.com,5629266923,1988-08-18,,Uttar Pradesh,India,2024-02-20
2061,Imaran,Bumb,imaran.bumb2061@hotmail.com,3196885359,2008-07-02,"747, Virk Circle, Bihar Sharif-919878",Tamil Nadu,India,2024-02-23
2062,Tarak,Kala,tarak.kala2062@hotmail.com,7232882392,1974-12-28,"70/55, Manda Road, Thanjavur 755324",Assam,India,2024-06-05
2063,Saksham,Sama,saksham.sama2063@hotmail.com,7024991410,2007-12-14,"53, Anne Marg, Bally-457942",Punjab,India,2023-06-28
2064,Kala,Karpe,kala.karpe2064@yahoo.com,7326953724,1989-07-24,"269, Bora Path, New Delhi-920091",Delhi,India,2025-11-08
2065,  Hiral  ,Vaidya,hiral.vaidya2065@yahoo.com,4029708953,2000-03-19,"40/137, Ramanathan Road, Proddatur 637692",Madhya Pradesh,India,2024-07-18
2066,Ekapad,Ahuja,ekapad.ahuja2066@yahoo.com,1804479405,1980-09-11,"06/03, Saini Path, Surendranagar Dudhrej 610500",West Bengal,India,2025-03-07
2067,Hardik,Sunder,hardik.sunder2067@gmail.com,3728177408,2008-04-09,"75/31, Patil Zila, North Dumdum 643398",Telangana,India,2025-03-15
2068,Wahab,Raju,wahab.raju2068@yahoo.com,0974188682,1975-08-30,"88/72, Ben Ganj, Mau-786165",Uttar Pradesh,India,2023/11/24
2069,Zayyan,Chaudhry,zayyan.chaudhry2069@hotmail.com,0093220646,2003-05-18,"983, Chad Marg, Gwalior-282963",Gujarat,India,2025-08-03
2070,Yasti,Agrawal,yasti.agrawal2070@gmail.com,4928031512,1998-02-19,"29, Pai Street, Bettiah 636812",Punjab,India,2025-07-01
2071,Eshana,Kannan,eshana.kannan2071@gmail.com,2600118123,1979-02-28,"22/124, Sagar Ganj, Warangal 010745",Uttar Pradesh,India,2024-08-07
2072,Champak,Pall,champak.pall2072@hotmail.com,0991197158,1977-06-27,"15/041, Edwin Street, Allahabad 128750",Bihar,India,2024-02-14
2073,Qabil,Rana,qabil.rana2073@yahoo.com,,2008-04-09,"H.No. 910, Pingle Road, Avadi-468817",Karnataka,India,2026-02-16
2074,Nimrat,Bhatt,nimrat.bhatt2074@gmail.com,8348359127,1982-10-16,"99, Pandya Nagar, Berhampur-475091",Delhi,India,2026-02-17
2075,Reyansh,Parekh,reyansh.parekh2075@hotmail.com,3640585881,2004-08-31,"17, Savant Nagar, Karimnagar 662710",Assam,India,2023-05-27
2076,Madhavi,Chauhan,madhavi.chauhan2076@gmail.com,,2003-01-15,"78/00, Rajagopalan Chowk, Haldia 085347",Bihar,India,2026-01-06
2077,Darsh,Sarna,darsh.sarna2077@yahoo.com,4443944692,1983-02-21,"51/98, Kari Zila, Maheshtala-941552",Tamil Nadu,India,2025-03-11
2078,Nathaniel,Shere,nathaniel.shere2078@yahoo.com,7135899616,1992-07-05,"H.No. 378, Bir Chowk, Medininagar-892930",Maharashtra,India,2025-11-12
2079,Shravya,Sodhi,shravya.sodhi2079@gmail.com,8400906250,1992-07-11,"H.No. 506, Bal Circle, Bharatpur-288973",Delhi,India,2026-06-26
2080,Adya,Bal,adya.bal2080@yahoo.com,4190241617,1988-03-09,"090, Kapur Path, Pimpri-Chinchwad-925186",Uttar Pradesh,India,28 Mar 2025
2081,Anmol,Kuruvilla,anmol.kuruvilla2081@hotmail.com,5023137447,1981-06-06,"715, Anne Nagar, Bardhaman 826820",Haryana,India,2024-07-06
2082,Bakhshi,Dhawan,bakhshi.dhawan2082@hotmail.com,5262076795,1973-10-25,"72/50, Sarin Nagar, Sambalpur 587949",Gujarat,India,2026-08-05
2083,Shivansh,Dar,shivansh.dar2083@hotmail.com,1108178313,1997-03-01,"66/176, Tripathi Path, Hajipur 760617",Uttar Pradesh,India,2024-02-27
2084,Isha,Om,isha.om2084@hotmail.com,7584939178,1973-08-23,"H.No. 44, Maharaj Ganj, South Dumdum 599108",Assam,India,2026-03-02
2085,Hritik,Suresh,hritik.suresh2085@yahoo.com,6357903818,1988-01-23,"H.No. 738, Narasimhan Marg, Muzaffarpur-011269",Madhya Pradesh,India,2024-04-19
2086,Tripti,Deshpande,tripti.deshpande2086@gmail.com,9761934877,1992-12-09,"H.No. 986, Lal Street, Davanagere-157182",Delhi,India,2024-06-05
2087,  Gautami  ,Desai,,1068466656,2000-01-17,"910, Savant Ganj, Ballia 364567",Maharashtra,India,2026-09-07
2088,Nathaniel,Brar,nathaniel.brar2088@hotmail.com,4987641557,2007-10-18,"968, Batta Ganj, Orai 976722",Tamil Nadu,India,18-06-2025
2089,Warhi,Chad,warhi.chad2089@hotmail.com,3503366894,2000-02-17,"36/77, Minhas Road, Maheshtala-457195",Maharashtra,India,2023-04-06
2090,Jasmit,Madan,jasmit.madan2090@hotmail.com,8472760412,2006-11-21,"16, Mangat, Tirupati-839632",West Bengal,India,2023-09-09
2091,Banjeet,Apte,banjeet.apte2091@yahoo.com,9554712007,1981-01-16,"82, Dhaliwal Road, Tadipatri 767532",Telangana,India,2025-09-07
2092,Tristan,Chaudhuri,tristan.chaudhuri2092@hotmail.com,5990588419,2006-06-08,"H.No. 11, Vig Circle, Ahmednagar 670061",Haryana,India,2024-07-21
2093,Tanish,Zacharia,tanish.zacharia2093@yahoo.com,3810637072,1999-04-01,"616, Mohanty Ganj, Tiruvottiyur 649859",Telangana,India,2025-04-04
2094,Isaac,Soni,isaac.soni2094@yahoo.com,4001755049,1971-06-23,"H.No. 277, Borra Nagar, Mathura 879283",Odisha,India,2023-08-13
2095,Om,Dash,om.dash2095@gmail.com,8118740074,2002-08-27,"237, Barman Marg, Imphal-729442",Maharashtra,India,2024-06-30
2096,Vasana,Gera,vasana.gera2096@gmail.com,6472833343,1981-07-24,"275, Chaudhry Marg, Raichur-441730",Rajasthan,India,2024-12-29
2097,Yashica,Chacko,yashica.chacko2097@hotmail.com,9242412963,1994-05-21,"883, Balasubramanian Street, Giridih 498009",Kerala,India,2024-03-09
2098,Vihaan,Reddy,vihaan.reddy2098@yahoo.com,8514554944,1977-05-26,"26, Guha Circle, Ahmednagar-483375",Assam,India,2026-03-24
2099,Sara,Kanda,sara.kanda2099@yahoo.com,1393116531,1984-11-02,"96/757, Pandya Nagar, Aligarh 159183",Assam,India,2026-05-17
2100,Upkaar,Kata,upkaar.kata2100@yahoo.com,2550135841,2005-03-21,"732, Dave Nagar, Patna 738226",Kerala,India,2025-12-16
2101,Balveer,Ranganathan,balveer.ranganathan2101@hotmail.com,8663070996,2000-02-22,"98/75, Chaudhari Marg, Jehanabad-911029",Madhya Pradesh,India,2026-07-24
2102,Dalaja,Johal,,5093275329,2006-04-08,"20/130, Naidu Marg, Panihati-396911",West Bengal,India,2023-02-25
2103,Krishna,Rai,krishna.rai2103@yahoo.com,1516446592,1995-11-02,"26/90, Vyas Nagar, Delhi 703226",Uttar Pradesh,India,2024-09-13
2104,Agastya,Wable,agastya.wable2104@hotmail.com,3913497310,1972-03-24,"904, Edwin Road, Patiala-160109",Maharashtra,India,2023-06-25
2105,Manbir,Jhaveri,manbir.jhaveri2105@hotmail.com,1210151060,2005-02-25,"04/209, Shankar Chowk, Purnia 100945",Karnataka,India,05/29/2025
2106,Arya,Dewan,arya.dewan2106@gmail.com,6532714725,1978-05-07,"275, Mahajan Nagar, Rampur-174936",Gujarat,India,2026-05-07
2107,Ethan,Rao,ethan.rao2107@gmail.com,8763073722,1971-01-19,"39, Sawhney Zila, Kota 898810",Uttar Pradesh,India,2024-02-28
2108,Ekanta,Sathe,ekanta.sathe2108@hotmail.com,2335862342,1976-02-29,"41, Dara Nagar, Panipat-305665",Tamil Nadu,India,2025-08-08
2109,Siya,Sama,siya.sama2109@gmail.com,1251743421,1999-05-24,"90/316, Sabharwal, Pali-802687",Rajasthan,India,2026-09-15
2110,Hemani,Choudhry,hemani.choudhry2110@hotmail.com,7661247685,1981-10-19,"92, Pillai Marg, South Dumdum-774694",West Bengal,India,2026-03-18
2111,Qadim,Natarajan,qadim.natarajan2111@hotmail.com,5763447820,2008-06-15,"35/28, Keer Zila, Bikaner-204653",West Bengal,India,2025-05-21
2112,Dhriti,Dutt,dhriti.dutt2112@gmail.com,0572677983,2006-12-27,"H.No. 433, Sunder Nagar, Buxar 012153",Delhi,India,2025-11-12
2113,Yadavi,More,yadavi.more2113@gmail.com,5506271810,1977-07-25,"H.No. 80, Ramachandran Marg, Eluru 629065",Uttar Pradesh,India,2024-09-25
2114,Ijaya,Chada,ijaya.chada2114@gmail.com,,1973-02-02,"87, Bala Nagar, Tezpur-450693",Bihar,India,2024-08-06
2115,Vaishnavi,Rastogi,vaishnavi.rastogi2115@gmail.com,8123543360,2001-04-27,"02, Tara Nagar, Amroha-736680",Haryana,India,2025-06-05
2116,Radha,Sathe,radha.sathe2116@yahoo.com,7904660055,1979-11-25,"H.No. 49, Bir, Guwahati 902879",Uttar Pradesh,India,2024-06-28
2117,Max,Saha,max.saha2117@hotmail.com,2555741945,1997-04-04,"03, Kaul Marg, Ahmedabad 616931",Maharashtra,India,2024-01-25
2118,Rudra,Kothari,rudra.kothari2118@yahoo.com,4528043326,1980-01-11,"49, Sagar Road, Ozhukarai 868159",Assam,India,2023-06-14
2119,Nitara,Shukla,nitara.shukla2119@yahoo.com,7949179060,1974-11-10,"H.No. 602, Wali, Siliguri 897147",Gujarat,India,2024-11-06
2120,Nimrat,Sura,nimrat.sura2120@yahoo.com,5000219797,1972-08-28,"86/016, Rao Path, Ajmer 662569",Punjab,India,2024-09-08
2121,Lohit,Prabhu,lohit.prabhu2121@gmail.com,28026-14228,1983-11-19,"51/36, Borah Circle, Panvel-446358",West Bengal,India,2023-12-09
2122,Brijesh,Desai,brijesh.desai2122@yahoo.com,9171411212,2007-03-25,"36/26, Chana Ganj, Barasat 607818",Haryana,India,2024-07-04
2123,Geetika,Dave,geetika.dave2123@gmail.com,8522293114,1976-10-15,"H.No. 79, Anand Chowk, Aurangabad 120605",Madhya Pradesh,India,2024-05-21
2124,Hema,Mukherjee,,8451299387,2002-01-30,"H.No. 749, Lall Zila, Vijayanagaram-273009",Tamil Nadu,India,2023-02-24
2125,Harrison,Walia,harrison.walia2125@hotmail.com,0698329240,1977-01-17,"H.No. 680, Khurana Chowk, Kadapa-975077",Rajasthan,India,2023-12-02
2126,Yahvi,Badami,yahvi.badami2126@yahoo.com,5056553400,1976-06-01,"H.No. 727, Nadkarni Chowk, Phagwara 431611",Kerala,India,2026-02-20
2127,Zansi,Choudhry,zansi.choudhry2127@yahoo.com,1859293004,1991-03-22,"89, Rattan Chowk, Vellore-118570",Rajasthan,India,2024-08-30
2128,Girik,Bahri,,0737866557,1999-01-21,"903, Biswas Road, Bongaigaon 517673",Rajasthan,India,2025-03-20
2129,Manthan,Sundaram,manthan.sundaram2129@gmail.com,9063593121,1995-05-10,"998, Mahajan Street, Bareilly 110358",Haryana,India,2025-12-31
2130,Udyati,Chada,udyati.chada2130@gmail.com,2045938795,1971-09-14,"546, Comar Circle, Yamunanagar 300373",Tamil Nadu,India,2026-08-18
2131,Udyati,Padmanabhan,udyati.padmanabhan2131@yahoo.com,8151807783,1985-07-24,"H.No. 446, Pant Road, Sultan Pur Majra-310026",Maharashtra,India,2026-02-04
2132,  Sachi  ,Mukherjee,sachi.mukherjee2132@gmail.com,05714891255,2003-08-15,"979, Majumdar Road, Chandrapur-158668",West Bengal,India,2024-05-20
2133,Barkha,Garg,barkha.garg2133@yahoo.com,5452832402,2003-06-16,"943, Sarraf, Satara 102394",Rajasthan,India,2024-10-16
2134,Kalpit,Bhalla,kalpit.bhalla2134@gmail.com,0177491928,1975-02-13,"H.No. 096, Balasubramanian Chowk, Sagar 169934",Karnataka,India,2026-07-23
2135,Sneha,Sheth,sneha.sheth2135@yahoo.com,9746793072,1998-02-14,"92/790, Ravel Nagar, Singrauli-287345",MADHYA PRADESH,India,2024-09-17
2136,Lila,Halder,lila.halder2136@hotmail.com,8731113549,1995-11-02,"H.No. 56, Muni Road, Jamshedpur-281561",Maharashtra,India,2025-05-20
2137,Xiti,Grewal,xiti.grewal2137@gmail.com,2904608467,1978-06-01,"01/87, Subramanian, Morbi-848152",Maharashtra,India,2024-04-21
2138,Hitesh,Bora,hitesh.bora2138@yahoo.com,7507361320,1989-05-02,"362, Chandran Circle, Phusro-113073",Telangana,India,2026-08-22
2139,Lila,Chana,lila.chana2139@hotmail.com,7197969781,2008-05-09,"H.No. 416, Ghose Circle, Bharatpur-007321",Telangana,India,2024-04-22
2140,Lakshit,Seth,lakshit.seth2140@gmail.com,1519709627,2008-08-26,"H.No. 99, Lad Street, Chinsurah-861784",Uttar Pradesh,India,2025-03-29
2141,Charita,Pall,charita.pall2141@hotmail.com,2061268737,1971-01-22,"15, Dass Circle, Miryalaguda 259833",Telangana,India,23 Nov 2024
2142,Faraj,Swamy,faraj.swamy2142@hotmail.com,6864215112,1997-12-28,"27/75, Panchal Marg, Medininagar 767326",Delhi,India,2026-05-19
2143,Damyanti,Edwin,damyanti.edwin2143@yahoo.com,7730142352,1999-05-16,"H.No. 716, Sundaram Street, Junagadh-784860",Rajasthan,India,2025-05-08
2144,Leena,Krishna,leena.krishna2144@gmail.com,1066602972,1995-01-21,"56/099, Borra Nagar, Saharsa 681065",Haryana,India,2025-01-01
2145,Janya,Agarwal,janya.agarwal2145@gmail.com,+91-3262375054,2003-08-05,"784, Gopal Marg, Pimpri-Chinchwad-837594",Telangana,India,2024-12-27
2146,Vasudha,Bhagat,vasudha.bhagat2146@gmail.com,0710564006,1997-12-11,"95, Mangat Street, Jorhat 415507",Punjab,India,2026-07-29
2147,Oeshi,Kuruvilla,oeshi.kuruvilla2147@yahoo.com,3921481964,1983-04-27,"54, Buch Path, Purnia 022265",Maharashtra,India,2024-01-30
2148,Pahal,Tailor,pahal.tailor2148@hotmail.com,6624341781,2005-03-30,"86/146, Doshi, Solapur-687574",Telangana,India,2026-04-23
2149,Onkar,Ghose,onkar.ghose2149@hotmail.com,6704447186,2008-03-11,"H.No. 08, Tripathi Nagar, Kolhapur-557142",Tamil Nadu,India,2024-01-09
2150,Tejas,Chacko,tejas.chacko2150@hotmail.com,02125953532,1988-06-12,"20, Narain Marg, Haridwar-902885",Telangana,India,2026-07-15
2151,  Ekapad  ,Boase,ekapad.boase2151@gmail.com,2015026155,2000-12-05,"41/045, Verma Street, Vellore-688090",Uttar Pradesh,India,2026-04-16
2152,Zayyan,Nagi,zayyan.nagi2152@gmail.com,0518546413,1997-08-08,"231, Lala Road, Berhampur 680295",Madhya Pradesh,India,2024-04-14
2153,Hemal,Sekhon,hemal.sekhon2153@yahoo.com,6570056284,1984-09-03,"16/096, Koshy Street, Raebareli 361510",Bihar,India,2024-04-28
2154,Abhimanyu,Jani,abhimanyu.jani2154@yahoo.com,+91-9212096986,2005-01-03,"15, Narayanan Path, Durgapur-947646",Gujarat,India,2024-09-02
2155,Dev,Manda,dev.manda2155@yahoo.com,8590951980,2002-11-28,"03, Ramakrishnan Street, Guntur 103153",Assam,India,2025-04-01
2156,Upadhriti,Bandi,upadhriti.bandi2156@gmail.com,0246776968,1971-08-30,"H.No. 080, Bhatti, Nandyal-996722",Maharashtra,India,2026-04-03
2157,Hamsini,Panchal,hamsini.panchal2157@gmail.com,7034349171,1981-06-27,"05/833, Mand Road, Morbi 750636",Rajasthan,India,31-03-2024
2158,Geetika,Joshi,geetika.joshi2158@hotmail.com,8636934115,2004-11-23,,Odisha,India,2023-02-06
2159,Lohit,Rajan,lohit.rajan2159@hotmail.com,7256393009,1981-03-11,"71, Pandey Path, Haldia 317421",West Bengal,India,2026-07-26
2160,Kevin,Chaudry,kevin.chaudry2160@hotmail.com,6936099707,1974-08-31,"H.No. 310, Yohannan Ganj, Hosur 359412",Madhya Pradesh,India,2026-01-07
2161,Urmi,Parekh,urmi.parekh2161@yahoo.com,,1979-04-07,"H.No. 603, Dubey Zila, Tadipatri-442381",Delhi,India,2024-02-26
2162,Anya,Bhandari,anya.bhandari2162@gmail.com,7415464225,1982-07-19,"H.No. 920, Mittal Chowk, Vijayawada-486297",Maharashtra,India,2023-02-12
2163,Ranbir,Deep,ranbir.deep2163@hotmail.com,5381291660,1990-01-07,"70/17, Borra Street, Chandigarh-744000",Tamil Nadu,India,2026-01-05
2164,Zaid,Chana,zaid.chana2164@hotmail.com,2264923272,1982-10-12,"93/47, Mammen Marg, South Dumdum 253774",Karnataka,India,2025-06-23
2165,Nakul,Sabharwal,nakul.sabharwal2165@yahoo.com,6484351454,2000-03-06,"H.No. 38, Pant Path, Hosur 991890",Odisha,India,2024-09-02
2166,Amrita,Sodhi,amrita.sodhi2166@yahoo.com,4995853911,1979-01-20,"12/161, Saini Chowk, Raurkela Industrial Township-973102",West Bengal,India,2026-06-07
2167,Zansi,Kothari,zansi.kothari2167@gmail.com,2652810074,2000-11-10,"H.No. 548, Bansal Road, Sambalpur-086665",Tamil Nadu,India,2024-10-05
2168,Faras,Murty,faras.murty2168@gmail.com,6223393646,1990-06-06,"H.No. 92, Patil Nagar, Nagaon 073257",Punjab,India,2023-01-23
2169,Nilima,Goyal,nilima.goyal2169@hotmail.com,7726925232,1993-07-20,"725, Sur Nagar, Coimbatore-008407",Uttar Pradesh,India,2023-08-01
2170,Zilmil,Vala,zilmil.vala2170@gmail.com,2724859931,1984-08-02,"405, Zachariah Ganj, Nangloi Jat-770373",Haryana,India,2023-08-07
2171,Nidhi,Soman,nidhi.soman2171@gmail.com,3671999465,1987-07-06,"82, Hegde Street, Pudukkottai-083406",Madhya Pradesh,India,2025-04-26
2172,Lohit,Pillay,lohit.pillay2172@hotmail.com,6441487774,1976-06-21,"83/68, Vora Nagar, Dharmavaram 207964",Tamil Nadu,India,2025-02-27
2173,Dhruv,Soni,dhruv.soni2173@yahoo.com,2539125525,1981-10-25,"760, Singhal Street, Pimpri-Chinchwad 321583",Kerala,India,2024-05-24
2174,Sathvik,Baral,sathvik.baral2174@gmail.com,8586743604,1994-08-15,"28, Sarna Zila, Chennai-094718",West Bengal,India,2023-02-13
2175,Zansi,Arya,zansi.arya2175@hotmail.com,9513191429,2001-03-25,"H.No. 68, Jayaraman Marg, Sagar 107812",Gujarat,India,2024-09-28
2176,Aarini,Das,aarini.das2176@yahoo.com,5589882391,1987-11-11,"14/18, Saha Path, Patiala 383167",Punjab,India,2025-03-18
2177,Champak,Banerjee,champak.banerjee2177@gmail.com,2470941951,1977-07-13,"H.No. 29, Anand Nagar, Etawah 057083",Tamil Nadu,India,2025-05-27
2178,Karan,Dubey,karan.dubey2178@yahoo.com,0307837164,1992-10-19,"579, Das Circle, Maheshtala-160308",Telangana,India,2024-09-12
2179,Qasim,Prabhu,qasim.prabhu2179@yahoo.com,+91-1140215308,1997-10-19,"17, Chaudhuri Chowk, Anand-323454",West Bengal,India,2026-02-09
2180,Madhav,Jha,madhav.jha2180@hotmail.com,7781621427,1975-12-06,"H.No. 762, Kumar Zila, Alappuzha 502142",Madhya Pradesh,India,2026-03-17
2181,Arin,Purohit,arin.purohit2181@hotmail.com,1410645582,1973-11-01,"24/451, Chatterjee Marg, Vellore 370923",Tamil Nadu,India,2025-09-02
2182,Urishilla,Vasa,urishilla.vasa2182@gmail.com,3236770989,1999-01-13,"17/013, Tella Path, Sangli-Miraj & Kupwad-555248",Kerala,India,2025-05-23
2183,Zaid,Agarwal,zaid.agarwal2183@hotmail.com,1301618804,1992-08-07,"10, Agrawal, Kochi 296746",Haryana,India,2026-04-04
2184,Upasna,Sarna,upasna.sarna2184@hotmail.com,3493163934,2003-05-23,"H.No. 90, Om Circle, Dewas 177155",Bihar,India,2024-08-05
2185,Krisha,Krishnan,krisha.krishnan2185@gmail.com,2469631815,1986-04-14,"93/26, Krishnamurthy Ganj, Faridabad-620482",Uttar Pradesh,India,2025-11-22
2186,Isaac,Palan,isaac.palan2186@gmail.com,7381018973,1980-04-07,"H.No. 25, Rastogi Circle, Muzaffarpur-316972",Assam,India,2024-10-08
2187,Harsh,Zacharia,harsh.zacharia2187@hotmail.com,8407343190,2002-08-01,"98, Shenoy Marg, Jamalpur-015422",Bihar,India,2025-04-28
2188,Waida,Baral,,5772005368,2006-08-18,"538, Balay Street, Panvel-767129",Uttar Pradesh,India,2025-12-22
2189,Zayyan,Bose,zayyan.bose2189@gmail.com,3091270736,1980-12-02,"24, Sha Road, Tezpur-745071",Rajasthan,India,2026-05-01
2190,Viraj,Dubey,viraj.dubey2190@yahoo.com,65557-57681,1987-02-10,"55, Kohli Path, Nizamabad 743938",Assam,India,2026-01-09
2191,Shivani,Andra,shivani.andra2191@yahoo.com,9335924238,1988-02-18,"28/901, Bhatnagar Chowk, Sikar-781186",Haryana,India,2026-02-26
2192,Xavier,Kakar,xavier.kakar2192@hotmail.com,4345712840,1990-07-19,"87/04, Chanda, Raipur 323351",West Bengal,India,2024-03-12
2193,Falguni,Ben,falguni.ben2193@hotmail.com,2334405938,1992-04-01,"787, Karpe Ganj, Loni-582998",Uttar Pradesh,India,2026-08-04
2194,Harinakshi,Thakur,harinakshi.thakur2194@gmail.com,8805951556,1993-08-04,"730, Sagar Nagar, Katni 704870",West Bengal,India,2023-03-12
2195,Logan,Wali,logan.wali2195@hotmail.com,4891929447,1981-11-12,"93/80, Sen Road, Raipur-037604",Bihar,India,2024-01-14
2196,Guneet,Tailor,guneet.tailor2196@hotmail.com,+91-0579731080,1993-03-16,"255, Venkatesh Chowk, Madurai-322211",Karnataka,India,2024-12-25
2197,Yashica,Trivedi,yashica.trivedi2197@yahoo.com,8660709419,1979-01-30,"85, Kunda Circle, Dhule 981053",Maharashtra,India,2025-11-01
2198,Dayamai,Andra,dayamai.andra2198@yahoo.com,4749230810,1998-06-09,"H.No. 65, Kapur Zila, Nandyal-674533",Karnataka,India,2023-03-14
2199,Karan,Nadig,karan.nadig2199@hotmail.com,7802715227,1994-01-26,"861, Choudhary Chowk, Kishanganj-383581",Gujarat,India,2023-08-02
2200,Yashica,Chandran,yashica.chandran2200@gmail.com,2450357835,2000-08-04,"57/961, Lala Road, Lucknow 579979",Punjab,India,2025-03-13
2201,Thomas,Butala,thomas.butala2201@yahoo.com,2791107465,1991-07-21,"H.No. 200, Yogi Marg, Sri Ganganagar 320420",Maharashtra,India,2025-06-22
2202,Nathaniel,Divan,nathaniel.divan2202@yahoo.com,0428485013,1995-02-03,"H.No. 893, Bera Street, Dehri 875219",DELHI,India,2024-03-20
2203,Leela,Mishra,leela.mishra2203@yahoo.com,4310291209,1979-04-20,"17, Sampath Circle, Ahmedabad-799793",Maharashtra,India,2025-03-30
2204,Tanay,Ghosh,,8074268901,1980-03-26,"54, Pall Chowk, Muzaffarnagar 681573",Odisha,India,2024-08-04
2205,Deepa,Atwal,deepa.atwal2205@hotmail.com,8012003908,1986-12-12,"65, Natarajan, Tumkur 888850",Punjab,India,2025-05-13
2206,Vritti,Gaba,vritti.gaba2206@gmail.com,0418084829,1978-03-13,"H.No. 873, Mody Circle, Kolhapur-156343",Telangana,India,2026-08-05
2207,Vedika,Salvi,vedika.salvi2207@hotmail.com,5238154743,2008-01-10,,West Bengal,India,2026-07-13
2208,Urishilla,Mahal,urishilla.mahal2208@yahoo.com,2979202221,2001-08-30,"288, Som Circle, Bokaro 005206",Uttar Pradesh,India,2026-07-25
2209,Ishwar,Balasubramanian,ishwar.balasubramanian2209@hotmail.com,1069777532,2002-11-16,"36, Dhillon Road, Mango-722804",Karnataka,India,2024-10-13
2210,Udant,Randhawa,udant.randhawa2210@hotmail.com,7423808691,1997-06-19,"45, Deep Path, Imphal 700410",Madhya Pradesh,India,2026-08-28
2211,Sai,Kanda,sai.kanda2211@yahoo.com,8641169277,1977-04-16,"36/490, Sankaran Ganj, Hospet-688972",Haryana,India,2026-03-26
2212,Timothy,Bora,timothy.bora2212@hotmail.com,1018554057,1993-02-13,"817, Sule Zila, Karawal Nagar-907923",TAMIL NADU,India,2025-04-10
2213,Kala,Jain,kala.jain2213@gmail.com,3623057620,1976-02-14,"H.No. 858, Ghose Path, Saharsa-253956",Kerala,India,05-11-2023
2214,Aishani,Yogi,aishani.yogi2214@yahoo.com,2243490934,1978-10-29,"444, Kade Circle, Chandrapur-054589",Tamil Nadu,India,2023-05-25
2215,Ekaraj,Kar,ekaraj.kar2215@hotmail.com,7286756680,1985-07-09,"H.No. 071, Varghese Chowk, Alappuzha 502647",Punjab,India,2023-11-02
2216,Saksham,Bose,saksham.bose2216@yahoo.com,4202076579,1975-10-21,"34/344, Sathe Chowk, Gulbarga 696637",Delhi,India,2024-04-13
2217,Prisha,Dar,,4597767404,1991-08-04,"H.No. 19, Chadha Zila, Dindigul-529278",Delhi,India,2024-02-13
2218,Ranveer,Ravel,ranveer.ravel2218@gmail.com,8046779338,1975-06-08,"78/626, Chokshi Ganj, Hubli–Dharwad 503978",Kerala,India,2025-09-05
2219,Dhriti,Bumb,dhriti.bumb2219@yahoo.com,2011906773,2007-09-11,"47, Dara Marg, Thanjavur-849738",Haryana,India,2023-06-08
2220,Aditya,Aggarwal,aditya.aggarwal2220@hotmail.com,1052124076,2003-12-01,"86/64, Jaggi Path, Hazaribagh-733107",Kerala,India,2026-07-23
2221,Charvi,Sarma,charvi.sarma2221@yahoo.com,,2001-12-20,"H.No. 12, Pingle Chowk, Jehanabad 272099",Tamil Nadu,India,2026-07-02
2222,Ronith,Narula,ronith.narula2222@gmail.com,1209875546,2002-11-18,"H.No. 87, Chaudhary Nagar, Kadapa 870341",West Bengal,India,2024-09-14
2223,Jai,Ramanathan,jai.ramanathan2223@gmail.com,1010830153,2005-12-14,"56/088, Hans Marg, Guwahati 284194",Delhi,India,2023-07-15
2224,Baghyawati,Ramachandran,baghyawati.ramachandran2224@hotmail.com,5792321839,1980-09-10,"93/35, Date Marg, Gorakhpur 178631",Karnataka,India,2024-03-18
2225,Praneel,Sheth,praneel.sheth2225@hotmail.com,9856879673,1991-05-17,"80/85, Reddy, Karnal 163487",Uttar Pradesh,India,2026-02-17
2226,Kritika,Luthra,kritika.luthra2226@hotmail.com,1051184264,1991-09-13,"H.No. 83, Naidu Path, Begusarai-835262",Gujarat,India,2026-03-14
2227,Sara,Konda,sara.konda2227@hotmail.com,7606706250,1998-04-22,"H.No. 198, Nanda Nagar, Allahabad-993232",KERALA,India,2026-09-14
2228,Raagini,Swaminathan,raagini.swaminathan2228@hotmail.com,6540197311,1998-08-25,"216, Bhavsar Ganj, Sagar-993892",Haryana,India,2025-03-09
2229,Xavier,Kapur,xavier.kapur2229@yahoo.com,9586354692,1995-10-17,"H.No. 29, Samra, Rajahmundry-742663",Madhya Pradesh,India,2025-08-09
2230,Frado,Ghosh,frado.ghosh2230@gmail.com,0237060931,1978-09-19,"12, Kalla Ganj, Motihari-894549",West Bengal,India,2024-11-08
2231,Indali,Bumb,indali.bumb2231@hotmail.com,2385897250,2006-01-15,"370, Babu, Vasai-Virar-464439",Maharashtra,India,2025-09-12
2232,Fiyaz,Narasimhan,,39583-32650,1971-01-31,"48/93, Mistry Marg, Ghaziabad-300679",Karnataka,India,2023-06-08
2233,Samaksh,Mander,,6065612174,1993-03-22,"406, Sarraf Circle, Jalgaon-538668",Punjab,India,2025-08-21
2234,Vedika,Bhakta,vedika.bhakta2234@yahoo.com,4218089316,1993-04-28,"95/34, Balakrishnan Street, Bulandshahr-807352",Haryana,India,2024-05-23
2235,Edhitha,Rama,,9805303610,1985-10-02,"H.No. 001, Om, Ranchi 264627",Odisha,India,2023-04-02
2236,Tamanna,Panchal,tamanna.panchal2236@gmail.com,5935415723,1974-07-28,"42, Zachariah Path, Amaravati-974651",odisha,India,2024-08-30
2237,Chaman,Sampath,chaman.sampath2237@hotmail.com,6316032888,1992-07-12,"H.No. 726, Parekh Ganj, Kadapa-808231",Assam,India,2025-03-13
2238,Balvan,Doshi,balvan.doshi2238@yahoo.com,0029890426,1982-07-24,"H.No. 34, Tandon Marg, Dharmavaram-850616",West Bengal,India,2023-05-27
2239,Jacob,Dora,,8888162666,1973-04-07,"338, Modi Road, Silchar 179549",Kerala,India,2025-09-20
2240,Tara,Bhavsar,tara.bhavsar2240@hotmail.com,7049441536,1998-05-01,"H.No. 321, Choudhary Circle, Bhalswa Jahangir Pur 491561",Odisha,India,2024-12-15
2241,Dalbir,Sur,dalbir.sur2241@gmail.com,0768516406,1971-02-17,"H.No. 51, Thakkar Street, Ongole 942898",Delhi,India,2024-12-15
2242,Pahal,Sankaran,pahal.sankaran2242@yahoo.com,2483259574,1973-07-27,"759, Issac, Rohtak 823881",Maharashtra,India,2026-05-06
2243,Isaac,Ranganathan,isaac.ranganathan2243@hotmail.com,6756892924,1989-10-14,"579, Parikh Chowk, Jhansi 546367",Gujarat,India,2024-02-23
2244,Matthew,Chawla,matthew.chawla2244@gmail.com,0629494472,1995-08-11,"76/999, Tata Circle, Jabalpur 948933",Odisha,India,2025-02-07
2245,Mitali,Kadakia,,0144715997,1997-12-21,"H.No. 95, Ramaswamy, Firozabad 977418",Odisha,India,2025-06-28
2246,Lucky,Rai,lucky.rai2246@yahoo.com,5352932276,1981-05-27,"21, Sankar Circle, Naihati 261691",Madhya Pradesh,India,2023-04-03
2247,Aarini,Kapadia,aarini.kapadia2247@hotmail.com,5227918055,1988-07-07,"87/30, Sahni Street, Nagpur 633640",Karnataka,India,2026-04-13
2248,Sneha,Reddy,sneha.reddy2248@gmail.com,7128826310,2000-01-10,"H.No. 40, Tailor Chowk, Siwan-682043",Assam,India,2024-11-05
2249,Zilmil,Chand,zilmil.chand2249@gmail.com,7317742789,1976-11-28,"H.No. 27, Thaker Path, Darbhanga-650580",West Bengal,India,2023-08-21
2250,Kala,Kala,kala.kala2250@gmail.com,4705948875,2002-03-02,"845, Vaidya Marg, Asansol-817108",Kerala,India,2026-03-16
2251,Jagdish,Loyal,jagdish.loyal2251@gmail.com,3497759336,1977-10-20,"H.No. 49, Rout Nagar, Loni 382311",Delhi,India,2025-11-04
2252,Xalak,Ranganathan,xalak.ranganathan2252@hotmail.com,7583356638,1993-12-19,"06, Sodhi, Sirsa-308429",Assam,India,2026-07-05
2253,Dhriti,Bhasin,dhriti.bhasin2253@yahoo.com,0236810463,2000-07-18,"H.No. 46, De Zila, Bardhaman 228673",Bihar,India,2024-04-18
2254,Abha,Dara,abha.dara2254@hotmail.com,92651-18580,1974-08-27,"H.No. 21, Arya Circle, Coimbatore-492018",West Bengal,India,2024-11-21
2255,Chameli,Kashyap,chameli.kashyap2255@yahoo.com,3098065727,1998-01-29,"58/456, Gopal Ganj, Sri Ganganagar 053606",Odisha,India,2023-07-27
2256,Yashawini,Chaudhry,yashawini.chaudhry2256@yahoo.com,0985217729,1983-02-20,"46/718, Magar Road, Aurangabad-327430",Telangana,India,2026-04-20
2257,Meera,Rajagopalan,meera.rajagopalan2257@yahoo.com,0018476699,1995-10-01,"12, Bera Road, Fatehpur-520562",Bihar,India,2024-01-28
2258,Chameli,Setty,chameli.setty2258@gmail.com,3881437104,1977-09-17,"60/07, Bhakta Path, Gangtok-522178",Haryana,India,2024-06-01
2259,Nimrat,Tak,nimrat.tak2259@yahoo.com,8189301636,1971-01-16,"618, Chandra, Ratlam-965727",Gujarat,India,2026-09-04
2260,Waida,Chowdhury,,1476238026,1976-03-15,"H.No. 867, Chahal Chowk, Alwar 814604",Madhya Pradesh,India,2026-08-12
2261,Gagan,Dora,gagan.dora2261@hotmail.com,6322802979,2004-04-17,"20, Saraf, Sambalpur-675196",West Bengal,India,2026-04-12
2262,Sachi,Rama,sachi.rama2262@yahoo.com,3927499143,1984-12-06,"H.No. 530, Handa Circle, Gandhinagar-146715",odisha,India,2024-06-11
2263,Zaitra,Gour,zaitra.gour2263@yahoo.com,3224891360,1973-08-01,"H.No. 76, Kota Marg, Surat 927584",Tamil Nadu,India,2026-09-13
2264,Naksh,Suresh,naksh.suresh2264@yahoo.com,9479227019,1997-08-23,"57/96, Korpal Ganj, Jamshedpur-935170",Maharashtra,India,2026-07-28
2265,Tamanna,Choudhry,tamanna.choudhry2265@yahoo.com,0817037613,2008-05-22,"94, Khosla Path, Satna-427244",Tamil Nadu,India,2026-03-06
2266,Raksha,Pal,raksha.pal2266@gmail.com,9201482923,1995-01-04,"65/06, Bal Marg, Guwahati 558651",Gujarat,India,2023-04-07
2267,Ayush,Khanna,ayush.khanna2267@yahoo.com,5818006605,1973-10-21,"600, Mahajan Circle, Panvel-063993",Rajasthan,India,2025-04-21
2268,Lakshit,Kohli,lakshit.kohli2268@yahoo.com,0997872191,1989-06-24,"H.No. 16, Barman Circle, Gopalpur 215357",Haryana,India,2026-01-08
2269,Azad,Bahri,azad.bahri2269@hotmail.com,5871702005,2004-07-06,"90/05, Lall Street, Kamarhati 554334",Tamil Nadu,India,2023-06-07
2270,Shivansh,Ghosh,shivansh.ghosh2270@hotmail.com,2430258330,1993-11-08,"769, Kumer Nagar, Firozabad-730981",Bihar,India,2025-11-29
2271,Azaan,Saxena,azaan.saxena2271@hotmail.com,8766784533,1975-04-21,"43/70, Borah Zila, Davanagere 613637",Bihar,India,2025-06-30
2272,Eta,Bajwa,,5033511637,1997-07-07,"25, Arya Ganj, Shimoga-602732",Gujarat,India,2025-06-21
2273,Neelima,De,neelima.de2273@yahoo.com,+91-8702294009,2005-11-05,"939, Apte Road, Nagercoil 789564",Gujarat,India,11 Jul 2025
2274,Isha,Viswanathan,isha.viswanathan2274@hotmail.com,7130329284,2004-10-23,"43/32, Kibe Zila, Agra 042956",Bihar,India,2025-07-15
2275,Ayush,Dayal,ayush.dayal2275@hotmail.com,,1970-10-05,"H.No. 56, Kakar, Sasaram 062314",Tamil Nadu,India,2025-12-26
2276,Varsha,Manda,varsha.manda2276@yahoo.com,7305359627,1979-11-23,"32, Devan Path, Sambalpur 674881",Maharashtra,India,2026-02-23
2277,Girindra,Mahal,girindra.mahal2277@gmail.com,3756941431,1979-07-03,"84/295, Jaggi Ganj, Kota-284088",Tamil Nadu,India,2025-07-30
2278,Yashawini,Peri,yashawini.peri2278@yahoo.com,8028521200,1999-09-16,"15/596, Zachariah Road, Patna 218703",Delhi,India,2025-09-15
2279,Banjeet,Varughese,banjeet.varughese2279@yahoo.com,3594021698,1994-01-08,"H.No. 63, Dhingra Marg, Gopalpur 626556",Odisha,India,2025-08-04
2280,Vritti,Seshadri,vritti.seshadri2280@gmail.com,5517274847,1975-04-30,"94/46, Sengupta Zila, Satna 606844",Assam,India,2025-02-28
2281,Aarnav,Sami,aarnav.sami2281@hotmail.com,4091260287,1989-08-24,"H.No. 648, Dhillon Nagar, Ulhasnagar 869980",Odisha,India,2026-06-29
2282,Hardik,Mane,hardik.mane2282@hotmail.com,8946541124,1973-01-22,"91, Golla Ganj, Bhalswa Jahangir Pur-952186",Madhya Pradesh,India,2025-11-27
2283,Zansi,Dhar,zansi.dhar2283@gmail.com,7567659486,1987-01-25,"H.No. 97, Buch Zila, Mira-Bhayandar-818706",Punjab,India,2023-07-11
2284,Vanya,Yogi,vanya.yogi2284@yahoo.com,7267326813,1978-04-08,"H.No. 07, Deol Marg, Belgaum-074959",Bihar,India,2024-12-03
2285,Arya,Chakraborty,arya.chakraborty2285@hotmail.com,2459123141,1986-03-27,"H.No. 45, Krishnamurthy Zila, Farrukhabad 825008",Bihar,India,2025-01-03
2286,Lavanya,Date,lavanya.date2286@gmail.com,1034159492,2005-11-17,"35/27, Saini Nagar, Amroha 149764",Haryana,India,2023-01-14
2287,Meghana,Chhabra,meghana.chhabra2287@yahoo.com,3242234177,1976-02-18,"H.No. 052, Murthy Road, Ahmedabad 127172",Bihar,India,2026-06-12
2288,Bhavya,Babu,bhavya.babu2288@gmail.com,0943152119,2002-08-23,"25/615, Khosla Marg, Miryalaguda-465045",Madhya Pradesh,India,2024-07-19
2289,Lila,Ahluwalia,lila.ahluwalia2289@hotmail.com,2853674928,1984-12-24,"36/354, Dalal Ganj, Latur 127064",Madhya Pradesh,India,2026-08-08
2290,Varsha,Wadhwa,varsha.wadhwa2290@gmail.com,4979103033,1982-11-12,"H.No. 850, Shere Street, Bahraich 644093",Kerala,India,2026-03-30
2291,Ekaja,Srivastava,ekaja.srivastava2291@yahoo.com,1406926005,1999-07-28,"H.No. 74, Thakur Nagar, Aligarh-444413",West Bengal,India,2025-08-12
2292,Kai,Mutti,kai.mutti2292@hotmail.com,3552637338,2008-02-13,"98/90, Joshi Road, Meerut-631059",Madhya Pradesh,India,2025-11-20
2293,Indira,Bala,indira.bala2293@yahoo.com,1404868716,1994-09-25,"21/09, Bera Street, Moradabad-498921",Gujarat,India,2026-05-14
2294,Ikshita,Bajaj,ikshita.bajaj2294@hotmail.com,7939836469,1996-10-13,"H.No. 338, Divan Street, Suryapet 235375",Maharashtra,India,2026-04-15
2295,Watika,Deshpande,watika.deshpande2295@yahoo.com,5925018872,1983-02-01,"76, Shroff Chowk, Bhilai-084839",West Bengal,India,2025-11-18
2296,Aarav,Baral,aarav.baral2296@yahoo.com,3295689865,1989-07-27,"06, Talwar Zila, Bangalore-381404",Karnataka,India,29 Dec 2023
2297,Aarnav,Chakrabarti,aarnav.chakrabarti2297@yahoo.com,1500583534,1978-06-30,"H.No. 56, Majumdar Zila, Mango 376018",West Bengal,India,2025-01-13
2298,Rudra,Grover,rudra.grover2298@yahoo.com,9816953524,1998-12-30,"H.No. 25, Bail, Chennai-939589",Uttar Pradesh,India,2026-07-03
2299,Yashodhara,Mannan,yashodhara.mannan2299@gmail.com,4457434259,1990-01-26,"52/93, Dyal Circle, Dhanbad-286852",Madhya Pradesh,India,2024-10-01
2300,Brijesh,Baral,brijesh.baral2300@hotmail.com,3590132570,1974-06-14,"430, Nori Street, Dibrugarh 573939",West Bengal,India,2026-01-27
2301,Om,Rastogi,om.rastogi2301@gmail.com,+91-5026259914,1989-04-05,"91, Edwin Chowk, Chittoor 367988",Tamil Nadu,India,2025-11-23
2302,Samar,Som,samar.som2302@gmail.com,3015277374,1993-07-03,"78/90, Doctor Path, Hosur 409002",West Bengal,India,2023-11-02
2303,Ekanta,Varty,ekanta.varty2303@yahoo.com,5731302203,1983-09-15,"H.No. 33, Acharya Road, Erode 785060",Assam,India,2024-04-02
2304,Veer,Hora,veer.hora2304@yahoo.com,9865851021,1994-06-07,"32/20, Bhavsar Marg, Tirunelveli 019177",Assam,India,2026-04-17
2305,Yashvi,Sathe,yashvi.sathe2305@hotmail.com,0470062250,1993-07-30,"48, Barad, Davanagere 604470",Karnataka,India,2026-07-31
2306,Anirudh,Saini,anirudh.saini2306@yahoo.com,5796527398,1988-05-04,"82/21, Wason Circle, Bangalore-624445",Kerala,India,2024-08-02
2307,Nisha,Butala,nisha.butala2307@gmail.com,0340849785,1973-05-20,"74/393, D’Alia, Nadiad 459480",Gujarat,India,2025-08-19
2308,Christopher,Mutti,christopher.mutti2308@gmail.com,9586072509,1986-04-17,,DELHI,India,2024-04-01
2309,Yoshita,Nadig,yoshita.nadig2309@yahoo.com,2326610382,1992-06-23,"H.No. 502, Nagar Path, Latur-999629",Assam,India,2023-06-25
2310,Nikita,Mannan,nikita.mannan2310@hotmail.com,7070345621,1981-12-30,"H.No. 21, Chauhan Marg, Shivpuri-941904",Telangana,India,2026-01-03
2311,Chandran,Saran,chandran.saran2311@yahoo.com,7829240988,1982-12-20,"70/07, Arora Road, Vijayanagaram 802031",Maharashtra,India,2026-04-09
2312,Rachana,Shetty,rachana.shetty2312@yahoo.com,2163592444,1984-11-24,"H.No. 78, Chatterjee Circle, Serampore-989775",Haryana,India,2025-03-20
2313,Jacob,Mohanty,jacob.mohanty2313@gmail.com,8074221203,2006-07-09,"H.No. 452, Goel Ganj, Mira-Bhayandar 420417",West Bengal,India,2023-04-22
2314,Falak,Kanda,falak.kanda2314@hotmail.com,3071846609,1993-01-22,"03/33, Kota Zila, Eluru 572073",Telangana,India,2024-12-20
2315,Jalsa,Sachar,jalsa.sachar2315@yahoo.com,2386582630,1974-01-28,"H.No. 387, Maharaj, Sikar 405475",Haryana,India,2024-04-12
2316,Gaurangi,Ratti,,2299181280,1984-11-10,"01, Vora, Morbi 179567",Assam,India,2026-05-31
2317,Raksha,Ranganathan,raksha.ranganathan2317@yahoo.com,2177444156,1990-06-02,"H.No. 98, Memon Street, Thrissur-818012",Telangana,India,2025-07-24
2318,Jasmit,Pandey,jasmit.pandey2318@hotmail.com,4573526407,1994-02-10,"H.No. 046, Dhar Path, Bijapur 456454",Telangana,India,2024-12-17
2319,Ekalinga,Gokhale,ekalinga.gokhale2319@hotmail.com,3826512947,2000-11-20,"370, Palla Nagar, Coimbatore-912227",Punjab,India,2026-02-22
2320,Rachita,Chaudhary,rachita.chaudhary2320@yahoo.com,2511874223,1998-01-22,"32/975, Bal Chowk, Jalna-971814",Assam,India,2024-04-15
2321,Kala,Morar,kala.morar2321@gmail.com,2748187317,2002-02-13,"H.No. 28, Ramakrishnan Road, Amravati-617586",Telangana,India,2025-08-17
2322,Manthan,Seshadri,manthan.seshadri2322@hotmail.com,2900391610,2002-05-03,"H.No. 704, Mann Nagar, Tinsukia 374805",Bihar,India,2026-02-25
2323,Ubika,Aggarwal,ubika.aggarwal2323@gmail.com,7397016316,1975-11-11,"71, Randhawa, Raebareli 416606",Karnataka,India,2024-06-29
2324,Hamsini,Viswanathan,hamsini.viswanathan2324@hotmail.com,4424504988,1980-10-30,"45/12, Narayan Marg, Kumbakonam-673155",Telangana,India,2025-01-18
2325,Anamika,Chanda,anamika.chanda2325@hotmail.com,+91-8321126818,1977-03-28,"458, Saha Path, Shivpuri 045688",Haryana,India,2025-05-31
2326,Warinder,Mittal,warinder.mittal2326@gmail.com,2359288700,1977-09-06,"27, Narang Street, Kochi 114084",Kerala,India,2024-02-28
2327,Yachana,Sibal,yachana.sibal2327@yahoo.com,6154712162,2007-05-22,"20/061, Kapoor Zila, Begusarai-297480",Karnataka,India,2025-04-06
2328,Rishi,Kashyap,rishi.kashyap2328@hotmail.com,2358459638,1977-02-12,"49, Ramaswamy Zila, Ratlam-561396",Kerala,India,2024-07-09
2329,Charan,Mukhopadhyay,charan.mukhopadhyay2329@yahoo.com,1042425846,1999-04-23,"571, Sant Chowk, Nellore-994084",Kerala,India,2023-06-13
2330,Ucchal,Divan,ucchal.divan2330@yahoo.com,2809277140,1998-11-14,"79/81, Keer Chowk, Bhubaneswar 752452",Uttar Pradesh,India,2024-10-17
2331,Madhavi,Master,madhavi.master2331@gmail.com,1180829548,2005-05-09,"H.No. 594, Korpal Marg, Shahjahanpur 798427",Rajasthan,India,2025-07-17
2332,Chakradev,Chaudhuri,,0690533701,2007-10-26,"51/436, Sani Road, Jehanabad-905452",Karnataka,India,2025-02-22
2333,Banjeet,Ganesan,banjeet.ganesan2333@yahoo.com,1258404760,1973-07-16,"H.No. 46, Aurora Nagar, Amaravati-407685",Bihar,India,2025-11-27
2334,Anamika,Kuruvilla,anamika.kuruvilla2334@hotmail.com,5593348869,1999-07-10,"209, Sami Chowk, Pali 317595",DELHI,India,2024-06-12
2335,Kiaan,Solanki,kiaan.solanki2335@yahoo.com,3341283437,1992-03-12,"96, Prasad Circle, Raurkela Industrial Township 916913",Telangana,India,2026-09-13
2336,Ladli,Kashyap,,7661639848,1994-04-29,"H.No. 12, Srivastava Path, Kadapa-532460",Kerala,India,2025-03-05
2337,Utkarsh,Varkey,utkarsh.varkey2337@gmail.com,8554206099,1994-11-28,"78/949, Nigam Ganj, Rewa 772382",Punjab,India,2025-05-02
2338,Indali,Bora,indali.bora2338@gmail.com,4865796810,1971-11-28,"H.No. 01, Kapadia Chowk, Karaikudi-595431",Odisha,India,2023-10-22
2339,Nikita,Suresh,nikita.suresh2339@yahoo.com,09404-37814,1976-02-16,"36/063, Baral Road, Vijayawada 005723",Delhi,India,2024-07-25
2340,Samesh,Grover,,8233167162,1992-03-10,"H.No. 48, Mani Zila, Bikaner 352156",Tamil Nadu,India,2024-01-09
2341,Teerth,Ganguly,teerth.ganguly2341@yahoo.com,4687927185,1972-07-24,"597, Shankar, Karaikudi-841786",Telangana,India,2026-08-01
2342,Urishilla,Kapur,urishilla.kapur2342@hotmail.com,6939499572,2008-07-20,"104, Char Circle, Rampur-813893",Kerala,India,06/26/2024
2343,Siddharth,Viswanathan,siddharth.viswanathan2343@yahoo.com,4923524937,1979-12-21,"28, Cheema Path, Kulti 164040",Odisha,India,2025-01-25
2344,Upadhriti,Ratta,upadhriti.ratta2344@gmail.com,1880690438,1979-05-12,"H.No. 991, Acharya Street, Siliguri 418501",Tamil Nadu,India,2025-11-25
2345,Omaja,Saini,omaja.saini2345@hotmail.com,1509957568,1996-02-07,"H.No. 532, Kapadia, Rampur 928223",Delhi,India,2026-02-22
2346,Neelima,Kibe,neelima.kibe2346@yahoo.com,,1984-08-26,"30/872, Anne Road, Tenali-800254",Kerala,India,2026-03-13
2347,Amruta,Raj,amruta.raj2347@hotmail.com,6517277532,1971-01-20,"H.No. 56, Kuruvilla Road, Bhilwara-001590",Karnataka,India,2026-08-12
2348,Qabil,Kumar,qabil.kumar2348@gmail.com,0922834364,1979-01-07,"H.No. 906, Munshi Marg, Baranagar-066446",Maharashtra,India,2024-07-07
2349,Ekalinga,Narula,ekalinga.narula2349@yahoo.com,7923002883,2003-01-11,"H.No. 50, Mukherjee Chowk, Tadipatri 803794",Delhi,India,2026-01-27
2350,Charles,Anne,charles.anne2350@gmail.com,5689779036,1980-11-20,"216, Ray, Orai 979793",Kerala,India,2023-06-05
2351,Xiti,Nagarajan,xiti.nagarajan2351@hotmail.com,3572231526,2002-08-28,"H.No. 75, Dar Circle, Vadodara 544751",Gujarat,India,2025-07-14
2352,Kamya,Swaminathan,kamya.swaminathan2352@gmail.com,9848002032,1977-07-12,"17/832, Prakash Street, Khora -557322",Kerala,India,2026-08-24
2353,Qarin,Kibe,,6017542698,2006-06-26,"423, Guha Road, Gurgaon 845672",Tamil Nadu,India,2026-07-31
2354,Inaya,Srinivasan,inaya.srinivasan2354@gmail.com,2394847714,1987-05-14,"21/37, Chowdhury Nagar, Sangli-Miraj & Kupwad-403169",Assam,India,2025-05-04
2355,Vanya,Loyal,vanya.loyal2355@gmail.com,1881576515,1981-09-08,"H.No. 98, Chadha Street, Bhiwandi-176386",Assam,India,2026-06-14
2356,Avi,Palla,avi.palla2356@yahoo.com,3032535559,1974-01-23,"H.No. 560, Sahni Nagar, Kolhapur-922597",Karnataka,India,2024-05-15
2357,Oeshi,Sheth,oeshi.sheth2357@gmail.com,1060113032,2001-06-12,"43/374, Johal Path, Thanjavur-026741",Rajasthan,India,2024-05-04
2358,Faris,Rana,faris.rana2358@gmail.com,4596223972,2003-02-27,"09/960, Gupta Chowk, Kolkata-150710",Delhi,India,2025-02-08
2359,Faras,Sachar,faras.sachar2359@yahoo.com,5985153209,2006-04-18,"H.No. 24, Narula, Vijayawada 280064",Madhya Pradesh,India,2024-12-09
2360,Nilima,Das,nilima.das2360@hotmail.com,7799324696,2002-06-30,"99/96, Apte Circle, Udaipur-699300",Kerala,India,2024-02-23
2361,Sanaya,Rau,sanaya.rau2361@yahoo.com,4944282818,1982-11-15,"669, Sule Zila, Bahraich 972136",West Bengal,India,2026-06-09
2362,Anthony,Ramesh,anthony.ramesh2362@yahoo.com,2296316501,1994-02-07,"34/176, Sura Nagar, Kollam 779386",Uttar Pradesh,India,2026-02-24
2363,Adweta,Shroff,adweta.shroff2363@gmail.com,2086647863,1982-01-06,"12/269, Dalal Road, Latur-431870",Rajasthan,India,2026-07-17
2364,Idika,Baria,idika.baria2364@hotmail.com,2162593224,1995-04-07,"H.No. 93, Kibe Circle, Vijayawada 232528",Bihar,India,2026-04-07
2365,Darika,Bal,darika.bal2365@gmail.com,3322760392,1989-09-10,"06/43, Prabhu Circle, Rajkot-998663",Tamil Nadu,India,2024-06-06
2366,Zansi,Balan,zansi.balan2366@yahoo.com,0976904635,2003-03-10,"85/93, Sharaf Chowk, Mathura-594095",Uttar Pradesh,India,2023-02-24
2367,Yagnesh,Hans,yagnesh.hans2367@gmail.com,3350698443,2008-07-19,"H.No. 47, Goda Zila, Tinsukia 664485",Maharashtra,India,2023-08-24
2368,Niharika,Subramanian,niharika.subramanian2368@hotmail.com,8926855127,2008-04-28,"H.No. 637, Nagi Nagar, Aizawl-651541",Telangana,India,2025-09-29
2369,Patrick,Kannan,patrick.kannan2369@hotmail.com,1450941382,2002-07-05,"01/011, Bakshi, Visakhapatnam 428164",Bihar,India,2023-10-09
2370,Yamini,Banerjee,yamini.banerjee2370@hotmail.com,0635519726,2006-12-08,"58, Mannan Street, Erode 584597",Kerala,India,2024-07-22
2371,Chanakya,Prabhakar,chanakya.prabhakar2371@gmail.com,1600268496,1975-10-04,"20/29, Ratti Chowk, Gandhidham-555794",Delhi,India,2023-05-20
2372,Hemang,Gulati,hemang.gulati2372@yahoo.com,7116253522,1998-03-15,"18/79, Sibal Ganj, Medininagar-727513",Rajasthan,India,2025-08-05
2373,Eta,Venkatesh,eta.venkatesh2373@hotmail.com,2071389477,1973-08-29,"45/39, Mahal Ganj, Kota 364628",Assam,India,2025-11-01
2374,Keya,Rastogi,keya.rastogi2374@yahoo.com,0647405503,1983-01-10,"H.No. 557, Mall Nagar, Danapur 123728",Uttar Pradesh,India,2025-02-25
2375,Warjas,Pathak,warjas.pathak2375@yahoo.com,8564296539,1988-07-10,"17, Kulkarni Chowk, Bhusawal 744899",Delhi,India,23-04-2026
2376,Gayathri,Chauhan,gayathri.chauhan2376@hotmail.com,0080443583,1985-09-11,"70/760, Lanka Ganj, Korba 073415",Tamil Nadu,India,2025-05-03
2377,Anya,Dube,anya.dube2377@hotmail.com,2813309438,1976-08-05,"53/741, Sahni Street, Nagpur 674586",Madhya Pradesh,India,2024-11-13
2378,  Aarini  ,De,aarini.de2378@gmail.com,2488782028,1973-07-02,"H.No. 22, Murthy Nagar, Siwan-803025",Telangana,India,2024-02-21
2379,Unnati,D’Alia,unnati.d’alia2379@yahoo.com,9546723904,1974-08-06,"11, Thakkar Ganj, Hapur 463547",Haryana,India,2025-03-29
2380,Aradhana,Yadav,aradhana.yadav2380@hotmail.com,4762069348,1985-11-22,"21/976, Sridhar Zila, Kollam-641722",Maharashtra,India,2025-12-28
2381,Jagdish,Master,jagdish.master2381@yahoo.com,0182999091,1984-05-21,"900, Balan Zila, Muzaffarpur-883403",Assam,India,2023-09-15
2382,Pallavi,Acharya,pallavi.acharya2382@yahoo.com,1872970345,1993-07-14,"446, Mane, Srikakulam-422577",Karnataka,India,05/03/2026
2383,Yashvi,Kant,yashvi.kant2383@gmail.com,2145382332,1993-04-04,"68/22, Shukla Marg, Shahjahanpur 611943",West Bengal,India,2024-06-19
2384,Barkha,Swaminathan,barkha.swaminathan2384@yahoo.com,2978823553,1986-04-23,"69/048, Iyer Circle, Katni 471688",Maharashtra,India,2026-08-31
2385,Urmi,Shankar,urmi.shankar2385@gmail.com,8696540650,1972-12-04,"41/407, Choudhary Chowk, Asansol 054351",Gujarat,India,2024-05-15
2386,Harish,Tripathi,harish.tripathi2386@gmail.com,9799229108,1977-12-21,"91/92, Dixit Circle, Surendranagar Dudhrej 960383",Assam,India,2025-01-05
2387,Qushi,Dixit,qushi.dixit2387@yahoo.com,6161501860,1980-08-24,"90/786, Char Zila, Lucknow 670347",Assam,India,2025-09-08
2388,Yashawini,Deep,yashawini.deep2388@yahoo.com,7464622507,1971-06-27,"89/38, Nagar Ganj, Ahmedabad-684970",PUNJAB,India,2023-01-09
2389,Kabir,Pathak,,1171440342,1987-06-25,"110, Shroff Zila, Kharagpur-279126",west bengal,India,2026-09-15
2390,Aradhana,Bansal,aradhana.bansal2390@hotmail.com,6910393481,1973-07-30,"53/931, Mukherjee Chowk, Asansol-659811",Kerala,India,2026-02-21
2391,Vansha,Chana,vansha.chana2391@gmail.com,7895379280,1984-06-05,"H.No. 81, Grewal Chowk, Vasai-Virar-115825",Telangana,India,2025-06-29
2392,Bishakha,Kala,bishakha.kala2392@yahoo.com,1121828829,1972-08-07,,Maharashtra,India,2025-05-10
2393,Tanveer,Goswami,tanveer.goswami2393@gmail.com,7810508989,1981-10-19,"72/336, Konda, Salem 738515",Assam,India,2026/06/04
2394,Tejas,Mani,tejas.mani2394@hotmail.com,5679415409,2001-06-22,"H.No. 56, Suresh Ganj, Jamshedpur-151300",Maharashtra,India,12/18/2023
2395,Chaman,Banik,chaman.banik2395@hotmail.com,1299262361,1985-10-03,"64, Jaggi Street, Bettiah-079047",West Bengal,India,2023-07-30
2396,Naksh,Hegde,naksh.hegde2396@gmail.com,3501232900,1984-12-02,"H.No. 15, Dora Circle, Gwalior 151108",bihar,India,2024-01-16
2397,Aadi,Oza,aadi.oza2397@gmail.com,6593561400,1991-03-30,"86/068, Dugal, Karawal Nagar 470749",Madhya Pradesh,India,2024-02-15
2398,Gaurangi,Ghose,gaurangi.ghose2398@gmail.com,9949897639,1996-02-07,"94, Sahota Zila, Proddatur 015295",Odisha,India,2025-05-21
2399,Omisha,Konda,omisha.konda2399@yahoo.com,1678530445,1972-09-10,"243, Nagar Ganj, Jorhat 112748",Haryana,India,2026-03-31
2400,Harish,Rajagopal,harish.rajagopal2400@gmail.com,9852056605,2005-10-21,"19/746, Ramesh Path, Bettiah-569028",Telangana,India,2026-07-20
2401,Maya,Chand,maya.chand2401@hotmail.com,6813891020,1987-07-28,"99/36, Badami Path, Kulti 908578",Kerala,India,2024-01-22
2402,Nathan,Nadig,nathan.nadig2402@hotmail.com,2208652077,2005-01-03,"H.No. 63, Trivedi Chowk, Hubli–Dharwad 909727",Odisha,India,2026-03-04
2403,Xiti,Prabhakar,xiti.prabhakar2403@yahoo.com,7974840852,1979-12-10,"26, Purohit Nagar, Morena 829967",Maharashtra,India,2025-06-27
2404,Pranav,Mohanty,pranav.mohanty2404@gmail.com,8680428878,1976-04-14,"24/195, Dasgupta Road, Bhalswa Jahangir Pur-762696",West Bengal,India,2025-12-17
2405,Parth,Warrior,,,1988-04-16,"H.No. 30, Pai, Kozhikode-893153",Gujarat,India,2025-05-29
2406,Yasti,Rai,yasti.rai2406@yahoo.com,8338806719,1972-06-24,"H.No. 869, Narasimhan Chowk, Burhanpur-175240",Punjab,India,2024-05-27
2407,  Indali  ,Varughese,indali.varughese2407@yahoo.com,3934749500,1994-01-04,"H.No. 603, Tara Nagar, Mathura 348615",Tamil Nadu,India,2023-01-21
2408,Ekaja,Uppal,ekaja.uppal2408@yahoo.com,+91-4048693841,1998-01-28,"H.No. 330, Mammen Zila, Gorakhpur-606068",Haryana,India,2023-06-06
2409,Faris,Som,faris.som2409@hotmail.com,6467057420,1977-01-20,"H.No. 182, Agrawal Marg, Udaipur 119906",West Bengal,India,2025-01-01
2410,Varsha,Agrawal,varsha.agrawal2410@hotmail.com,9042326634,2002-05-09,"40/794, Panchal Street, Cuttack 213952",West Bengal,India,2024-05-25
2411,Odika,Lala,odika.lala2411@hotmail.com,5932561837,1971-09-10,"H.No. 41, Sampath Marg, Bhiwandi-598484",Rajasthan,India,2026-05-19
2412,Fariq,Sandhu,fariq.sandhu2412@hotmail.com,6175682681,1988-12-09,"H.No. 457, Arora Nagar, Pune 733759",Delhi,India,2025-02-11
2413,Harshil,Garde,harshil.garde2413@hotmail.com,1318839557,2006-08-30,"19, Pingle, Gulbarga 352537",Madhya Pradesh,India,2025-07-01
2414,Charita,Dugal,charita.dugal2414@gmail.com,5999544080,1971-03-24,"H.No. 549, Gulati Marg, Dibrugarh-977251",Punjab,India,2025-02-20
2415,Xiti,Karnik,xiti.karnik2415@gmail.com,3491026398,2008-09-11,"H.No. 49, Sunder, Sultan Pur Majra-545388",Kerala,India,2025-03-30
2416,Nachiket,Khosla,nachiket.khosla2416@hotmail.com,0917089574,2003-06-19,"28/27, Venkataraman Path, Gandhinagar-798105",Rajasthan,India,2026-03-13
2417,Vihaan,Chopra,vihaan.chopra2417@yahoo.com,9299338634,1975-05-04,"36, Vohra Street, Ambala-981145",Punjab,India,2024-08-01
2418,Tripti,Kapoor,tripti.kapoor2418@hotmail.com,8805074511,1989-03-19,"71/00, Issac Nagar, Faridabad-527517",Odisha,India,2024-06-01
2419,Maya,Kapadia,maya.kapadia2419@gmail.com,9487836002,1994-11-04,"82/814, Chaudhuri Marg, Rourkela 018913",Bihar,India,2025-07-12
2420,Warda,Dass,warda.dass2420@gmail.com,2836069668,1990-03-29,"31/73, Desai Ganj, Bhopal-248072",Kerala,India,2023-09-27
2421,Bhavani,Kalla,bhavani.kalla2421@yahoo.com,6932874342,2003-12-26,"H.No. 905, Kade Nagar, Karnal-373509",Odisha,India,2025-12-17
2422,Leena,Gera,leena.gera2422@yahoo.com,6175154188,1977-07-13,"H.No. 213, Chakrabarti Marg, Madanapalle-323987",Bihar,India,2024-08-26
2423,Ati,Mann,ati.mann2423@yahoo.com,2276078660,2002-04-14,,Bihar,India,2025-10-14
2424,Diya,Dada,diya.dada2424@gmail.com,0542311262,1992-11-16,"74, Nanda Marg, Nagpur 751943",PUNJAB,India,2023-03-13
2425,Gayathri,Malhotra,gayathri.malhotra2425@hotmail.com,5085115494,1980-05-17,"H.No. 34, Om Street, Jamnagar 880326",Punjab,India,2026-07-11
2426,Varsha,Mann,varsha.mann2426@hotmail.com,5796873352,1970-10-24,"H.No. 109, Sant Chowk, Agra-866535",Maharashtra,India,2023-07-21
2427,Faraj,Pandya,faraj.pandya2427@yahoo.com,7214868823,2008-05-26,"H.No. 093, Raval Road, Bahraich 088048",Delhi,India,2025-09-23
2428,George,Gera,george.gera2428@hotmail.com,2746001115,1995-12-09,"H.No. 848, Om Path, Medininagar 938124",Tamil Nadu,India,2023-05-19
2429,Bhavika,Swaminathan,bhavika.swaminathan2429@yahoo.com,9648461591,1971-06-09,"71/73, Mahal Nagar, Navi Mumbai 387509",Assam,India,2024-02-19
2430,Aarnav,Roy,aarnav.roy2430@hotmail.com,7355997177,1977-12-18,"H.No. 01, Gokhale Marg, Phusro-345479",Delhi,India,2025-02-01
2431,Liam,Walla,liam.walla2431@hotmail.com,8937259561,1999-04-04,"50/148, Batra Zila, Mehsana-364657",Assam,India,2026-03-15
2432,Caleb,Parsa,caleb.parsa2432@gmail.com,2375435477,1985-10-29,"07, Walla Road, Buxar 588397",West Bengal,India,2023-12-12
2433,Amaira,Sem,amaira.sem2433@hotmail.com,6659144450,1998-01-11,"H.No. 89, Kumer Zila, Unnao 258915",Maharashtra,India,2024-06-08
2434,Lajita,Nagi,lajita.nagi2434@yahoo.com,8273720416,2000-07-19,"H.No. 18, Badami Path, Loni 060670",Maharashtra,India,2026-04-13
2435,Warda,Rastogi,warda.rastogi2435@gmail.com,0828330092,2003-04-02,"92/57, Dhar Nagar, Mehsana 182571",uttar pradesh,India,2024-03-02
2436,Sneha,Swaminathan,sneha.swaminathan2436@gmail.com,7536397869,2001-02-12,"968, Dutta Street, Dhule 919571",Odisha,India,2024-08-30
2437,Sarthak,Anne,sarthak.anne2437@gmail.com,0564415896,1988-10-16,"87/583, Chatterjee Ganj, Tadipatri 215732",Assam,India,2024-03-03
2438,Abeer,Warrior,abeer.warrior2438@gmail.com,1622879473,2006-06-12,"H.No. 81, Chandran Marg, Maheshtala-628857",Telangana,India,2026-05-01
2439,David,Chauhan,,7196526302,2000-08-01,"739, Ray, Yamunanagar 909137",Tamil Nadu,India,2026-08-13
2440,Ekalinga,Dutt,ekalinga.dutt2440@hotmail.com,9175673508,2006-04-30,"30/192, Bala Road, Parbhani 418335",West Bengal,India,2025-11-22
2441,Manan,Balasubramanian,manan.balasubramanian2441@yahoo.com,9014734272,1986-08-20,"01/51, Mander Chowk, Mira-Bhayandar 068673",Rajasthan,India,2026-05-04
2442,Anvi,Khare,anvi.khare2442@hotmail.com,1523598202,1986-04-16,"H.No. 15, Sheth Zila, Pallavaram-234366",Tamil Nadu,India,2025-05-29
2443,Barkha,Sarma,barkha.sarma2443@hotmail.com,6503350468,1994-06-25,"50, Ramaswamy, Shahjahanpur-758569",Telangana,India,2026-09-10
2444,Saksham,Sachdeva,saksham.sachdeva2444@gmail.com,2991945763,1995-12-29,"363, Sarin Nagar, Medininagar-770619",Odisha,India,2024-12-23
2445,Vamakshi,Warrior,vamakshi.warrior2445@hotmail.com,1871669934,1989-11-23,"24, Seshadri Street, Mira-Bhayandar 784271",Punjab,India,2025-08-06
2446,Dev,Handa,dev.handa2446@yahoo.com,6486714364,1999-08-28,"59, Tella Nagar, Ahmedabad-251882",Punjab,India,2025-10-16
2447,Meera,Bath,meera.bath2447@gmail.com,3344110220,1991-11-28,"09, Dixit Street, Berhampore-997263",Odisha,India,2023-11-30
2448,Rohan,Kapadia,rohan.kapadia2448@hotmail.com,0232852124,1979-11-11,"H.No. 17, Wable Road, Varanasi-649882",Odisha,India,2023-07-01
2449,Radha,Bakshi,radha.bakshi2449@hotmail.com,9027699904,1980-03-24,,Gujarat,India,2026-08-23
2450,Sachi,Lata,sachi.lata2450@gmail.com,2684908564,1982-09-22,"31/24, Khare Circle, Hospet-654573",Madhya Pradesh,India,2024-09-14
2451,Falguni,Mahajan,falguni.mahajan2451@gmail.com,2366162523,1980-09-19,"34/945, Aurora Street, Raurkela Industrial Township-420526",Haryana,India,2025-03-31
2452,Saksham,Vasa,saksham.vasa2452@hotmail.com,7613187639,1996-08-23,"026, Sahota Chowk, Kota 705702",West Bengal,India,2025-10-16
2453,Ansh,Kaul,ansh.kaul2453@hotmail.com,0000390110,1989-01-21,"H.No. 038, Srivastava Circle, Thanjavur-417892",Madhya Pradesh,India,2024-12-03
2454,Bhavika,Bhakta,bhavika.bhakta2454@gmail.com,2429555387,1986-11-15,"42/205, Iyengar Circle, Saharsa 715875",Assam,India,2023-11-27
2455,Nidhi,Kala,nidhi.kala2455@gmail.com,2466047294,1982-07-25,"00/14, Chaudhari Ganj, Jabalpur-097067",Telangana,India,2025-04-03
2456,Aachal,Konda,aachal.konda2456@gmail.com,4193508054,1995-05-20,"H.No. 15, Das Zila, Chandrapur 881514",Haryana,India,2023-06-15
2457,Wridesh,Andra,wridesh.andra2457@yahoo.com,7999155728,1987-06-27,"16/28, Rama Street, Davanagere 243419",Maharashtra,India,2025-07-26
2458,Rushil,Nagarajan,rushil.nagarajan2458@hotmail.com,2954405546,1973-12-02,"H.No. 062, Sama Marg, Kalyan-Dombivli-476077",Tamil Nadu,India,2026-03-23
2459,Lekha,Dugar,lekha.dugar2459@hotmail.com,7433398985,1993-07-21,"62/52, Nagy Path, Shahjahanpur 539531",Uttar Pradesh,India,2025-12-14
2460,Robert,Borah,robert.borah2460@gmail.com,2148575174,2007-11-23,"197, Cheema Ganj, Bharatpur-265425",Gujarat,India,2026-05-02
2461,Panini,Ramaswamy,,9461160810,2005-09-03,"H.No. 86, Narayan Zila, Bettiah-511080",Bihar,India,2026-07-16
2462,Robert,Aurora,robert.aurora2462@yahoo.com,5471057870,2003-06-26,"H.No. 942, Bose Chowk, Ghaziabad-666063",Tamil Nadu,India,2026-02-01
2463,Urmi,Viswanathan,urmi.viswanathan2463@hotmail.com,5945606955,1976-06-23,"H.No. 27, Bhargava Path, Kota 153644",Haryana,India,2023-02-07
2464,Dominic,Raj,dominic.raj2464@gmail.com,00300-45208,2000-02-08,"88/83, Chahal Zila, Guntakal 386768",KERALA,India,2025-01-16
2465,Alka,Mahal,alka.mahal2465@gmail.com,1917062217,1980-05-30,"03/200, Bains Ganj, Raipur-425942",RAJASTHAN,India,2023-08-19
2466,Harsh,Choudhary,harsh.choudhary2466@gmail.com,0597012442,1989-12-19,"73, Ganguly Street, Bidhannagar-232095",Punjab,India,2024-09-08
2467,Damini,Agarwal,damini.agarwal2467@hotmail.com,4368869148,2002-02-24,"H.No. 69, Bahri Ganj, Narasaraopet-387556",Rajasthan,India,2024-03-23
2468,Shivani,Rajagopalan,shivani.rajagopalan2468@gmail.com,4282334430,2001-04-23,"20, Buch Path, Madanapalle 414916",Tamil Nadu,India,2023-01-13
2469,Gaurav,Buch,gaurav.buch2469@gmail.com,2561962326,2008-07-29,"772, Randhawa Chowk, Raichur 590848",Haryana,India,2024-03-12
2470,  Alexander  ,Kalita,alexander.kalita2470@yahoo.com,6943074982,1978-07-18,"788, Acharya Circle, Mangalore-699519",ASSAM,India,2026-02-06
2471,Oni,Gara,oni.gara2471@hotmail.com,4205203065,1972-08-22,"33/480, Bahl Circle, Thiruvananthapuram-049474",Assam,India,2024-04-16
2472,Kai,Dar,kai.dar2472@yahoo.com,5482718980,1997-11-23,"962, Mishra Path, Surat-217699",West Bengal,India,2025-07-02
2473,Januja,Bhalla,januja.bhalla2473@yahoo.com,0443197406,1997-02-13,"H.No. 097, Bhatia Road, Sambalpur 973510",Madhya Pradesh,India,2026-08-13
2474,Abhimanyu,Iyengar,abhimanyu.iyengar2474@hotmail.com,1868398591,2000-04-30,"63, Bhavsar, Kalyan-Dombivli-807321",PUNJAB,India,2026-02-10
2475,  Isha  ,Dasgupta,isha.dasgupta2475@yahoo.com,9734860717,1990-06-06,"56, Sane Circle, Durg 790013",Kerala,India,2023-09-13
2476,Janani,Saxena,,1913921170,1991-12-27,"61/47, Shan, Sasaram-694813",Telangana,India,2023-05-29
2477,Kashvi,Dave,kashvi.dave2477@hotmail.com,4005453042,1996-01-18,"65/189, Kumar, Davanagere 402981",Gujarat,India,2024-07-02
2478,Vinaya,Kamdar,vinaya.kamdar2478@gmail.com,6210038589,1987-03-02,"H.No. 15, Cheema Street, Vellore 308172",Uttar Pradesh,India,2026-02-08
2479,Anay,Srivastava,anay.srivastava2479@yahoo.com,2420441568,1997-09-12,"99/994, Mall, Jamshedpur-662936",DELHI,India,2026-09-14
2480,Daksh,Toor,daksh.toor2480@hotmail.com,5600229570,1987-10-19,"53/417, Bhargava Marg, Khora -679936",Telangana,India,2025-02-26
2481,Jatin,Parmar,jatin.parmar2481@gmail.com,9846347774,1998-04-27,"34/419, Chahal Nagar, Begusarai-291439",Telangana,India,2025-01-17
2482,Madhav,Bhagat,madhav.bhagat2482@yahoo.com,8015597205,1980-07-11,"H.No. 926, Badami Circle, Serampore-096708",Kerala,India,2024-01-31
2483,Samuel,Verma,samuel.verma2483@hotmail.com,6973382878,1979-09-03,"528, Cherian Circle, Jalandhar-699287",Karnataka,India,2026-02-01
2484,Aryan,Bajwa,aryan.bajwa2484@gmail.com,9770431345,1974-06-06,"899, Contractor Chowk, Uluberia-549811",Karnataka,India,2026-01-19
2485,Akshay,Chana,akshay.chana2485@yahoo.com,0898911281,1973-07-30,"40/11, Mander Path, Panihati 596900",Assam,India,2026-02-11
2486,Tripti,Baral,tripti.baral2486@yahoo.com,3096277186,2004-02-17,"H.No. 776, Ravi Street, Pudukkottai-927453",Tamil Nadu,India,2026-05-19
2487,Kamya,Ratti,kamya.ratti2487@hotmail.com,8260692804,1988-07-23,"H.No. 335, Bala Nagar, Raiganj 600285",Haryana,India,2023-09-17
2488,Sathvik,Mammen,sathvik.mammen2488@hotmail.com,1068973173,1983-02-27,"H.No. 109, Pandit Road, Raichur-301207",Uttar Pradesh,India,2025-06-05
2489,Faras,Prashad,faras.prashad2489@gmail.com,8110502725,1979-03-15,"58/43, Chowdhury Marg, Mehsana-585824",Rajasthan,India,2023-01-29
2490,  Michael  ,Dhar,michael.dhar2490@hotmail.com,8576236239,1978-02-09,"H.No. 248, Nadkarni Path, Naihati-870880",Maharashtra,India,14 Jul 2025
2491,Samuel,Palla,samuel.palla2491@yahoo.com,9898205413,1985-08-06,"716, Kata Road, Rewa-800684",Madhya Pradesh,India,2025-01-27
2492,Faraj,Sane,faraj.sane2492@gmail.com,0122125847,1973-07-14,"48/93, Toor Marg, Warangal-509135",West Bengal,India,2025-08-09
2493,Unni,Chand,unni.chand2493@gmail.com,4214157099,1995-10-26,"05, Yadav, Machilipatnam 104476",Haryana,India,02 Mar 2023
2494,Ikbal,Mangal,ikbal.mangal2494@hotmail.com,3405013681,1996-02-16,,Delhi,India,2024-06-24
2495,Manan,Mand,manan.mand2495@gmail.com,0871540992,2001-11-07,"29, Dutta Chowk, Durg 545995",Uttar Pradesh,India,2024-02-17
2496,Raagini,Johal,raagini.johal2496@yahoo.com,5002309729,1987-12-20,"19, Devan Circle, Nagpur-062094",Maharashtra,India,2025-10-02
2497,Theodore,Mandal,theodore.mandal2497@gmail.com,2301301132,2008-07-26,"66/68, Subramanian Marg, Bally-539122",Karnataka,India,2026-05-08
2498,Finn,Atwal,finn.atwal2498@yahoo.com,6056904364,2004-09-25,"110, Savant Marg, Tadepalligudem 530326",DELHI,India,2023-08-13
2499,Gaurav,Nigam,gaurav.nigam2499@gmail.com,1040446463,2000-02-18,"40/14, Sundaram Road, Sonipat-358054",Uttar Pradesh,India,2024-11-04
2500,Yagnesh,Cheema,yagnesh.cheema2500@hotmail.com,7500692153,1974-11-14,"67/481, Yogi Chowk, Panihati 039375",Assam,India,2026-03-08
2501,Yasti,Cheema,yasti.cheema2501@gmail.com,1217099449,2000-04-04,"H.No. 10, Bala Street, Kochi 918536",Telangana,India,2025-12-03
2502,Dakshesh,Sachdeva,dakshesh.sachdeva2502@yahoo.com,7696702589,2008-07-29,"32, Yohannan Marg, Shimla 052894",Haryana,India,2026-04-16
2503,Panini,Kaur,panini.kaur2503@gmail.com,+91-5256767879,1973-02-01,"69, Chadha Zila, Dhule 052426",Punjab,India,2026-04-23
2504,Nisha,Sankar,nisha.sankar2504@hotmail.com,6869900782,2007-03-29,"H.No. 379, Madan Marg, Ramagundam 038341",Uttar Pradesh,India,2026-05-30
2505,Ekaraj,Chaudhuri,ekaraj.chaudhuri2505@gmail.com,5770183078,1970-10-24,"H.No. 60, Mann, Saharanpur-130223",Tamil Nadu,India,2025-05-17
2506,Zaid,Palan,zaid.palan2506@yahoo.com,3571338447,1992-05-14,"H.No. 965, Kata Chowk, Guwahati 496066",Assam,India,2023-07-30
2507,Radhika,Rout,radhika.rout2507@yahoo.com,1243468348,1973-01-21,"H.No. 579, Barman Circle, Satara-269736",Uttar Pradesh,India,2024-04-14
2508,Vincent,Bhargava,vincent.bhargava2508@gmail.com,9821095927,1972-09-15,"68/34, Dada Path, Purnia-065151",Haryana,India,2024-10-10
2509,Mason,Garg,mason.garg2509@gmail.com,2936588349,1978-12-09,"H.No. 488, Nadig Street, Nadiad 913885",Uttar Pradesh,India,2026-03-14
2510,Yahvi,Rattan,yahvi.rattan2510@hotmail.com,0948718829,1974-03-02,"61, Kumar Path, Kadapa 618700",Tamil Nadu,India,2025-11-29
2511,Tanveer,Sachdev,tanveer.sachdev2511@yahoo.com,2201635769,2008-01-16,"598, Raja Path, Belgaum 228985",Madhya Pradesh,India,2023-01-18
2512,Ekanta,Krishnamurthy,ekanta.krishnamurthy2512@gmail.com,+91-3019426736,1978-08-11,"104, Bajaj Ganj, Jalna 310025",Madhya Pradesh,India,2024-02-13
2513,Chakrika,Sen,chakrika.sen2513@yahoo.com,7691713595,1993-11-16,"28, Solanki Road, Asansol-199272",Delhi,India,2025-07-15
2514,Frederick,Zacharia,,8333306559,2000-09-05,"H.No. 22, Dube Nagar, Raiganj-177001",Bihar,India,2024-07-13
2515,Chakradev,Padmanabhan,chakradev.padmanabhan2515@hotmail.com,1729488983,2001-08-08,"H.No. 40, Devi Path, Sikar-060564",Haryana,India,2025-12-05
2516,  Laksh  ,Apte,laksh.apte2516@gmail.com,0915727506,2004-12-24,"505, Upadhyay Ganj, Imphal-123584",Telangana,India,2026-06-22
2517,Alka,Dube,alka.dube2517@gmail.com,1844462042,1990-06-05,"31, Gaba Ganj, Moradabad-829380",Kerala,India,2026-04-21
2518,Tanish,Wadhwa,tanish.wadhwa2518@yahoo.com,2903216515,1988-02-07,"61, Sha Nagar, Bahraich-876597",Delhi,India,2026-08-11
2519,Bina,Saini,bina.saini2519@gmail.com,7050211925,1979-08-21,"82/517, Divan Nagar, Nagercoil-267469",Punjab,India,2026-07-18
2520,Warinder,Mangal,warinder.mangal2520@yahoo.com,2228372130,1996-07-17,"H.No. 448, Andra Road, Ahmedabad-534446",Telangana,India,2026-08-26
2521,Qasim,Gara,qasim.gara2521@yahoo.com,8172724334,2001-08-13,"44/37, Dhingra Marg, Naihati 994848",Uttar Pradesh,India,2024-07-14
2522,Watika,Palla,watika.palla2522@hotmail.com,5598769413,1976-11-21,"H.No. 623, Choudhary Path, Phusro-182446",Telangana,India,2023-01-08
2523,Ekanta,Rastogi,ekanta.rastogi2523@hotmail.com,5660207624,1996-04-21,"H.No. 273, Vig Road, Ongole 941844",Punjab,India,2023-05-08
2524,Ekani,Malhotra,ekani.malhotra2524@hotmail.com,3705754941,1977-01-02,"15/02, Dugar Street, Jabalpur 897681",Telangana,India,2024-07-21
2525,Diya,Pandey,diya.pandey2525@gmail.com,4908769915,1973-07-18,"H.No. 86, Bassi, Bhatpara 782249",Maharashtra,India,2024-12-03
2526,Wazir,Mukherjee,wazir.mukherjee2526@gmail.com,4978475228,1971-04-19,"24, Kaur, Kolhapur 204301",TELANGANA,India,2023-10-19
2527,Bhavya,Dewan,bhavya.dewan2527@yahoo.com,7599729846,1986-02-02,"05, Nagy Nagar, Bharatpur 539291",Odisha,India,2026-08-16
2528,Hredhaan,Kumar,hredhaan.kumar2528@gmail.com,4846529189,1990-12-15,"30/76, Devan Circle, Ratlam 260244",Assam,India,2023-01-19
2529,Jai,Chander,jai.chander2529@yahoo.com,8496274368,1975-06-29,"H.No. 134, Ghosh Street, Anantapur 044057",Delhi,India,2025-10-12
2530,Indrajit,Ben,indrajit.ben2530@hotmail.com,2080201104,1998-02-14,"H.No. 96, Deshpande Nagar, Satara-920119",Kerala,India,2025-02-10
2531,Ekta,Nayar,ekta.nayar2531@gmail.com,1728270261,1991-04-19,"76/04, Gopal Nagar, Bhubaneswar-010084",Telangana,India,2026-08-14
2532,Inaya,Din,inaya.din2532@yahoo.com,0035188934,2007-12-07,"89, Dubey Chowk, Adoni 161646",Gujarat,India,2024-09-10
2533,Tarak,Gour,tarak.gour2533@yahoo.com,3188297876,1985-03-21,"51/66, Sandhu Street, Tiruvottiyur 548452",Uttar Pradesh,India,2023-11-13
2534,Hiral,Lata,hiral.lata2534@gmail.com,8331421472,1982-02-01,"05, Mistry Path, Bangalore-741243",Odisha,India,2023-01-20
2535,Abeer,Narula,abeer.narula2535@hotmail.com,0790426613,1976-08-17,"85/285, Murty Street, Dhule-201327",Uttar Pradesh,India,2025-01-22
2536,Mitali,Vala,mitali.vala2536@yahoo.com,9652117780,1998-09-06,"H.No. 93, Bail, Meerut 416702",Maharashtra,India,2023-05-13
2537,Charvi,Grewal,charvi.grewal2537@hotmail.com,7834010772,1999-02-08,"85/93, Sani Nagar, Sasaram 382913",Delhi,India,2025-06-30
2538,Rayaan,Magar,,8727429331,1984-12-01,"31, Patil Zila, Narasaraopet 549178",Odisha,India,2025-06-29
2539,Hema,Oommen,hema.oommen2539@yahoo.com,3416253164,1972-12-29,"30/45, Mallick Chowk, Cuttack-037790",Kerala,India,2023-02-09
2540,Aashi,Dugal,aashi.dugal2540@yahoo.com,1702777217,2003-03-14,"26/50, Jayaraman Nagar, Tirunelveli-548366",Bihar,India,2025-12-15
2541,Utkarsh,Puri,utkarsh.puri2541@yahoo.com,8323953021,1976-08-27,"393, Nigam Zila, Visakhapatnam 185079",Haryana,India,2026-03-15
2542,Jeremiah,Gade,jeremiah.gade2542@hotmail.com,0891887089,1989-01-13,"889, Chaudhuri Zila, Warangal 360960",Haryana,India,2024-07-27
2543,Wakeeta,Majumdar,,1269072807,1977-12-20,"69/09, Bava Zila, Thrissur 937980",Gujarat,India,2025-05-31
2544,Neha,Agate,neha.agate2544@gmail.com,9194923592,1980-12-26,"H.No. 99, Wagle Chowk, Ozhukarai-014430",Maharashtra,India,2024-05-28
2545,Ekalinga,Sanghvi,ekalinga.sanghvi2545@yahoo.com,5121075353,1974-06-11,"H.No. 37, Pradhan Path, Medininagar-282642",Haryana,India,2023-04-19
2546,Finn,Luthra,finn.luthra2546@hotmail.com,9618946585,1982-04-22,"H.No. 612, Dhar Chowk, Bokaro-281150",Delhi,India,2026-07-13
2547,Osha,Wali,osha.wali2547@hotmail.com,3217114675,1987-10-10,,Karnataka,India,2025-03-18
2548,Yasti,Datta,yasti.datta2548@yahoo.com,0428324200,1975-06-15,"42/97, Ray, Katni 263331",Bihar,India,2026-04-25
2549,Ishanvi,Sagar,ishanvi.sagar2549@gmail.com,2741405516,1978-05-25,"16/16, Kannan, Ramgarh-174648",Delhi,India,2025-03-04
2550,Yahvi,Grover,yahvi.grover2550@gmail.com,9520757046,1987-11-10,"H.No. 30, Sur Ganj, Jhansi-748167",Odisha,India,2025-12-04
2551,Harshil,Dhingra,harshil.dhingra2551@gmail.com,7259673475,1980-04-20,"47, Puri Path, Medininagar 575415",Punjab,India,2024-04-09
2552,Pushti,Dar,pushti.dar2552@hotmail.com,+91-2823428209,1987-12-19,"353, Gola Road, Jamshedpur-286879",Haryana,India,2026-06-18
2553,  Widisha  ,Kamdar,widisha.kamdar2553@gmail.com,9896099394,1995-10-09,"H.No. 43, Varma Street, Navi Mumbai 094517",Tamil Nadu,India,2024-06-10
2554,Arin,Chopra,,5489495053,1987-12-14,"68, Sant Street, Raiganj-068596",Bihar,India,2025-08-16
2555,Janya,Devi,janya.devi2555@gmail.com,7248956654,1980-03-21,"H.No. 700, Ranganathan Road, Erode-522612",Karnataka,India,2024-06-29
2556,Vedhika,Choudhury,vedhika.choudhury2556@gmail.com,5206409191,2001-06-12,"H.No. 48, Chhabra, Nanded-140915",Odisha,India,2026-09-05
2557,Harshil,Rattan,harshil.rattan2557@yahoo.com,8339970498,1982-08-07,"70, Ravi Ganj, Bhimavaram-288752",West Bengal,India,2026-04-28
2558,Prisha,Sinha,prisha.sinha2558@yahoo.com,6437979752,1982-10-01,"H.No. 916, Loke Circle, Jehanabad 634945",Bihar,India,2026-05-06
2559,Brijesh,Nanda,brijesh.nanda2559@hotmail.com,7549904951,2001-09-17,"H.No. 898, Ganesh Chowk, Aurangabad 594713",Telangana,India,2025-12-07
2560,Jonathan,Puri,jonathan.puri2560@hotmail.com,6959818370,1989-06-16,"12/549, Bath Chowk, Etawah-497674",Karnataka,India,2026-06-24
2561,Michael,Walia,,41607-31985,1972-12-26,"H.No. 66, Goyal Zila, Bihar Sharif-828727",Assam,India,2025-09-16
2562,Bimala,Barad,bimala.barad2562@yahoo.com,7088704491,1994-12-22,"758, Kunda Chowk, Asansol-500094",Odisha,India,2025-04-12
2563,Lopa,Nayar,lopa.nayar2563@hotmail.com,0754542233,1996-03-01,"H.No. 72, Sane, Sangli-Miraj & Kupwad 529959",Assam,India,2023-03-03
2564,Farhan,Seth,farhan.seth2564@hotmail.com,8854818826,2003-10-01,"25/472, Sandal Road, Kakinada 345840",Bihar,India,2026-03-06
2565,Anvi,Handa,anvi.handa2565@gmail.com,3666470547,1993-01-04,"069, Srivastava Path, Chittoor-308028",West Bengal,India,2023-03-27
2566,Ekaja,Dutta,ekaja.dutta2566@yahoo.com,4406953517,1988-11-23,"131, Dhillon Chowk, Gandhinagar 328000",Bihar,India,2025-09-29
2567,Gaurika,Mistry,gaurika.mistry2567@gmail.com,4950334670,1999-09-27,"41/402, Rama Street, Khandwa-094846",Uttar Pradesh,India,2024-07-24
2568,Daksh,Dixit,,3988437721,1973-09-29,"H.No. 753, Srinivas Nagar, Surat 868182",Kerala,India,03/02/2026
2569,Avni,Bobal,avni.bobal2569@gmail.com,5069832144,1972-09-25,"H.No. 468, Ahuja Chowk, Vijayawada-516695",Delhi,India,2025-11-12
2570,Laban,Chada,laban.chada2570@hotmail.com,1246488078,1982-08-16,"H.No. 773, Khanna Nagar, Belgaum 821021",Bihar,India,2023-07-01
2571,Inaya,Doctor,inaya.doctor2571@gmail.com,8417193225,2003-06-10,"50/64, Sha Zila, Kamarhati-036071",Assam,India,12 Aug 2025
2572,Sudiksha,Barad,sudiksha.barad2572@gmail.com,8445767631,2002-04-07,"93/22, Mistry Ganj, Deoghar 005067",Karnataka,India,2026-04-04
2573,Keya,Ravel,keya.ravel2573@gmail.com,8568801099,1975-01-29,"04/50, Tailor Path, Warangal 630562",Haryana,India,2024-01-04
2574,Saanvi,Divan,,7091442884,1996-09-24,"H.No. 496, Chopra Nagar, Kurnool 772629",Odisha,India,2025-08-21
2575,Tanmayi,Pall,tanmayi.pall2575@gmail.com,5328248580,1976-04-14,"93/97, Pal Street, Bhopal-641728",Tamil Nadu,India,2024-10-28
2576,Ekantika,Pingle,ekantika.pingle2576@gmail.com,5394534523,1997-03-08,"11, Bhardwaj Zila, Sri Ganganagar 942234",Bihar,India,2024-09-09
2577,Madhav,Mohan,madhav.mohan2577@gmail.com,2898936519,1974-09-01,"60/356, Das Marg, Nellore 417657",Gujarat,India,2024-07-15
2578,Veda,Sen,veda.sen2578@hotmail.com,9120032586,2007-07-15,"H.No. 698, Bala Chowk, Saharanpur 671738",Rajasthan,India,2026-01-22
2579,Samesh,Sinha,samesh.sinha2579@hotmail.com,1302715133,1975-11-17,"73/63, Prashad Chowk, Ongole 208600",Kerala,India,2025-05-23
2580,Indrajit,Doshi,indrajit.doshi2580@hotmail.com,1644796882,1977-06-27,"174, Mitra Circle, Firozabad-520314",Punjab,India,2023-05-26
2581,Dayamai,Varughese,dayamai.varughese2581@hotmail.com,6174738366,1988-05-11,"H.No. 49, Wagle, Eluru 725536",Gujarat,India,2024-08-12
2582,Jyoti,Murthy,jyoti.murthy2582@yahoo.com,5923389251,1982-09-17,"83, Gopal Zila, Loni-034135",Tamil Nadu,India,2024-05-12
2583,Xalak,Bath,xalak.bath2583@yahoo.com,1515258621,1994-01-30,"299, Chandra Zila, Gorakhpur-798405",Rajasthan,India,2026-05-23
2584,Yachana,Dey,yachana.dey2584@yahoo.com,4599865989,1995-04-19,"24/55, Guha Nagar, Chinsurah 073359",Maharashtra,India,2025-09-18
2585,Ekiya,Sha,ekiya.sha2585@hotmail.com,1225376984,1998-12-30,"H.No. 042, Sekhon Nagar, Thane-563391",Rajasthan,India,2025-01-21
2586,Benjamin,Solanki,benjamin.solanki2586@yahoo.com,6449322933,1990-08-01,"893, Baral Zila, Chapra-694406",Punjab,India,2023-01-14
2587,Triya,Devi,triya.devi2587@gmail.com,6615928224,2007-03-13,"97, Sahni Zila, Malda-541330",West Bengal,India,2026-08-07
2588,Jyoti,Bir,jyoti.bir2588@gmail.com,0010589911,1990-04-04,"H.No. 94, Nazareth Zila, Amravati 546639",Tamil Nadu,India,2026-06-01
2589,Robert,Trivedi,robert.trivedi2589@yahoo.com,6561911294,1971-04-28,"724, Tak Zila, Ludhiana 887338",Karnataka,India,10 Aug 2025
2590,Adweta,Palla,adweta.palla2590@yahoo.com,6275777783,1973-03-12,"372, Mutti Marg, Hajipur-720045",Tamil Nadu,India,2026-05-23
2591,Meera,Pingle,meera.pingle2591@yahoo.com,5178273350,1973-03-04,"21, Vig, Muzaffarnagar-224282",Uttar Pradesh,India,2026-02-10
2592,Chaaya,Kurian,chaaya.kurian2592@hotmail.com,9071223025,1978-03-05,"248, Luthra Road, Alwar-513748",Kerala,India,2026-06-17
2593,Daksh,Parmar,daksh.parmar2593@yahoo.com,8005725294,1991-03-08,"321, Jhaveri Path, Kadapa 332018",Karnataka,India,2024-11-18
2594,Hritik,Prashad,,4560980787,1986-06-28,"04, Gopal Nagar, Morbi-930038",Delhi,India,2026-06-11
2595,Jyoti,Pillai,jyoti.pillai2595@gmail.com,3157370388,1995-12-15,"H.No. 333, Bala Marg, Jammu-999906",Kerala,India,2025-12-28
2596,Akshay,Deshpande,akshay.deshpande2596@gmail.com,+91-7508105352,1987-05-12,"H.No. 22, Choudhary Zila, Bijapur-713341",Delhi,India,2024-10-12
2597,Nathaniel,Chaudhary,nathaniel.chaudhary2597@hotmail.com,8606253613,1990-06-12,"67/77, Borde Zila, Amaravati 933207",Madhya Pradesh,India,2026-01-05
2598,Pranit,Patla,pranit.patla2598@yahoo.com,1695628591,1994-07-17,"H.No. 910, Keer Nagar, Bhiwani 580827",Telangana,India,2026-04-23
2599,Vrishti,Shah,,9315893657,1979-06-08,"73/25, Merchant Chowk, Berhampur-872341",Assam,India,2025-09-06
2600,Manan,Kale,manan.kale2600@hotmail.com,1968621137,1999-07-12,"20/679, Ganesh Chowk, Kishanganj 281826",KARNATAKA,India,2024-04-11
2601,  Janya  ,Mani,,0103801219,2007-02-10,"029, Kari Chowk, Dharmavaram-740339",KARNATAKA,India,2026-04-20
2602,Elijah,Kaul,elijah.kaul2602@gmail.com,9068400515,1976-09-30,"H.No. 303, Mohan, Kalyan-Dombivli-330342",Gujarat,India,2025-11-09
2603,Gaurika,Chandra,gaurika.chandra2603@hotmail.com,+91-4325650948,1977-02-25,"99, Kala Nagar, Silchar 453157",Madhya Pradesh,India,2023-12-19
2604,Charita,Sidhu,charita.sidhu2604@hotmail.com,5643273329,1982-05-16,"206, Chana Zila, Jamshedpur 043796",Assam,India,2025-05-01
2605,Atharv,Manda,atharv.manda2605@gmail.com,7241749097,1999-09-09,"16, Dhillon Road, Shivpuri-375177",Uttar Pradesh,India,2025-04-03
2606,Damini,Deo,damini.deo2606@yahoo.com,0816588787,1989-05-10,"H.No. 77, Kalita Path, Yamunanagar-797066",Madhya Pradesh,India,2026-09-06
2607,Kala,Panchal,kala.panchal2607@gmail.com,4032892624,2003-04-09,"80, Mohanty Street, Salem-554511",Tamil Nadu,India,10/06/2025
2608,Vidhi,Oza,vidhi.oza2608@yahoo.com,8398215709,2001-05-23,"95/672, Aggarwal Ganj, Pondicherry-436449",Odisha,India,2024-05-27
2609,Damini,Sule,damini.sule2609@hotmail.com,8876883849,1979-04-18,"57/628, Mittal, Sikar-351862",Gujarat,India,2024-12-05
2610,Aarna,Sidhu,aarna.sidhu2610@yahoo.com,9367661772,1997-11-07,"39/02, Bains Nagar, Alwar-016244",Haryana,India,2025-06-13
2611,Darika,Acharya,darika.acharya2611@gmail.com,3722472424,2002-12-04,"05/808, Jaggi Street, Bhopal-799284",Assam,India,2025-12-27
2612,Ganga,Nayar,ganga.nayar2612@yahoo.com,4226081759,1985-08-18,"04/79, Bassi Road, Chandigarh 848882",Uttar Pradesh,India,2026-09-08
2613,Yashawini,Biswas,yashawini.biswas2613@gmail.com,2725811416,2004-08-19,"H.No. 73, Karpe Zila, Siwan 155297",Bihar,India,2023-05-18
2614,Karan,Venkatesh,karan.venkatesh2614@yahoo.com,7719023368,1980-10-08,"H.No. 794, Dugar Chowk, Tiruvottiyur 917750",Kerala,India,2023-06-15
2615,Victor,Dhawan,victor.dhawan2615@yahoo.com,6984311240,1991-03-13,"668, Naik, Surat 118535",Telangana,India,2025-08-15
2616,Jeremiah,Kari,jeremiah.kari2616@gmail.com,4219634610,1986-10-23,"86, Chada Ganj, Anantapuram-579268",Uttar Pradesh,India,2026-05-18
2617,Amruta,Trivedi,amruta.trivedi2617@gmail.com,5160614035,1976-01-04,"H.No. 097, Sabharwal Road, Mira-Bhayandar-834831",Bihar,India,2024-01-24
2618,Dayamai,Prabhakar,dayamai.prabhakar2618@gmail.com,4533495692,1973-10-13,"86/46, Mangat Circle, Guna-228248",Tamil Nadu,India,03/26/2024
2619,Ranveer,Dhar,ranveer.dhar2619@gmail.com,2982599551,1988-12-22,"H.No. 006, Mane Chowk, Bareilly-201116",Maharashtra,India,2026-06-18
2620,Madhav,Vig,madhav.vig2620@gmail.com,,1996-10-15,"H.No. 92, Chandra Street, Ozhukarai-121999",Karnataka,India,2026-01-11
2621,Ikshita,Ganesan,ikshita.ganesan2621@yahoo.com,7078835994,1988-12-19,"120, Ray Circle, Pondicherry 990701",Karnataka,India,2026-06-20
2622,Siddharth,Aggarwal,siddharth.aggarwal2622@yahoo.com,7163441513,1994-02-18,"601, Singhal Street, Berhampore 917602",rajasthan,India,2025-09-23
2623,Zashil,Andra,zashil.andra2623@gmail.com,3568879552,2005-07-24,"29, Sampath Zila, Ongole 832387",Uttar Pradesh,India,2026-07-22
2624,Kevin,Pandya,kevin.pandya2624@gmail.com,4001704764,1991-09-29,"H.No. 603, Rout Street, Gaya 433749",Kerala,India,2024-03-23
2625,Hiral,Saini,hiral.saini2625@hotmail.com,8273470724,2006-03-11,"62/05, Balasubramanian Path, Karawal Nagar-823608",Maharashtra,India,2025-10-11
2626,Geetika,Garg,geetika.garg2626@gmail.com,9199862770,1979-09-05,"23/13, Shanker Zila, Durgapur 065533",Tamil Nadu,India,2023-01-11
2627,Saumya,Mistry,saumya.mistry2627@hotmail.com,4684671947,1984-02-12,"61/724, Mutti Nagar, Gangtok 772313",Punjab,India,2025-09-06
2628,Saksham,Prashad,saksham.prashad2628@gmail.com,3456486711,1979-04-30,"033, Bhattacharyya Road, Hyderabad 629070",Uttar Pradesh,India,2024-04-27
2629,Baljiwan,Bose,baljiwan.bose2629@yahoo.com,7552635405,1993-08-29,"249, Zacharia Ganj, Ozhukarai-159669",Madhya Pradesh,India,2023-03-05
2630,Bishakha,Deo,bishakha.deo2630@yahoo.com,+91-4616171327,1993-07-27,"56/30, Bedi Marg, Raebareli 312129",Telangana,India,2025-03-09
2631,Zarna,Shankar,zarna.shankar2631@yahoo.com,6835161234,1991-11-05,"393, Barad Nagar, Sri Ganganagar-283009",Bihar,India,2026-02-09
2632,Libni,Kapadia,libni.kapadia2632@yahoo.com,8695596168,2001-02-18,"H.No. 203, Ghosh Nagar, Bellary 365675",West Bengal,India,2023-10-05
2633,Leela,Pandit,leela.pandit2633@yahoo.com,0958227504,1986-01-05,"H.No. 162, Thakur, Tinsukia-916584",Rajasthan,India,2023-10-29
2634,Avni,Mannan,avni.mannan2634@gmail.com,8605257349,1993-03-07,"H.No. 838, Dhaliwal, Agartala 091542",Bihar,India,2026-06-09
2635,Chasmum,Hora,chasmum.hora2635@hotmail.com,3074874534,1976-11-26,"02/57, Prasad Ganj, Ujjain-466746",Odisha,India,2025-01-12
2636,Zaid,Desai,zaid.desai2636@yahoo.com,6499874270,2001-10-22,"985, Shah Circle, Rewa-655248",Assam,India,2024-05-15
2637,Jalsa,Kapoor,jalsa.kapoor2637@gmail.com,4686730400,1992-01-27,"H.No. 67, Tara Ganj, Mahbubnagar-687612",Bihar,India,2024-08-07
2638,Amruta,Magar,amruta.magar2638@gmail.com,2533602869,1999-11-30,"H.No. 78, Issac Chowk, Guntakal-463428",Uttar Pradesh,India,2025-09-05
2639,Victor,Panchal,victor.panchal2639@yahoo.com,+91-6206652735,1996-02-07,"98/00, Tara Zila, Amaravati 667156",Haryana,India,09/11/2024
2640,Ryan,Bahl,ryan.bahl2640@hotmail.com,59257-97766,1996-03-24,"31, Shroff Ganj, Gurgaon 125585",MAHARASHTRA,India,2026-02-25
2641,Liam,Prakash,liam.prakash2641@gmail.com,4021199064,1988-07-15,"94/477, Gaba Road, Karnal-318273",Assam,India,2024-04-28
2642,Owen,Cherian,owen.cherian2642@hotmail.com,6771086694,1985-01-17,"39/27, Chauhan Circle, Loni 278690",West Bengal,India,2025-11-26
2643,Azaan,Bakshi,azaan.bakshi2643@yahoo.com,1297991671,1994-12-12,"H.No. 811, Sawhney Nagar, Etawah-278451",Gujarat,India,2026-02-12
2644,Dev,Agate,dev.agate2644@yahoo.com,88349-87789,1976-02-25,"78/08, Mishra Marg, Vellore-599672",karnataka,India,2024-09-07
2645,Yuvraj,Hegde,yuvraj.hegde2645@yahoo.com,1789177102,1999-04-06,"H.No. 189, Sethi Road, Chittoor-799388",Uttar Pradesh,India,2023-11-12
2646,  Zayan  ,Warrior,zayan.warrior2646@yahoo.com,3824698716,1986-01-05,,Punjab,India,2023-09-10
2647,Logan,Cheema,logan.cheema2647@hotmail.com,1639451285,1995-01-07,"98/17, Chaudhuri, Khammam-248343",Bihar,India,2026-03-19
2648,Chatresh,Rout,chatresh.rout2648@yahoo.com,1671239889,2006-12-21,"87/89, Tandon, Panipat-724367",Assam,India,2026-05-18
2649,Jonathan,Jain,jonathan.jain2649@hotmail.com,6371089733,2005-06-27,"52/47, Prasad Zila, Etawah-077218",Uttar Pradesh,India,2025-06-10
2650,Krishna,Hayre,krishna.hayre2650@yahoo.com,7848399741,1988-06-08,"469, Swaminathan Street, Mango 124710",Karnataka,India,2024-12-28
2651,George,Batta,george.batta2651@gmail.com,3311297974,2002-07-22,"96/624, Trivedi Street, Panihati-663788",Madhya Pradesh,India,2026-08-06
2652,Gaurang,Kapoor,gaurang.kapoor2652@gmail.com,,1998-10-06,"45/482, Konda Chowk, Rampur-661498",tamil nadu,India,01/07/2023
2653,Gunbir,Bala,gunbir.bala2653@hotmail.com,9682924590,2005-01-09,"H.No. 56, Dhaliwal Ganj, Siliguri-888582",Tamil Nadu,India,2024-08-12
2654,Lucky,Mani,lucky.mani2654@gmail.com,3814049098,2004-08-12,"H.No. 256, Aggarwal Circle, New Delhi-893659",Assam,India,2023-08-06
2655,Kashish,Palla,kashish.palla2655@yahoo.com,1727853987,2005-01-21,"H.No. 14, Dewan, Ichalkaranji-181012",Maharashtra,India,10/08/2023
2656,Chanakya,Goyal,chanakya.goyal2656@hotmail.com,0796366902,1992-11-14,"821, Pant Street, Karaikudi 520298",Telangana,India,2024-08-10
2657,Tarak,Nayak,tarak.nayak2657@gmail.com,3882855786,1973-07-07,"359, Virk Circle, Mumbai-000468",Gujarat,India,2025-11-11
2658,  Maanas  ,Modi,maanas.modi2658@gmail.com,0765233570,1978-05-25,"H.No. 929, Bhagat Circle, Karnal-527012",Haryana,India,2023-09-25
2659,Anya,Agarwal,anya.agarwal2659@hotmail.com,2967642495,1997-03-04,"22/47, Dora Circle, Kochi-258807",Rajasthan,India,2025-05-09
2660,Joshua,Dayal,joshua.dayal2660@yahoo.com,6536612112,1986-01-30,"H.No. 80, Gala Street, Naihati-474412",Assam,India,2026-03-11
2661,Amol,Mammen,amol.mammen2661@gmail.com,2883351158,2002-08-25,"52/859, Kannan Street, Ichalkaranji-332111",Assam,India,2023-08-02
2662,Zehaan,Srivastava,zehaan.srivastava2662@gmail.com,1723963190,1994-02-25,"785, Sandhu Path, Bhubaneswar-301674",RAJASTHAN,India,2023-01-03
2663,Umang,Bandi,umang.bandi2663@gmail.com,2066326739,2006-03-23,"864, Madan Marg, Cuttack 630596",Kerala,India,2024-02-18
2664,Thomas,Gala,thomas.gala2664@hotmail.com,3317773649,1989-12-04,"17/55, Nagarajan Chowk, Motihari 668660",Gujarat,India,2023-11-16
2665,Lopa,Pandya,lopa.pandya2665@gmail.com,5663862338,1993-04-19,"95, Ahluwalia Circle, Medininagar 660356",Uttar Pradesh,India,2023-11-22
2666,Reyansh,Bakshi,reyansh.bakshi2666@gmail.com,5578179463,1997-05-12,"67/470, Jani Street, Bharatpur 190424",Telangana,India,2024-01-08
2667,Nidhi,Date,nidhi.date2667@hotmail.com,1674974899,1980-08-17,"H.No. 83, Varghese Zila, Amritsar-814850",Punjab,India,2024-08-06
2668,Henry,Sarma,henry.sarma2668@hotmail.com,3440608824,2007-09-30,"78/30, Chacko, Aurangabad-293989",Rajasthan,India,2024-07-25
2669,David,Vala,david.vala2669@yahoo.com,3277770550,2003-08-22,"476, Mutti Marg, Sonipat 497574",Rajasthan,India,2023-03-20
2670,Faraj,Bhakta,faraj.bhakta2670@gmail.com,9845554562,1981-10-05,"H.No. 01, Rajan Circle, Jhansi-716170",West Bengal,India,2024-05-14
2671,Urmi,Gola,urmi.gola2671@yahoo.com,0294554697,2006-05-07,"H.No. 48, Kumer Ganj, Bidhannagar 723089",Telangana,India,2026-07-16
2672,Liam,Sabharwal,liam.sabharwal2672@hotmail.com,4655173723,1985-08-30,"92/56, Krishnan Path, Nadiad-768287",Maharashtra,India,2026-08-31
2673,Mitesh,Murty,mitesh.murty2673@hotmail.com,3735918158,1981-02-04,"62, Kar Chowk, Bikaner 886359",West Bengal,India,2026-04-21
2674,Isaac,Rege,isaac.rege2674@hotmail.com,3753614326,1976-04-26,"88, Manne Street, Phagwara-941229",Kerala,India,2023-09-01
2675,Bhavini,Setty,bhavini.setty2675@gmail.com,,1982-12-15,"44, Lanka, Phagwara-739211",Odisha,India,2023-01-27
2676,Mahika,Bhavsar,mahika.bhavsar2676@hotmail.com,2001029271,1976-01-08,"H.No. 67, Bains Path, Ambarnath 461224",Tamil Nadu,India,2025-08-30
2677,Ati,Bumb,ati.bumb2677@gmail.com,7396450676,1989-06-03,"76, Radhakrishnan, Jodhpur 098983",Madhya Pradesh,India,2024-07-20
2678,Sudiksha,Halder,sudiksha.halder2678@hotmail.com,2736741304,1996-12-13,"42/438, Sathe Ganj, Bhimavaram-071365",Kerala,India,2026-07-01
2679,  Ishwar  ,Bhalla,ishwar.bhalla2679@yahoo.com,8355496944,2000-02-07,"595, Dani Path, Malda-545702",Gujarat,India,2025-11-06
2680,  Qarin  ,Dhillon,qarin.dhillon2680@gmail.com,7622898992,1989-06-14,"H.No. 084, Dar Marg, Karnal 659938",Bihar,India,2026-05-23
2681,Sara,Vaidya,sara.vaidya2681@hotmail.com,8828188966,1994-09-15,"H.No. 814, Krish Marg, Panvel 805791",Telangana,India,2025-09-08
2682,Wazir,Gole,wazir.gole2682@hotmail.com,9811862438,1987-04-03,"86/503, Rama Nagar, Machilipatnam 575184",Haryana,India,2025-10-13
2683,Kevin,Iyer,kevin.iyer2683@hotmail.com,4900666322,1997-07-11,"237, Lalla Chowk, Howrah-495222",Haryana,India,2024-07-06
2684,Lipika,Shere,lipika.shere2684@hotmail.com,2205859277,1980-04-27,"73/297, Chakrabarti Street, Ghaziabad 268081",Rajasthan,India,2026-04-20
2685,Mitali,Koshy,mitali.koshy2685@yahoo.com,0666540791,1981-08-31,"11/327, Kaur Street, Khandwa 257832",Maharashtra,India,2024-04-01
2686,Ladli,Wable,ladli.wable2686@yahoo.com,5655201332,1998-10-01,"H.No. 940, Balay Street, Gorakhpur-777191",Maharashtra,India,2024-07-03
2687,Priya,Kulkarni,priya.kulkarni2687@hotmail.com,0828219272,1972-11-23,"932, Sankar Chowk, Patiala 022930",Haryana,India,2025-06-18
2688,Harinakshi,Chana,harinakshi.chana2688@hotmail.com,1608862164,1991-08-25,"81, Kant Circle, Anantapur 448531",Telangana,India,2026-09-15
2689,Praneel,Sane,praneel.sane2689@hotmail.com,1556719201,1989-09-08,"H.No. 715, Mittal Road, Dharmavaram 189078",Madhya Pradesh,India,2023-05-21
2690,  Dipta  ,Dubey,dipta.dubey2690@gmail.com,9937269951,1977-12-09,"H.No. 85, Swamy Ganj, Bettiah-804827",Telangana,India,2023-12-23
2691,Bhavini,Din,bhavini.din2691@gmail.com,6939091472,1985-10-18,"573, Warrior Chowk, Jamshedpur 567338",Assam,India,2025-10-20
2692,Bachittar,Saini,bachittar.saini2692@yahoo.com,02567055343,2008-06-04,"H.No. 267, Nadkarni Zila, Panipat-574044",Assam,India,2026-08-21
2693,Nathaniel,Srivastava,nathaniel.srivastava2693@gmail.com,0837908798,1992-09-02,"73, Patla Circle, Dewas-012539",Maharashtra,India,2026-02-23
2694,Bakhshi,Oommen,bakhshi.oommen2694@gmail.com,1596360402,2005-04-26,"49/45, Thakkar Street, Solapur-338960",Gujarat,India,2025-03-20
2695,Bachittar,Prasad,bachittar.prasad2695@gmail.com,2753495875,1974-09-04,"32, Nagy Street, Rajahmundry 467781",Tamil Nadu,India,2026-03-09
2696,Umang,Dass,umang.dass2696@gmail.com,5711418734,1989-09-13,"59, Venkataraman Chowk, Ambattur 201711",Kerala,India,2023-11-23
2697,Aahana,Grewal,aahana.grewal2697@gmail.com,8183726034,1973-07-16,"367, Samra Ganj, Raebareli-917870",Rajasthan,India,2023-10-06
2698,Tanvi,Lata,tanvi.lata2698@yahoo.com,+91-8832219740,1971-05-11,"43, Kannan Nagar, Chapra-181810",Kerala,India,2025-01-09
2699,  Jeet  ,Bedi,jeet.bedi2699@yahoo.com,2538120446,1976-10-01,"36/65, Pandit Road, Rourkela 808595",Haryana,India,2026-03-28
2700,Alka,Vig,alka.vig2700@yahoo.com,4871832950,1981-12-06,"98/45, Sood Street, Chandigarh 242743",Delhi,India,2025-12-07
2701,Alka,Date,alka.date2701@yahoo.com,5048148539,1981-02-13,"24/93, Shroff Road, Morbi 577306",Telangana,India,09/14/2023
2702,Kashvi,Patil,kashvi.patil2702@hotmail.com,1908063425,1979-07-19,"625, Sagar Chowk, Mira-Bhayandar-824891",Rajasthan,India,2023-08-16
2703,Charita,Naidu,charita.naidu2703@yahoo.com,7242009299,1991-08-12,"07, Biswas Chowk, Mau-822793",Maharashtra,India,2025-07-29
2704,Luke,Nayak,luke.nayak2704@yahoo.com,6543496709,1984-06-12,"12/811, Choudhary Nagar, Chandigarh-805206",Kerala,India,2024-10-14
2705,Warhi,Devi,warhi.devi2705@hotmail.com,3440489021,1978-01-24,"H.No. 47, Dey Street, Raebareli 391172",Odisha,India,2025-12-23
2706,Vincent,Sehgal,vincent.sehgal2706@yahoo.com,9828704859,1977-01-09,"619, Sule Marg, Silchar-754118",Karnataka,India,2023-02-16
2707,Wishi,Randhawa,wishi.randhawa2707@gmail.com,4949791617,1981-11-23,"30/901, Sura Path, Hyderabad-523191",Maharashtra,India,2024-10-29
2708,Shivansh,Sur,shivansh.sur2708@yahoo.com,4676654209,1978-05-05,"H.No. 07, Talwar Nagar, Raipur-442102",Haryana,India,2026-01-06
2709,Baljiwan,Chana,baljiwan.chana2709@yahoo.com,4436193538,1996-04-03,"85, Joshi Circle, Panihati 246247",Rajasthan,India,2025-05-07
2710,Banjeet,Grewal,banjeet.grewal2710@gmail.com,7025383697,2008-09-12,"20/896, Patla, Bharatpur 749145",Madhya Pradesh,India,2026-03-09
2711,  Omkaar  ,Parikh,omkaar.parikh2711@gmail.com,6058119523,1984-08-07,"H.No. 34, Kurian Street, Srikakulam-253685",Kerala,India,2026-04-02
2712,Pallavi,Loyal,pallavi.loyal2712@gmail.com,1145939207,1991-07-02,"40/635, Prashad Zila, Danapur-145483",Rajasthan,India,2025/04/07
2713,Ronith,Zacharia,ronith.zacharia2713@yahoo.com,6551281218,1972-09-10,"39, Master Nagar, Sultan Pur Majra-433616",Odisha,India,2024-05-31
2714,Pavani,Iyengar,pavani.iyengar2714@gmail.com,5836682406,1970-10-10,"11, Mangat Chowk, Ambattur 679897",Haryana,India,2024-09-07
2715,Chavvi,Mander,chavvi.mander2715@gmail.com,1254756080,1994-09-01,"22, Das Road, Srinagar-025078",Gujarat,India,2024-11-24
2716,Raghav,Sarna,raghav.sarna2716@gmail.com,5020672382,2000-07-18,"67/67, Misra Zila, Suryapet 488788",Rajasthan,India,2023-10-27
2717,Vasatika,Hayre,vasatika.hayre2717@hotmail.com,2946576024,1996-07-23,"02/59, Warrior Marg, Raebareli 401748",Punjab,India,2026-08-11
2718,Benjamin,D’Alia,benjamin.d’alia2718@hotmail.com,0287833206,1992-12-30,"03/128, Chad Marg, Ajmer-475252",Telangana,India,24-12-2024
2719,Chasmum,Kara,chasmum.kara2719@hotmail.com,3222170507,1997-01-28,"99, Bhattacharyya Road, Burhanpur 288797",Odisha,India,2023-04-18
2720,Warinder,Dhar,warinder.dhar2720@yahoo.com,6790168618,1972-08-31,"214, Brar Chowk, Ramgarh-266533",Gujarat,India,2024-02-29
2721,Ria,Sethi,ria.sethi2721@gmail.com,4475568254,1971-09-09,"51/687, Baria Chowk, Rajkot 845648",Haryana,India,2025-08-28
2722,  Udarsh  ,Pingle,udarsh.pingle2722@yahoo.com,6115640587,1997-01-14,"H.No. 38, Contractor Marg, Raiganj-143090",Delhi,India,2025-12-04
2723,Chandresh,Rattan,chandresh.rattan2723@hotmail.com,8369124897,1998-05-20,"24/002, Khurana Road, Bardhaman-504911",Maharashtra,India,2024-02-23
2724,Champak,Bora,champak.bora2724@hotmail.com,3797241742,1980-03-07,"H.No. 010, Bhatnagar Street, Muzaffarnagar 407814",Tamil Nadu,India,2024-08-31
2725,Pushti,Ranganathan,pushti.ranganathan2725@gmail.com,7593487553,2006-07-01,"99/632, Vig Ganj, Purnia-297422",Odisha,India,2024-07-02
2726,Gaurav,Sawhney,gaurav.sawhney2726@yahoo.com,9677536210,1981-05-15,"H.No. 790, Memon Street, Uluberia 707702",Odisha,India,2025-01-12
2727,Adya,Subramaniam,adya.subramaniam2727@yahoo.com,5014823479,2000-04-03,"75/431, Bhalla Chowk, Shimla 676069",Madhya Pradesh,India,2025-12-22
2728,Tamanna,Dass,tamanna.dass2728@hotmail.com,+91-3082539005,1987-01-02,"04/049, Ganesan Street, Nizamabad-666064",Haryana,India,2025-05-05
2729,Krisha,Lalla,krisha.lalla2729@yahoo.com,7886638003,1972-05-30,"78/07, Ram Chowk, Gandhidham-831312",Punjab,India,2025-09-05
2730,Yashvi,Pathak,yashvi.pathak2730@yahoo.com,9648939886,1993-01-23,"H.No. 34, Nair Nagar, Vijayawada 255808",Tamil Nadu,India,2023-04-30
2731,Ekbal,Tandon,ekbal.tandon2731@hotmail.com,9772887360,2003-06-22,"H.No. 35, Keer Circle, Guntur 800096",Madhya Pradesh,India,2025-05-18
2732,Benjamin,Balay,benjamin.balay2732@hotmail.com,3316659373,1978-01-21,"00/61, Nayak, Kollam 192441",Punjab,India,2025-03-25
2733,Naksh,Khare,naksh.khare2733@yahoo.com,2247155151,2007-05-04,"95/98, Chander Chowk, Alappuzha 213868",West Bengal,India,2026-04-12
2734,Ekaraj,Chauhan,ekaraj.chauhan2734@hotmail.com,9497527129,1985-10-06,"27/46, Wadhwa Zila, Khandwa 433730",Delhi,India,2023-06-20
2735,Bahadurjit,Balay,bahadurjit.balay2735@yahoo.com,,1993-10-13,"H.No. 76, Jain Chowk, Dhanbad-646191",West Bengal,India,2026-06-08
2736,Ishani,Kakar,ishani.kakar2736@gmail.com,7463194523,1982-08-12,"16, Luthra Path, Danapur 412632",Odisha,India,2026-08-23
2737,Omya,Gopal,omya.gopal2737@gmail.com,6345962635,1995-03-14,"74/807, Randhawa Marg, Ranchi-545925",Gujarat,India,2023-03-17
2738,Geetika,Biswas,geetika.biswas2738@yahoo.com,4249327384,1980-11-01,"H.No. 059, Yogi Road, Bhalswa Jahangir Pur-690871",Rajasthan,India,2024-02-11
2739,Gaurav,Shenoy,gaurav.shenoy2739@gmail.com,8020820646,2007-02-21,"57/86, Chakraborty Nagar, Nagaon-439398",Haryana,India,2025-05-06
2740,Fiyaz,Vaidya,fiyaz.vaidya2740@yahoo.com,7504464307,2005-08-16,"827, Walia Ganj, Adoni-377476",Assam,India,2023-03-23
2741,Atharv,Mani,atharv.mani2741@hotmail.com,+91-1058378498,1994-06-03,"518, Saran Circle, Etawah 077884",Assam,India,2025-07-21
2742,Kala,Bains,kala.bains2742@hotmail.com,8149835026,1979-05-04,"H.No. 97, Agrawal Ganj, Mango-810881",Tamil Nadu,India,2025-08-26
2743,Kamya,Sarna,kamya.sarna2743@yahoo.com,1003169962,1980-01-04,"16/51, Deo Road, Rajpur Sonarpur-942928",West Bengal,India,2024-06-11
2744,Damyanti,Andra,damyanti.andra2744@yahoo.com,5338452479,1996-12-15,"H.No. 71, Gole Circle, Tiruppur-231951",Bihar,India,2024-06-16
2745,Forum,Luthra,forum.luthra2745@hotmail.com,8970874674,1976-09-14,"H.No. 35, Kota Marg, Nagpur-321115",Assam,India,2025-10-01
2746,Rachit,Merchant,rachit.merchant2746@hotmail.com,1141635557,1971-04-16,"H.No. 74, Khurana Chowk, Hapur 857671",Gujarat,India,2025-10-28
2747,Umang,Mitter,umang.mitter2747@yahoo.com,7987331197,1985-05-22,"45/370, Madan Chowk, Navi Mumbai-143969",Maharashtra,India,2026-07-08
2748,Nirja,Chad,nirja.chad2748@hotmail.com,8279307504,1976-06-09,"H.No. 14, Tandon Zila, Anantapur 115959",Uttar Pradesh,India,2025-07-23
2749,Ekbal,Prabhu,ekbal.prabhu2749@yahoo.com,9751644785,2003-02-14,"76/21, Varkey Nagar, Bhilwara 420848",Punjab,India,2023-04-07
2750,Vivaan,Nath,vivaan.nath2750@gmail.com,,1996-09-04,"924, Parekh Zila, New Delhi-017497",Gujarat,India,2025-06-23
2751,Rachita,Lad,rachita.lad2751@gmail.com,5418950816,1974-08-01,"78/65, Seshadri Zila, Karaikudi-252747",Assam,India,2025-05-26
2752,Avni,Raghavan,avni.raghavan2752@yahoo.com,1737715787,1971-02-10,"H.No. 898, Goel Zila, Kavali 829635",Madhya Pradesh,India,04-08-2023
2753,Vincent,Garde,vincent.garde2753@yahoo.com,8870221244,1982-08-03,"66/945, Muni, Ludhiana-413991",Karnataka,India,2025-02-24
2754,Irya,Lad,irya.lad2754@hotmail.com,2897434762,1996-12-09,"H.No. 396, Hari Nagar, Coimbatore 622416",Madhya Pradesh,India,2024-02-21
2755,Vaishnavi,Hora,vaishnavi.hora2755@hotmail.com,8056106217,1984-10-22,"383, Bhatti Ganj, Farrukhabad-767737",West Bengal,India,2026-01-07
2756,Anmol,Agate,anmol.agate2756@hotmail.com,3848515969,1992-07-30,"12/495, Hayer Road, Ballia-325361",Maharashtra,India,2025-07-16
2757,Tristan,Virk,tristan.virk2757@hotmail.com,5158952778,1982-07-20,"50, Saraf Road, Kottayam 823266",Delhi,India,2025-12-10
2758,Kritika,Raman,kritika.raman2758@gmail.com,5271776746,1991-02-01,"60, Lalla, Eluru-895500",Tamil Nadu,India,2024-05-12
2759,Vamakshi,Sachar,vamakshi.sachar2759@gmail.com,2578976168,1980-05-30,"10/87, Sura Zila, Tinsukia 156588",Assam,India,2025-08-19
2760,Anmol,Dugar,anmol.dugar2760@gmail.com,3471411363,1985-02-02,"01, Karpe Circle, Fatehpur-170870",Gujarat,India,2026-07-06
2761,Jasmit,Anand,jasmit.anand2761@yahoo.com,8046957555,1973-04-28,"H.No. 15, Shankar Path, Hindupur-907984",Karnataka,India,2026-07-16
2762,Faras,Shere,faras.shere2762@yahoo.com,8818040095,1983-11-18,"53/221, Virk Chowk, Hubli–Dharwad 166175",Telangana,India,2024-06-21
2763,Raghav,Chada,raghav.chada2763@hotmail.com,6439621976,1992-05-06,"27, Bhatti Path, Siliguri-454781",Odisha,India,2024-11-10
2764,Neelima,Parekh,neelima.parekh2764@yahoo.com,0862076694,1986-11-19,"01/889, Shenoy Road, Hospet 218081",Tamil Nadu,India,2025-08-26
2765,Nilima,Khare,nilima.khare2765@yahoo.com,2096286860,2002-01-28,"06, Prasad Zila, Burhanpur-204378",Haryana,India,2026-08-24
2766,Gautam,Nadig,gautam.nadig2766@hotmail.com,4108826525,1990-04-19,"23/94, Wagle Road, Bardhaman 340571",Maharashtra,India,2024-06-21
2767,Harita,Sha,harita.sha2767@yahoo.com,9463431520,1988-05-20,"82/51, Ganesh Marg, Singrauli 279664",Bihar,India,2025-04-02
2768,Abdul,Bawa,abdul.bawa2768@gmail.com,8344920731,1973-05-19,"89/053, Tak Chowk, Amritsar-528445",Delhi,India,2023-06-16
2769,Darsh,Raja,darsh.raja2769@yahoo.com,7689799032,1981-08-30,"H.No. 001, Rama Path, Nagercoil 198932",Madhya Pradesh,India,2025-07-02
2770,Yug,Sandhu,yug.sandhu2770@yahoo.com,5236626437,2005-09-15,"03, Sood Circle, Katni-178829",West Bengal,India,2024-02-13
2771,Falan,Luthra,falan.luthra2771@yahoo.com,9476932572,2006-06-04,"25/22, Baria Circle, Bhimavaram 988025",Telangana,India,2026-09-10
2772,Jhalak,Dhawan,jhalak.dhawan2772@gmail.com,8471244977,1995-03-26,"55, Parmer Nagar, Kadapa-304434",Uttar Pradesh,India,2024-08-22
2773,Omya,Lanka,omya.lanka2773@yahoo.com,2039480533,1976-05-29,"82, Garg Marg, Buxar 583852",Kerala,India,2026-08-23
2774,Inaya,Shan,inaya.shan2774@hotmail.com,7676024401,1974-01-29,"H.No. 48, Agrawal Circle, Morena-178878",Tamil Nadu,India,2024-03-16
2775,Faraj,Panchal,faraj.panchal2775@hotmail.com,5682860748,1982-07-11,"H.No. 54, Dutt Street, Tezpur-472081",Punjab,India,2024-02-10
2776,Warhi,Peri,warhi.peri2776@hotmail.com,2589394259,1988-06-20,"H.No. 112, Kota Zila, Bhiwandi-673749",Telangana,India,2025-01-12
2777,Patrick,Garg,patrick.garg2777@gmail.com,1544238993,1989-07-20,"40, Sura Street, Nadiad 092275",Bihar,India,2026-02-10
2778,Geetika,Parmer,geetika.parmer2778@gmail.com,0451424696,1974-07-14,"H.No. 12, Patla Road, Siwan 911129",Punjab,India,2026-04-09
2779,Shivani,Lata,shivani.lata2779@gmail.com,9411172346,1973-08-23,"H.No. 317, Vig Zila, Mysore 363134",Uttar Pradesh,India,2025-10-04
2780,Michael,Cherian,michael.cherian2780@hotmail.com,3287171856,1987-10-11,"98/15, Gour Ganj, Kota 735583",Assam,India,2025-01-26
2781,Faraj,Bajwa,faraj.bajwa2781@yahoo.com,1288916940,2003-11-20,"H.No. 08, Dugar Circle, Tiruppur-186090",Gujarat,India,2024-08-11
2782,Isaiah,Raval,isaiah.raval2782@yahoo.com,6508562455,1992-10-10,"04/29, Patil Circle, Satna 137972",MADHYA PRADESH,India,2024-12-09
2783,Zehaan,Pant,zehaan.pant2783@hotmail.com,4302345999,1989-04-24,"167, Nadig Circle, Ozhukarai-605878",Bihar,India,2026-05-26
2784,Jack,Sethi,jack.sethi2784@yahoo.com,9029640821,2004-10-13,"45, Sangha, Tiruchirappalli 187988",Telangana,India,2024-07-31
2785,Pranav,Halder,pranav.halder2785@yahoo.com,9609586050,2008-03-23,"79/122, Contractor Path, Morena 380915",kerala,India,2024-11-02
2786,Yoshita,Madan,yoshita.madan2786@hotmail.com,2891041109,1991-03-18,"584, Master Nagar, Amaravati-373260",Kerala,India,2023-04-26
2787,  Advaith  ,Trivedi,advaith.trivedi2787@gmail.com,2388565665,1991-10-28,"636, Nayar, Ahmedabad-489168",Odisha,India,2024-11-09
2788,Dayamai,Bhatnagar,dayamai.bhatnagar2788@yahoo.com,1163993197,2002-12-16,"77/70, Grover Road, Bhilai-290306",MADHYA PRADESH,India,2025-11-22
2789,Janya,Sama,janya.sama2789@hotmail.com,5974145187,2003-06-07,"54/34, Goel Path, Jamnagar 348202",Kerala,India,2025-10-13
2790,Tejas,Hora,tejas.hora2790@hotmail.com,2802873539,1981-05-10,"17, Mody Circle, Saharsa-586285",Assam,India,15-08-2024
2791,Anika,Hayer,anika.hayer2791@gmail.com,1647896105,1988-09-25,"33/989, Walla, Tadipatri-750433",Madhya Pradesh,India,2024-12-23
2792,Xiti,Soman,xiti.soman2792@gmail.com,6281593368,1974-05-21,"60/641, Ram Marg, Shahjahanpur 763119",Karnataka,India,2024-01-17
2793,Onkar,Dar,onkar.dar2793@hotmail.com,1608874535,2000-02-25,"58/47, Dewan Chowk, Bidhannagar-035588",Karnataka,India,2025-10-15
2794,Benjamin,Nazareth,benjamin.nazareth2794@gmail.com,2557597488,1994-04-19,"H.No. 22, Dyal Nagar, Parbhani-890237",Punjab,India,2024-09-28
2795,Kalpit,Luthra,kalpit.luthra2795@gmail.com,4187987859,2000-02-05,"14/916, Ramesh, Hubli–Dharwad-988510",Maharashtra,India,2026-08-20
2796,Harsh,Walla,harsh.walla2796@yahoo.com,5264051795,2007-06-15,"75/952, Manda Zila, Saharanpur 975917",Haryana,India,2024-10-26
2797,Nilima,Salvi,nilima.salvi2797@yahoo.com,0720322585,2002-07-11,"97/121, Singh Path, Serampore-486804",Maharashtra,India,2025-08-01
2798,Suhani,Oak,suhani.oak2798@gmail.com,2169217767,1999-08-13,"H.No. 93, Bala Nagar, Jamshedpur 789444",Assam,India,2026-05-26
2799,Gagan,Subramaniam,gagan.subramaniam2799@gmail.com,0368733911,1984-09-19,"H.No. 313, Sood Road, Bokaro-749935",West Bengal,India,2026-07-12
2800,Jackson,Mannan,jackson.mannan2800@gmail.com,0104880744,1976-03-20,"63, Thakkar Chowk, Malegaon 509942",Rajasthan,India,2024-03-04
2801,Ekaraj,Mohan,ekaraj.mohan2801@yahoo.com,9999143004,1981-01-05,"59, Chahal Path, Sonipat-140354",Gujarat,India,2024-02-26
2802,Aryan,Ravel,,5325897486,1995-05-24,"H.No. 698, Pillay Ganj, Bidhannagar-978341",Haryana,India,2026-07-25
2803,Sai,Ben,sai.ben2803@hotmail.com,4573071102,1977-10-03,"38, Kaul Chowk, Bihar Sharif-720504",Telangana,India,2026-08-03
2804,Lajita,Patla,lajita.patla2804@yahoo.com,6662713124,1998-03-05,"H.No. 37, Kara Ganj, Deoghar-037523",Kerala,India,2024-07-04
2805,Kamya,Lala,kamya.lala2805@hotmail.com,0867501933,1979-12-24,"91/532, Sama Chowk, Tadepalligudem-685142",Madhya Pradesh,India,2025-09-30
2806,Vasudha,Bera,vasudha.bera2806@yahoo.com,5131384366,2005-11-10,"H.No. 77, Bakshi Path, Hindupur 599890",Odisha,India,2025-08-26
2807,David,Bose,david.bose2807@gmail.com,8195052858,2000-04-11,"H.No. 791, Toor Nagar, Kumbakonam-874563",Maharashtra,India,2024-03-31
2808,William,Saxena,william.saxena2808@gmail.com,0093063386,1981-02-24,"742, Solanki Zila, Bhind-105018",Gujarat,India,2025-06-21
2809,Omkaar,Pandya,omkaar.pandya2809@hotmail.com,,2000-03-05,"264, Kulkarni Street, Visakhapatnam 742591",Bihar,India,2025-02-20
2810,Adweta,Srinivasan,adweta.srinivasan2810@gmail.com,3367076280,1981-05-27,"H.No. 24, Anne Road, Mehsana-100275",Maharashtra,India,2026-07-30
2811,Odika,Zachariah,odika.zachariah2811@yahoo.com,8116490248,1998-09-14,"H.No. 36, Ratta Chowk, Dhanbad-287275",Karnataka,India,2025-03-12
2812,Tarak,Chhabra,tarak.chhabra2812@hotmail.com,9131338607,2002-07-29,"22/225, Mitra Road, Shahjahanpur 392669",Kerala,India,2025-07-29
2813,Vasatika,Ram,vasatika.ram2813@hotmail.com,3302415984,1974-08-09,"47/16, Prabhu Chowk, Chapra-856483",Assam,India,2025/03/27
2814,Anirudh,Toor,anirudh.toor2814@hotmail.com,8155064033,2000-10-07,"08/595, Chana Path, Ghaziabad-722816",Madhya Pradesh,India,2025-07-09
2815,Ekta,Saini,ekta.saini2815@gmail.com,2671697781,2008-02-15,"H.No. 481, Lanka Street, Gudivada-605020",Gujarat,India,2025-04-09
2816,Gayathri,Bhatnagar,,02024190536,1985-10-06,"56/90, Kakar Path, Jamnagar-665481",Rajasthan,India,2025-05-03
2817,  Chatura  ,Chopra,chatura.chopra2817@hotmail.com,7078211764,1993-01-03,"75, Lalla Street, Mirzapur-712972",MAHARASHTRA,India,2024-05-30
2818,Vamakshi,Chhabra,vamakshi.chhabra2818@gmail.com,2875428900,1984-03-01,"29/43, Narang Nagar, Alwar 839173",Odisha,India,2024-08-24
2819,Chaitanya,Bains,chaitanya.bains2819@hotmail.com,,2003-10-07,"159, Saini Marg, Tezpur 730739",Tamil Nadu,India,2026-04-01
2820,Saumya,Balay,saumya.balay2820@yahoo.com,4856758499,2002-04-23,"93/75, Dugal Chowk, Howrah-531665",Gujarat,India,2026-06-19
2821,Veer,Misra,veer.misra2821@yahoo.com,6611771623,1972-11-06,"202, Din Chowk, Nangloi Jat-226255",Delhi,India,2024-02-05
2822,Udant,Dani,udant.dani2822@yahoo.com,2930117968,1981-12-07,"85/491, Mann Street, Bhiwani 015631",Assam,India,2025-07-28
2823,Triya,Shenoy,triya.shenoy2823@gmail.com,4389204463,1980-11-11,"H.No. 017, Ganguly, Jaunpur-057729",Telangana,India,2026-02-06
2824,Rehaan,Kanda,rehaan.kanda2824@gmail.com,6573294601,1988-07-15,"969, Kara Ganj, Panchkula 697072",Maharashtra,India,2026-03-03
2825,Tara,Anne,tara.anne2825@hotmail.com,3338169750,2000-04-13,"H.No. 89, Contractor, Khammam-665228",Madhya Pradesh,India,2025-01-31
2826,Hema,Kapur,hema.kapur2826@hotmail.com,9688601025,1992-04-09,"69/971, Saraf Road, Thiruvananthapuram-775405",Odisha,India,2026-01-21
2827,  Balveer  ,Hari,balveer.hari2827@yahoo.com,0362899554,1984-09-18,"H.No. 926, Wadhwa Circle, Asansol-185885",Telangana,India,2025-03-05
2828,Samesh,Gade,samesh.gade2828@hotmail.com,7865095256,1979-01-08,"H.No. 038, Bakshi Zila, Darbhanga 260091",Haryana,India,2026-02-27
2829,Ethan,Dewan,ethan.dewan2829@hotmail.com,7299447462,1972-09-22,"H.No. 763, Ramachandran Circle, Chandigarh-345554",Uttar Pradesh,India,2025-06-23
2830,Advik,Sagar,advik.sagar2830@gmail.com,8054071298,2000-05-31,"H.No. 762, Nayak Zila, Muzaffarpur 450331",Kerala,India,2026-04-18
2831,Shivansh,Patla,shivansh.patla2831@gmail.com,3220812749,1984-10-13,"H.No. 112, Luthra Circle, Navi Mumbai 234467",assam,India,2025-02-07
2832,Jasmit,Gade,jasmit.gade2832@yahoo.com,8268154238,1989-03-15,"49/198, Sule Zila, Pune-591977",Odisha,India,2026-05-14
2833,Shravya,Misra,shravya.misra2833@hotmail.com,3478217389,1971-01-12,"H.No. 64, Babu Street, Parbhani 642859",Telangana,India,2024-08-18
2834,Maanas,Oak,maanas.oak2834@gmail.com,+91-4209042584,2002-01-17,"78/077, Dugal Street, Chandrapur 463327",Punjab,India,2025-03-13
2835,Barkha,Nagi,barkha.nagi2835@hotmail.com,0506998758,1990-06-05,"H.No. 92, Thaman Path, Erode-006964",Punjab,India,2023-07-09
2836,Aryan,Comar,aryan.comar2836@yahoo.com,4237014155,1987-04-15,"57, Purohit Circle, Jamnagar 587662",Punjab,India,2024-03-22
2837,Chandresh,Chada,chandresh.chada2837@gmail.com,3236253786,1985-08-31,"31/688, Sehgal, Sambalpur 231649",West Bengal,India,2025-08-14
2838,Neelima,Kumer,neelima.kumer2838@hotmail.com,7058030714,2006-01-20,"72/44, Chahal Zila, Latur 303105",Punjab,India,2026-03-07
2839,Lekha,Walla,lekha.walla2839@gmail.com,6910764326,2003-02-21,"822, Majumdar Road, Chapra-153841",Maharashtra,India,2026-05-12
2840,Patrick,Muni,patrick.muni2840@gmail.com,+91-5260665431,1972-04-16,"74, Butala Nagar, Malegaon-852204",Maharashtra,India,2026-06-05
2841,Vivaan,Anand,vivaan.anand2841@hotmail.com,6230504782,2000-07-17,"34, Mutti Marg, Bhiwani 499883",Madhya Pradesh,India,2024-09-17
2842,Hamsini,Chana,hamsini.chana2842@hotmail.com,7737660625,2005-06-19,"H.No. 57, Lalla Road, Etawah-966086",West Bengal,India,2025-03-29
2843,Damini,Uppal,damini.uppal2843@hotmail.com,0185149687,1972-05-19,"18, Bhatt, Baranagar 167550",Haryana,India,2025-09-14
2844,Hredhaan,Acharya,hredhaan.acharya2844@hotmail.com,8882956379,1995-01-29,"H.No. 962, Jani Street, Firozabad-112534",Assam,India,2024-09-05
2845,Anusha,Lal,anusha.lal2845@yahoo.com,0721112596,2004-04-11,"H.No. 139, Panchal Ganj, Varanasi 936339",Karnataka,India,2024-07-13
2846,Vidhi,Patla,vidhi.patla2846@yahoo.com,8977612765,1983-05-18,"10/096, Banik, Darbhanga-813662",West Bengal,India,2024-06-07
2847,Libni,Sandhu,libni.sandhu2847@gmail.com,2011745188,1972-01-16,"101, Balasubramanian Zila, Faridabad-308597",Haryana,India,2024-03-02
2848,Caleb,Ramachandran,caleb.ramachandran2848@gmail.com,4555195132,1979-03-18,"H.No. 980, Sridhar Zila, Raichur-949045",Maharashtra,India,2025-10-19
2849,Anvi,Swamy,anvi.swamy2849@gmail.com,3512004515,1987-07-07,"56, Pingle Circle, Udupi 443027",Haryana,India,2026-04-27
2850,Gunbir,Brahmbhatt,gunbir.brahmbhatt2850@yahoo.com,5618512054,1990-03-07,"H.No. 76, Deo Circle, Farrukhabad-321460",Kerala,India,2025-07-24
2851,Vaishnavi,Borra,vaishnavi.borra2851@hotmail.com,3939578476,2006-08-30,"74, Nayar Road, Jodhpur 867823",Karnataka,India,2025-05-19
2852,Warda,Magar,warda.magar2852@hotmail.com,3740517175,1986-12-08,"13, Choudhary Circle, South Dumdum-028734",Uttar Pradesh,India,2026-01-29
2853,Samaksh,Rege,samaksh.rege2853@gmail.com,5629522429,1998-02-19,"52/082, Bal Marg, Karnal-731160",Uttar Pradesh,India,2024-04-03
2854,Joshua,Mani,joshua.mani2854@hotmail.com,3603608278,2004-05-19,"87/55, Vig Street, Varanasi 199389",Telangana,India,2024-08-21
2855,Januja,Prabhu,januja.prabhu2855@gmail.com,1335862685,1985-12-21,"H.No. 48, Bawa Marg, Nashik 632900",Karnataka,India,2025-02-16
2856,Nitesh,Chawla,nitesh.chawla2856@hotmail.com,9607331256,1972-07-11,"21, Banik Road, Agartala-421711",Delhi,India,2026-03-09
2857,Matthew,Hegde,matthew.hegde2857@gmail.com,8415277655,1982-11-19,"H.No. 25, Saxena Road, Aurangabad-762492",Assam,India,2024-05-04
2858,Oviya,Cherian,oviya.cherian2858@hotmail.com,,1993-04-16,"243, Sankaran Zila, Mira-Bhayandar 838884",Delhi,India,2025-10-02
2859,Pushti,Chakrabarti,pushti.chakrabarti2859@hotmail.com,8622659194,1996-11-25,"H.No. 05, Rai Path, Adoni 559338",Assam,India,2024-11-20
2860,Radhika,Gandhi,radhika.gandhi2860@gmail.com,1553884697,1980-05-18,"659, Tak Street, Chinsurah 131761",Tamil Nadu,India,2023-02-12
2861,Yachana,Sahni,yachana.sahni2861@yahoo.com,4870872840,2002-07-18,"H.No. 54, Parmar Nagar, Varanasi-018732",Punjab,India,2025-04-21
2862,Gauri,Rao,gauri.rao2862@yahoo.com,9053805346,2004-08-22,"03/070, Bassi Ganj, Panipat-348983",Tamil Nadu,India,2025-10-25
2863,Nitara,Khalsa,nitara.khalsa2863@hotmail.com,6089736547,1999-07-20,"10/843, Bera, Bhusawal 587514",rajasthan,India,2026-08-15
2864,Chatura,Dey,chatura.dey2864@yahoo.com,0095840344,1985-09-14,"H.No. 177, Parmer Road, Nellore 449253",Odisha,India,2025-11-22
2865,Edhitha,Venkatesh,edhitha.venkatesh2865@hotmail.com,3551264008,1998-02-15,"H.No. 98, Bhat Marg, Machilipatnam-430673",Telangana,India,2026-05-09
2866,Dipta,Baria,dipta.baria2866@gmail.com,8736218481,1990-05-01,"48/91, Saini Zila, Vasai-Virar 347422",Assam,India,2025-04-01
2867,Ekaraj,Mani,ekaraj.mani2867@gmail.com,5097071020,2001-05-03,"H.No. 961, Kari Circle, Ahmednagar-289818",UTTAR PRADESH,India,2025-11-27
2868,Vihaan,Dutta,vihaan.dutta2868@hotmail.com,0078269313,1994-01-20,"02/259, Saha Zila, Rajpur Sonarpur 534210",Punjab,India,2024-12-13
2869,Ikbal,Bobal,ikbal.bobal2869@hotmail.com,1030527034,1984-11-30,"H.No. 438, Taneja Nagar, Secunderabad 055586",Gujarat,India,2025-02-27
2870,Alka,Mutti,alka.mutti2870@gmail.com,4650723134,2002-05-20,"84/48, Prabhu Ganj, Naihati-148081",Assam,India,2025-06-13
2871,Nathaniel,Rattan,nathaniel.rattan2871@gmail.com,3329619300,1972-08-18,"H.No. 73, Nagar, Lucknow 744117",Bihar,India,2025-04-02
2872,Unnati,Dugar,unnati.dugar2872@hotmail.com,0894666298,1972-04-13,"H.No. 84, Majumdar Ganj, Nandyal-503602",Odisha,India,2025-02-18
2873,Tanveer,Bail,tanveer.bail2873@yahoo.com,2719810984,1993-07-03,"88/265, Iyer Street, Kakinada-406325",Gujarat,India,2024-12-17
2874,Maanav,Prabhakar,maanav.prabhakar2874@yahoo.com,0352415447,1998-08-02,"01/208, Varkey Ganj, Navi Mumbai 634701",Rajasthan,India,2024-02-25
2875,Janya,Krishnamurthy,janya.krishnamurthy2875@gmail.com,8429363176,2002-11-16,"H.No. 411, Bath Zila, Hindupur-567985",Assam,India,2024-06-05
2876,Nirja,Lad,nirja.lad2876@hotmail.com,7961840421,1989-11-14,"01/663, Char Ganj, Khora -373617",Rajasthan,India,2023-06-03
2877,Brinda,Lala,brinda.lala2877@hotmail.com,5874485312,2007-08-23,"64/897, Mander Nagar, Avadi 014913",Rajasthan,India,2025-03-21
2878,Chandresh,Loyal,,6216315776,1980-03-08,"H.No. 51, Raj Ganj, Khora  016945",Gujarat,India,2026-03-29
2879,Qushi,Sarraf,qushi.sarraf2879@hotmail.com,4347014927,2004-05-07,"74/28, Bajaj, Sikar-463643",Bihar,India,2024-09-21
2880,Anjali,Sibal,anjali.sibal2880@hotmail.com,9771576067,1973-01-13,"H.No. 243, Chacko Zila, Kanpur-533436",Telangana,India,18 May 2026
2881,Bhavini,Sem,bhavini.sem2881@gmail.com,8162365956,1983-08-01,"H.No. 68, Sengupta Path, Gangtok-528825",Punjab,India,2025-06-05
2882,Champak,Kant,champak.kant2882@gmail.com,7809227355,1999-04-08,"989, Sawhney Circle, Sonipat-937468",Kerala,India,2024-06-30
2883,Yatan,Thakkar,yatan.thakkar2883@yahoo.com,5537285839,1995-10-26,"607, Sur Ganj, Vijayawada 061380",Bihar,India,2025-08-06
2884,Anamika,Basu,anamika.basu2884@gmail.com,+91-8807338304,2000-04-01,"12, Reddy Ganj, Ujjain 933575",Bihar,India,2023-07-26
2885,Aadhya,Memon,aadhya.memon2885@yahoo.com,5742377204,1998-12-20,"039, Chaudry Path, Pali 871395",Telangana,India,2024-03-12
2886,Yagnesh,Vig,yagnesh.vig2886@yahoo.com,3366581932,2006-03-13,"21/625, Oak Marg, Siwan-347585",Telangana,India,2023-12-27
2887,Chandran,Upadhyay,chandran.upadhyay2887@hotmail.com,1057265284,1970-12-26,"H.No. 39, Bail Zila, Gwalior-656886",Bihar,India,2024-07-10
2888,Reva,Korpal,reva.korpal2888@hotmail.com,2655999331,2005-09-29,"52/300, Chacko Path, Bulandshahr-234319",Rajasthan,India,2026-06-16
2889,Harinakshi,Shah,harinakshi.shah2889@yahoo.com,6484624314,1981-03-02,"H.No. 11, Sanghvi Road, Nagercoil 412809",Telangana,India,2026-09-15
2890,Ronith,Anand,ronith.anand2890@yahoo.com,3400946748,1981-03-09,"H.No. 75, Kapadia Ganj, Amritsar 746067",Assam,India,2023-05-05
2891,Atharv,Halder,atharv.halder2891@gmail.com,4653072299,2004-05-27,"23, Kuruvilla Zila, Naihati 596841",Delhi,India,2026-08-29
2892,Kai,Vyas,kai.vyas2892@hotmail.com,5699908569,1977-11-18,"876, Narasimhan Chowk, Bhiwani-315841",Assam,India,19 Jul 2026
2893,Anusha,Shetty,anusha.shetty2893@hotmail.com,8519907651,1988-06-01,"H.No. 836, Rout Circle, Raebareli-844964",Delhi,India,2024-11-06
2894,Wazir,Peri,wazir.peri2894@hotmail.com,7006982192,1973-12-17,"H.No. 762, Wali Road, Gopalpur 998159",Haryana,India,2023-11-24
2895,Harita,Chaudhari,harita.chaudhari2895@hotmail.com,74340-21970,1996-07-12,"32/34, Sampath Circle, Bilaspur-521386",West Bengal,India,2025-05-26
2896,Devika,Chandran,devika.chandran2896@hotmail.com,1448590713,1988-12-10,"H.No. 86, Sani Zila, Alwar-388933",Bihar,India,2026-02-07
2897,Zayan,Mangal,zayan.mangal2897@hotmail.com,8958123867,1997-01-27,"H.No. 860, Viswanathan Chowk, Ramagundam-332631",Rajasthan,India,2026-03-19
2898,Gaurangi,Chauhan,gaurangi.chauhan2898@hotmail.com,7698367139,1977-06-25,"54/24, Dar Nagar, Dibrugarh 731542",Telangana,India,2025-08-13
2899,Karan,Parikh,karan.parikh2899@hotmail.com,0657024452,1974-01-11,"18/54, Bawa Circle, Hyderabad 985168",West Bengal,India,2025-05-30
2900,Eesha,Devi,eesha.devi2900@hotmail.com,5410737208,1984-11-23,"H.No. 65, Kulkarni Road, Chinsurah 446802",Kerala,India,2026-02-04
2901,Aryan,Suresh,aryan.suresh2901@gmail.com,6726018803,1979-10-05,"70/78, Master Street, Sagar 411164",Odisha,India,2026-07-04
2902,Odika,Krishna,odika.krishna2902@hotmail.com,8970964965,1992-03-07,"H.No. 807, Pillai Ganj, Tiruchirappalli 348429",Odisha,India,2026-04-20
2903,Dominic,Mody,dominic.mody2903@hotmail.com,8390909071,2000-05-30,"80/133, Sood Street, Narasaraopet 191488",Telangana,India,2024-07-04
2904,Vrinda,Jani,,7194955682,1977-11-13,"H.No. 387, Joshi Path, Aurangabad 623546",Bihar,India,2024-01-12
2905,Ishani,Kanda,ishani.kanda2905@hotmail.com,7792957405,1987-08-23,"H.No. 288, Pillai Path, Giridih-024614",Delhi,India,2025-09-07
2906,  Joshua  ,Nori,joshua.nori2906@hotmail.com,4849511055,1973-07-30,"41/85, Shere Marg, Thrissur-162392",Bihar,India,2026-07-11
2907,Vritti,Goyal,vritti.goyal2907@yahoo.com,4380774421,1986-09-07,"79/476, Morar Road, Hapur 795853",Assam,India,2026-06-17
2908,Libni,Dayal,libni.dayal2908@yahoo.com,8716944424,1976-03-12,"H.No. 78, Rajagopal Road, Kota-845130",Karnataka,India,2024-06-19
2909,Kiaan,Bala,kiaan.bala2909@gmail.com,3720956250,2007-04-21,"H.No. 97, Deshpande Road, Nashik-646763",Gujarat,India,2025-10-13
2910,Meghana,Banerjee,meghana.banerjee2910@yahoo.com,0694202225,1987-05-15,"41/64, Sen, Nangloi Jat-018076",odisha,India,2026-02-14
2911,Ishwar,Karnik,ishwar.karnik2911@gmail.com,0356149492,1990-06-28,"74, Sibal Chowk, Madurai 341170",Bihar,India,2025-04-08
2912,Unni,Desai,unni.desai2912@hotmail.com,5597328687,1976-04-08,"483, D’Alia, Agra 155989",West Bengal,India,2026-08-27
2913,Shivansh,Setty,shivansh.setty2913@hotmail.com,5223565515,1998-12-25,"41/067, Varkey Path, Kadapa-462580",Kerala,India,2025-02-07
2914,Ekbal,Biswas,ekbal.biswas2914@gmail.com,,1981-10-26,"34/426, Bajaj Street, Kumbakonam 489080",Bihar,India,2025-12-21
2915,Chavvi,Shah,chavvi.shah2915@hotmail.com,3433066660,1980-06-12,"92/382, Bansal Street, Hyderabad-580289",Maharashtra,India,2026-07-25
2916,Robert,Balasubramanian,robert.balasubramanian2916@yahoo.com,7894098668,1980-09-01,"86/466, Iyengar Path, Nanded-857121",Uttar Pradesh,India,07/19/2025
2917,Naveen,Sundaram,naveen.sundaram2917@gmail.com,1923573739,1995-04-20,"22/71, Sanghvi, Ahmedabad 105371",Uttar Pradesh,India,2024-03-18
2918,Bakhshi,Wadhwa,bakhshi.wadhwa2918@gmail.com,5337753128,1999-12-09,"152, Ravel Zila, Bardhaman 450742",Rajasthan,India,2025-06-17
2919,Vansha,Varughese,vansha.varughese2919@yahoo.com,0057525758,2003-10-10,"81, Sant Nagar, Bangalore-721826",West Bengal,India,2026-07-01
2920,Yatin,Nayak,yatin.nayak2920@gmail.com,1810886429,1996-11-28,"49, Narang Ganj, Chapra 109758",Gujarat,India,2024-03-16
2921,Vinaya,Saran,vinaya.saran2921@hotmail.com,9608709993,2008-06-03,"931, Singh Chowk, Unnao-230966",Delhi,India,2023-10-01
2922,Hredhaan,Sandal,hredhaan.sandal2922@gmail.com,3159157314,1992-10-08,"05, Pathak Nagar, Shahjahanpur-183860",Kerala,India,2026-06-28
2923,Andrew,Bahl,andrew.bahl2923@hotmail.com,9822283280,1981-09-13,"H.No. 24, Wagle Path, Kavali 239612",Rajasthan,India,2026-04-28
2924,Kabir,Gill,kabir.gill2924@yahoo.com,+91-6733660538,1981-10-01,"H.No. 90, Master Path, Muzaffarnagar 371535",Uttar Pradesh,India,2024-08-05
2925,Ucchal,Nori,ucchal.nori2925@gmail.com,5592815154,2007-01-05,"H.No. 933, Radhakrishnan Marg, Asansol 354612",maharashtra,India,2026-04-22
2926,Jagrati,Mody,jagrati.mody2926@gmail.com,3225560010,1990-04-08,"36/43, Lad Chowk, Sambhal 329861",Madhya Pradesh,India,2023-08-14
2927,Yahvi,Bhavsar,yahvi.bhavsar2927@hotmail.com,3591247043,1991-11-26,"14/099, Manda Zila, Tiruchirappalli 171019",Odisha,India,2023-04-17
2928,Eiravati,Mane,eiravati.mane2928@gmail.com,+91-2480642048,1974-03-04,"H.No. 026, Kamdar Circle, Pimpri-Chinchwad-734953",Madhya Pradesh,India,2025-04-12
2929,Ishaan,Andra,,6115064756,1991-02-04,"H.No. 076, Sha Road, Jalna-361840",Gujarat,India,2025-03-05
2930,Anya,Walia,anya.walia2930@hotmail.com,4600811846,1985-12-14,"72, Chana Marg, Chinsurah-933147",Tamil Nadu,India,2025-10-24
2931,Ati,Raval,ati.raval2931@gmail.com,4863018844,1986-01-26,"43/12, Prabhu, Berhampur 303529",Assam,India,2024-04-17
2932,  Deepa  ,Seshadri,deepa.seshadri2932@gmail.com,9006728252,2006-07-29,"11/327, Kade Chowk, Kolhapur-769797",Kerala,India,2026-07-03
2933,Amara,Patla,amara.patla2933@gmail.com,0597988455,1972-08-24,"H.No. 81, Kaul Marg, Guna-832815",Haryana,India,2025-04-18
2934,Tara,Gokhale,tara.gokhale2934@yahoo.com,6879876059,1992-06-14,"82/46, Palan Ganj, Medininagar-210985",Odisha,India,2025-09-18
2935,Lila,Naidu,lila.naidu2935@yahoo.com,8017829268,2007-01-06,"H.No. 51, Ramanathan, Bahraich 691723",Madhya Pradesh,India,2023-07-14
2936,Atharv,Lanka,atharv.lanka2936@gmail.com,3548137026,1975-02-12,"H.No. 82, Khurana Nagar, Hospet 418146",Punjab,India,2026-02-21
2937,Hemal,Bath,hemal.bath2937@yahoo.com,4158046572,2004-01-09,"84/35, Sibal, Jammu-651169",Punjab,India,2026-08-11
2938,Pahal,Aggarwal,pahal.aggarwal2938@yahoo.com,8403105953,1993-08-02,"H.No. 26, Dhaliwal Chowk, Dharmavaram 682494",Madhya Pradesh,India,2024-12-25
2939,Tanmayi,Luthra,tanmayi.luthra2939@yahoo.com,5976924658,2008-04-07,"21, Bhandari Street, Ahmedabad 844371",Telangana,India,2026-01-09
2940,Vihaan,Chander,vihaan.chander2940@yahoo.com,9120408063,1972-06-28,"69/04, Butala Path, Nanded 113718",Uttar Pradesh,India,2026/06/15
2941,Bhavani,Khalsa,bhavani.khalsa2941@gmail.com,3701267707,1996-08-25,"24/88, Chahal Ganj, Panipat 820401",West Bengal,India,2024-01-05
2942,Advik,Swamy,advik.swamy2942@hotmail.com,9800659534,2004-02-11,"H.No. 13, Sarkar, Jalandhar-132107",Delhi,India,2023-08-29
2943,Umang,Garde,umang.garde2943@yahoo.com,2712246394,1994-08-18,"35/02, Peri Circle, Kota 689773",Punjab,India,2025-04-18
2944,  Omaja  ,Varma,omaja.varma2944@yahoo.com,6961702775,1984-01-21,"24/835, Sagar Zila, Kolkata 037756",Bihar,India,2024-07-31
2945,Raagini,Nagarajan,,6738522197,1984-09-14,"19, Rege Nagar, Thanjavur 002462",Gujarat,India,2024-09-22
2946,Jeevika,Raj,jeevika.raj2946@yahoo.com,5119472594,2006-06-18,"685, Bora Ganj, Delhi-023767",Maharashtra,India,2024-02-26
2947,Ayush,Pillay,ayush.pillay2947@gmail.com,13644-59236,1978-10-20,"H.No. 246, Gala Zila, Sri Ganganagar-692318",Haryana,India,2025-06-06
2948,Isaiah,Loyal,isaiah.loyal2948@gmail.com,6035183733,2001-03-16,"H.No. 615, Majumdar Nagar, Aizawl 439002",Maharashtra,India,2026-05-16
2949,Daniel,Tiwari,daniel.tiwari2949@hotmail.com,4096466424,1998-10-01,"H.No. 43, Shukla Nagar, Barasat-747157",Assam,India,2026-06-19
2950,Mohini,Lanka,mohini.lanka2950@yahoo.com,3661176147,1981-02-23,"H.No. 98, Bora Marg, Vasai-Virar 247891",Delhi,India,2023-03-15
2951,Omisha,Palla,omisha.palla2951@gmail.com,6192400120,1980-06-04,"48/172, Sood Marg, Madurai 934047",Gujarat,India,2025-11-03
2952,Elijah,Singh,elijah.singh2952@yahoo.com,6026714062,1976-12-22,"86, Seshadri Road, Nizamabad-966009",Uttar Pradesh,India,2024-01-08
2953,Madhavi,Seshadri,madhavi.seshadri2953@hotmail.com,0013303490,2002-08-17,"H.No. 819, Behl Ganj, Hapur 056269",Assam,India,2023-02-03
2954,Kashvi,Chaudhuri,kashvi.chaudhuri2954@hotmail.com,5398954769,1995-12-09,"63/19, Bawa Path, Mau 906224",Odisha,India,2025-08-01
2955,Faras,Khanna,faras.khanna2955@hotmail.com,9428727651,1991-07-01,"H.No. 731, Raja Nagar, Dehradun-776763",Maharashtra,India,2023-11-05
2956,Jack,Sheth,jack.sheth2956@gmail.com,4341062864,1992-07-12,"61, Lanka Zila, Kadapa-448156",Telangana,India,2024-08-28
2957,Mohini,Merchant,mohini.merchant2957@gmail.com,9459151161,1981-04-18,"95/514, Gole Marg, Surat-371893",Tamil Nadu,India,2023-12-03
2958,Unni,Ranganathan,unni.ranganathan2958@yahoo.com,2685307440,1976-04-30,"44/690, Mahal Street, Silchar-450299",Uttar Pradesh,India,2025-10-20
2959,Yashawini,Karan,yashawini.karan2959@gmail.com,9472352488,1988-02-10,"H.No. 429, Wagle Zila, Aurangabad-862124",Karnataka,India,2025-03-15
2960,Chatresh,Vig,chatresh.vig2960@gmail.com,9732483191,1979-05-24,"94/57, Vala Street, Gulbarga-071870",Tamil Nadu,India,2026-07-26
2961,Saanvi,Oza,saanvi.oza2961@gmail.com,1329097137,2001-05-26,"34/35, Minhas Circle, Akola 791345",Punjab,India,2024-05-08
2962,Barkha,Korpal,barkha.korpal2962@gmail.com,1676456879,2002-10-28,"78, Korpal Marg, Visakhapatnam 829097",Telangana,India,2024-08-24
2963,Charvi,Sami,charvi.sami2963@hotmail.com,2273594714,1972-07-24,"H.No. 099, Ramesh Circle, Rampur 990737",Haryana,India,2026-03-09
2964,Sachi,Magar,sachi.magar2964@gmail.com,8750029809,1971-06-02,"168, Chacko Path, Thiruvananthapuram 772089",Delhi,India,2025-10-24
2965,Henry,Tripathi,henry.tripathi2965@hotmail.com,6164569398,1988-04-17,"95/88, Malhotra Street, Gandhidham 083000",Rajasthan,India,2026-07-17
2966,Jagvi,Khosla,,4227690362,1988-11-16,"788, Parikh Path, Rohtak-627773",Delhi,India,2026-01-08
2967,Krish,Jaggi,krish.jaggi2967@yahoo.com,3165087551,1971-05-21,"H.No. 17, Chada Chowk, Chandrapur-423181",Kerala,India,2026-05-02
2968,Daksh,Sule,daksh.sule2968@gmail.com,9197568326,1973-03-29,"87/63, Varughese Road, Thoothukudi 722303",Haryana,India,2023-09-04
2969,Ganga,Kapur,ganga.kapur2969@hotmail.com,0567680203,1971-10-16,"H.No. 227, Bhandari Circle, Hyderabad-034448",Rajasthan,India,2024-10-22
2970,Balveer,Shetty,balveer.shetty2970@yahoo.com,8345365359,1994-09-27,"90/50, Dugar Path, Danapur-676564",Tamil Nadu,India,2025-05-15
2971,Abhimanyu,Apte,abhimanyu.apte2971@hotmail.com,0374006392,1971-08-08,"133, Gulati Circle, Bhind 284285",Gujarat,India,2026-06-22
2972,Warda,Patil,warda.patil2972@yahoo.com,6588469181,1974-01-05,"80, Gala Path, Khammam-951706",Odisha,India,2024-09-06
2973,Janani,Dora,janani.dora2973@hotmail.com,6165532266,1995-02-06,"76/21, Ramaswamy Street, Mathura 057059",Telangana,India,09 Dec 2025
2974,Vaishnavi,Thakur,vaishnavi.thakur2974@hotmail.com,6634283323,1999-07-07,"37, Chahal Zila, Danapur-060454",Maharashtra,India,2023-07-07
2975,Rachita,Trivedi,rachita.trivedi2975@gmail.com,0113482655,2001-09-06,"H.No. 81, Nigam, Salem-639709",Odisha,India,2026-03-06
2976,Garima,Pall,garima.pall2976@hotmail.com,9709650177,1971-03-16,"976, Chandra, Latur-883365",Punjab,India,2026-03-03
2977,Aradhana,Dube,aradhana.dube2977@yahoo.com,,1997-09-29,"742, Wason Path, Vijayawada 671422",Bihar,India,27 Jun 2023
2978,Jeevika,Mistry,jeevika.mistry2978@gmail.com,9597568542,1998-03-19,"494, Kaur Road, Danapur-420986",Gujarat,India,2025-02-12
2979,Vrinda,Thaman,vrinda.thaman2979@yahoo.com,8939242811,2004-06-20,"28/87, Sura Chowk, Panihati-350357",Uttar Pradesh,India,2024-09-18
2980,Yagnesh,Oommen,yagnesh.oommen2980@gmail.com,9788630407,1980-07-04,"183, Soman Marg, Bulandshahr-303494",Haryana,India,2026-04-12
2981,Benjamin,Deo,benjamin.deo2981@hotmail.com,6806704803,1985-06-04,"90, Nadig Ganj, Burhanpur-167209",Delhi,India,2025-03-19
2982,Jagat,Divan,jagat.divan2982@gmail.com,8980326310,1971-01-01,"966, Dixit Street, Kochi 226675",Gujarat,India,05-07-2026
2983,Tristan,Hayer,tristan.hayer2983@yahoo.com,5799873468,1984-11-28,"147, Murthy, Motihari 938303",Uttar Pradesh,India,2024-02-21
2984,Jyoti,Lal,jyoti.lal2984@yahoo.com,8959421145,2004-08-17,"04/81, Anne Circle, Gudivada 181814",Bihar,India,2026-03-19
2985,Laban,Loyal,laban.loyal2985@hotmail.com,1810070573,1972-01-24,"H.No. 409, Bora Marg, Sambalpur-203254",Madhya Pradesh,India,2026-05-23
2986,Jai,Krish,jai.krish2986@yahoo.com,7763115136,1981-06-15,"79, Joshi Zila, Proddatur-346318",Assam,India,2024-09-24
2987,Saanvi,Ramachandran,saanvi.ramachandran2987@gmail.com,4062937895,1998-12-12,"93, Bhalla Street, Tinsukia-188946",Punjab,India,2025-03-11
2988,Amrita,Tak,,6864368128,1992-09-19,"H.No. 521, Sachdev Path, Panchkula-123429",Punjab,India,2023-05-09
2989,Nitesh,Rajagopalan,nitesh.rajagopalan2989@yahoo.com,6965030185,1996-08-25,"55/97, Contractor Chowk, Kakinada-917159",Karnataka,India,2024-11-09
2990,Kalpit,Bhandari,kalpit.bhandari2990@yahoo.com,4446274139,1996-03-18,"H.No. 64, Bhargava, Surendranagar Dudhrej-207248",Assam,India,2023-07-30
2991,Ojasvi,Iyengar,ojasvi.iyengar2991@gmail.com,3433813201,1995-05-23,"50, Muni Marg, Kakinada-840697",GUJARAT,India,2026-05-05
2992,Ishani,Shere,ishani.shere2992@gmail.com,1210726427,1976-10-23,"96/477, Raval Zila, Bhagalpur-434699",Uttar Pradesh,India,2025-07-20
2993,Alexander,Nanda,alexander.nanda2993@yahoo.com,8187817709,1996-04-19,"732, Palla Ganj, Tumkur-354432",Telangana,India,2026-02-06
2994,Mitali,Kohli,mitali.kohli2994@gmail.com,+91-1682688270,1981-08-13,"H.No. 360, Barman Circle, Ranchi 174274",West Bengal,India,2023-07-25
2995,Jagat,Raj,jagat.raj2995@hotmail.com,4842625041,1981-07-14,"H.No. 76, Bajaj Zila, Saharsa 469090",Kerala,India,2024-03-13
2996,Hemani,Narain,hemani.narain2996@yahoo.com,6335252615,1985-01-04,"05/625, Sangha Nagar, Motihari-360265",Tamil Nadu,India,2023-03-02
2997,Lavanya,Karnik,lavanya.karnik2997@yahoo.com,7323429000,1975-06-08,"H.No. 92, Thakur Marg, Tinsukia-309095",Odisha,India,2026-08-30
2998,Theodore,Raja,theodore.raja2998@gmail.com,4546152255,1976-12-16,"H.No. 77, Bumb Marg, Shimoga-421000",Odisha,India,2024-03-04
2999,Jeremiah,Dasgupta,jeremiah.dasgupta2999@hotmail.com,3586363878,2005-02-13,"H.No. 49, Gopal Path, Burhanpur 457026",Delhi,India,2024-06-23
3000,Jagdish,Mukhopadhyay,jagdish.mukhopadhyay3000@hotmail.com,4054127334,2004-06-21,"H.No. 38, Sood Road, Malegaon-622882",Odisha,India,2024-05-10
3001,Krisha,Bhandari,krisha.bhandari3001@yahoo.com,3579669943,2005-03-22,"947, Mody Path, Darbhanga 778737",Assam,India,2025-03-28
3002,Januja,Goswami,januja.goswami3002@hotmail.com,3300627727,1973-04-04,"47/12, Sundaram Marg, Bidar 073314",Karnataka,India,2026-04-26
3003,Vaishnavi,Kurian,vaishnavi.kurian3003@hotmail.com,0683262021,2004-03-15,"H.No. 208, Oza Circle, Ghaziabad 563353",Assam,India,2026-07-05
3004,Jasmit,Issac,jasmit.issac3004@gmail.com,4186572364,2005-03-19,"H.No. 09, Char, Bathinda-549047",Tamil Nadu,India,2026-08-10
3005,Rachana,Kanda,rachana.kanda3005@hotmail.com,5652952635,1985-04-14,"075, Sinha Chowk, Pali-303060",Telangana,India,2026-05-24
3006,Eesha,Rajan,eesha.rajan3006@yahoo.com,3188422478,1974-09-26,"05/54, Varughese Ganj, Sangli-Miraj & Kupwad-829438",Telangana,India,2026-06-18
3007,Akshay,Gour,akshay.gour3007@yahoo.com,2603542585,1972-02-18,"264, Sundaram Road, Bhimavaram 709748",Assam,India,2026-02-12
3008,Nirja,Parsa,,2855279936,1999-08-14,"H.No. 031, Krishnamurthy Chowk, Bhopal 187786",Bihar,India,2024-09-10
3009,Andrew,Shah,andrew.shah3009@hotmail.com,8065973381,2007-08-24,"35/115, Divan Path, Hubli–Dharwad-779258",Assam,India,2025-02-23
3010,Edhitha,Kalita,edhitha.kalita3010@gmail.com,2665823814,1994-08-01,"H.No. 79, Varty Zila, Ozhukarai-378512",Madhya Pradesh,India,2025-10-17
3011,Jasmit,Kalla,jasmit.kalla3011@yahoo.com,4600561410,1976-07-05,,Tamil Nadu,India,2023-02-25
3012,Finn,Sant,,9712637727,1975-06-09,"50/70, Oza Circle, Sirsa 751610",Uttar Pradesh,India,2025-03-02
3013,Joshua,Sundaram,joshua.sundaram3013@hotmail.com,9885339619,2006-07-07,"28/36, Sahni Chowk, Kolhapur 795970",Bihar,India,2024-12-10
3014,Rishi,Dutt,rishi.dutt3014@gmail.com,1818439790,1994-05-20,"72/23, Ghose Road, Imphal 380072",Odisha,India,2026-01-21
3015,Logan,Kadakia,logan.kadakia3015@yahoo.com,7989146856,2000-10-12,"H.No. 421, Dua Chowk, Bally-148612",Bihar,India,2026-01-20
3016,  Wahab  ,Bakshi,wahab.bakshi3016@yahoo.com,6261771353,1987-05-30,"95/946, Ramakrishnan, Tezpur 405807",Gujarat,India,2025-01-14
3017,Pahal,Pant,pahal.pant3017@yahoo.com,1874074991,1979-11-11,"H.No. 599, Handa Chowk, Ramagundam-507019",Bihar,India,2023-06-18
3018,Kavya,Agate,kavya.agate3018@hotmail.com,0866109165,1976-09-16,"H.No. 04, Ganesan Road, Loni-120362",Telangana,India,2026-08-22
3019,Gautami,Kanda,gautami.kanda3019@gmail.com,5643694207,1986-11-15,"349, Deo Ganj, Gwalior 688072",Uttar Pradesh,India,2024-12-15
3020,Rachita,Amble,rachita.amble3020@gmail.com,3889501805,1991-09-08,"31/45, Mukhopadhyay Nagar, Tiruchirappalli 822825",Telangana,India,2024-01-25
3021,Unnati,Sem,unnati.sem3021@gmail.com,9807195605,1989-11-15,"H.No. 58, Kibe Zila, Nadiad-188009",Kerala,India,2026-03-24
3022,Tanvi,Dubey,tanvi.dubey3022@yahoo.com,9552122155,1995-08-07,"04/568, Sundaram Road, Anantapur 269142",Gujarat,India,2026-06-28
3023,Maanav,Shan,maanav.shan3023@gmail.com,6976755831,1998-03-28,"489, Grewal Ganj, Pali 511865",Uttar Pradesh,India,2026-02-15
3024,Gabriel,Sibal,gabriel.sibal3024@hotmail.com,0807946613,1993-12-26,"22, Gupta Zila, Ahmedabad-472095",Karnataka,India,2024-06-05
3025,Netra,Arora,netra.arora3025@hotmail.com,2133057151,1990-12-17,"25, Joshi Zila, Deoghar-399754",Gujarat,India,2025-06-10
3026,Michael,Handa,,7312573340,1987-03-16,"59, Saran Street, Bathinda 937300",Assam,India,2026-04-14
3027,Ronith,Bobal,ronith.bobal3027@yahoo.com,2201032831,1974-06-19,"H.No. 72, Pradhan, Tumkur-947130",Gujarat,India,2024-08-12
3028,Luke,Bahl,luke.bahl3028@yahoo.com,0283496061,2001-04-25,"306, Borde Circle, Imphal-811025",rajasthan,India,2026-06-15
3029,  Benjamin  ,Sandhu,benjamin.sandhu3029@hotmail.com,2260614245,1977-06-06,"H.No. 82, Bhatnagar Ganj, Siwan 287333",Punjab,India,2025-09-17
3030,Sanaya,Jani,sanaya.jani3030@yahoo.com,3474746402,1971-07-10,"12/124, Venkatesh Street, Thoothukudi 610601",Karnataka,India,2026-04-02
3031,Chandran,Khurana,chandran.khurana3031@gmail.com,7691235791,2004-09-06,"75, Andra, Mangalore-709867",Madhya Pradesh,India,2024-02-16
3032,Gaurangi,Chada,,1658557754,2001-03-26,"71/721, Reddy Path, Nellore-279549",Haryana,India,2026-03-16
3033,Dalbir,Memon,dalbir.memon3033@gmail.com,4871027049,2008-06-17,"H.No. 774, Mand Road, Bhilai 616075",Punjab,India,2024-07-16
3034,Jackson,Chaudhry,jackson.chaudhry3034@gmail.com,0128370256,1992-02-18,"20, Kanda Road, Meerut-541316",Uttar Pradesh,India,2025-02-12
3035,Ucchal,Dani,ucchal.dani3035@gmail.com,5012232713,1982-10-09,"61, Rattan Street, Aurangabad 569717",West Bengal,India,2025-01-21
3036,Ojasvi,Dayal,ojasvi.dayal3036@yahoo.com,,1997-03-09,"61/86, Khare Zila, Sultan Pur Majra 761379",Uttar Pradesh,India,2025-05-21
3037,Oeshi,Shetty,oeshi.shetty3037@yahoo.com,9597378626,1991-07-06,"96/39, Biswas Zila, Kavali 388834",Uttar Pradesh,India,2026-04-23
3038,Qabil,Pradhan,qabil.pradhan3038@hotmail.com,2638086927,1971-05-20,"774, Memon Street, Sambalpur 648078",Punjab,India,2025-04-21
3039,Dakshesh,Ramesh,dakshesh.ramesh3039@gmail.com,9305796438,1992-06-03,"62/246, Madan Road, Jorhat-223130",Assam,India,2024-01-11
3040,Aarav,Ahuja,aarav.ahuja3040@hotmail.com,1294869350,2003-01-19,"40/352, Barad Chowk, Gulbarga-361362",Rajasthan,India,2026-08-01
3041,Wahab,Thakkar,wahab.thakkar3041@yahoo.com,4812008954,1985-11-21,"289, Chanda Circle, Motihari-000919",Madhya Pradesh,India,2025-09-23
3042,Mahika,Nayak,mahika.nayak3042@yahoo.com,,2006-02-20,"385, Minhas Path, Bulandshahr-767506",Telangana,India,2026-07-06
3043,Ati,Krishnan,ati.krishnan3043@yahoo.com,9444274076,2005-09-06,"H.No. 619, Batra Street, Coimbatore 220387",Uttar Pradesh,India,2025-07-06
3044,Rachita,Seth,rachita.seth3044@gmail.com,2918461223,1996-09-20,"51/406, Keer Path, Kalyan-Dombivli-926673",West Bengal,India,07/01/2024
3045,Sneha,Walia,sneha.walia3045@hotmail.com,0437443197,1974-09-19,"801, Tak Circle, Sonipat-845311",West Bengal,India,2024-12-25
3046,Suhani,Basak,suhani.basak3046@yahoo.com,4813982981,1984-04-01,"H.No. 15, Kapur, Meerut 814969",Kerala,India,2023-09-17
3047,Anika,Patla,anika.patla3047@gmail.com,7159743334,1986-06-24,"51/486, Bala Road, Rourkela 830220",Haryana,India,2023-11-06
3048,Zarna,Sarma,zarna.sarma3048@gmail.com,4394358621,1998-09-11,"80/717, Bedi Circle, Dindigul 417323",Delhi,India,2026-04-25
3049,Nakul,Nath,nakul.nath3049@gmail.com,8617556517,1981-11-30,"061, Memon, Firozabad-205847",Bihar,India,2025-08-13
3050,Aadi,Zacharia,aadi.zacharia3050@yahoo.com,1244788430,1998-06-04,"H.No. 35, Gola Ganj, Tirupati-929579",Odisha,India,2023-03-29
3051,Lekha,Comar,lekha.comar3051@gmail.com,0034222562,1988-03-01,"H.No. 666, Agarwal Ganj, Solapur-211624",Assam,India,30-01-2025
3052,Arya,Garde,arya.garde3052@gmail.com,9617600040,1998-07-19,"66/662, Balay Marg, Ozhukarai-710355",Haryana,India,2026-03-17
3053,Ishita,Joshi,ishita.joshi3053@yahoo.com,9734174047,1991-12-31,"135, Warrior Circle, Bhopal-320804",Maharashtra,India,2023-05-22
3054,Osha,Varughese,osha.varughese3054@hotmail.com,0988656733,2007-08-21,"71/752, Sekhon Road, Kavali 895020",West Bengal,India,2026-09-09
3055,Ekiya,Goyal,ekiya.goyal3055@hotmail.com,6426245861,1971-01-02,"H.No. 40, Chokshi Nagar, Orai-143418",Punjab,India,2026-04-21
3056,Barkha,Parmar,barkha.parmar3056@gmail.com,6772243390,1996-07-11,"310, Ghosh Zila, Rajkot 833707",Uttar Pradesh,India,2025-12-12
3057,Daniel,Banerjee,daniel.banerjee3057@gmail.com,2242793166,1994-01-30,"14/78, Bhatt Road, Durgapur 588280",West Bengal,India,2025-09-18
3058,Rudra,Borah,rudra.borah3058@gmail.com,3870176931,1997-11-24,"19/29, Kala Ganj, Gulbarga-459355",Delhi,India,2026-06-11
3059,Qushi,Din,qushi.din3059@hotmail.com,2047633011,1971-05-03,"H.No. 98, Deep Road, Shimla 710127",Karnataka,India,2026-07-03
3060,Varsha,Walla,varsha.walla3060@yahoo.com,5167885051,1999-08-16,"H.No. 315, Banerjee Nagar, Nanded-297412",Gujarat,India,2025-09-29
3061,  Max  ,Grewal,max.grewal3061@gmail.com,4232230970,1988-12-31,"342, Seth Ganj, Rajahmundry-223982",Gujarat,India,2026-05-08
3062,  Andrew  ,Raju,andrew.raju3062@yahoo.com,9439724227,1989-01-25,"90/752, Sarraf Street, Tiruvottiyur-143653",Assam,India,2026-01-16
3063,Rushil,Lala,rushil.lala3063@yahoo.com,0328840446,1996-05-04,"79, Bhatia Street, Secunderabad 121075",Madhya Pradesh,India,2026-06-19
3064,Devansh,Zachariah,devansh.zachariah3064@gmail.com,6170136353,1988-11-30,"22/978, Bajaj Street, Satna-594827",Bihar,India,2025-12-17
3065,Lajita,Date,lajita.date3065@gmail.com,,1973-07-05,"457, Chaudry Nagar, Bhalswa Jahangir Pur 343374",Kerala,India,2024-08-30
3066,Arya,Nagar,arya.nagar3066@yahoo.com,0952761380,2004-05-06,"43, Dube Circle, Thoothukudi-854555",Bihar,India,2024-06-08
3067,Dayita,Chopra,dayita.chopra3067@yahoo.com,9048060679,1971-05-22,"182, Narayan Nagar, Dewas-840894",Telangana,India,2026-09-13
3068,Aarna,Hora,aarna.hora3068@yahoo.com,4797978268,2000-11-09,"H.No. 409, Sathe Zila, Gopalpur 270393",Karnataka,India,2025-04-27
3069,Amaira,Kibe,amaira.kibe3069@yahoo.com,3622967750,1993-02-05,"55/490, Choudhary Road, Karimnagar-239139",Maharashtra,India,2024-02-18
3070,Saanvi,Mohanty,saanvi.mohanty3070@gmail.com,1467170164,1985-06-25,"901, Johal Ganj, Ambattur-946459",Delhi,India,2026-02-01
3071,  Januja  ,Behl,januja.behl3071@gmail.com,0177675200,1981-07-27,"H.No. 529, Dyal, Jalna 084108",Maharashtra,India,2025-02-18
3072,Urmi,Dubey,,3054658787,1984-12-15,"32/98, Gupta Marg, Berhampore 112982",Haryana,India,2023-07-16
3073,Zilmil,Keer,zilmil.keer3073@hotmail.com,4169937697,1995-02-19,"56/75, Lata Circle, Amravati-436271",Assam,India,2026-03-30
3074,Jai,Swaminathan,jai.swaminathan3074@gmail.com,2830486782,2002-08-02,"83/814, Rattan, Mathura-021646",Tamil Nadu,India,2024-04-21
3075,Shravya,Chaudhuri,shravya.chaudhuri3075@hotmail.com,4298624829,2000-06-25,"271, Nagar Zila, Dhule 781481",Gujarat,India,2026-03-21
3076,Darsh,Gole,darsh.gole3076@gmail.com,4058279914,2002-12-06,"H.No. 63, Babu Circle, Ludhiana-455252",Odisha,India,2026-04-01
3077,Arunima,Ramakrishnan,arunima.ramakrishnan3077@gmail.com,7926888334,1986-04-07,"095, Solanki Marg, Pondicherry-376478",Tamil Nadu,India,2023-01-20
3078,Ishaan,Kari,ishaan.kari3078@gmail.com,0746286911,1992-10-07,"H.No. 87, Rajagopalan Chowk, Jammu-619864",Tamil Nadu,India,2026-06-09
3079,Kashish,Kothari,kashish.kothari3079@yahoo.com,7041510612,1995-04-14,"H.No. 79, Kapoor, Amravati-148851",Gujarat,India,2024-04-02
3080,Vrinda,Nair,vrinda.nair3080@yahoo.com,5607377118,1980-12-22,"H.No. 12, Keer Path, Durgapur-619417",West Bengal,India,2026-09-12
3081,Vincent,Soni,vincent.soni3081@hotmail.com,4421402092,2005-08-13,"63/55, Tailor Chowk, Bhilwara-729541",Madhya Pradesh,India,2026-06-22
3082,Noah,Naik,noah.naik3082@hotmail.com,1116973665,1997-11-16,"H.No. 38, Narayanan Marg, Vellore 186053",Karnataka,India,2026-03-01
3083,Chakradev,Agarwal,chakradev.agarwal3083@yahoo.com,8136956565,1994-02-23,"H.No. 802, Kumer Path, Bhind-167698",Assam,India,2024-07-06
3084,Jeet,Mukherjee,jeet.mukherjee3084@hotmail.com,46062-51048,1988-04-03,"45/469, Rau Marg, Khandwa 897301",Delhi,India,2024-07-25
3085,Devansh,Patla,,6269795536,1977-09-23,"H.No. 976, Thaman Path, Indore-251133",Tamil Nadu,India,2026-09-03
3086,Xalak,Soni,xalak.soni3086@gmail.com,0941684061,1994-03-21,"H.No. 61, Barman, Asansol-600651",Kerala,India,2026-02-16
3087,Yamini,Apte,yamini.apte3087@hotmail.com,1413759261,1974-11-02,"H.No. 798, Bakshi Street, Nellore 150679",Rajasthan,India,2026-07-21
3088,Anita,Gara,anita.gara3088@gmail.com,,1977-03-06,"53/487, Jaggi Zila, Vadodara-975713",Rajasthan,India,2024-03-10
3089,Kavya,Pal,,5765007449,1997-12-19,"47/190, Shere Path, Jamshedpur-932154",Bihar,India,2024-11-16
3090,Benjamin,Sridhar,benjamin.sridhar3090@yahoo.com,8261998905,2003-08-30,"87/10, Oak Marg, Gaya 146589",Tamil Nadu,India,2024-09-08
3091,Maya,Ramaswamy,maya.ramaswamy3091@gmail.com,7771813061,1997-06-18,"H.No. 23, Sarin Zila, Kalyan-Dombivli-587499",Punjab,India,2024-09-04
3092,Ishani,Kibe,ishani.kibe3092@gmail.com,0290366840,1995-04-21,"31, Subramaniam Circle, Siwan-113278",Delhi,India,2025-05-28
3093,Indira,Grewal,indira.grewal3093@gmail.com,6261262408,2002-09-03,"62/498, Dey Chowk, Giridih 806953",Karnataka,India,2025-01-22
3094,Champak,Kalita,champak.kalita3094@gmail.com,5413938503,1971-02-16,"H.No. 49, Pathak Zila, Pondicherry 404445",Gujarat,India,2024-10-27
3095,Vyanjana,Rana,vyanjana.rana3095@gmail.com,6773306655,1994-12-04,"H.No. 371, Mittal Marg, Shahjahanpur-487357",Delhi,India,2025-01-25
3096,Balhaar,Shetty,balhaar.shetty3096@gmail.com,6917418786,1971-09-04,"H.No. 460, Bawa Zila, Raiganj-753143",Delhi,India,2026-07-17
3097,Farhan,Singh,farhan.singh3097@gmail.com,0658385277,2007-08-02,"55/12, Lata Street, Narasaraopet-887093",Gujarat,India,2026-08-11
3098,Sneha,Menon,sneha.menon3098@hotmail.com,8469093636,1981-05-20,"04/278, Sawhney Chowk, Rajkot 781613",Rajasthan,India,2025-12-15
3099,Lekha,Thakkar,lekha.thakkar3099@hotmail.com,3990178556,2006-02-01,"H.No. 712, Thakur Nagar, Berhampur-241254",Kerala,India,2023-04-06
3100,Aayush,Chandran,aayush.chandran3100@hotmail.com,3485368190,1992-03-18,"49, Seth Marg, Tezpur-712509",Maharashtra,India,2023-04-15
3101,Urmi,Bhasin,urmi.bhasin3101@gmail.com,1165377546,1979-12-11,"H.No. 632, Jhaveri Circle, Pallavaram 572985",Tamil Nadu,India,2023-07-15
3102,Amol,Shetty,amol.shetty3102@hotmail.com,4991891621,2004-05-11,"141, Mani Nagar, Hosur-156122",Kerala,India,2026-01-03
3103,Pavani,Sanghvi,pavani.sanghvi3103@hotmail.com,1555650467,1970-12-09,"05, Deol Chowk, Burhanpur 748309",Haryana,India,2026-07-19
3104,Advay,Srivastava,advay.srivastava3104@yahoo.com,1462351182,1975-07-11,"19/52, Sharma Chowk, Aurangabad 151767",West Bengal,India,2026-07-25
3105,Manthan,Khanna,manthan.khanna3105@yahoo.com,1353275923,1989-09-24,"809, Sheth Chowk, Rajkot 538852",Bihar,India,2025-11-15
3106,Lajita,Raghavan,lajita.raghavan3106@yahoo.com,0986367943,1990-03-30,"H.No. 22, Borde Ganj, Jalna 817225",Punjab,India,2025-12-30
3107,Ranveer,Swaminathan,ranveer.swaminathan3107@gmail.com,8196236495,1990-04-20,"84, Butala Nagar, Kharagpur-220633",TELANGANA,India,2024-11-30
3108,Ayush,Rau,ayush.rau3108@yahoo.com,2759454253,1985-12-26,"081, Munshi Marg, Motihari 230744",Bihar,India,01/06/2025
3109,Yachana,Iyengar,yachana.iyengar3109@gmail.com,1220638707,1983-09-17,"16/97, Nath Chowk, Dindigul-464157",Assam,India,2024-04-07
3110,Agastya,Tella,agastya.tella3110@yahoo.com,,1980-04-21,"74/87, Ramakrishnan Zila, Bihar Sharif 690200",Madhya Pradesh,India,2024-01-06
3111,Sarthak,Konda,sarthak.konda3111@gmail.com,4007965891,2000-10-23,"19/017, Kanda Road, Surendranagar Dudhrej-857084",Uttar Pradesh,India,2023-08-18
3112,Raksha,Sehgal,raksha.sehgal3112@yahoo.com,0425276959,1988-12-21,"44, Bhagat Ganj, Malegaon 814018",Assam,India,2023-02-28
3113,Neelima,Mittal,neelima.mittal3113@gmail.com,3596053962,1981-05-05,"H.No. 82, Mann, Gorakhpur-634267",Telangana,India,2023-10-02
3114,Tanay,Sood,tanay.sood3114@gmail.com,0828663189,1976-05-02,"H.No. 40, Mistry Zila, Kota 250300",Punjab,India,2026-07-23
3115,Alka,Ramachandran,alka.ramachandran3115@yahoo.com,7313580994,1998-04-19,,Tamil Nadu,India,2024-10-18
3116,Radhika,Iyer,radhika.iyer3116@yahoo.com,1401908485,2000-05-13,"89/557, Sibal Zila, Patiala 553232",Assam,India,2024-04-13
3117,Veer,Hayer,veer.hayer3117@yahoo.com,8025022665,1987-07-28,"13/12, Kumer Street, Kanpur-968564",Assam,India,2024-09-22
3118,Frederick,Guha,frederick.guha3118@gmail.com,0710842565,1994-08-14,"H.No. 90, Bhatnagar Marg, Ballia 214264",Madhya Pradesh,India,2025-02-27
3119,Triya,Sahota,triya.sahota3119@yahoo.com,7314108878,1990-05-31,"H.No. 24, Mani Ganj, Asansol 368017",Uttar Pradesh,India,2024-12-21
3120,Christopher,Jha,christopher.jha3120@hotmail.com,9700408532,2004-12-26,"H.No. 469, Malhotra Path, Ahmedabad-682314",West Bengal,India,2025-07-09
3121,Sanaya,Saran,sanaya.saran3121@gmail.com,0225144648,2000-02-11,"71/79, Gera Ganj, Anand-427157",Rajasthan,India,2025-01-22
3122,Indrajit,Raghavan,indrajit.raghavan3122@hotmail.com,9436651122,2002-10-21,"87/40, Devi Marg, Karnal-738185",Maharashtra,India,2026-06-12
3123,Gaurika,Mukherjee,gaurika.mukherjee3123@yahoo.com,1752614220,1983-06-28,"072, Barad Street, Surat-342026",Telangana,India,2026-06-24
3124,Baghyawati,Radhakrishnan,baghyawati.radhakrishnan3124@gmail.com,0851941210,2000-12-23,"31/61, Khosla Path, Kadapa 022377",Delhi,India,2026-06-29
3125,  Dalaja  ,Lata,dalaja.lata3125@gmail.com,2092371703,1993-08-27,"H.No. 999, Dara Ganj, Bardhaman 760150",Karnataka,India,2024-03-19
3126,  Damini  ,Kanda,damini.kanda3126@hotmail.com,2869141327,1971-07-27,"83/03, Johal Street, Bhilai 938788",Odisha,India,2024-11-17
3127,Pratyush,Patil,pratyush.patil3127@yahoo.com,6359729312,2005-05-18,"56/988, Mane Marg, Srinagar-949746",UTTAR PRADESH,India,2023/08/14
3128,Nitesh,Krish,nitesh.krish3128@yahoo.com,0179434337,2003-12-19,"29/312, Thaker Street, Proddatur 512042",West Bengal,India,2025-05-28
3129,Yagnesh,Mittal,yagnesh.mittal3129@yahoo.com,1216909079,1984-09-28,"82/870, Srivastava Nagar, Malegaon 996214",Karnataka,India,2025-06-12
3130,Lekha,Buch,lekha.buch3130@hotmail.com,2519486756,1993-07-06,,Gujarat,India,2025-10-01
3131,Krish,Gaba,,5506752018,2000-05-19,"H.No. 46, Kunda Path, Medininagar-906522",West Bengal,India,2026-06-14
3132,Dakshesh,Mitter,dakshesh.mitter3132@gmail.com,4121455664,1988-09-01,"H.No. 080, Badami Path, Bhilwara-895428",Maharashtra,India,2026-04-30
3133,Tanay,Chanda,tanay.chanda3133@yahoo.com,2242849738,1983-06-17,"H.No. 107, Mukhopadhyay, Bangalore 499157",Tamil Nadu,India,2025-07-18
3134,Ishita,Ravi,ishita.ravi3134@gmail.com,7217894026,1994-01-28,"885, Tripathi Ganj, North Dumdum 343265",Karnataka,India,2026-01-19
3135,Yamini,Grover,yamini.grover3135@yahoo.com,8815088500,1995-04-23,"65, Dewan Circle, Jaunpur 735867",Madhya Pradesh,India,2023-09-01
3136,Zansi,Banik,zansi.banik3136@hotmail.com,8869150309,1982-01-16,"37/90, Bahri Nagar, Unnao 637935",Uttar Pradesh,India,2024-11-11
3137,Bhavani,Krishna,bhavani.krishna3137@hotmail.com,4372598494,1996-10-31,"50/27, Lala Road, Haridwar-678370",Odisha,India,2025-11-10
3138,Rudra,Rajan,rudra.rajan3138@hotmail.com,6712237392,1979-05-01,"H.No. 05, Bhalla Chowk, Bhusawal 079029",Haryana,India,2025-03-20
3139,Triveni,Chada,triveni.chada3139@gmail.com,6049018926,1990-07-29,"H.No. 68, More Ganj, Alwar-113513",Gujarat,India,2024-05-26
3140,Manan,Tailor,,6816202688,1993-02-13,"H.No. 406, Gara, Shimla 123517",Gujarat,India,2026-07-18
3141,Forum,Swamy,forum.swamy3141@gmail.com,4937631310,1979-05-26,"H.No. 99, Tak Zila, Sri Ganganagar-941777",Punjab,India,2024-01-11
3142,Liam,Kata,liam.kata3142@gmail.com,5864702601,1984-09-27,"H.No. 36, Mani, Karaikudi 546354",Uttar Pradesh,India,2023-08-24
3143,Eshana,Konda,eshana.konda3143@gmail.com,3863772539,2000-06-16,"68/51, Rau Street, Kamarhati 869438",Haryana,India,2026-03-06
3144,Vidhi,Krishnamurthy,vidhi.krishnamurthy3144@gmail.com,5528400353,2008-05-07,"88, Kadakia Ganj, Tiruchirappalli 607738",Bihar,India,2024-07-26
3145,Suhani,Handa,suhani.handa3145@yahoo.com,8671971320,1986-12-19,"72, Srinivasan Street, Mehsana-323290",Madhya Pradesh,India,2025-08-20
3146,Rachana,Wadhwa,rachana.wadhwa3146@gmail.com,9557744769,1988-03-23,"92, Bakshi Zila, Allahabad 450049",Madhya Pradesh,India,2025-06-22
3147,Vedika,Behl,vedika.behl3147@hotmail.com,6162227002,1985-12-27,"432, Nori, Pali-600155",Rajasthan,India,2023-09-29
3148,Rajata,Amble,rajata.amble3148@yahoo.com,8986583098,1975-03-06,"50, Ramakrishnan Chowk, Katni 385751",Haryana,India,2026-04-10
3149,Gaurav,Mane,gaurav.mane3149@yahoo.com,2414910905,2005-07-02,"H.No. 444, Comar Zila, Bhusawal 508370",Punjab,India,2026-07-29
3150,Mahika,Murthy,mahika.murthy3150@hotmail.com,8923379206,1972-07-23,"69/72, Balay, Gandhinagar-384282",Odisha,India,2024-03-13
3151,Pooja,Kata,pooja.kata3151@hotmail.com,6388887052,1980-02-29,,Rajasthan,India,2024-11-15
3152,Mitesh,Verma,mitesh.verma3152@yahoo.com,3876575824,1996-06-05,"H.No. 85, Kadakia Circle, Pali 055378",Madhya Pradesh,India,2024-10-09
3153,Harsh,Narain,harsh.narain3153@hotmail.com,0716278547,1976-10-13,"89, Varty Path, Jamnagar 249672",Odisha,India,2026-08-10
3154,Leela,Chakraborty,leela.chakraborty3154@hotmail.com,2380508335,1984-12-27,"38/683, Dara Path, Tadipatri 359375",Gujarat,India,2023-04-16
3155,Yochana,Palan,yochana.palan3155@yahoo.com,3193556429,1985-12-17,"81, Brar Ganj, Latur-204249",West Bengal,India,2024-12-14
3156,Umang,Sha,umang.sha3156@yahoo.com,8490006032,1999-06-25,"45/662, Goyal Path, Secunderabad-646530",rajasthan,India,2025-10-22
3157,Ranbir,Yohannan,ranbir.yohannan3157@yahoo.com,0477515256,1973-12-22,"H.No. 30, Chakraborty Street, Ongole 804767",West Bengal,India,2024-06-11
3158,Urvashi,Korpal,urvashi.korpal3158@hotmail.com,1838440390,2002-08-28,"255, Bhakta, Jabalpur 223530",Delhi,India,2026-09-07
3159,Nirja,Srivastava,nirja.srivastava3159@hotmail.com,2891661268,1979-03-21,"32/83, Narayan Street, Sirsa-445693",Maharashtra,India,2025-02-03
3160,Upkaar,Prakash,upkaar.prakash3160@yahoo.com,0326788796,1984-10-19,"H.No. 444, Contractor Road, Aizawl-890637",Karnataka,India,2026-01-28
3161,Meghana,Boase,meghana.boase3161@hotmail.com,4890659379,2002-11-03,"H.No. 571, Mitter Marg, Phusro-856867",West Bengal,India,2024-07-01
3162,Barkha,Sen,barkha.sen3162@yahoo.com,2187540657,1982-01-28,"52/77, Keer Zila, Etawah 618015",Haryana,India,2026-06-07
3163,Jeet,Kadakia,jeet.kadakia3163@gmail.com,1231503377,1995-12-05,"38, Sachdeva, Bangalore 320663",Odisha,India,2025-06-11
3164,Vaishnavi,Shukla,vaishnavi.shukla3164@gmail.com,2804424166,1973-08-01,"457, Rao Path, Sagar 277893",Punjab,India,2025-12-27
3165,Zayan,Karnik,zayan.karnik3165@gmail.com,3624890001,1980-07-10,"61/473, Gopal Ganj, Ghaziabad-339953",west bengal,India,2023-10-15
3166,Abhimanyu,Keer,abhimanyu.keer3166@hotmail.com,5550145307,1981-05-17,"00/77, Srinivasan Ganj, Khammam-504462",Bihar,India,2024-03-01
3167,Advik,Hans,advik.hans3167@yahoo.com,7538029991,1977-04-09,"H.No. 326, Amble Road, Aligarh 628927",Telangana,India,2024-10-09
3168,Wyatt,Bhatia,wyatt.bhatia3168@hotmail.com,5550786130,1992-06-15,"01/769, Bali Street, Madhyamgram 780908",West Bengal,India,2025-05-08
3169,Lucky,Om,lucky.om3169@hotmail.com,6308964696,2001-04-29,"499, Dhillon, Secunderabad 959528",West Bengal,India,2026-02-19
3170,Nachiket,Chand,nachiket.chand3170@yahoo.com,2234028795,2002-05-06,"H.No. 99, Kannan Path, Gopalpur-689676",Gujarat,India,2026-08-31
3171,Elijah,Kalita,elijah.kalita3171@yahoo.com,7369654035,1997-02-14,"12/93, Manne Nagar, Chandigarh 301215",Gujarat,India,05 Jul 2026
3172,Chaitanya,Banik,chaitanya.banik3172@gmail.com,9225664187,1984-07-16,"40, Venkataraman Marg, Bongaigaon 698434",Haryana,India,2025-01-11
3173,Janaki,Sule,janaki.sule3173@hotmail.com,8232471146,1994-12-21,"07/94, Hegde Circle, Uluberia-810666",Karnataka,India,2026-02-13
3174,Henry,Raghavan,henry.raghavan3174@yahoo.com,3209635879,1973-12-25,"03, Bala, Dehradun 525741",Madhya Pradesh,India,2024-11-15
3175,Matthew,Bumb,matthew.bumb3175@yahoo.com,4619198787,1993-12-16,"H.No. 62, Ghose Ganj, Gorakhpur-027031",Rajasthan,India,2026-02-26
3176,Dalaja,Mital,dalaja.mital3176@hotmail.com,5101109005,1996-12-16,"29, Varty Street, Durgapur-983746",Karnataka,India,2026-06-14
3177,Omkaar,Bajwa,omkaar.bajwa3177@yahoo.com,7319717576,1973-08-26,"56, Kannan Marg, Tenali-733547",Bihar,India,2024-09-10
3178,Arya,Balasubramanian,arya.balasubramanian3178@gmail.com,5991085688,1976-01-30,"513, Gade Path, Jaunpur 679889",Rajasthan,India,2026-07-06
3179,Nikita,Trivedi,nikita.trivedi3179@yahoo.com,7584662344,2004-07-22,"76/18, Amble Chowk, Morena-810913",Maharashtra,India,2025-09-24
3180,Rushil,Mitter,rushil.mitter3180@gmail.com,6431218851,1982-03-21,"000, Agarwal, Siwan-972809",Uttar Pradesh,India,2025-03-27
3181,Jyoti,Seth,jyoti.seth3181@hotmail.com,0103530484,2008-04-24,"71/64, Andra Chowk, Anantapuram-235029",Bihar,India,2026-05-15
3182,Umang,Bhatia,umang.bhatia3182@gmail.com,9291496733,1975-04-08,"62/15, Madan, Pondicherry 919563",Odisha,India,2024-05-19
3183,Sai,Thakkar,,5160486912,1992-06-25,"21/13, Das Path, Vasai-Virar 657059",West Bengal,India,2025-06-20
3184,Bimala,Garde,bimala.garde3184@hotmail.com,9847835016,2004-11-12,"61/590, Gole Chowk, Bhusawal-162562",Maharashtra,India,2026-01-06
3185,Rachita,Parekh,rachita.parekh3185@yahoo.com,6574580282,1985-01-23,"H.No. 923, Batta Chowk, Bidar 919157",Madhya Pradesh,India,2024-04-12
3186,Harini,Dutt,harini.dutt3186@hotmail.com,3652439435,1977-02-21,"58, Bose Marg, Guna 358149",Madhya Pradesh,India,2024-12-21
3187,Yamini,Wagle,yamini.wagle3187@hotmail.com,4367580066,2002-11-19,"21/020, Modi Chowk, Cuttack-056901",Bihar,India,09/19/2024
3188,Henry,Rastogi,henry.rastogi3188@yahoo.com,4411251738,2000-04-14,"22/783, Dara Zila, Ramgarh 235939",Haryana,India,25 Jun 2025
3189,Onkar,Bhakta,onkar.bhakta3189@hotmail.com,3240072121,1977-03-13,"27/020, Mistry, Tiruvottiyur 463990",Telangana,India,2026-04-09
3190,Bishakha,Khurana,bishakha.khurana3190@hotmail.com,1682077852,1999-09-22,"13, Dara Road, Berhampore-339745",Karnataka,India,2023-08-19
3191,Jacob,Mann,jacob.mann3191@yahoo.com,1159749786,1971-12-05,"614, Nazareth Path, Ghaziabad 540834",Tamil Nadu,India,2026-06-13
3192,Faqid,Divan,faqid.divan3192@hotmail.com,9587095263,2004-09-27,"585, Saha Ganj, Mau 299835",Tamil Nadu,India,2023-03-07
3193,Aarnav,Wable,aarnav.wable3193@hotmail.com,4765286838,1983-03-27,"61/143, Kant Road, Patiala 068974",West Bengal,India,2024-03-31
3194,Zayyan,Samra,zayyan.samra3194@hotmail.com,1749095529,1981-12-02,"65/32, Sarma Zila, Giridih 177864",Karnataka,India,2025-05-02
3195,Meera,Mukherjee,meera.mukherjee3195@hotmail.com,5889492147,1993-08-17,"40/992, Majumdar Marg, Sikar-258552",Kerala,India,2023-01-07
3196,Nisha,Dalal,nisha.dalal3196@gmail.com,4017955989,1984-01-20,"H.No. 241, Panchal Nagar, Guna-596330",Odisha,India,2026-02-06
3197,Victor,Sastry,victor.sastry3197@yahoo.com,7271477809,1972-07-10,"H.No. 81, Varty Street, Faridabad 793200",Tamil Nadu,India,2025-06-19
3198,Avni,Dugal,avni.dugal3198@yahoo.com,6326184760,2003-01-22,"21/835, Zacharia Ganj, Raipur-731063",Rajasthan,India,2025-01-29
3199,Girindra,Narayanan,girindra.narayanan3199@gmail.com,4963770270,1992-01-16,"58/099, Garde Circle, Ujjain 656804",Karnataka,India,2026-02-11
3200,Ishita,Arora,ishita.arora3200@gmail.com,3671765347,2004-11-17,"14/180, Shere Road, Kottayam 031011",Delhi,India,2023-12-18
3201,Oliver,Sheth,oliver.sheth3201@yahoo.com,0540985670,2000-05-15,"H.No. 64, Shukla Chowk, Aligarh 743866",Rajasthan,India,2026-07-18
3202,Ishita,Bawa,ishita.bawa3202@gmail.com,5181853812,2006-05-13,"H.No. 410, Pai Nagar, Bettiah-941997",Assam,India,2025-04-12
3203,  Wahab  ,Ben,wahab.ben3203@hotmail.com,8272155039,1986-02-13,"82, Zachariah Zila, Rohtak 649220",Delhi,India,2025-04-06
3204,Kashvi,Pingle,kashvi.pingle3204@yahoo.com,0229494513,1987-11-10,"07, Tandon Zila, Surat 156013",Gujarat,India,2025-09-17
3205,Aadhya,Sodhi,aadhya.sodhi3205@yahoo.com,09845762105,1998-12-04,"69/613, Sathe Circle, Baranagar 571102",Rajasthan,India,2026-05-15
3206,Veer,Muni,veer.muni3206@yahoo.com,0472902388,1999-03-03,"998, Swaminathan Zila, Kulti-210814",Rajasthan,India,2025-12-26
3207,Chaitanya,Kala,chaitanya.kala3207@gmail.com,9482721484,2006-06-18,"71, Dugar Road, Barasat-330727",Uttar Pradesh,India,13 Jun 2024
3208,Dominic,Desai,dominic.desai3208@hotmail.com,6966146956,1995-07-27,"05/339, Anand Street, Muzaffarnagar-098989",Punjab,India,2024-11-21
3209,Nidhi,Comar,nidhi.comar3209@yahoo.com,4434288118,1978-07-09,"H.No. 072, Yadav Street, Bhiwandi-648878",Rajasthan,India,2025-09-17
3210,Viraj,Kara,viraj.kara3210@hotmail.com,3202535396,1996-07-07,"65/60, Majumdar Chowk, Gurgaon-134698",MAHARASHTRA,India,2025-06-26
3211,Geetika,Pillai,geetika.pillai3211@gmail.com,17500-95614,1981-02-15,"43/49, Wali Ganj, Vijayawada 443915",Gujarat,India,2025-12-16
3212,Simon,Rege,simon.rege3212@yahoo.com,3594645752,1995-11-07,"79/60, Apte Street, Bhiwandi-583019",Delhi,India,2023-02-02
3213,Nitara,Minhas,nitara.minhas3213@yahoo.com,1212833109,2003-03-26,"H.No. 249, Gokhale Nagar, Nagaon-009132",Odisha,India,2025-08-09
3214,Rayaan,Borah,rayaan.borah3214@gmail.com,9047270031,1984-11-13,"H.No. 05, Balasubramanian Ganj, Rampur-585550",Haryana,India,2023-12-12
3215,Praneel,Mandal,praneel.mandal3215@gmail.com,0411037408,1999-08-20,"H.No. 266, Srinivasan Road, Avadi 761092",karnataka,India,2025-11-07
3216,Arunima,Mangal,arunima.mangal3216@yahoo.com,8791488134,1984-07-08,"12/68, Suri Road, Munger 110079",Assam,India,2025-06-13
3217,Faraj,Gokhale,faraj.gokhale3217@hotmail.com,8043996927,1992-01-12,"175, Kar Street, Kollam-260248",Kerala,India,2024-06-02
3218,Lakshmi,Ray,lakshmi.ray3218@gmail.com,7346232168,1987-01-28,"328, Bali Road, Madanapalle-235033",Gujarat,India,2025-04-08
3219,Eshana,Reddy,eshana.reddy3219@yahoo.com,8162309270,1977-11-12,"08/729, Kurian Street, Adoni 639677",Odisha,India,2023-06-30
3220,Peter,Kapoor,peter.kapoor3220@hotmail.com,5112683317,1979-03-20,"H.No. 991, Ray Nagar, Rajkot 458099",Odisha,India,2024-07-25
3221,Frado,Sampath,frado.sampath3221@yahoo.com,7305593194,1988-08-02,"12/99, Shroff Path, Jamalpur-016780",Madhya Pradesh,India,2025-03-14
3222,Ria,Jayaraman,ria.jayaraman3222@hotmail.com,6238127784,2007-02-12,"74/856, Kannan Zila, Yamunanagar-628734",Kerala,India,13 Jan 2025
3223,Unnati,Ramanathan,unnati.ramanathan3223@gmail.com,,2005-03-01,"02/532, Mann Road, Etawah-470926",Haryana,India,2024-11-19
3224,Christopher,Purohit,christopher.purohit3224@yahoo.com,3796135782,2006-01-18,"41/11, Wadhwa Marg, Yamunanagar-949516",West Bengal,India,2023-12-05
3225,Charan,Mistry,charan.mistry3225@gmail.com,0922772866,1990-01-30,"H.No. 470, Das Ganj, Aligarh-444335",Maharashtra,India,2025-04-05
3226,Chanchal,Grewal,chanchal.grewal3226@yahoo.com,7084504373,1991-08-01,"81/10, Singh Road, Siwan 318246",Rajasthan,India,2024-03-17
3227,Urmi,Bhasin,urmi.bhasin3227@gmail.com,8813543218,2000-11-11,"H.No. 07, Narasimhan, Unnao 769120",Telangana,India,2023-07-20
3228,Forum,Trivedi,forum.trivedi3228@gmail.com,2298269619,1974-09-05,"72/81, Sankar Ganj, Siliguri 679279",Assam,India,2024-09-06
3229,Geetika,Kurian,geetika.kurian3229@gmail.com,3179462383,1972-06-01,"H.No. 731, Magar Road, Ajmer 474639",Delhi,India,2025-03-23
3230,Aahana,Raval,aahana.raval3230@hotmail.com,3216038080,1983-03-26,"H.No. 332, Lata Chowk, Mahbubnagar 501482",Kerala,India,2024-02-24
3231,Gavin,Tella,gavin.tella3231@hotmail.com,9790143735,2007-08-19,"263, Bava Ganj, Solapur 988092",Assam,India,2026-05-29
3232,Kai,Bansal,kai.bansal3232@gmail.com,5085691875,1991-08-21,"H.No. 322, Saran Zila, Katihar-816217",Punjab,India,02-08-2026
3233,Anay,Aggarwal,anay.aggarwal3233@gmail.com,1346253844,1979-10-31,"04/102, Venkataraman Marg, Rajahmundry 076950",Bihar,India,2025-06-23
3234,Udyati,Garg,udyati.garg3234@hotmail.com,3951788014,1971-05-19,"81/98, Ranganathan Street, Cuttack-826244",Punjab,India,2025-11-03
3235,Manya,Halder,manya.halder3235@hotmail.com,7156510018,1995-10-03,"21/524, Kara Nagar, Raurkela Industrial Township-756171",West Bengal,India,2024-07-10
3236,Tripti,Purohit,tripti.purohit3236@yahoo.com,+91-7704125624,1995-09-28,"H.No. 72, Sachar Path, Pallavaram 082512",Odisha,India,2024-08-30
3237,Dev,Ramanathan,dev.ramanathan3237@gmail.com,3365384777,1978-02-13,"H.No. 25, Yogi Street, Khandwa-647532",Kerala,India,2024-05-06
3238,Ishani,Sharma,ishani.sharma3238@gmail.com,4079365289,1983-11-10,"H.No. 592, Randhawa Nagar, Shahjahanpur 067910",Assam,India,2025-06-10
3239,Eshana,Murty,eshana.murty3239@yahoo.com,3216282308,1981-02-26,"88/71, Garg Road, Srikakulam 364666",Kerala,India,2026-06-24
3240,Jyoti,Krishna,jyoti.krishna3240@yahoo.com,2843578847,1972-11-29,"70/54, Kannan Zila, Etawah 045335",Uttar Pradesh,India,2025-03-07
3241,Rajata,Salvi,,7262562658,2008-02-22,"08, Agrawal Zila, Mango-045988",Uttar Pradesh,India,2026-05-02
3242,Anvi,Buch,anvi.buch3242@hotmail.com,1764432907,1992-11-23,"48/987, Luthra Chowk, Bardhaman-067814",Kerala,India,2025-08-29
3243,Radhika,Loke,radhika.loke3243@hotmail.com,5992485910,1981-11-07,"366, Chawla Chowk, Suryapet-079108",West Bengal,India,2025-02-18
3244,Yasti,Deshmukh,yasti.deshmukh3244@yahoo.com,7946522566,2007-05-07,"H.No. 530, Chada Path, Belgaum-087254",Odisha,India,2025-02-11
3245,Mekhala,Dugal,,0886158925,2006-04-27,"959, Nadkarni Chowk, Thrissur-796593",Madhya Pradesh,India,2025-05-17
3246,Gabriel,Sharma,gabriel.sharma3246@gmail.com,7574093602,1973-10-14,"70/25, Dhar Marg, Nadiad 063863",Haryana,India,2026-05-22
3247,Kashish,Subramanian,kashish.subramanian3247@yahoo.com,0767031005,1986-10-24,"76/138, Sha Marg, Ballia-835865",Uttar Pradesh,India,2026-01-31
3248,Dominic,De,dominic.de3248@hotmail.com,8550563530,1984-05-28,"41/10, Iyer Chowk, Siliguri-641171",Assam,India,2025-06-17
3249,Rayaan,Raman,,8582592982,2002-11-18,"18, Kala Street, Dehradun-194600",Assam,India,2025-05-20
3250,Ganga,Chopra,ganga.chopra3250@hotmail.com,5775041190,2002-09-28,"692, Hora Street, Alappuzha-293631",Rajasthan,India,2026-04-13
3251,Varsha,Varghese,varsha.varghese3251@yahoo.com,8888239005,1998-06-17,"H.No. 256, Sharaf Ganj, Karawal Nagar-266184",Delhi,India,2026-03-03
3252,Wishi,Batta,wishi.batta3252@hotmail.com,3711617413,1998-03-08,"78/03, Mandal Street, Amaravati 162834",Punjab,India,2026-04-10
3253,Warhi,Nigam,warhi.nigam3253@yahoo.com,0291467260,2006-12-01,"07, Gole Street, Anand 089520",Maharashtra,India,2024-07-11
3254,Yauvani,Cherian,yauvani.cherian3254@hotmail.com,4900187109,1994-07-02,"H.No. 818, Viswanathan Street, Chandigarh-319398",Maharashtra,India,2024-04-14
3255,Ethan,Atwal,ethan.atwal3255@hotmail.com,5741231577,1994-06-17,"H.No. 928, Dewan Chowk, Shahjahanpur-031630",Karnataka,India,2023-11-26
3256,Bhanumati,Bhagat,bhanumati.bhagat3256@hotmail.com,3093645885,1994-09-24,"H.No. 788, Wason Path, Moradabad 192931",Madhya Pradesh,India,2024-03-16
3257,  Yashodhara  ,Deo,yashodhara.deo3257@yahoo.com,0359940123,1992-09-29,"339, Atwal Chowk, Dehri-156531",Kerala,India,2025-11-01
3258,Chakrika,Bose,chakrika.bose3258@yahoo.com,7501441699,1975-12-03,"321, Sarna Street, Agra-448737",Rajasthan,India,2023-05-21
3259,  Manbir  ,Shankar,manbir.shankar3259@yahoo.com,1559005376,1977-09-25,"72, Thakur Nagar, Udupi 492716",West Bengal,India,2026-08-21
3260,Omya,Dar,omya.dar3260@gmail.com,,1988-05-11,"33, Ramakrishnan Zila, Aurangabad 661339",Kerala,India,2024-01-09
3261,Omya,Doctor,omya.doctor3261@hotmail.com,8378952649,1975-11-01,"52/416, Ram Zila, Latur 239517",Madhya Pradesh,India,2025-07-08
3262,Eiravati,Biswas,eiravati.biswas3262@hotmail.com,8132673344,1996-11-24,"92/65, Patla Road, Pallavaram-132031",Kerala,India,2025-11-18
3263,Viraj,Choudhury,viraj.choudhury3263@gmail.com,3733619134,1979-03-17,"398, Khanna Circle, Hapur 011852",Delhi,India,2024-06-16
3264,Vinaya,Ramakrishnan,vinaya.ramakrishnan3264@hotmail.com,8253077601,1991-06-01,"H.No. 149, Salvi Nagar, Agartala 793236",Delhi,India,2025-06-15
3265,Kamala,Kota,kamala.kota3265@yahoo.com,0515134907,1988-08-22,"14/690, Chander Marg, Patiala 996133",West Bengal,India,2026-01-29
3266,Pranit,Natarajan,,9719022333,1974-06-10,"H.No. 603, Andra Nagar, Rajahmundry-499927",Tamil Nadu,India,2025-02-04
3267,Aishani,Deep,aishani.deep3267@hotmail.com,8560918944,1994-02-17,"52, Chawla, Mumbai-675147",Haryana,India,2025-05-01
3268,Pavani,Tara,pavani.tara3268@hotmail.com,4422097688,1977-06-01,"171, Basak Circle, Mirzapur 645465",Kerala,India,2026-06-23
3269,Theodore,Kar,theodore.kar3269@hotmail.com,6037310251,2007-02-15,"77, Gour Zila, Phagwara 085554",Delhi,India,2026-09-10
3270,Janaki,Arora,janaki.arora3270@yahoo.com,8107543870,1984-02-06,"198, Bail Nagar, Gandhidham-803383",West Bengal,India,2025-11-25
3271,Ryan,Goswami,ryan.goswami3271@yahoo.com,3322530491,1988-10-10,"58/230, Raju Circle, Kharagpur 277259",Odisha,India,2025-02-15
3272,Qabil,Borra,qabil.borra3272@yahoo.com,2702295728,1981-04-10,"67, Rege Zila, Saharsa 848917",Delhi,India,2024-05-13
3273,Yashvi,Ranganathan,yashvi.ranganathan3273@yahoo.com,,2005-10-05,"71/073, Munshi Nagar, Dindigul 139817",Uttar Pradesh,India,2025-10-13
3274,Pavani,Madan,pavani.madan3274@gmail.com,3974245888,1974-07-19,"433, Swaminathan Street, Bikaner 039087",Uttar Pradesh,India,2025-01-22
3275,Sara,Edwin,sara.edwin3275@yahoo.com,4917922803,1985-03-11,"475, Lad Chowk, Tadepalligudem 168627",Kerala,India,2026-03-12
3276,Kashish,Sandal,kashish.sandal3276@yahoo.com,4682072510,1995-02-16,"H.No. 68, Bail Marg, Bihar Sharif-749986",Maharashtra,India,2024-11-20
3277,Umang,Shere,umang.shere3277@gmail.com,4045067363,1974-02-24,"67, Lalla Zila, Patna 657628",Bihar,India,2025-05-29
3278,Vrishti,Tandon,vrishti.tandon3278@yahoo.com,8134164271,1997-04-19,"28/443, Desai Circle, Panvel 968317",Delhi,India,2025-01-21
3279,Naveen,Tandon,naveen.tandon3279@yahoo.com,0149820225,1981-03-18,"H.No. 18, Brahmbhatt Path, Nadiad 425543",Haryana,India,2024-10-25
3280,Barkha,Bora,barkha.bora3280@yahoo.com,5287301468,1992-11-03,"20/931, Kalita Chowk, Bhavnagar 278692",Gujarat,India,2026-07-08
3281,Naveen,Karan,naveen.karan3281@hotmail.com,0319102654,1976-05-08,"16, Srinivasan Road, Tadipatri-393842",Punjab,India,2024-03-18
3282,Bhavika,Bhalla,bhavika.bhalla3282@gmail.com,9174207525,1984-12-24,"106, Chand Street, Pimpri-Chinchwad-622906",Gujarat,India,2024-07-10
3283,Charita,Subramaniam,charita.subramaniam3283@hotmail.com,1363527764,1979-07-11,"71/329, Nigam Chowk, Berhampur-736105",Kerala,India,05/12/2026
3284,Aarnav,Wason,aarnav.wason3284@yahoo.com,0684435108,1999-08-15,"H.No. 299, Sachdeva Nagar, Ranchi 159589",Punjab,India,2026-07-21
3285,Radha,Saran,radha.saran3285@hotmail.com,9562598349,1976-12-31,"724, Zachariah Ganj, Pondicherry-376650",Madhya Pradesh,India,2025-08-17
3286,Yasti,Kaur,yasti.kaur3286@hotmail.com,3483834830,2002-08-21,"84/543, Kalla Zila, Alwar-028281",Tamil Nadu,India,2024-02-27
3287,Balvan,Varghese,balvan.varghese3287@hotmail.com,3832132131,2003-08-02,"789, Divan Marg, Nangloi Jat-589685",Punjab,India,2026-04-16
3288,Nachiket,Chander,nachiket.chander3288@yahoo.com,6082135912,1993-10-01,"84, Sarkar Marg, Nadiad 718232",Punjab,India,2026-04-20
3289,Kalpit,Sinha,kalpit.sinha3289@hotmail.com,4139731770,1989-07-14,"H.No. 90, Uppal Road, Bongaigaon-521129",Uttar Pradesh,India,2024-01-28
3290,Aradhana,Jha,aradhana.jha3290@yahoo.com,0062174881,2002-02-20,"60, Pant Road, Raurkela Industrial Township-163857",Maharashtra,India,2025-05-10
3291,Nirja,Walla,nirja.walla3291@yahoo.com,+91-0814508237,1980-03-04,"35, Dyal Ganj, Raebareli 899317",Kerala,India,2024-04-20
3292,Bachittar,Agrawal,bachittar.agrawal3292@gmail.com,3468003691,2006-07-03,"H.No. 267, Bir Marg, Chandigarh-933104",Odisha,India,2024-07-17
3293,Zashil,Shanker,zashil.shanker3293@yahoo.com,5913163812,1979-06-30,"80/92, Varty Road, Bhilwara 749989",Assam,India,2026-03-26
3294,Wridesh,Thakur,wridesh.thakur3294@gmail.com,5444086991,1980-11-11,"56/779, Devi Road, Agartala 909594",Uttar Pradesh,India,2025-05-27
3295,Zayan,Mody,zayan.mody3295@gmail.com,6555197171,1995-03-15,"00/781, Dewan Path, Raiganj 022685",Maharashtra,India,2023-02-24
3296,Kai,Sundaram,kai.sundaram3296@yahoo.com,,1981-04-08,"H.No. 778, Narain Marg, Begusarai-364589",Maharashtra,India,2025-01-06
3297,Anamika,Sane,anamika.sane3297@yahoo.com,6089064724,1982-08-21,"55/090, Gulati Street, Bidhannagar-049168",Gujarat,India,2024-07-14
3298,Pushti,Behl,pushti.behl3298@yahoo.com,8997533659,1981-09-21,"249, Biswas Nagar, Adoni 635470",Rajasthan,India,2023-07-08
3299,Chatura,Reddy,chatura.reddy3299@gmail.com,8238266462,1981-12-16,"H.No. 07, Lala Circle, Guntur 591761",Bihar,India,2026-07-10
3300,Gunbir,Mistry,gunbir.mistry3300@gmail.com,0283066862,1999-08-08,"58, Kalita Road, Saharsa-414136",Tamil Nadu,India,2025-06-02
3301,Yashawini,Seshadri,yashawini.seshadri3301@hotmail.com,4546437381,2002-02-09,"768, Narasimhan Path, Bihar Sharif-124465",Rajasthan,India,2024-05-14
3302,Yashawini,Sankar,yashawini.sankar3302@hotmail.com,1613526425,1989-11-06,"974, Balakrishnan Circle, Gandhidham 069184",Maharashtra,India,2023-11-22
3303,Umang,Menon,umang.menon3303@yahoo.com,7929687729,1999-12-24,"766, Shenoy Street, Ulhasnagar 409322",Tamil Nadu,India,09/01/2026
3304,Lohit,Sami,lohit.sami3304@hotmail.com,3224118832,1979-08-29,"28, Balay Road, Haldia-749465",Telangana,India,2023-05-01
3305,Isha,Kade,isha.kade3305@gmail.com,6985887138,1993-05-14,"23/36, Nagar Path, Sasaram 534130",Karnataka,India,2024-12-25
3306,Meera,Savant,meera.savant3306@gmail.com,0739318365,1998-03-12,"70/70, Jani Ganj, Tezpur-249472",Madhya Pradesh,India,2026-03-20
3307,Lavanya,Pau,lavanya.pau3307@gmail.com,8850535452,1991-03-25,"28/093, Patla Chowk, Rampur-058725",Bihar,India,2025-01-16
3308,Benjamin,Sibal,benjamin.sibal3308@yahoo.com,3892656231,1980-11-11,"H.No. 504, Deshpande Zila, Sonipat-684982",Maharashtra,India,2026-07-31
3309,Harish,More,harish.more3309@hotmail.com,1294226691,1997-02-10,"H.No. 05, Deshpande, Alappuzha-509348",Telangana,India,2025-01-23
3310,Maanas,Srinivas,maanas.srinivas3310@gmail.com,6707272974,2002-10-27,"10, Badami Marg, Tiruvottiyur-898840",Telangana,India,2026-09-03
3311,Leela,Mahal,leela.mahal3311@gmail.com,1813410597,1998-12-29,"624, Dayal Path, Raebareli 065087",Rajasthan,India,2023-05-20
3312,Dakshesh,Agate,dakshesh.agate3312@hotmail.com,9934472999,1975-10-03,"43, Sachdev Circle, Agra 225648",Delhi,India,2024-08-17
3313,Samarth,Ratta,samarth.ratta3313@hotmail.com,3716406129,2005-07-27,"H.No. 17, Narayan Chowk, Thoothukudi 515656",Assam,India,2026-08-11
3314,Matthew,Dubey,,0733673339,1973-03-01,"27, Dalal Zila, Mumbai-717917",Karnataka,India,2026-01-25
3315,  Vasatika  ,Prabhu,vasatika.prabhu3315@hotmail.com,6870288977,1971-08-13,"H.No. 05, Talwar Marg, Muzaffarpur-274503",Gujarat,India,2025-08-22
3316,Harita,Hayre,harita.hayre3316@gmail.com,3845711637,1985-05-15,"32/49, Jha Street, Amroha 821127",West Bengal,India,2024-07-09
3317,Samarth,Krishnamurthy,samarth.krishnamurthy3317@gmail.com,6276028043,1976-05-14,"78, Soman Zila, Tiruppur-451891",Gujarat,India,2024-11-23
3318,Oviya,Srinivasan,oviya.srinivasan3318@hotmail.com,7132562928,1986-11-24,"06/039, Gaba Road, Begusarai-918073",Haryana,India,2025-07-10
3319,Champak,Balan,champak.balan3319@hotmail.com,1488466061,2004-03-27,"76/09, Singhal Road, Kozhikode 065463",Assam,India,2026-03-17
3320,Keya,Arya,keya.arya3320@hotmail.com,9525521427,2005-06-23,"00/71, Tara Nagar, Sasaram-173628",Bihar,India,2025-07-28
3321,Harinakshi,Kala,harinakshi.kala3321@hotmail.com,4380046075,2002-11-17,"H.No. 767, Mallick Nagar, Phagwara-324676",Kerala,India,2023-05-10
3322,Yashica,Bumb,yashica.bumb3322@yahoo.com,8995454879,2002-04-23,"H.No. 124, Sen Chowk, Gangtok 867237",Gujarat,India,2026-08-27
3323,Gunbir,Mangat,gunbir.mangat3323@gmail.com,1518406350,1990-10-06,"68/95, Pall Ganj, Naihati-059339",West Bengal,India,2026/06/25
3324,Raghav,Sahni,raghav.sahni3324@yahoo.com,0783682940,1978-02-24,"91, Dewan Marg, Kamarhati-831209",Gujarat,India,2025-10-04
3325,Vidhi,Bhatt,vidhi.bhatt3325@yahoo.com,2732619411,1986-02-12,"34/52, Behl Chowk, Bhatpara-336533",Rajasthan,India,2026-03-13
3326,Alexander,Dugar,alexander.dugar3326@hotmail.com,,2007-04-21,"H.No. 63, Aurora, Tiruppur 826452",Bihar,India,2026-07-22
3327,Alexander,Bal,alexander.bal3327@yahoo.com,+91-3573795270,1981-02-16,"709, Gara Circle, Bettiah 773584",TAMIL NADU,India,2026-09-14
3328,Urmi,Srinivas,urmi.srinivas3328@hotmail.com,7601886782,1998-02-07,"58/935, Kanda Nagar, Vasai-Virar 477668",Gujarat,India,2025-05-11
3329,Hema,Lad,hema.lad3329@hotmail.com,7722144438,2002-04-19,"25, Shere Road, Ulhasnagar 289998",Kerala,India,2026-06-21
3330,Deepa,Padmanabhan,deepa.padmanabhan3330@hotmail.com,9247196041,1995-04-05,"H.No. 17, Balan Nagar, Erode 268550",Madhya Pradesh,India,2026-07-11
3331,Darika,Morar,darika.morar3331@gmail.com,1672221665,1990-02-02,"65/815, Raju, Kishanganj-927056",Haryana,India,2025-07-21
3332,Ekaja,Misra,ekaja.misra3332@yahoo.com,7598352578,1977-03-07,"H.No. 95, Dhingra Circle, Bardhaman-086693",Odisha,India,2026-02-24
3333,Vidhi,Mahal,vidhi.mahal3333@hotmail.com,7979251986,1982-04-06,"15/81, Talwar Road, Imphal-374427",Rajasthan,India,2024-12-21
3334,Samar,Chokshi,,0100716313,1984-02-03,,Karnataka,India,2026-02-25
3335,Libni,Prashad,libni.prashad3335@gmail.com,2662052562,1979-06-11,"H.No. 39, Dhaliwal Chowk, Bidar 591686",Madhya Pradesh,India,2025-06-06
3336,Joshua,Warrior,joshua.warrior3336@yahoo.com,0294062898,1986-06-14,"H.No. 14, Sura, Alappuzha 497535",tamil nadu,India,2024-04-17
3337,Barkha,Narula,barkha.narula3337@gmail.com,2560884707,1979-12-07,"661, Bhattacharyya Circle, Amritsar-947284",Maharashtra,India,08 Apr 2026
3338,Pranit,Nagarajan,pranit.nagarajan3338@hotmail.com,5300198363,2004-06-04,"94/55, Rege Zila, Chapra 179493",Karnataka,India,2024-04-16
3339,Parth,Hans,parth.hans3339@gmail.com,1595547175,2007-07-28,"78/81, Balay Zila, Ghaziabad 433706",Bihar,India,2023-08-20
3340,Saumya,Sehgal,saumya.sehgal3340@gmail.com,1747793367,2005-08-03,"H.No. 676, Soman Marg, Raurkela Industrial Township-187182",Punjab,India,2026-07-26
3341,Riya,Walla,riya.walla3341@hotmail.com,7587545961,1972-06-08,"34/67, Verma Road, Raipur-136362",Bihar,India,2024-07-10
3342,Vyanjana,Ramesh,vyanjana.ramesh3342@hotmail.com,1177355563,1973-08-27,"94/403, Kohli Ganj, Malda 261376",Delhi,India,2025-09-02
3343,Udarsh,Nagy,udarsh.nagy3343@gmail.com,3190729701,1973-04-18,"736, Ahluwalia Zila, Bongaigaon 196226",Haryana,India,2025-01-17
3344,Frederick,Nigam,frederick.nigam3344@hotmail.com,1867667495,2004-07-27,"32, Shanker Ganj, Bidar 268862",Madhya Pradesh,India,2023-12-25
3345,Avni,Rajan,avni.rajan3345@gmail.com,0650825726,1975-04-28,"H.No. 65, Sachar Circle, Kulti-563483",Haryana,India,2026-02-20
3346,Kashvi,Ganesan,kashvi.ganesan3346@gmail.com,6997174503,1987-08-02,"26, Chatterjee Marg, Ichalkaranji 220561",Madhya Pradesh,India,2026-09-09
3347,Yadavi,Banerjee,yadavi.banerjee3347@hotmail.com,7523039311,1984-03-04,"H.No. 795, Dhawan Circle, Asansol 299118",Karnataka,India,2023-09-07
3348,Charan,Agrawal,charan.agrawal3348@gmail.com,2074346481,1996-10-04,"H.No. 63, Shenoy Chowk, Siwan 528509",Uttar Pradesh,India,2025-10-06
3349,Nikita,Pall,nikita.pall3349@yahoo.com,5189024723,1998-03-13,"93, Varty, Singrauli-132551",Kerala,India,2026-02-18
3350,Tamanna,Ahluwalia,tamanna.ahluwalia3350@hotmail.com,5931649378,2003-08-24,"00/89, Biswas Road, Shimla 219693",Punjab,India,2024-08-28
3351,Hardik,Anne,hardik.anne3351@gmail.com,0251858237,2006-10-11,"78, Gole Road, Kozhikode 798250",Rajasthan,India,2025-12-27
3352,Garima,Kant,garima.kant3352@gmail.com,8159373401,2005-09-22,"65/365, Batta Street, Sambalpur-504580",West Bengal,India,2025-02-18
3353,Ayush,Dutta,ayush.dutta3353@hotmail.com,0599755951,1981-06-11,"02/542, Bahl Nagar, Guwahati-078015",Odisha,India,2025-12-12
3354,Netra,Krishnan,netra.krishnan3354@hotmail.com,3184803282,1985-10-23,"10/84, Zacharia Marg, Ulhasnagar-168310",Madhya Pradesh,India,03-04-2023
3355,Chaman,Ranganathan,chaman.ranganathan3355@yahoo.com,4232454541,2003-06-06,"H.No. 42, Savant Street, Rewa 832848",Tamil Nadu,India,25-01-2026
3356,Sai,Pandya,sai.pandya3356@hotmail.com,1017711467,1992-03-21,"21, Sood Circle, Kulti-950849",Odisha,India,2025-09-09
3357,Ladli,Mani,ladli.mani3357@yahoo.com,9601740966,1979-03-17,"29, Chowdhury Chowk, Kochi-309177",Kerala,India,2024-03-24
3358,Ojasvi,Aggarwal,ojasvi.aggarwal3358@gmail.com,9161786106,2004-12-22,"H.No. 692, Virk Ganj, Guntur 421408",Karnataka,India,2025-12-18
3359,Tripti,Mukhopadhyay,tripti.mukhopadhyay3359@hotmail.com,8361281327,1971-07-01,"04/637, Shanker Road, Jammu-357605",Madhya Pradesh,India,2024-09-05
3360,Gabriel,Pradhan,gabriel.pradhan3360@gmail.com,5394338419,1980-08-15,"80, Manda Chowk, Jabalpur-986573",Delhi,India,2026-04-01
3361,Ubika,Zachariah,ubika.zachariah3361@hotmail.com,1476212286,2002-12-13,"60, Hans Zila, Munger-603048",Assam,India,2024-04-24
3362,Abhiram,Devi,abhiram.devi3362@gmail.com,89918-92775,1975-07-08,"209, Chakraborty, Kozhikode-595646",Tamil Nadu,India,2024-08-15
3363,  Lucky  ,Keer,lucky.keer3363@hotmail.com,5328228644,2006-10-11,"69, Bajwa Path, Moradabad-360643",Maharashtra,India,2023-03-13
3364,  Rishi  ,De,rishi.de3364@yahoo.com,3508340030,1991-08-05,"09/895, Desai Marg, Hajipur 445531",bihar,India,2025-07-07
3365,Kala,Pall,kala.pall3365@hotmail.com,8853444859,1994-04-17,"49/591, Sarkar Marg, Guna-111440",Haryana,India,2023-09-26
3366,Deepa,Balan,deepa.balan3366@yahoo.com,2572591300,1996-10-03,"99/455, Divan Circle, North Dumdum 262371",Delhi,India,2025-02-24
3367,Ekaja,Dani,ekaja.dani3367@hotmail.com,6958416359,1977-09-02,"H.No. 510, Arya, Vadodara 284879",Karnataka,India,2024-10-12
3368,Vasatika,Majumdar,vasatika.majumdar3368@hotmail.com,7768103247,1979-11-01,"H.No. 86, Vasa Nagar, Ulhasnagar 516709",Haryana,India,2023-05-15
3369,Ishita,Sarma,ishita.sarma3369@yahoo.com,4758916197,2003-07-07,"528, Walla Nagar, Vijayanagaram 749706",West Bengal,India,2025-09-17
3370,Ria,Saran,ria.saran3370@gmail.com,4220392101,1984-09-17,"69, Murty Road, Shimla 309650",Gujarat,India,2023-03-24
3371,Charvi,Banerjee,charvi.banerjee3371@gmail.com,6458179782,1972-01-16,"H.No. 612, Butala Ganj, Saharanpur 130389",Haryana,India,17-08-2025
3372,Upkaar,Chokshi,upkaar.chokshi3372@gmail.com,5007540631,1988-11-09,"H.No. 197, Sachdeva Street, Navi Mumbai 272065",Gujarat,India,2025-09-02
3373,Indali,Dara,indali.dara3373@hotmail.com,9738636202,1995-01-22,"25/283, Sawhney Zila, Baranagar-037403",Uttar Pradesh,India,2025-03-01
3374,Vanya,Radhakrishnan,vanya.radhakrishnan3374@gmail.com,4759493331,2000-03-31,"820, Dubey Path, Howrah 086764",Madhya Pradesh,India,2024-06-02
3375,Odika,Majumdar,odika.majumdar3375@hotmail.com,5951911068,1979-09-11,"30/78, Bala Ganj, Machilipatnam 988577",Maharashtra,India,2023-01-31
3376,Tanay,Bahl,tanay.bahl3376@hotmail.com,5584859231,1981-03-02,"25/158, Banik Chowk, Saharsa 223589",Maharashtra,India,2023-12-07
3377,Chakradev,Edwin,chakradev.edwin3377@hotmail.com,5119204531,1975-05-18,"00/46, Nayar Road, Morena-546403",Uttar Pradesh,India,2024-03-11
3378,Arin,Konda,arin.konda3378@yahoo.com,7663975998,2006-03-18,"94/79, Wali Nagar, Hyderabad 877374",Assam,India,2026-04-20
3379,Gaurangi,D’Alia,gaurangi.d’alia3379@gmail.com,21091-49168,1996-01-26,"200, Lall Circle, Jalandhar 864574",Madhya Pradesh,India,2025-04-20
3380,Lakshmi,Sama,lakshmi.sama3380@yahoo.com,9155487289,2007-11-28,"75/679, Mahajan Circle, Bathinda-882462",Karnataka,India,2025-11-18
3381,Gauri,Sinha,gauri.sinha3381@gmail.com,8311832722,1974-11-18,"13/482, Ratti Chowk, Raebareli 170709",West Bengal,India,2023-03-07
3382,Tarak,Seshadri,tarak.seshadri3382@yahoo.com,0782993667,1986-12-14,,Karnataka,India,2026-02-04
3383,Hemani,Gara,hemani.gara3383@gmail.com,4232180811,1986-03-25,"48/603, Kalla, Saharanpur 497279",Bihar,India,2025-05-07
3384,Zaid,Krishnan,zaid.krishnan3384@hotmail.com,0804298602,1971-03-11,"330, Rajagopalan Path, Amravati-023103",Telangana,India,2026-07-05
3385,Abhimanyu,Tella,abhimanyu.tella3385@hotmail.com,09193649133,1996-08-03,"H.No. 825, Chahal Chowk, Nashik-623126",kerala,India,2025-08-10
3386,Eshana,Khanna,eshana.khanna3386@yahoo.com,4878485612,1989-06-15,"06, Gupta Marg, Raichur 201173",Haryana,India,2026-01-15
3387,Jeremiah,Chand,jeremiah.chand3387@yahoo.com,1191983913,1991-06-09,"061, Wagle Nagar, Kollam 312014",Uttar Pradesh,India,2024-11-06
3388,Unnati,Kari,unnati.kari3388@yahoo.com,4625974015,2004-12-21,"H.No. 62, Gade Circle, Jabalpur 408356",Bihar,India,2026-03-07
3389,Jai,Mander,jai.mander3389@hotmail.com,16498-76746,1978-11-30,"514, Kalla Path, Aurangabad 882421",Punjab,India,2025-11-22
3390,Arin,Tailor,arin.tailor3390@gmail.com,8836195633,1973-06-25,"H.No. 924, Chaudhuri Ganj, Jorhat 864516",Maharashtra,India,2025/02/08
3391,Dominic,Balakrishnan,dominic.balakrishnan3391@yahoo.com,2277414402,1977-10-14,"H.No. 192, Pathak Zila, Patna 091965",West Bengal,India,2025-10-15
3392,Yasti,Nagi,yasti.nagi3392@yahoo.com,8344789712,1999-08-08,"10, Sengupta Marg, Davanagere-683616",Madhya Pradesh,India,2026-01-21
3393,Deepa,Rau,,0769377454,1990-09-09,"658, Majumdar Chowk, Bhind-913408",Kerala,India,2024-11-28
3394,Nakul,Dhingra,nakul.dhingra3394@yahoo.com,0902113600,1994-09-10,"H.No. 274, Mistry Nagar, Hosur-204765",Punjab,India,2024-10-01
3395,Andrew,Gola,andrew.gola3395@yahoo.com,6609646782,2001-02-14,"94/174, Patla Path, Buxar-458914",Madhya Pradesh,India,2026/08/29
3396,Unnati,Malhotra,unnati.malhotra3396@gmail.com,7281226478,1979-06-08,"294, Malhotra Street, Avadi-882796",Karnataka,India,2026-03-12
3397,Aarav,Choudhry,aarav.choudhry3397@gmail.com,4354249559,1978-01-19,"46/83, Tata Ganj, Davanagere 169135",Karnataka,India,2025-06-25
3398,Frederick,Sankar,frederick.sankar3398@yahoo.com,9818470710,1991-11-26,"H.No. 743, Wason Road, Jaunpur 839634",Punjab,India,2024-05-17
3399,Mohini,Doctor,mohini.doctor3399@yahoo.com,2267991166,2002-07-31,"H.No. 741, Mohanty Nagar, Thiruvananthapuram-608622",Kerala,India,2025-04-27
3400,Warda,Vora,warda.vora3400@yahoo.com,9010816360,1986-07-20,"35/09, Johal Nagar, Mysore 862510",Punjab,India,04/08/2026
3401,Victor,Ganesh,victor.ganesh3401@gmail.com,5732790707,2000-09-12,"370, Bala Ganj, Allahabad-710159",Bihar,India,2024-06-20
3402,Hardik,Narain,hardik.narain3402@hotmail.com,0372140829,1983-04-16,"41, Khosla, Sultan Pur Majra-521550",Rajasthan,India,2024-11-02
3403,Onkar,Sarraf,onkar.sarraf3403@yahoo.com,3697198495,2001-07-07,"H.No. 633, Thakur Marg, Thiruvananthapuram 304461",Punjab,India,2026-03-13
3404,Krishna,Kale,krishna.kale3404@yahoo.com,2770253815,1984-10-16,"H.No. 847, Purohit Road, Akola-505036",Kerala,India,2024-12-17
3405,Rayaan,Ram,rayaan.ram3405@gmail.com,3017650128,2006-08-11,"122, Saraf Chowk, Saharanpur-124267",Gujarat,India,2024-08-24
3406,Anmol,Kulkarni,anmol.kulkarni3406@gmail.com,1224617469,1997-12-26,"569, Ravi Marg, Naihati-622885",Rajasthan,India,2023-05-30
3407,Jairaj,Mohanty,jairaj.mohanty3407@gmail.com,9275657119,1996-11-23,"H.No. 335, Rattan Nagar, Ambala-423591",Gujarat,India,2025-11-21
3408,  Janaki  ,Ravel,janaki.ravel3408@yahoo.com,7142797307,1978-05-12,"96, Issac, Dewas 361051",Madhya Pradesh,India,2026-09-12
3409,Fitan,Balakrishnan,fitan.balakrishnan3409@gmail.com,5163415551,1978-01-28,"64/28, Ganesh, Bidar-160507",Odisha,India,2025-05-19
3410,Gaurang,Pathak,gaurang.pathak3410@gmail.com,2389542875,2001-11-03,"42/071, Koshy Nagar, Gopalpur-106539",Karnataka,India,2025-03-16
3411,Faras,Nair,faras.nair3411@hotmail.com,,1971-12-09,"H.No. 675, Bava Nagar, Raichur-166487",Madhya Pradesh,India,2024-07-11
3412,Amruta,Kamdar,amruta.kamdar3412@gmail.com,9238892500,1978-09-26,"71, Nigam Road, Danapur-320677",Telangana,India,2023-04-07
3413,Anmol,Mahal,anmol.mahal3413@gmail.com,2692225539,1974-05-26,"H.No. 776, Chaudhuri Ganj, Indore 262857",Telangana,India,2026-08-21
3414,Eesha,Ramanathan,eesha.ramanathan3414@hotmail.com,6962512180,1979-09-08,"24, Divan Ganj, Salem 932819",delhi,India,2025-08-04
3415,Anamika,Raman,anamika.raman3415@yahoo.com,2879023149,1971-08-17,"H.No. 65, Balakrishnan Chowk, Mathura-628329",Assam,India,2026-09-08
3416,Vedant,Chhabra,vedant.chhabra3416@hotmail.com,3585208119,1990-12-30,"58, Tripathi Nagar, Mahbubnagar 358824",Gujarat,India,2025-06-10
3417,  Hritik  ,Saran,hritik.saran3417@yahoo.com,9813940535,1995-01-13,"H.No. 23, Saxena Marg, Guna 552041",Karnataka,India,2023-01-28
3418,Suhani,Tara,suhani.tara3418@yahoo.com,6011085281,2001-07-24,"H.No. 216, Majumdar Zila, Chittoor 912569",West Bengal,India,2024-10-07
3419,Manan,Murthy,manan.murthy3419@hotmail.com,3176167414,1995-05-26,"15/26, Randhawa Nagar, Nizamabad 038910",Delhi,India,2026-08-05
3420,Bhavika,Lad,bhavika.lad3420@yahoo.com,,1987-10-14,"305, Brar Street, Phusro 832207",Telangana,India,2023-06-22
3421,Vasudha,Seshadri,vasudha.seshadri3421@hotmail.com,8212570265,1994-12-31,"86/387, Nigam Circle, Ghaziabad-679248",Telangana,India,05/03/2024
3422,Oni,Roy,oni.roy3422@hotmail.com,2923912235,1975-02-14,"59/790, Kadakia Marg, Sambhal-733911",West Bengal,India,2026-07-01
3423,Yutika,Hayre,yutika.hayre3423@gmail.com,4823688312,2001-09-21,"H.No. 440, Jhaveri Circle, Farrukhabad-448689",Uttar Pradesh,India,2023-10-27
3424,Umang,Garg,umang.garg3424@hotmail.com,6713488148,1995-06-27,"22/389, Sachdeva Ganj, Ghaziabad-369042",Maharashtra,India,2024-07-15
3425,Falguni,Barad,falguni.barad3425@yahoo.com,2516844731,1985-02-08,"06, Saini Path, Akola-037452",Telangana,India,2026-02-16
3426,Harish,Mall,harish.mall3426@yahoo.com,+91-8158939209,2000-05-17,"442, Khanna Street, Latur 927916",Bihar,India,2026-03-05
3427,Hemani,Kala,hemani.kala3427@gmail.com,0556302385,1972-01-20,"H.No. 059, Shan Marg, Bhiwani-529187",Gujarat,India,2024-08-23
3428,Shivansh,Lalla,shivansh.lalla3428@gmail.com,0377032951,1997-03-13,"75/957, Agarwal Chowk, Hajipur-215632",Uttar Pradesh,India,2026-05-24
3429,Zaid,Saxena,zaid.saxena3429@gmail.com,2662690726,2005-02-12,"54/444, Palla Road, Nellore-646831",Madhya Pradesh,India,2025-08-11
3430,Warhi,Dani,warhi.dani3430@gmail.com,1656534440,1991-12-26,"270, Kale Circle, Ranchi 142447",Karnataka,India,2025-04-29
3431,Guneet,Shankar,guneet.shankar3431@yahoo.com,4586592446,2005-08-08,"H.No. 482, Hans Zila, Chandrapur 084748",Madhya Pradesh,India,2025-08-16
3432,Chavvi,Comar,chavvi.comar3432@hotmail.com,4747492671,1999-07-31,"H.No. 571, Kant Circle, Gulbarga 110588",Telangana,India,2026-07-14
3433,Peter,Upadhyay,,02480656676,1991-05-02,"H.No. 266, Choudhry Nagar, Firozabad-093251",Kerala,India,10-12-2024
3434,Ayush,Desai,ayush.desai3434@gmail.com,5424310701,1981-06-27,"97/281, Bhagat Nagar, Bokaro-327306",Madhya Pradesh,India,2024-09-12
3435,Aradhana,Kohli,aradhana.kohli3435@yahoo.com,9903948111,1979-10-27,"H.No. 720, Chopra Path, Deoghar-331541",Karnataka,India,2026-04-16
3436,Bhavna,Rege,bhavna.rege3436@hotmail.com,3010083086,1992-04-04,,Gujarat,India,2025-12-24
3437,Maya,Dugal,maya.dugal3437@hotmail.com,9987408020,1987-03-04,"H.No. 68, Sharaf Road, Ongole 780272",Haryana,India,2026-04-17
3438,Tamanna,Pillai,tamanna.pillai3438@yahoo.com,2567342142,1980-04-18,"H.No. 105, Sastry Chowk, Surat 824305",Uttar Pradesh,India,2025-05-08
3439,Yahvi,Buch,yahvi.buch3439@hotmail.com,3825436597,1984-08-22,"26, Gara, Munger-209221",Uttar Pradesh,India,2024-08-28
3440,Christopher,Nazareth,christopher.nazareth3440@yahoo.com,,1979-05-26,"04/763, Maharaj, Serampore-282618",Maharashtra,India,2025-02-03
3441,Netra,Tak,netra.tak3441@hotmail.com,7259984986,1986-04-29,"56/221, Bobal Chowk, Khandwa-418805",Maharashtra,India,2024-06-25
3442,Rushil,Zacharia,rushil.zacharia3442@hotmail.com,4621894179,1971-10-28,"63/69, Shanker Nagar, Alappuzha 617327",Karnataka,India,2025-08-17
3443,Ishanvi,Kakar,ishanvi.kakar3443@hotmail.com,8732514546,1974-07-21,"H.No. 90, Sodhi Ganj, Hazaribagh-499707",Haryana,India,2025-06-28
3444,Geetika,Majumdar,geetika.majumdar3444@hotmail.com,,1971-09-04,"H.No. 255, Gola Path, Srinagar 632878",Gujarat,India,2026-05-14
3445,Jatin,Borde,jatin.borde3445@yahoo.com,5983913508,1997-02-13,"59/166, Bhakta Zila, Baranagar-443992",Rajasthan,India,2024-10-26
3446,Prisha,Dara,prisha.dara3446@gmail.com,4865782957,1971-02-06,"H.No. 718, Aurora Zila, Dindigul 084323",UTTAR PRADESH,India,2026-07-15
3447,Udyati,Dugar,udyati.dugar3447@yahoo.com,5567070916,1981-10-03,"H.No. 945, Sunder Marg, Miryalaguda 948301",Delhi,India,2023-03-23
3448,Harinakshi,Barman,harinakshi.barman3448@yahoo.com,4118324102,1978-05-15,"498, Behl, Rajkot 251190",Odisha,India,25 Sep 2024
3449,Arya,Buch,arya.buch3449@gmail.com,1672687720,1976-01-21,"35/61, Rama Zila, Hospet-387191",Telangana,India,2023-03-14
3450,Wriddhish,Toor,wriddhish.toor3450@yahoo.com,3268763773,1990-04-29,"17/928, Anand Marg, Amroha-327528",Punjab,India,2026-04-06
3451,Zansi,Dubey,zansi.dubey3451@gmail.com,0974990580,1994-09-23,"19/15, Kalla Circle, Secunderabad 454677",Karnataka,India,2024-02-04
3452,Mason,Chanda,mason.chanda3452@gmail.com,1914380208,1983-06-22,"91/609, Deshmukh Zila, Proddatur 539532",Gujarat,India,2025-10-21
3453,Omkaar,Sule,,5827133676,2002-12-17,"99/64, Das Circle, Ratlam 781465",Gujarat,India,2024-08-28
3454,Tanvi,Kadakia,tanvi.kadakia3454@yahoo.com,0700782819,1999-04-17,"04/658, Sani Circle, Ramgarh-124870",Karnataka,India,2024-04-10
3455,Urishilla,Gopal,urishilla.gopal3455@gmail.com,8814798431,1997-12-05,"68/80, Chawla Circle, Alappuzha-807900",Gujarat,India,2023-02-21
3456,Chanchal,Vasa,chanchal.vasa3456@yahoo.com,0175167683,1987-06-18,"H.No. 91, Bera Zila, Parbhani 520388",Haryana,India,2025-08-25
3457,  Nathaniel  ,Roy,nathaniel.roy3457@yahoo.com,1621304404,1976-05-18,"61/05, Bhatti, Latur 677270",Gujarat,India,2026-03-20
3458,Zilmil,Sarkar,zilmil.sarkar3458@yahoo.com,2054837469,1983-01-29,"H.No. 05, Acharya, Bilaspur-833692",Gujarat,India,05-01-2024
3459,Laksh,Rege,laksh.rege3459@gmail.com,4416220346,1973-07-17,"71, Bali Marg, Hajipur 573588",Delhi,India,11 Jan 2026
3460,Hemangini,Lanka,hemangini.lanka3460@hotmail.com,2461570982,1980-08-26,"03/18, Cherian Circle, Karimnagar 810390",West Bengal,India,2024-03-26
3461,Aarush,Kashyap,aarush.kashyap3461@gmail.com,4286444947,2003-06-30,"H.No. 85, Khurana Chowk, Jaunpur 975124",haryana,India,2026-05-04
3462,Riya,More,riya.more3462@gmail.com,5092030195,1973-07-04,"24/715, Talwar Street, Sambalpur 687098",Odisha,India,2025-05-23
3463,Bhavika,Pant,bhavika.pant3463@gmail.com,,1992-11-30,"898, Virk Chowk, Bokaro-970367",Gujarat,India,2024-02-26
3464,Yachana,Viswanathan,yachana.viswanathan3464@gmail.com,5285907659,1984-04-07,"53/98, Srinivasan Road, Sagar 034052",Madhya Pradesh,India,2025-01-22
3465,Amaira,Biswas,amaira.biswas3465@hotmail.com,4589297082,1996-09-26,"662, Kashyap Zila, Berhampur 716952",Assam,India,2023-05-28
3466,Mitali,Bakshi,mitali.bakshi3466@yahoo.com,98735-26909,1973-05-18,"H.No. 84, Chopra Zila, Unnao-633879",Madhya Pradesh,India,2025-07-22
3467,Tarak,Goswami,tarak.goswami3467@gmail.com,6991071072,1979-04-30,"21/22, Bhardwaj Zila, Tadipatri-379627",Haryana,India,2026-08-27
3468,Nimrat,Madan,nimrat.madan3468@hotmail.com,8278735865,1972-09-03,"H.No. 627, Setty Chowk, Motihari-881298",Bihar,India,2026-07-27
3469,Lila,Dewan,lila.dewan3469@gmail.com,1656950226,2003-10-15,"16/46, Manne, Bareilly 256738",Delhi,India,2024-09-12
3470,Tara,Sundaram,tara.sundaram3470@yahoo.com,5765939621,1984-12-26,"16/16, Grewal Zila, Vijayanagaram-823924",Punjab,India,2024-11-03
3471,Nidra,Misra,nidra.misra3471@hotmail.com,2920679385,1984-02-26,"H.No. 39, Sane Circle, Secunderabad 106116",Punjab,India,2023-07-31
3472,Bhavini,Luthra,bhavini.luthra3472@hotmail.com,1302493726,1979-09-25,"53, Sachdev Street, Singrauli-205690",Maharashtra,India,2024-06-10
3473,Sai,Rao,sai.rao3473@yahoo.com,6722454846,1998-07-17,"H.No. 132, Luthra Zila, Maheshtala 453750",Odisha,India,2024-11-22
3474,Harrison,Acharya,harrison.acharya3474@gmail.com,4413322457,1976-05-21,"37/08, Hora Marg, Bhimavaram-249672",PUNJAB,India,2026-03-13
3475,Girindra,Jain,girindra.jain3475@gmail.com,8154269500,1974-01-22,"73/75, Chakrabarti Marg, Proddatur 437547",Uttar Pradesh,India,2024-03-13
3476,Jatin,Mody,jatin.mody3476@gmail.com,2543263509,1981-02-23,"680, Sood Chowk, Noida-327184",Odisha,India,2026-05-10
3477,Xavier,Doctor,xavier.doctor3477@yahoo.com,0708604429,1978-10-12,"11, Kibe Chowk, Kurnool-563155",Odisha,India,2026-07-10
3478,Rayaan,Bala,rayaan.bala3478@yahoo.com,8610767280,2003-02-08,"11, Bali Street, Patiala 479143",West Bengal,India,2023-01-27
3479,Luke,Nath,luke.nath3479@hotmail.com,7513824442,1992-09-14,"26, Prabhu Marg, Ratlam 017209",Delhi,India,2026-02-21
3480,  Aayush  ,Keer,,0559421410,1982-06-14,"203, Andra Zila, Singrauli 232113",Bihar,India,2024-07-16
3481,Akshay,Mane,akshay.mane3481@hotmail.com,4414917179,1976-11-19,"53/581, Chatterjee Marg, Pune-658410",Assam,India,2023-05-31
3482,Ishanvi,De,ishanvi.de3482@hotmail.com,1626117132,2005-06-19,"88/51, Ratti Zila, Siliguri 154927",Kerala,India,09/03/2023
3483,Dhriti,Comar,dhriti.comar3483@yahoo.com,3500869744,1986-03-11,"203, Mand Circle, Tiruvottiyur-097434",Tamil Nadu,India,2024-09-16
3484,Triveni,Toor,triveni.toor3484@hotmail.com,0719210714,1982-03-30,"60/42, Boase Nagar, Lucknow-954739",Delhi,India,2023-12-31
3485,Daniel,Rai,daniel.rai3485@gmail.com,4818898743,1982-05-07,,Haryana,India,2023-04-22
3486,Gauri,Konda,gauri.konda3486@hotmail.com,7757305962,2007-05-05,"H.No. 672, Karpe Marg, Durgapur-827210",Odisha,India,2023-07-26
3487,Meera,Zachariah,meera.zachariah3487@gmail.com,8260155501,1983-05-24,"H.No. 934, Purohit Circle, Pallavaram 963417",Delhi,India,2024-06-16
3488,Ethan,Natt,ethan.natt3488@hotmail.com,9200868726,1977-09-22,"74/36, Sethi Street, Saharanpur 371459",Assam,India,2026-03-05
3489,Sai,Dhar,sai.dhar3489@gmail.com,9859416612,1998-01-04,"85/119, Sampath Chowk, Parbhani 711961",Karnataka,India,2025-09-21
3490,Chandran,Modi,chandran.modi3490@yahoo.com,8157436715,1981-11-25,"H.No. 26, Dua, Eluru-400914",Madhya Pradesh,India,2026-03-20
3491,Harshil,Srinivas,harshil.srinivas3491@yahoo.com,,2005-11-19,"65, Dua, Machilipatnam 149639",Telangana,India,2024-12-31
3492,Yochana,Mohanty,yochana.mohanty3492@yahoo.com,4941251730,1987-06-21,"H.No. 63, Apte Ganj, Kanpur 650180",Madhya Pradesh,India,11 Apr 2023
3493,Daksh,Naik,daksh.naik3493@hotmail.com,8959635538,1994-03-24,"00, Desai Circle, Kakinada 003664",Punjab,India,2024-04-22
3494,Raagini,Trivedi,raagini.trivedi3494@gmail.com,2279765301,1988-04-13,"H.No. 57, Saraf Road, Gulbarga 208025",Rajasthan,India,2023-03-10
3495,Upkaar,Kanda,upkaar.kanda3495@gmail.com,6576104058,1987-03-19,"23/41, Samra Circle, Amroha 245905",Telangana,India,2025-03-19
3496,Brinda,Bhatnagar,brinda.bhatnagar3496@yahoo.com,,1985-10-07,"800, Mitter Marg, Nadiad 704057",Karnataka,India,2026-04-18
3497,Pahal,Ravi,pahal.ravi3497@hotmail.com,6589517252,1973-12-21,"H.No. 912, Thaman Street, Alappuzha-643023",Assam,India,2024-01-20
3498,Kabir,Chander,kabir.chander3498@yahoo.com,2733647223,1989-02-21,"83/49, Halder Path, Sambhal-329914",Gujarat,India,2026-04-23
3499,Chanakya,Din,chanakya.din3499@hotmail.com,2395289669,1989-11-30,"243, Ramakrishnan Ganj, Kumbakonam 673032",Odisha,India,2026-09-10
3500,Yatin,Chada,yatin.chada3500@yahoo.com,1826048591,1989-03-04,"89/96, Pal Path, Haridwar 910620",Haryana,India,2026-06-25
3501,Oeshi,Mangat,oeshi.mangat3501@yahoo.com,0987773564,1980-01-20,"86/03, Sawhney, Junagadh-546609",Kerala,India,2026-05-13
3502,Aachal,Wadhwa,aachal.wadhwa3502@yahoo.com,4515660097,1987-02-10,"93/50, Shan Path, Firozabad-073786",Telangana,India,2025-06-17
3503,Lakshmi,Biswas,lakshmi.biswas3503@gmail.com,5796483441,2007-08-16,"66, Chadha, Amroha-243976",Maharashtra,India,2026-05-06
3504,Wazir,Soni,wazir.soni3504@hotmail.com,1115023818,1976-11-10,"340, Malhotra Road, Bareilly-285079",Punjab,India,2025-05-20
3505,Nidra,Chana,nidra.chana3505@yahoo.com,,2006-03-04,"378, Choudhury Nagar, Jhansi 550954",Punjab,India,2025-07-27
3506,Charvi,Nayak,charvi.nayak3506@gmail.com,9864924498,1982-03-26,"46, Lad Marg, Satna-325941",West Bengal,India,2026-05-12
3507,Brijesh,Palan,brijesh.palan3507@yahoo.com,9955965131,2001-12-16,"11/538, Guha Path, Kalyan-Dombivli 846757",Uttar Pradesh,India,2025-04-23
3508,Jairaj,Goda,jairaj.goda3508@yahoo.com,5941518122,1981-03-08,"50, Edwin Street, Srinagar 560933",Haryana,India,2025-03-20
3509,Yug,Ghosh,yug.ghosh3509@hotmail.com,4786297128,1987-12-02,"H.No. 23, Singhal Street, Madanapalle 027864",Kerala,India,2025-07-24
3510,Veer,Karpe,veer.karpe3510@gmail.com,1453874715,1992-09-24,"H.No. 02, Manda Marg, Jaunpur-864145",Assam,India,2024-05-04
3511,  Vinaya  ,Hayer,vinaya.hayer3511@gmail.com,8602040251,1980-02-26,"H.No. 88, Sibal Circle, Udupi-941101",Delhi,India,2026-02-03
3512,Eiravati,Atwal,eiravati.atwal3512@yahoo.com,6150729196,1999-04-11,,Assam,India,2025-08-10
3513,Harita,Viswanathan,harita.viswanathan3513@yahoo.com,,1979-11-01,"16, Borde Ganj, Korba 103399",Tamil Nadu,India,2026-06-20
3514,Theodore,Narasimhan,theodore.narasimhan3514@gmail.com,5795364213,1989-04-04,"99, Chad Chowk, Visakhapatnam 076697",Assam,India,2024-09-06
3515,Hritik,Sridhar,hritik.sridhar3515@hotmail.com,7464380367,1993-10-12,"15/46, Roy Nagar, Jalandhar 482722",Madhya Pradesh,India,2026-07-22
3516,Qushi,Sidhu,qushi.sidhu3516@hotmail.com,8489900864,1971-01-25,"54, Balakrishnan Street, Bijapur-969988",gujarat,India,2025-05-01
3517,Tejas,Zacharia,tejas.zacharia3517@hotmail.com,4138139140,1983-10-03,"594, Das Nagar, Dindigul-882972",Madhya Pradesh,India,2024-11-02
3518,Finn,Dara,finn.dara3518@hotmail.com,7779512417,1978-08-28,"98/210, Choudhury Road, Tirunelveli-506442",Maharashtra,India,2026-02-21
3519,Dayamai,Das,dayamai.das3519@yahoo.com,0281167502,1979-10-25,"07, Golla Marg, Tiruppur-749256",Karnataka,India,2024-08-07
3520,Ekantika,Keer,ekantika.keer3520@hotmail.com,3113200820,1975-04-20,"93, Chadha Circle, Eluru 291961",Maharashtra,India,2026-03-19
3521,Ekiya,Sidhu,ekiya.sidhu3521@yahoo.com,4727581908,1986-10-28,"03/108, Sarna Street, Sambalpur 640975",Haryana,India,2025-01-17
3522,Keya,Kala,keya.kala3522@yahoo.com,0034094884,1984-09-01,"197, Upadhyay Circle, Begusarai 339568",Karnataka,India,2025-12-25
3523,Sara,Borde,sara.borde3523@gmail.com,5763953211,1977-09-19,"46, Mittal Marg, Srikakulam 628751",delhi,India,2023-06-08
3524,Ati,Dixit,ati.dixit3524@hotmail.com,6192102995,1980-09-05,"H.No. 33, Atwal Marg, Muzaffarnagar-985704",Maharashtra,India,2026-02-12
3525,Krishna,Kadakia,,45148-18147,1979-12-18,"H.No. 090, Bhalla Nagar, Kirari Suleman Nagar 308711",Madhya Pradesh,India,2026-04-09
3526,Ekalinga,Goswami,ekalinga.goswami3526@yahoo.com,8397469596,1981-01-20,"22/04, Mohan Ganj, Gandhinagar 830243",Punjab,India,2026-09-09
3527,Teerth,Babu,teerth.babu3527@yahoo.com,7347918902,1993-11-06,"07, Malhotra Chowk, Durgapur 844440",Punjab,India,2025-09-27
3528,Tamanna,Chada,tamanna.chada3528@gmail.com,7957128217,1995-10-16,"11/66, Sha Path, Shivpuri 810643",Telangana,India,2023-08-25
3529,Gaurika,Chawla,gaurika.chawla3529@gmail.com,6623740406,1992-04-07,"71/587, Badami Chowk, Gandhinagar-517412",Assam,India,2024-12-24
3530,Yatan,Bhavsar,yatan.bhavsar3530@hotmail.com,2399512835,1986-02-06,"75, Narula Zila, Amroha 824843",Madhya Pradesh,India,2025-12-19
3531,Bakhshi,Taneja,bakhshi.taneja3531@gmail.com,1750401280,1984-04-30,"051, Seth Chowk, Mangalore-373023",Odisha,India,2026-03-25
3532,Rehaan,Gupta,rehaan.gupta3532@yahoo.com,31570-29841,1983-05-06,"11, Jayaraman Ganj, Muzaffarpur 016014",Madhya Pradesh,India,2024-09-17
3533,Chameli,Kara,chameli.kara3533@gmail.com,4576232326,1999-08-09,"H.No. 080, Mander, Ghaziabad-548297",Punjab,India,2025-05-01
3534,  Rajeshri  ,Chakraborty,rajeshri.chakraborty3534@yahoo.com,3741030113,1995-04-12,"15, Padmanabhan, Katni-354036",West Bengal,India,2025-04-18
3535,Balvan,Wason,balvan.wason3535@hotmail.com,2302714310,1977-10-10,"H.No. 02, Chander Path, Adoni-384451",Tamil Nadu,India,2026-01-19
3536,Yug,Cheema,yug.cheema3536@hotmail.com,6169712444,1981-01-09,"H.No. 58, Rattan Street, Madhyamgram-588296",Karnataka,India,2023-08-18
3537,Gautam,Verma,gautam.verma3537@yahoo.com,2177030544,1975-01-19,"H.No. 51, Nanda Street, Dewas 542203",Uttar Pradesh,India,2024-06-19
3538,Anmol,Modi,anmol.modi3538@gmail.com,1349976224,1981-07-13,"05/404, Thaker Chowk, Nellore-839285",Punjab,India,2026-08-11
3539,Udant,Vohra,udant.vohra3539@yahoo.com,3750772799,2002-05-09,"11/76, Rajan Street, Fatehpur 001091",Delhi,India,2026-04-18
3540,Darika,Badami,darika.badami3540@hotmail.com,6851349827,2006-10-31,,Karnataka,India,2024-07-19
3541,Chandresh,Palan,chandresh.palan3541@yahoo.com,4636419966,1993-08-04,"71, Taneja Nagar, Bangalore 770181",Assam,India,2023-05-10
3542,Upkaar,Loke,upkaar.loke3542@hotmail.com,6658912387,1998-05-13,"97, Sodhi Marg, Bhubaneswar-315611",Kerala,India,2025-07-23
3543,Umang,Kanda,umang.kanda3543@yahoo.com,6370044641,1994-01-13,"43, Ganguly, Vasai-Virar 133091",Bihar,India,2025-06-17
3544,Charles,Raju,charles.raju3544@yahoo.com,4680390756,2006-04-12,"06/267, Brar Road, Alwar 546815",Gujarat,India,2025-10-18
3545,Ekta,Sastry,ekta.sastry3545@yahoo.com,2586663049,1993-06-15,"053, Rajagopal Nagar, Buxar 858794",Bihar,India,2023-03-26
3546,Chanchal,Trivedi,chanchal.trivedi3546@gmail.com,8302488764,2004-10-26,"88/33, Sandhu Ganj, Vellore-900711",West Bengal,India,2023-06-21
3547,Varenya,Savant,varenya.savant3547@hotmail.com,8021883429,1998-10-03,"51/31, Choudhury, Pallavaram 931103",Telangana,India,2024-11-05
3548,Akshay,Bahl,akshay.bahl3548@gmail.com,7993570176,1974-11-07,"H.No. 386, Bhat, Jaipur-742906",Maharashtra,India,2026-04-03
3549,George,Kumar,george.kumar3549@yahoo.com,0596254490,1975-08-22,"H.No. 88, Bajaj Road, Nizamabad 809912",Haryana,India,2025-12-31
3550,Forum,Arora,forum.arora3550@gmail.com,5450580801,1996-03-25,"H.No. 90, Kumer Ganj, Buxar 776463",Rajasthan,India,2024-02-23
3551,Manbir,Deshpande,manbir.deshpande3551@yahoo.com,5177630493,1989-07-04,"H.No. 12, Keer Ganj, Chittoor 836428",Telangana,India,2024-06-19
3552,Falak,Nagy,falak.nagy3552@gmail.com,3063377318,2008-05-03,"13/84, Kalla Nagar, Khandwa-251179",Rajasthan,India,2025-09-28
3553,Tripti,Narang,tripti.narang3553@yahoo.com,77446-20609,1971-02-21,"50/91, Nanda Zila, Saharanpur 760348",Punjab,India,2025-01-21
3554,  Yashawini  ,Batta,yashawini.batta3554@gmail.com,7245712677,1980-12-17,"H.No. 090, Palan Zila, Bhiwani-807978",Kerala,India,2025-08-22
3555,Jalsa,Mutti,jalsa.mutti3555@gmail.com,1168478040,1980-08-28,"97/41, Rao, Thoothukudi 757394",Karnataka,India,2023-10-29
3556,Kritika,Raghavan,kritika.raghavan3556@gmail.com,9958330539,1975-11-23,"H.No. 759, Dubey, Amritsar-479344",Uttar Pradesh,India,2025-08-02
3557,Shivansh,Ramanathan,shivansh.ramanathan3557@hotmail.com,+91-5942323617,1976-09-07,"H.No. 944, Sankaran Marg, Aizawl 370752",Punjab,India,2026-04-25
3558,Indali,Baral,indali.baral3558@hotmail.com,20656-70273,1975-11-08,"917, Basu, Phagwara 676727",Telangana,India,2026-01-20
3559,Nitara,Ganesan,nitara.ganesan3559@gmail.com,1610201450,1972-04-07,"89/214, Peri Zila, Guna-153174",Delhi,India,2024-01-03
3560,  Advaith  ,Parikh,advaith.parikh3560@hotmail.com,8564175046,2006-03-25,"H.No. 422, Dey Nagar, Belgaum-756162",Maharashtra,India,2024-08-18
3561,Tanvi,Subramaniam,tanvi.subramaniam3561@gmail.com,2907002855,1986-05-18,"51/60, Agrawal Zila, Patiala-717666",Telangana,India,2025-02-08
3562,Gabriel,Sangha,gabriel.sangha3562@gmail.com,2309781194,1981-04-24,"612, Chaudry Marg, Sambhal 983350",Maharashtra,India,2025-10-07
3563,Timothy,Ram,timothy.ram3563@yahoo.com,7639857262,1980-08-09,"H.No. 18, Doctor, Barasat-119629",Delhi,India,2025-11-24
3564,  Ojas  ,Wali,ojas.wali3564@hotmail.com,2508763971,1996-12-01,"92/80, Upadhyay Chowk, Amravati-102451",Punjab,India,2025-10-25
3565,Imaran,Sridhar,imaran.sridhar3565@gmail.com,1697462798,1992-09-13,"82/490, Sethi Marg, Thanjavur 363301",Madhya Pradesh,India,2026-05-01
3566,Prisha,Patel,prisha.patel3566@yahoo.com,4674688501,1992-05-30,"15/21, Venkataraman Ganj, Akola 517509",Rajasthan,India,2025-06-18
3567,Praneel,Desai,praneel.desai3567@gmail.com,0574455009,2008-01-18,"25/405, Shanker Chowk, Udupi 554960",Uttar Pradesh,India,2023-08-08
3568,Edhitha,Murty,edhitha.murty3568@hotmail.com,7058874333,2001-06-23,"88/475, Pillai Path, Jalandhar 260494",Telangana,India,11 Jan 2026
3569,Dipta,Dube,dipta.dube3569@hotmail.com,3056115272,1979-05-21,"640, Sachdev Chowk, Hapur-398587",BIHAR,India,2024-05-29
3570,Aditya,Bhasin,aditya.bhasin3570@gmail.com,2341432353,1977-01-15,"H.No. 420, Khurana Ganj, Ambattur 908460",Gujarat,India,2024-08-06
3571,Wahab,Sachdeva,wahab.sachdeva3571@hotmail.com,5845769415,1992-12-11,"H.No. 117, Chokshi Zila, Malegaon-169455",Karnataka,India,2024-05-27
3572,Arunima,Wali,arunima.wali3572@gmail.com,4432220877,1984-05-28,"34/72, Nath Zila, Bettiah-214510",Maharashtra,India,2023-03-21
3573,Vrishti,Johal,vrishti.johal3573@yahoo.com,0006333887,2000-01-18,"H.No. 319, Prasad Circle, Parbhani-205618",Telangana,India,2026-02-03
3574,Bhavini,Chand,bhavini.chand3574@hotmail.com,1954746847,1988-04-11,"87/10, Devan Road, Bikaner 274772",Kerala,India,2026-02-28
3575,Veer,Kapoor,veer.kapoor3575@yahoo.com,8991182769,1972-09-01,"H.No. 193, Kumar Nagar, Surendranagar Dudhrej 945225",Tamil Nadu,India,2023-10-01
3576,Osha,Contractor,osha.contractor3576@hotmail.com,7684283888,1979-07-23,"347, Murty Nagar, Avadi 452927",Karnataka,India,2025-11-11
3577,Timothy,Doshi,timothy.doshi3577@gmail.com,8513393983,1992-01-06,,Madhya Pradesh,India,2024-02-17
3578,Aadi,Konda,aadi.konda3578@hotmail.com,3072102698,1994-03-03,"55, Narayan Nagar, Haldia 344346",Karnataka,India,2026-05-09
3579,Chakradev,Dugal,chakradev.dugal3579@gmail.com,5962561476,1988-08-10,"77, Kade Path, Chapra 003446",Gujarat,India,2026-03-25
3580,Ishaan,Chaudhary,ishaan.chaudhary3580@hotmail.com,2464740005,1981-01-07,"48, Anne Chowk, Meerut 889608",Assam,India,2025-12-20
3581,Nathaniel,Dubey,nathaniel.dubey3581@gmail.com,9623409104,1984-11-26,"50, Master, Amritsar 604869",Madhya Pradesh,India,2026-06-29
3582,  Hiral  ,Sule,hiral.sule3582@gmail.com,4796469009,1978-02-03,"H.No. 369, Rau Marg, Alappuzha 933317",Madhya Pradesh,India,2026-08-10
3583,Jason,Goyal,jason.goyal3583@gmail.com,7874618722,1977-12-02,"382, Sangha Ganj, Machilipatnam 543005",Assam,India,2024-04-07
3584,Lavanya,Wable,lavanya.wable3584@yahoo.com,5129772483,1996-08-23,"H.No. 53, Chad Road, Hubli–Dharwad 291403",Uttar Pradesh,India,2026-02-04
3585,Owen,Bhavsar,owen.bhavsar3585@hotmail.com,6715658653,1987-10-15,"98/28, Kaur Zila, Dibrugarh-365280",Odisha,India,2026-09-11
3586,Vedhika,Pradhan,vedhika.pradhan3586@yahoo.com,1726370273,1990-06-08,"59/66, Mann Street, Ajmer-499596",Delhi,India,2024-11-24
3587,Varenya,Sehgal,varenya.sehgal3587@hotmail.com,1615031521,2001-07-26,"71, Raghavan Nagar, Secunderabad 892178",Haryana,India,2023-04-07
3588,Andrew,Sathe,andrew.sathe3588@gmail.com,6044474610,2000-07-26,"H.No. 269, Purohit Street, Srikakulam 950398",Kerala,India,2023-12-07
3589,Akshay,Andra,akshay.andra3589@gmail.com,4313204713,1999-11-07,"647, Dhar Marg, Jaipur-042561",Odisha,India,2025-01-04
3590,Anjali,Tandon,anjali.tandon3590@gmail.com,6970339445,1977-01-05,"397, Wason Street, Srinagar-194289",Tamil Nadu,India,2023-02-19
3591,Upadhriti,Walla,upadhriti.walla3591@gmail.com,3815228820,2007-12-11,"801, Ravel Ganj, Gurgaon-841069",Kerala,India,2025-08-31
3592,Onkar,Shankar,onkar.shankar3592@yahoo.com,1991190878,1975-10-11,"H.No. 973, Pingle Nagar, Srinagar 960783",Kerala,India,2023-01-17
3593,Ekalinga,Walla,ekalinga.walla3593@yahoo.com,9782141274,1986-07-13,"H.No. 83, Natt Nagar, Agartala-566739",Punjab,India,2024-10-01
3594,Frederick,Subramaniam,frederick.subramaniam3594@yahoo.com,3127271067,1982-07-30,"H.No. 258, Chakrabarti Nagar, Meerut-914566",Punjab,India,2023-02-24
3595,Ladli,Trivedi,ladli.trivedi3595@yahoo.com,3811595767,1987-07-25,"62/06, Arya Path, Bareilly 884964",Madhya Pradesh,India,2025-03-12
3596,Aishani,Hayer,aishani.hayer3596@gmail.com,0689464917,1972-03-19,"H.No. 627, Kohli Road, Tadipatri-201453",Bihar,India,2026-05-24
3597,Alka,Nazareth,alka.nazareth3597@hotmail.com,2543644489,1986-11-03,"020, Desai, Avadi-976011",Punjab,India,2026-07-06
3598,Pahal,Kunda,pahal.kunda3598@yahoo.com,0207955914,1970-09-16,"916, Dora Path, Nagpur-490766",punjab,India,28-07-2026
3599,Zehaan,Dubey,zehaan.dubey3599@yahoo.com,7056806640,1989-03-11,"364, Patla Path, Bhatpara-422650",West Bengal,India,2024-12-30
3600,Tristan,Barad,tristan.barad3600@yahoo.com,1672849453,2007-01-06,"H.No. 369, Ravi Zila, Anand-508650",Tamil Nadu,India,2026-02-21
3601,Yashoda,Naidu,,3297502910,1986-05-18,"49, Shere Marg, Tiruppur 596832",Tamil Nadu,India,2026-06-20
3602,Maanav,Bora,,3151519474,1982-06-27,"06/393, Garg, Chandigarh 776023",Karnataka,India,2024-04-18
3603,Yatan,Chakraborty,yatan.chakraborty3603@yahoo.com,5945113436,1980-08-29,"13/131, Iyer Road, Bhiwani-256337",Karnataka,India,2024-05-21
3604,Ganga,Ghosh,ganga.ghosh3604@hotmail.com,6750315103,1998-11-17,"000, Hari Chowk, Panchkula-342030",Punjab,India,2026-06-02
3605,Hamsini,Bumb,hamsini.bumb3605@gmail.com,7412754365,2007-10-05,"H.No. 837, Savant Ganj, Udupi 609247",Delhi,India,2023-07-26
3606,Banjeet,Chhabra,banjeet.chhabra3606@gmail.com,4220215853,1980-09-26,"H.No. 92, Prashad, Noida 642234",Kerala,India,2024-08-03
3607,Vyanjana,Kuruvilla,vyanjana.kuruvilla3607@gmail.com,1161143393,1974-08-16,"83/88, Hegde Path, Saharanpur 301577",Tamil Nadu,India,2024-01-27
3608,Ayushman,Apte,ayushman.apte3608@yahoo.com,9037139076,1992-10-10,"361, Comar Zila, Haldia 938061",Assam,India,2026-01-03
3609,Chakradhar,Chandra,chakradhar.chandra3609@hotmail.com,5256498767,2002-07-06,"H.No. 21, Biswas Ganj, Faridabad 895366",Tamil Nadu,India,2023-07-04
3610,Ishita,Sur,ishita.sur3610@yahoo.com,,1999-04-21,"H.No. 32, Yadav Path, Noida 331776",Uttar Pradesh,India,2024-10-29
3611,Gavin,Bhargava,gavin.bhargava3611@hotmail.com,1468388190,1979-02-02,"H.No. 621, Korpal Chowk, Malegaon 065177",Tamil Nadu,India,2023-03-28
3612,Chaitaly,Char,chaitaly.char3612@gmail.com,0384868174,1992-02-19,"520, Chaudhary Ganj, Rohtak 358188",West Bengal,India,2025-01-09
3613,Brijesh,Dada,brijesh.dada3613@yahoo.com,4717944059,1995-07-11,"H.No. 55, Deep Street, Udaipur-425324",Bihar,India,2024-12-15
3614,Parth,Kohli,parth.kohli3614@gmail.com,6906860085,1976-03-12,"H.No. 862, Edwin Nagar, Aurangabad-428118",Rajasthan,India,2023-09-25
3615,Lakshit,Rout,lakshit.rout3615@hotmail.com,7672649408,1990-12-17,"371, Mital Road, Guwahati 659300",Rajasthan,India,2025-05-02
3616,Tejas,Khare,tejas.khare3616@hotmail.com,4389633481,1984-10-02,"H.No. 50, Walla Chowk, Shimoga-977777",Punjab,India,2025-07-18
3617,Vrinda,Dasgupta,vrinda.dasgupta3617@hotmail.com,2272449119,2000-07-31,"H.No. 813, Parikh Marg, Erode-573954",Bihar,India,2024-07-26
3618,Krish,Swaminathan,krish.swaminathan3618@gmail.com,1417161324,2007-02-18,"H.No. 024, Mahal Street, Ghaziabad 785063",Tamil Nadu,India,28 May 2026
3619,Indali,Raja,indali.raja3619@gmail.com,3233191644,1974-09-24,"24/06, Mani Path, Raipur-028533",Assam,India,2026-05-11
3620,Avi,Iyengar,avi.iyengar3620@hotmail.com,4425466299,1978-12-14,"62, Kuruvilla Street, Kadapa-048857",Rajasthan,India,2023-02-28
3621,Arunima,Bail,arunima.bail3621@hotmail.com,3511099295,1988-01-09,"92, Subramaniam Street, Bhimavaram 866005",Tamil Nadu,India,2026-03-07
3622,Aadi,Soni,aadi.soni3622@yahoo.com,6279611286,1997-11-28,"H.No. 742, Dewan, Shivpuri-898276",Delhi,India,2026-05-08
3623,Vrishti,Batra,vrishti.batra3623@yahoo.com,0681740638,1994-09-07,"414, Bhavsar Zila, Bahraich 591361",Karnataka,India,2024-05-07
3624,Ekiya,Rajagopal,ekiya.rajagopal3624@hotmail.com,0186114516,2001-10-15,"H.No. 96, Sandal Zila, Satara-232314",Telangana,India,2025-03-10
3625,Ronith,Pall,ronith.pall3625@yahoo.com,1496091447,1976-09-13,"79/411, Karan Ganj, Karaikudi 484109",Tamil Nadu,India,2026-01-02
3626,Saksham,Sane,saksham.sane3626@gmail.com,8201856545,2005-03-28,"57/034, Dube Marg, Darbhanga-668312",Kerala,India,2026-01-08
3627,Gavin,Kakar,gavin.kakar3627@yahoo.com,1427734910,1994-08-09,"299, Deol Chowk, Bhind-468145",Tamil Nadu,India,2024-03-14
3628,Henry,Basu,henry.basu3628@gmail.com,2983960651,1993-11-24,"24/492, More Road, Baranagar-984636",Madhya Pradesh,India,2026-06-16
3629,Vamakshi,Naidu,vamakshi.naidu3629@yahoo.com,6121362117,2005-03-12,"H.No. 77, Shukla Street, Siliguri-873637",Rajasthan,India,2025-12-15
3630,Upkaar,Arya,upkaar.arya3630@hotmail.com,3768858222,1992-10-06,"44, Bala Marg, Vijayawada-235021",Haryana,India,2026-03-16
3631,Guneet,Deshpande,guneet.deshpande3631@yahoo.com,9902736767,1978-11-15,"H.No. 680, Vala Street, Hazaribagh 105303",Uttar Pradesh,India,2024-12-06
3632,Gavin,Rama,gavin.rama3632@yahoo.com,9331216913,2007-01-16,"H.No. 888, Patla Road, Tadipatri-706705",Telangana,India,2025-05-21
3633,Leela,Rana,leela.rana3633@hotmail.com,7375209064,1970-10-01,"H.No. 40, Hans Path, Phagwara-096794",Delhi,India,2023-08-26
3634,Janya,Kannan,janya.kannan3634@yahoo.com,4343180213,1993-08-21,"63, Tata Zila, Bardhaman 860730",Tamil Nadu,India,2026-05-29
3635,Radhika,Kata,radhika.kata3635@hotmail.com,9118996184,1978-01-12,"30/78, Bassi Ganj, Junagadh-533567",Gujarat,India,2026-03-14
3636,Bishakha,Kalita,bishakha.kalita3636@hotmail.com,9889240911,1976-04-07,"H.No. 30, Ratti, Firozabad 175305",Karnataka,India,2025-01-08
3637,Waida,Raja,waida.raja3637@hotmail.com,0007359007,1994-11-22,"66, Dubey Road, Mau-063661",Uttar Pradesh,India,2025-06-28
3638,Faraj,Tripathi,faraj.tripathi3638@yahoo.com,6529904367,2007-05-31,"56, Wadhwa, Loni-367072",Assam,India,2025-12-19
3639,Ranveer,Gulati,ranveer.gulati3639@yahoo.com,5376077556,1982-07-05,"52, Soman Chowk, Satna-064491",Uttar Pradesh,India,2026-05-19
3640,Vincent,Gala,vincent.gala3640@gmail.com,3755876760,1998-12-21,"H.No. 983, Sarin, Chandigarh 576889",Uttar Pradesh,India,2025-03-10
3641,Shivansh,Kannan,shivansh.kannan3641@yahoo.com,7611821059,2008-01-05,"25/53, Rege Road, Chinsurah 005402",West Bengal,India,2025-07-16
3642,Anay,Mohan,anay.mohan3642@yahoo.com,9474816361,1983-07-07,"H.No. 784, Magar Path, Tadipatri-447724",Tamil Nadu,India,2023-07-09
3643,Harita,Mahajan,harita.mahajan3643@yahoo.com,4239028798,1979-10-03,"98, Mannan Street, Chapra-134033",Punjab,India,2024-12-03
3644,Wishi,Dhar,wishi.dhar3644@hotmail.com,2755718496,1983-12-19,"83/46, Rama, Kishanganj-139302",Tamil Nadu,India,2026-01-11
3645,Oscar,Raja,oscar.raja3645@gmail.com,7730546399,1988-03-16,"H.No. 905, Dara Circle, Nellore 797430",Uttar Pradesh,India,2024-05-24
3646,Chakradev,Krishna,chakradev.krishna3646@gmail.com,8912009088,1974-02-19,"635, Srinivasan Ganj, Jaunpur-501396",Maharashtra,India,2026-04-04
3647,Wakeeta,Singh,wakeeta.singh3647@gmail.com,8650736361,1978-09-01,"408, Lad Street, Bulandshahr-153533",Bihar,India,2023-01-11
3648,Deepa,Menon,deepa.menon3648@yahoo.com,1384177411,1997-01-07,"824, Saxena Circle, Pondicherry-209007",Gujarat,India,2025-01-01
3649,Triya,Chakraborty,triya.chakraborty3649@hotmail.com,7185077349,1974-11-30,"737, Rajagopalan Nagar, Baranagar 544455",Bihar,India,2023-06-06
3650,Rehaan,Chana,rehaan.chana3650@gmail.com,2289412987,1978-06-24,"48, Morar Circle, Ludhiana 177622",Madhya Pradesh,India,2024-05-19
3651,Veda,Chakrabarti,veda.chakrabarti3651@yahoo.com,1127710709,2008-07-30,"811, Sen Zila, Vasai-Virar 085010",Haryana,India,2025-11-05
3652,Nilima,Merchant,nilima.merchant3652@gmail.com,5650870797,1976-12-28,"H.No. 01, Batra Chowk, Ozhukarai 494682",Uttar Pradesh,India,2023-08-30
3653,Sachi,Ravi,sachi.ravi3653@yahoo.com,,2008-02-06,"44/625, Sani Path, Hapur 558243",Uttar Pradesh,India,2024-06-21
3654,Owen,Aurora,owen.aurora3654@hotmail.com,7337338862,1971-07-04,"91, Jani Path, Bhilwara 470337",Maharashtra,India,2025-09-10
3655,Agastya,Naik,,2523481350,2007-07-05,"32/820, Arora Chowk, Kirari Suleman Nagar-000781",West Bengal,India,2025-02-22
3656,Jacob,Buch,jacob.buch3656@hotmail.com,9483702952,1985-04-15,,Bihar,India,2024-01-23
3657,Viraj,Din,viraj.din3657@hotmail.com,3924098514,1979-02-11,"440, Raghavan Road, Bardhaman 869866",Odisha,India,2025-02-07
3658,Zaid,Manne,zaid.manne3658@yahoo.com,2808574124,1989-09-03,"39/159, Sundaram Nagar, Kolhapur-636772",Rajasthan,India,2026-04-24
3659,Oliver,Deshpande,oliver.deshpande3659@hotmail.com,6498683085,1988-03-08,"01/19, Hegde Zila, Berhampore-399248",Bihar,India,2024-01-19
3660,Aarav,Gour,aarav.gour3660@hotmail.com,0878704485,1979-01-07,"387, Sankaran Road, Gangtok-031584",Odisha,India,2023-05-24
3661,Kevin,Oak,kevin.oak3661@yahoo.com,4293831159,2000-01-15,,Uttar Pradesh,India,2026-02-17
3662,Vasatika,Tak,vasatika.tak3662@gmail.com,1306667981,1971-08-25,"29/716, Vohra Nagar, Hospet 865486",Uttar Pradesh,India,02/17/2025
3663,Zinal,Bhatti,zinal.bhatti3663@hotmail.com,5826924393,1986-05-25,"08/37, Seth Chowk, North Dumdum 993968",Gujarat,India,2023-12-19
3664,Warinder,Bahri,warinder.bahri3664@hotmail.com,3532961091,1979-03-27,"899, Amble Ganj, Kumbakonam-412778",Assam,India,2025-12-23
3665,Ekalinga,Nagar,ekalinga.nagar3665@hotmail.com,5920985202,1998-02-18,,Kerala,India,2026-04-21
3666,  Charles  ,Soni,charles.soni3666@hotmail.com,7198588661,1975-04-30,"H.No. 95, Bala Path, Malda 578496",Telangana,India,2023-09-15
3667,Saumya,Kanda,saumya.kanda3667@hotmail.com,8728788746,1999-08-28,"89/405, Sule Marg, Bilaspur-719615",Haryana,India,23-12-2023
3668,Tanveer,Patla,tanveer.patla3668@hotmail.com,6756255287,1973-05-16,"H.No. 73, Purohit Street, Panihati-347137",Tamil Nadu,India,2026-03-26
3669,Gavin,Nagi,gavin.nagi3669@gmail.com,2463531470,1996-10-08,"80, Chokshi Nagar, Dhule-591066",Rajasthan,India,2026-01-11
3670,Bhavna,Warrior,bhavna.warrior3670@gmail.com,7917202927,1991-05-27,"H.No. 50, Thaman Ganj, Gaya 781264",Delhi,India,2024-03-21
3671,Sai,Peri,,5189157923,1979-08-04,"07/05, Bose Circle, Bhopal-418590",Rajasthan,India,2026-04-11
3672,Upkaar,Kala,upkaar.kala3672@gmail.com,2378630142,1998-06-27,"H.No. 88, Narayanan Road, Surat-715241",Odisha,India,2023-08-24
3673,Kashvi,Batta,kashvi.batta3673@yahoo.com,4410750920,1971-02-13,"H.No. 27, Ram Chowk, Indore 900366",Rajasthan,India,2024-03-09
3674,Chatura,Goyal,chatura.goyal3674@yahoo.com,6449187627,1991-03-26,"H.No. 63, Saini Chowk, Tinsukia-391121",Bihar,India,2024-06-02
3675,Brinda,Shan,brinda.shan3675@yahoo.com,2047470324,1980-06-12,"69/647, Kala Marg, Bhavnagar 414124",Gujarat,India,2024-02-02
3676,Krishna,Om,krishna.om3676@gmail.com,89389-90254,1987-02-22,"076, Lanka Nagar, Saharsa-626745",delhi,India,2025-01-04
3677,Janya,Hayre,janya.hayre3677@yahoo.com,1824258055,2004-05-27,"397, Nadkarni Street, Rourkela 606972",Bihar,India,2025-12-17
3678,Manbir,Shetty,manbir.shetty3678@gmail.com,0095515091,1983-02-08,"13/80, Mall Path, Sonipat-226957",West Bengal,India,2023-03-22
3679,Falak,Srinivasan,falak.srinivasan3679@yahoo.com,4950185387,1982-12-31,"75/87, Pandit Ganj, Madhyamgram-097090",Gujarat,India,2025-08-11
3680,Krishna,Gara,krishna.gara3680@yahoo.com,4345397277,1991-04-05,"72/619, Randhawa Road, Suryapet-463707",Kerala,India,2024-09-23
3681,Thomas,Biswas,thomas.biswas3681@yahoo.com,6182090892,1997-12-01,"11/73, Bobal Chowk, Muzaffarnagar-918080",Rajasthan,India,2026-03-22
3682,Harrison,Bava,harrison.bava3682@yahoo.com,5366427742,1981-01-24,"21, Bedi Marg, Anand-211813",Odisha,India,2026-08-06
3683,Yadavi,Dhawan,yadavi.dhawan3683@hotmail.com,6301964259,1982-11-24,"75, Jain Marg, Sonipat 068246",Maharashtra,India,2024-05-13
3684,Kamya,Mohanty,kamya.mohanty3684@yahoo.com,5146829886,1980-03-08,"44/125, Setty Chowk, Navi Mumbai-708640",Odisha,India,2024-05-31
3685,Gauri,Saxena,gauri.saxena3685@yahoo.com,6508598594,1977-04-20,"731, Gour Circle, Jammu 454211",West Bengal,India,2026-03-01
3686,Adweta,Sagar,adweta.sagar3686@hotmail.com,6263391265,1986-12-12,"124, Chandran Nagar, Kochi-148729",Tamil Nadu,India,2026-04-28
3687,Ria,Sarin,ria.sarin3687@gmail.com,7759886422,1976-05-23,"56, Saxena, Moradabad-379140",West Bengal,India,2025-07-22
3688,Oscar,Sarma,oscar.sarma3688@hotmail.com,1046795563,1975-01-11,"236, Garg Road, Malda 406497",Uttar Pradesh,India,2023-04-03
3689,Aishani,Singhal,aishani.singhal3689@yahoo.com,1171251811,1986-01-25,"99/18, Deshmukh Marg, Noida-387216",Karnataka,India,2026-05-04
3690,Jagat,Naik,jagat.naik3690@hotmail.com,00921101938,1988-09-11,"896, Cherian Chowk, Asansol 470967",Karnataka,India,2024-10-09
3691,Lila,Yohannan,lila.yohannan3691@gmail.com,1073799649,1985-04-20,"89/828, Gade Marg, Gudivada 632939",Gujarat,India,2024-06-19
3692,Hemal,Wadhwa,hemal.wadhwa3692@gmail.com,1149224299,1992-06-24,"H.No. 284, Ganesan Chowk, Bhusawal 042517",Rajasthan,India,2023-09-09
3693,Amruta,Raghavan,amruta.raghavan3693@gmail.com,8924452678,1981-09-15,"83/342, Nigam Street, Belgaum 417881",Karnataka,India,2023-04-23
3694,Qabil,Mitra,qabil.mitra3694@hotmail.com,4394799828,1971-02-18,"87, Gera Road, Bhubaneswar 813729",Bihar,India,2025/11/16
3695,Mitesh,Batra,mitesh.batra3695@gmail.com,21378-70313,1978-06-11,"435, Bath Zila, Darbhanga-418652",KERALA,India,2026-02-11
3696,Samuel,Nazareth,samuel.nazareth3696@hotmail.com,9222688084,1972-01-01,"H.No. 686, Gokhale Road, Tirupati 335866",Kerala,India,2025-12-15
3697,Bhavini,Lad,bhavini.lad3697@gmail.com,4181958966,1995-11-07,"H.No. 367, Dewan Chowk, Deoghar-933724",Maharashtra,India,2023-01-06
3698,Lakshmi,Narang,,9672769192,1972-03-21,"809, Varughese Circle, Madhyamgram 854550",Gujarat,India,2026-01-16
3699,Nihal,Iyer,nihal.iyer3699@gmail.com,3604144920,1993-08-02,"925, Sangha Ganj, Gudivada 286288",Rajasthan,India,2026/02/11
3700,Gaurangi,Kapoor,gaurangi.kapoor3700@yahoo.com,8413529664,1982-12-18,"H.No. 181, Raju Path, Gorakhpur-344143",Haryana,India,2025-02-20
3701,Sachi,Date,sachi.date3701@hotmail.com,5676840371,1993-07-30,"486, Kapoor Street, Bongaigaon 040610",Maharashtra,India,2023-11-19
3702,Praneel,Bir,praneel.bir3702@yahoo.com,7695644793,1997-02-09,"H.No. 66, Roy Nagar, Nashik-153659",Tamil Nadu,India,2026-06-30
3703,Arin,Soman,arin.soman3703@hotmail.com,5425189714,1971-08-30,"96/13, Khare Zila, Gwalior-910756",Telangana,India,2026-05-29
3704,Mohammed,Loke,mohammed.loke3704@gmail.com,5024987020,2005-05-10,"34/65, Muni Marg, Bhatpara-165336",Assam,India,2024/10/06
3705,Gaurika,Swamy,gaurika.swamy3705@hotmail.com,4138870305,1978-05-18,"10/494, Keer Nagar, Alwar 056256",Karnataka,India,2024-09-24
3706,Arin,Singh,arin.singh3706@gmail.com,2174065756,1973-12-31,"715, Thaker Road, Raipur-302332",DELHI,India,2024-05-27
3707,Michael,Tara,michael.tara3707@hotmail.com,9115519250,1993-10-02,"H.No. 67, Narain, Amroha-592725",Bihar,India,2024-08-28
3708,Tejas,Chawla,tejas.chawla3708@gmail.com,9550349028,1988-07-18,,Maharashtra,India,2025-01-23
3709,Damyanti,Bains,damyanti.bains3709@yahoo.com,1336797274,1994-06-29,"19/062, Mukherjee Road, Bally 738178",Kerala,India,2025-05-06
3710,Qadim,Sawhney,qadim.sawhney3710@hotmail.com,4472101493,1979-12-24,"06, Tailor Path, Hajipur 136105",West Bengal,India,2023-09-22
3711,Ayush,Dhar,ayush.dhar3711@hotmail.com,2401951589,1994-04-26,"65/06, Tailor Ganj, Kozhikode-276972",Bihar,India,2025-10-16
3712,Anirudh,Ramaswamy,anirudh.ramaswamy3712@hotmail.com,4362473450,2001-04-16,"34/23, Pillay Ganj, Tiruchirappalli-687350",Kerala,India,2023-05-18
3713,Yashvi,Butala,yashvi.butala3713@yahoo.com,3545877104,1979-09-17,"555, Date Ganj, Tinsukia 690125",Gujarat,India,2024/01/26
3714,Rajeshri,Anne,rajeshri.anne3714@yahoo.com,4574655886,1991-12-21,"34/92, Shankar Nagar, Firozabad-434935",Delhi,India,2026-07-12
3715,Orinder,Gara,orinder.gara3715@hotmail.com,9641863673,2000-01-18,"H.No. 89, Badal Ganj, Surat-049124",Uttar Pradesh,India,2025-01-28
3716,Champak,Madan,champak.madan3716@hotmail.com,,1974-12-26,"58, Deol Street, Purnia 204336",Haryana,India,2025-11-11
3717,Logan,Chaudry,logan.chaudry3717@yahoo.com,0698835200,2005-08-20,"H.No. 321, Krish Road, Thoothukudi-198221",Gujarat,India,2026-01-09
3718,Panini,Tata,panini.tata3718@gmail.com,,1996-09-30,"99, Jain Chowk, Bettiah 256262",Delhi,India,2023-02-01
3719,Saanvi,Ranganathan,saanvi.ranganathan3719@gmail.com,5581742441,1979-05-12,"44/783, Ravel Street, Rampur-443014",Tamil Nadu,India,2026/07/20
3720,Warda,Sahni,warda.sahni3720@gmail.com,4764390574,2001-10-27,"33/641, Barad, Sirsa-305010",Telangana,India,2026-01-03
3721,Elijah,Chaudhari,elijah.chaudhari3721@gmail.com,1697816864,2008-01-21,"223, Peri Zila, Hazaribagh 423281",Assam,India,2026-04-01
3722,Ranbir,Chawla,ranbir.chawla3722@hotmail.com,4569425822,1975-09-20,"H.No. 714, D’Alia Street, Kochi-520941",Madhya Pradesh,India,2025-05-08
3723,Ekansh,Varghese,ekansh.varghese3723@yahoo.com,8621803530,2001-07-24,"H.No. 33, Oommen Marg, Haridwar 190114",Karnataka,India,2026-04-07
3724,Chaaya,Singhal,chaaya.singhal3724@hotmail.com,,1976-10-27,"44, Bandi Ganj, Ramgarh 560872",Karnataka,India,2024-05-04
3725,Kala,Parmer,kala.parmer3725@gmail.com,4104524278,1983-05-05,"54/534, Sem, Phusro-779954",Punjab,India,2023-07-24
3726,Maanas,Pillai,maanas.pillai3726@hotmail.com,9557232550,1975-12-04,"H.No. 24, Memon, Delhi-257735",Gujarat,India,2026-06-07
3727,Nicholas,Krishnan,nicholas.krishnan3727@gmail.com,1598666746,2005-04-11,"732, Upadhyay Circle, Jamnagar-842023",West Bengal,India,2023-08-03
3728,  Dayita  ,Mukherjee,dayita.mukherjee3728@gmail.com,9917244014,1980-05-28,"49/304, Chaudhary Path, Arrah-497813",Tamil Nadu,India,2024-09-27
3729,Ekbal,Nayak,ekbal.nayak3729@yahoo.com,4872398579,1980-11-17,"159, Chaudhary, Vadodara 538167",Delhi,India,2024-05-08
3730,Kala,Dyal,kala.dyal3730@hotmail.com,7789451007,1995-11-07,"03, Bhatt Road, Cuttack-799395",Madhya Pradesh,India,2026-05-30
3731,Jairaj,Rao,jairaj.rao3731@yahoo.com,5594958339,2005-08-17,"187, Iyer Path, Chittoor 226782",Delhi,India,2024-07-10
3732,Abha,Gupta,abha.gupta3732@yahoo.com,0674716956,1981-05-30,"85, Sur Nagar, Rampur 156739",Haryana,India,2024-04-27
3733,Mason,Sankar,mason.sankar3733@gmail.com,3007462926,1991-08-09,"421, Ravel Road, Nagercoil 882222",Rajasthan,India,2024-12-15
3734,Ishani,Sha,,0495225417,1986-11-04,"237, Grover Path, Madurai 319210",Assam,India,2026-01-12
3735,Dayamai,Grover,dayamai.grover3735@hotmail.com,5817197798,1986-08-26,"004, Chhabra Zila, Junagadh 806526",Punjab,India,2024-07-29
3736,Vyanjana,Raj,vyanjana.raj3736@gmail.com,4166720170,1987-10-04,"410, Uppal Street, Haridwar 071346",Maharashtra,India,2025-09-29
3737,  Gaurangi  ,Venkataraman,gaurangi.venkataraman3737@gmail.com,9416677205,1991-03-06,"H.No. 761, Prashad Path, Guwahati 654630",Gujarat,India,2026-02-25
3738,Xiti,Gupta,xiti.gupta3738@hotmail.com,7011548908,1980-11-18,"00/33, Dixit Road, Dewas 586409",West Bengal,India,2026-05-22
3739,  Divya  ,Garg,divya.garg3739@gmail.com,4628862526,1980-07-14,"86/013, Mishra Chowk, Kishanganj 011899",Kerala,India,2025-12-23
3740,Siya,Chopra,siya.chopra3740@hotmail.com,7196914084,2000-07-30,"H.No. 732, Vig, Dibrugarh 417312",Punjab,India,2023-12-18
3741,  Vihaan  ,Tripathi,vihaan.tripathi3741@gmail.com,0404097310,1988-04-04,"H.No. 69, Borra Nagar, Ghaziabad 933534",Haryana,India,2024-04-20
3742,Chakradhar,Srinivasan,chakradhar.srinivasan3742@yahoo.com,1328428642,1974-02-01,,Kerala,India,2024-09-26
3743,Falak,Lanka,falak.lanka3743@hotmail.com,5025717601,1981-11-19,"H.No. 56, Rout, Thanjavur 404928",Uttar Pradesh,India,2026-03-04
3744,Unnati,Nayak,unnati.nayak3744@gmail.com,6254525312,1985-11-05,"H.No. 32, Chad Chowk, Ambala 690454",Odisha,India,2026-02-22
3745,Omkaar,Arora,omkaar.arora3745@hotmail.com,8467449859,2004-12-03,"86, Virk Nagar, Bettiah 666632",Rajasthan,India,2025-03-05
3746,Lila,Murty,lila.murty3746@hotmail.com,6906527538,1972-04-05,"98/06, Sanghvi Marg, Gandhinagar 001712",Rajasthan,India,2024-02-16
3747,Krishna,Purohit,krishna.purohit3747@hotmail.com,7287575483,1983-06-13,"H.No. 15, Luthra Zila, Ozhukarai-219093",Kerala,India,2025-03-10
3748,Manbir,Rama,manbir.rama3748@hotmail.com,7442882761,1981-08-26,"90/800, Bandi Marg, Thoothukudi 026943",Delhi,India,2026-01-21
3749,Ranveer,Goyal,ranveer.goyal3749@gmail.com,5706509409,1980-01-15,"92, Muni Marg, Hazaribagh 830336",Assam,India,2026-02-12
3750,Oscar,Palla,oscar.palla3750@gmail.com,7564316294,1974-03-28,"083, Kapoor Marg, Anantapuram-493399",Tamil Nadu,India,2026-06-17
3751,Deepa,Dutta,deepa.dutta3751@yahoo.com,0140738780,2005-07-30,"47, Borde, Kadapa-996007",Maharashtra,India,2025-09-14
3752,Chasmum,Sachdev,chasmum.sachdev3752@gmail.com,3269879664,1973-07-18,"44/325, Lanka Marg, Chittoor-288758",Maharashtra,India,2023-04-05
3753,Charan,Chaudhary,charan.chaudhary3753@yahoo.com,7622381937,2003-11-29,"80/198, Zachariah Path, Avadi 935962",Kerala,India,2026-01-16
3754,Harini,Mannan,harini.mannan3754@gmail.com,7826373527,1976-09-08,"25, Ramanathan Path, Sambalpur-208056",Maharashtra,India,2026-02-27
3755,Laban,Vora,laban.vora3755@yahoo.com,4717444491,1990-09-07,"H.No. 618, Bhasin Circle, Kirari Suleman Nagar 786156",Assam,India,12-07-2024
3756,Aarna,Kumar,aarna.kumar3756@gmail.com,4060437822,2006-04-20,"H.No. 930, Andra Path, Raiganj-925667",Tamil Nadu,India,2024-05-25
3757,Bhavya,Aurora,bhavya.aurora3757@hotmail.com,0477941696,2008-06-21,"74, Seth, Bahraich 681436",Rajasthan,India,2026-08-01
3758,Sneha,Khurana,sneha.khurana3758@yahoo.com,3334189209,2006-10-14,"87/11, Mishra Circle, Mumbai-275418",West Bengal,India,2024-11-08
3759,Teerth,Bandi,teerth.bandi3759@hotmail.com,5846528651,2008-05-21,"H.No. 15, Sheth Zila, Mumbai 353080",Karnataka,India,2026-02-09
3760,Girish,Kota,girish.kota3760@gmail.com,0946926962,1997-12-18,"25/01, Agate Path, Naihati 973742",Punjab,India,2026-05-27
3761,Sudiksha,Kari,sudiksha.kari3761@yahoo.com,2761286351,1970-11-20,"H.No. 68, Garde Road, Udaipur 555553",Kerala,India,2024-07-22
3762,Ira,Issac,ira.issac3762@hotmail.com,9772326418,2004-05-10,"00/253, Kumar, Begusarai 960895",Bihar,India,2026-03-13
3763,Ria,Sastry,,4288407080,2005-03-28,"H.No. 507, Pradhan Street, Nangloi Jat-043968",West Bengal,India,2024-03-21
3764,Triya,Bhakta,triya.bhakta3764@gmail.com,1813091845,1981-03-11,"869, Varty Street, Pali 453590",Kerala,India,2023-08-20
3765,Gautami,Bhakta,gautami.bhakta3765@yahoo.com,4617882696,2006-08-23,"667, Iyengar Street, Firozabad-843272",Delhi,India,2025-02-17
3766,Alexander,Chowdhury,alexander.chowdhury3766@yahoo.com,2013654883,1985-10-14,"089, Sarma Path, Amritsar 505520",Bihar,India,2025-05-31
3767,Samaksh,Bahri,samaksh.bahri3767@gmail.com,4830305232,1989-01-12,"H.No. 33, Suri Marg, Ghaziabad-951418",Maharashtra,India,2026-01-22
3768,Ati,Vig,ati.vig3768@gmail.com,4312755756,2005-04-26,"H.No. 666, Gera Zila, Aurangabad-994338",Madhya Pradesh,India,2026-06-22
3769,Ishanvi,Nanda,ishanvi.nanda3769@yahoo.com,9651494680,1984-06-01,"H.No. 57, Brahmbhatt Chowk, Ballia-383183",Tamil Nadu,India,2025-01-24
3770,Bishakha,Raghavan,bishakha.raghavan3770@yahoo.com,8881503785,1981-08-03,"H.No. 43, Bera Zila, Bhusawal-624227",Maharashtra,India,2023-03-07
3771,Vrinda,Ratta,vrinda.ratta3771@hotmail.com,0819205785,1980-10-07,"501, Mody Ganj, Vellore-228652",Delhi,India,2026-04-09
3772,Darika,D’Alia,darika.d’alia3772@gmail.com,7950305105,1972-03-22,"540, Yohannan Street, Tadepalligudem-823204",Madhya Pradesh,India,2025-04-15
3773,Barkha,Om,barkha.om3773@hotmail.com,0274897524,2006-11-09,"28, Bal, Hindupur-831309",Maharashtra,India,2026-02-15
3774,Riya,Warrior,riya.warrior3774@yahoo.com,7922130172,1992-07-17,"H.No. 21, Bhat Street, Sangli-Miraj & Kupwad 528018",Kerala,India,2024-12-16
3775,Tanvi,Bumb,tanvi.bumb3775@hotmail.com,9055449141,1977-09-13,"H.No. 27, Choudhary, Korba-530334",Gujarat,India,2026-04-19
3776,Panini,Sarin,panini.sarin3776@gmail.com,5662556180,1993-11-17,"H.No. 59, Dubey, Dibrugarh-831602",Haryana,India,2026-05-11
3777,Bhavna,Lalla,bhavna.lalla3777@hotmail.com,4111679652,2003-06-05,"H.No. 34, Sarna Marg, Bhopal-342872",Gujarat,India,2023-08-09
3778,Pranav,Chhabra,pranav.chhabra3778@gmail.com,6112384769,2008-04-07,"74/793, Lanka Street, Khammam 348629",Assam,India,2025-02-25
3779,Unni,Sur,,7492850636,2000-01-04,"H.No. 532, Sarin Street, Hospet-607964",West Bengal,India,2025-10-15
3780,Riya,Hora,riya.hora3780@gmail.com,9291389419,2000-02-21,"686, Parsa Path, Thane-741961",Punjab,India,2025-09-26
3781,Christopher,Kumar,christopher.kumar3781@yahoo.com,,1981-09-16,"532, Bhagat Road, Bijapur-615845",Punjab,India,2026-01-21
3782,Darika,Sandal,darika.sandal3782@gmail.com,1726788706,2008-05-31,"93/066, Shan Street, Shimla 857411",Odisha,India,2026-01-03
3783,Arin,Dutta,arin.dutta3783@gmail.com,1383339578,2003-11-02,"372, Sura Path, Ludhiana-263800",Assam,India,2026-06-25
3784,Frederick,Khalsa,frederick.khalsa3784@yahoo.com,8079819001,1975-04-27,"34, Dada Nagar, Firozabad-918574",Rajasthan,India,2026-03-11
3785,Jeremiah,Chakraborty,jeremiah.chakraborty3785@yahoo.com,,1994-12-02,"91/422, Samra Ganj, Gandhinagar 643515",Tamil Nadu,India,2024-07-10
3786,Oscar,Goswami,oscar.goswami3786@gmail.com,5208274810,1980-01-11,"84, Borra Path, Parbhani 584275",Maharashtra,India,2023-12-08
3787,Adweta,Choudhry,adweta.choudhry3787@gmail.com,1599388864,1990-02-11,"385, Mistry Ganj, Saharanpur-873763",Karnataka,India,2025-01-25
3788,Aditya,Dayal,aditya.dayal3788@gmail.com,1782174533,2006-01-27,"15/808, Memon Zila, Akola-296978",Maharashtra,India,2026-05-27
3789,Nitara,Bail,nitara.bail3789@hotmail.com,6201335775,1982-06-27,"93, Goda, Bongaigaon 234300",Gujarat,India,2026-08-20
3790,Tripti,Konda,tripti.konda3790@gmail.com,8072716835,1991-05-21,"71, Kunda Road, Khammam-056170",Bihar,India,2025-11-03
3791,Oni,Kumer,oni.kumer3791@gmail.com,8286700626,1984-07-03,"096, Rau Road, Kishanganj 422424",Punjab,India,2026-07-12
3792,Inaya,Kapadia,inaya.kapadia3792@yahoo.com,6978118750,2000-11-12,"51/33, Lad Street, Rajpur Sonarpur-332129",Punjab,India,2026-08-22
3793,Gavin,Kota,gavin.kota3793@hotmail.com,+91-2551160764,1998-06-24,"368, Choudhry Path, Guwahati-492010",Uttar Pradesh,India,2023-07-07
3794,Ishaan,Dhar,ishaan.dhar3794@gmail.com,4476838580,1981-03-14,"H.No. 27, Bail Zila, Nashik-897171",Maharashtra,India,2023-10-17
3795,Forum,Sachdev,forum.sachdev3795@hotmail.com,7542431632,1978-06-02,"65/112, Thakkar Ganj, Agra 502434",Rajasthan,India,2026-06-08
3796,Nisha,Seth,nisha.seth3796@yahoo.com,8543811507,2008-04-28,"H.No. 896, Dayal Path, Bhusawal 304763",Uttar Pradesh,India,2026-04-08
3797,Dipta,Keer,dipta.keer3797@hotmail.com,0756613137,1994-09-17,"H.No. 034, Goswami Street, Guwahati-929175",Bihar,India,2024-03-13
3798,Rachana,Ranganathan,rachana.ranganathan3798@gmail.com,0288703373,1976-11-23,"59/469, Batra Marg, Kollam 409440",delhi,India,2025-10-14
3799,Zaitra,Mall,zaitra.mall3799@gmail.com,3438563907,1979-11-02,"77, Natarajan Marg, Chennai 366653",Assam,India,2025-12-25
3800,Anvi,Mahal,anvi.mahal3800@gmail.com,2154385304,2000-06-02,"H.No. 702, Halder Ganj, Solapur-370307",Bihar,India,2024-11-23
3801,Naksh,Shukla,naksh.shukla3801@gmail.com,8809680759,1982-01-11,"250, Rana Ganj, Amroha-093980",Gujarat,India,2026-01-16
3802,Xiti,Murty,xiti.murty3802@gmail.com,5736477150,1979-04-20,"430, Mani, Karaikudi-085858",uttar pradesh,India,2026-06-08
3803,Geetika,Keer,geetika.keer3803@hotmail.com,7881847849,1977-09-17,"26, Bhatia Path, Vellore-939723",Haryana,India,2025-04-23
3804,Darsh,Dutta,darsh.dutta3804@yahoo.com,9485454149,2008-01-05,"30/40, Pandey Road, Begusarai-192927",Maharashtra,India,2025-09-24
3805,Simon,Balasubramanian,simon.balasubramanian3805@gmail.com,5784930942,2001-02-10,"H.No. 39, Bahl, Pune-197765",Haryana,India,2026-05-26
3806,  Isaiah  ,Sibal,isaiah.sibal3806@yahoo.com,2942921759,1972-06-10,"841, Tripathi Street, Imphal 732637",Bihar,India,2026-03-02
3807,Wakeeta,Kannan,,03544-43775,2003-11-27,"95, Panchal Road, Hindupur-114499",West Bengal,India,2024-10-08
3808,Abdul,Ramesh,abdul.ramesh3808@gmail.com,0225856646,1984-07-05,"H.No. 564, Devi Path, Sultan Pur Majra-498434",West Bengal,India,2025-07-03
3809,Frederick,Randhawa,frederick.randhawa3809@yahoo.com,8077345130,1991-01-22,"H.No. 835, Kala, Rampur-972794",Madhya Pradesh,India,2025-05-17
3810,Brinda,Om,brinda.om3810@gmail.com,0050682616,1986-09-11,"777, Naidu Chowk, Machilipatnam-601872",Karnataka,India,2025-06-26
3811,Girik,Doshi,girik.doshi3811@hotmail.com,1357996400,1996-12-13,"85, Karpe Nagar, Ichalkaranji 261025",Assam,India,2026-04-21
3812,Jasmit,Shroff,jasmit.shroff3812@yahoo.com,2718518619,2002-08-09,"H.No. 79, Mutti Road, Barasat 123022",West Bengal,India,2026-02-20
3813,Ishwar,Shankar,ishwar.shankar3813@yahoo.com,3592468120,1974-11-03,"17/84, Krishna Street, Adoni 555847",Tamil Nadu,India,2026-06-10
3814,Zaid,Ramachandran,zaid.ramachandran3814@gmail.com,9115576306,1975-02-28,"61/989, Ranganathan Nagar, Muzaffarpur-693269",Madhya Pradesh,India,2024-04-08
3815,Kai,Vora,kai.vora3815@gmail.com,2229812489,2001-12-11,"H.No. 36, Krishnamurthy Nagar, Hapur 739538",Punjab,India,2025-05-04
3816,Lajita,Krishnan,,1339736911,1987-11-25,"173, Agarwal Nagar, Loni-403563",Delhi,India,2026-05-20
3817,Varenya,Talwar,varenya.talwar3817@gmail.com,4765253863,1972-05-21,"921, Cheema Nagar, Kulti 915748",Uttar Pradesh,India,2026-03-26
3818,Luke,Nagy,luke.nagy3818@hotmail.com,6328052572,2005-05-02,"289, Mukhopadhyay, Korba 962877",Bihar,India,08 Dec 2023
3819,Omkaar,Srinivasan,omkaar.srinivasan3819@hotmail.com,2323216787,1997-05-17,"H.No. 074, Mani Path, Ramagundam 951746",Delhi,India,2025-07-19
3820,Vasana,Deo,vasana.deo3820@hotmail.com,9920165826,1978-11-14,"830, Kala Chowk, Hazaribagh-758406",Karnataka,India,2023-07-18
3821,Kabir,Pandey,kabir.pandey3821@gmail.com,2528215183,1973-09-07,"859, Cheema Ganj, Kottayam 075903",Kerala,India,2023-04-09
3822,Adweta,Mandal,adweta.mandal3822@yahoo.com,2124898790,2007-02-17,"59/71, Vala Path, Aurangabad 481204",Karnataka,India,2026-01-14
3823,Andrew,Kibe,andrew.kibe3823@yahoo.com,8855237361,1978-05-26,"90/37, Kar Street, Vasai-Virar 311399",Telangana,India,2024-01-29
3824,Logan,Sachdev,logan.sachdev3824@yahoo.com,5508727394,1984-06-01,"H.No. 212, Divan Street, Raurkela Industrial Township-555215",Kerala,India,2023-11-19
3825,Sneha,Vasa,sneha.vasa3825@gmail.com,5508637679,2004-06-14,"939, Varty Ganj, Kurnool 220749",Rajasthan,India,2023-07-28
3826,Ryan,Doctor,ryan.doctor3826@gmail.com,53514-98422,2006-01-18,"207, Bhalla, Guna 473646",West Bengal,India,2026-08-15
3827,Waida,Ramanathan,waida.ramanathan3827@hotmail.com,2228074022,1975-12-05,"13/24, Swaminathan Marg, Hosur-845498",Telangana,India,2023-07-08
3828,Aadhya,Sarma,aadhya.sarma3828@gmail.com,2592675731,2005-12-11,"15, Khosla Street, Bidar 936814",Punjab,India,2024-09-10
3829,Amruta,Chaudry,amruta.chaudry3829@gmail.com,4335796122,2000-04-24,"H.No. 34, Minhas Nagar, Warangal-155097",Odisha,India,2024-01-30
3830,Hritik,Ghose,hritik.ghose3830@hotmail.com,3732157162,1985-10-01,"60/843, Tandon Zila, Muzaffarpur-665202",Bihar,India,2026/07/26
3831,George,Sinha,george.sinha3831@hotmail.com,7371239130,1992-11-03,"918, Mitra Path, Siwan 751537",Maharashtra,India,2025-11-02
3832,Dhruv,Wali,dhruv.wali3832@gmail.com,6407448627,1987-06-22,"13, Ramesh Ganj, Raurkela Industrial Township-751604",Assam,India,2025-02-17
3833,Lekha,Din,lekha.din3833@yahoo.com,2832570236,2007-04-30,"72, Vala, Jaunpur 629272",Delhi,India,2026-08-31
3834,Ekapad,Kashyap,ekapad.kashyap3834@gmail.com,4804263481,1975-05-10,"H.No. 83, Malhotra Ganj, Jalandhar 289891",Telangana,India,2026-02-04
3835,Maya,Mukhopadhyay,maya.mukhopadhyay3835@hotmail.com,2000338932,1995-10-09,"331, Bassi Road, Ramgarh-198146",Telangana,India,2023-09-26
3836,Lila,Nair,lila.nair3836@yahoo.com,9759938516,1995-09-24,"H.No. 122, Chaudry Path, Ozhukarai 858783",Odisha,India,2023-04-10
3837,Naveen,Vohra,naveen.vohra3837@gmail.com,6575219973,1979-03-20,"75/29, Sant Nagar, Motihari-018178",Kerala,India,2024-03-08
3838,Kamya,Issac,kamya.issac3838@gmail.com,8146365589,1991-02-18,"63, Virk Ganj, Chinsurah-334438",Madhya Pradesh,India,2024-03-28
3839,Dalaja,Hegde,dalaja.hegde3839@hotmail.com,8448235656,1983-12-03,"H.No. 006, Date Circle, Agra-912581",Odisha,India,2023-10-06
3840,Christopher,Ravi,christopher.ravi3840@gmail.com,5244007979,1972-07-27,"421, Bose Path, Udaipur 462627",Karnataka,India,2023-03-26
3841,Anjali,Mand,anjali.mand3841@gmail.com,0912611108,2006-12-02,"32/89, Iyengar Zila, Kishanganj-060364",Uttar Pradesh,India,2025-01-01
3842,Odika,Roy,odika.roy3842@hotmail.com,6220820985,1991-11-08,"99/60, Parekh Road, Bahraich 292497",Kerala,India,2026-05-02
3843,Ishita,Gopal,,0115180236,1989-10-11,"H.No. 760, Hayre Zila, Jalgaon 797538",Haryana,India,2023-09-11
3844,Gaurika,Yohannan,gaurika.yohannan3844@gmail.com,6022940583,1978-11-23,"54/569, Prakash Marg, Bikaner-163393",Karnataka,India,2024-04-07
3845,Zarna,Ramaswamy,zarna.ramaswamy3845@gmail.com,5812691741,1984-06-29,"H.No. 511, Bali, Dibrugarh 857044",Delhi,India,2026-06-01
3846,Tanvi,Balakrishnan,tanvi.balakrishnan3846@hotmail.com,1845060530,1976-12-15,"H.No. 52, Minhas Street, Jodhpur 255153",Kerala,India,2026-03-28
3847,Ladli,Peri,ladli.peri3847@yahoo.com,3656766660,1989-12-05,"93/18, Rama Road, Darbhanga 464196",Delhi,India,2023-07-22
3848,Varenya,Dyal,varenya.dyal3848@yahoo.com,,1973-09-17,"11/987, Suresh Nagar, Tiruchirappalli 210881",Punjab,India,2026-02-18
3849,Kamala,Vyas,kamala.vyas3849@hotmail.com,1713774430,1982-05-12,"22/65, Zachariah Path, Aligarh 692187",Telangana,India,2026-05-02
3850,Fitan,Hari,fitan.hari3850@hotmail.com,6715355213,1980-03-12,"81/441, Munshi Circle, Chandrapur 882692",Tamil Nadu,India,2026-07-23
3851,Samaksh,Bedi,samaksh.bedi3851@yahoo.com,7129341455,1989-12-02,"23/91, Andra, Gandhidham 031604",Assam,India,2026-08-26
3852,Pushti,Mishra,pushti.mishra3852@hotmail.com,6957295278,2002-12-01,"86/16, Rao Street, Begusarai 507250",Karnataka,India,2025-03-29
3853,Adya,Wali,adya.wali3853@hotmail.com,7171770748,1991-11-30,"H.No. 912, Bhargava Nagar, Gulbarga 285874",Assam,India,2023-03-24
3854,Yash,Johal,yash.johal3854@yahoo.com,0297896928,1988-01-10,"H.No. 63, Chowdhury Circle, Mahbubnagar-336363",RAJASTHAN,India,2026-04-04
3855,Bhavna,Krishna,bhavna.krishna3855@gmail.com,0696665246,1974-04-28,"202, Nagy Path, Dibrugarh-503244",Kerala,India,2024-08-02
3856,  Oeshi  ,Shan,oeshi.shan3856@gmail.com,8772067627,1997-08-03,"24/76, Mitter Circle, Tinsukia 289572",Odisha,India,2026-09-09
3857,Vincent,Ravel,vincent.ravel3857@gmail.com,9495914143,1998-05-20,"53/33, Gulati Road, Mumbai-038010",Uttar Pradesh,India,2024-08-06
3858,Tanveer,Rattan,tanveer.rattan3858@hotmail.com,2115889708,1980-11-17,"76/363, Din Marg, Vijayawada-600642",Gujarat,India,2026-05-05
3859,Onveer,Seshadri,onveer.seshadri3859@gmail.com,2062784207,1996-05-11,"H.No. 901, Konda, Bhagalpur-767672",Kerala,India,2025-06-13
3860,Yashawini,Sibal,yashawini.sibal3860@gmail.com,4704483807,2006-06-27,"H.No. 454, Kulkarni Chowk, Sangli-Miraj & Kupwad-212083",Maharashtra,India,2024-08-18
3861,Turvi,Bains,turvi.bains3861@gmail.com,6433284222,1970-11-30,"H.No. 10, Kalla Street, Korba 680873",Bihar,India,2025-12-26
3862,Baljiwan,Oommen,baljiwan.oommen3862@gmail.com,9032799462,1994-12-17,"59, Keer Street, Nagaon-180741",Delhi,India,2025-03-02
3863,Anthony,Garde,anthony.garde3863@gmail.com,2584872057,1972-09-05,"68, Date Marg, Aizawl 380917",Madhya Pradesh,India,2025-09-12
3864,Gaurika,Pillai,gaurika.pillai3864@yahoo.com,7967414571,1987-03-24,,Maharashtra,India,2025-03-17
3865,Aarush,Tara,aarush.tara3865@gmail.com,01500280573,2005-10-16,"H.No. 828, Srivastava Road, Bhavnagar 974244",West Bengal,India,2024-01-02
3866,Ayushman,Pingle,ayushman.pingle3866@yahoo.com,2375620103,1996-11-26,"91/65, Chacko Path, Agartala-347494",Haryana,India,2023-03-29
3867,Gautam,Parikh,gautam.parikh3867@yahoo.com,3844277332,1996-12-04,"24, Varughese Circle, Amravati 694692",Madhya Pradesh,India,2024-03-22
3868,Zashil,Datta,zashil.datta3868@yahoo.com,8943820328,1985-02-05,"H.No. 81, Narain Marg, Cuttack 927239",Kerala,India,2025-12-04
3869,Urvi,Deol,urvi.deol3869@yahoo.com,6004045899,1992-05-08,"81/70, Sarna Ganj, Srikakulam-150621",Telangana,India,2025-08-18
3870,  Leena  ,Dar,leena.dar3870@gmail.com,5163307342,2003-10-25,"073, Khosla Marg, Bhusawal-978483",Gujarat,India,2025-03-18
3871,Abhimanyu,Bassi,abhimanyu.bassi3871@gmail.com,9186805969,1986-06-09,"H.No. 725, Nadkarni Zila, Khandwa-355476",Madhya Pradesh,India,2023-10-20
3872,Aahana,Bala,aahana.bala3872@hotmail.com,1630823451,2006-03-21,"H.No. 00, Thaman Zila, Bongaigaon 591070",Telangana,India,2026-01-21
3873,Urvi,Wable,urvi.wable3873@yahoo.com,4387526119,1976-07-26,"21/977, Vig Path, Shahjahanpur 301825",Punjab,India,2024-11-15
3874,Krishna,Lad,krishna.lad3874@yahoo.com,4185778392,1977-07-11,"H.No. 70, Dhawan Road, Sonipat-881502",West Bengal,India,2026-01-09
3875,Harsh,Sachdeva,harsh.sachdeva3875@hotmail.com,0169675344,1975-03-29,"172, Raja Ganj, Panipat 538920",Delhi,India,2026-01-20
3876,Vivaan,Garde,vivaan.garde3876@hotmail.com,6814048196,1996-09-24,"H.No. 385, Pillay Chowk, Karimnagar-763486",Bihar,India,2026-04-28
3877,  Arin  ,Kapur,arin.kapur3877@gmail.com,6744475271,1987-10-14,"15/43, Chopra, Thoothukudi-874116",Punjab,India,2026-05-09
3878,Rudra,Mitra,rudra.mitra3878@yahoo.com,0317137602,1973-05-23,"H.No. 64, Merchant Marg, Tiruppur 849955",Kerala,India,2025-06-02
3879,Samaksh,Bose,samaksh.bose3879@gmail.com,1451865635,1978-05-20,"306, Gala Road, Mumbai-548437",Punjab,India,2026-02-03
3880,Saumya,Dhar,saumya.dhar3880@hotmail.com,2345575941,1982-12-27,"13/900, Sarma Nagar, Anantapuram 281835",Odisha,India,2024-11-16
3881,Alexander,Jayaraman,,7522240463,1983-12-12,"671, Chaudhary Zila, Junagadh 217060",Odisha,India,2026-01-19
3882,Agastya,Vohra,agastya.vohra3882@hotmail.com,4295841854,2006-10-23,"H.No. 71, Rajan Nagar, Cuttack 241784",Madhya Pradesh,India,2023-04-02
3883,Bhavya,Kaur,bhavya.kaur3883@hotmail.com,9142916732,1982-08-01,"H.No. 959, Ray Marg, Bhusawal-846712",Gujarat,India,2025-09-02
3884,Amaira,Randhawa,amaira.randhawa3884@hotmail.com,0605262069,1989-11-06,"84, Joshi Chowk, Ludhiana-817313",Madhya Pradesh,India,2023-11-12
3885,Ojasvi,Agrawal,ojasvi.agrawal3885@hotmail.com,1190120874,1977-04-20,"81/219, Dhaliwal Circle, Rajkot-939679",Odisha,India,2026-02-02
3886,Bachittar,Kannan,bachittar.kannan3886@yahoo.com,3790529687,1971-01-20,"H.No. 462, Shankar Nagar, Nangloi Jat-563788",West Bengal,India,2025-09-30
3887,Megha,Majumdar,megha.majumdar3887@yahoo.com,,1977-12-10,"36/965, Magar Path, Ahmedabad 701969",West Bengal,India,2026-08-12
3888,Amrita,Pai,amrita.pai3888@gmail.com,6733911976,1985-08-19,"62/529, Baria Street, Miryalaguda 627207",Rajasthan,India,2026-03-08
3889,Waida,Patla,waida.patla3889@yahoo.com,2559024830,1977-10-03,"682, Murthy Circle, Gopalpur-445512",Kerala,India,2025-01-20
3890,Anjali,Verma,anjali.verma3890@hotmail.com,1916136641,2003-08-07,"154, Memon Circle, Baranagar 481884",Gujarat,India,2025-01-01
3891,Anamika,Pall,anamika.pall3891@gmail.com,6984857087,1999-04-24,"03, Loyal Nagar, Guntakal-976085",Telangana,India,2025-05-02
3892,Pranit,Ramachandran,pranit.ramachandran3892@hotmail.com,6633468839,2006-11-02,"565, Tata Road, Amaravati 848843",Madhya Pradesh,India,2026-07-04
3893,Urvashi,Hari,urvashi.hari3893@hotmail.com,6877689254,1995-10-31,"34, Andra Zila, Silchar 424730",Odisha,India,2024-11-13
3894,Urvashi,Mall,urvashi.mall3894@hotmail.com,7356681780,1982-03-03,"H.No. 56, Agate Ganj, Bareilly-410148",Gujarat,India,2025-01-16
3895,Bhanumati,Kunda,bhanumati.kunda3895@hotmail.com,1896830219,1982-01-14,"74, Dada Chowk, Giridih 070501",Kerala,India,2024-10-04
3896,Dakshesh,Dora,dakshesh.dora3896@gmail.com,5973668755,2004-10-26,"92/732, Tiwari Road, Jalna 416343",Madhya Pradesh,India,2026-05-18
3897,Shivani,Sarraf,shivani.sarraf3897@yahoo.com,3818130255,1981-04-20,"H.No. 324, Choudhary Circle, Surat-973540",Haryana,India,2025-07-21
3898,Dipta,Kunda,dipta.kunda3898@gmail.com,2792996503,1971-12-29,"16/309, Jha Nagar, Guna-322359",Uttar Pradesh,India,2026-05-31
3899,Kiaan,Din,kiaan.din3899@gmail.com,8082938702,1980-12-27,"13/063, Mital Zila, Varanasi-410592",Telangana,India,2025-03-10
3900,Sudiksha,Agarwal,sudiksha.agarwal3900@gmail.com,8229046995,1990-06-21,"08/45, Dhar Marg, Guwahati-461215",Rajasthan,India,2026-04-24
3901,Akshay,Vohra,akshay.vohra3901@hotmail.com,4404131560,1980-10-14,"H.No. 51, Barad Zila, Tumkur 191218",Kerala,India,10/21/2025
3902,Keya,Babu,keya.babu3902@hotmail.com,9999680324,1977-05-27,"H.No. 94, Kaur Street, Surendranagar Dudhrej-296413",Kerala,India,2025-05-14
3903,Kashvi,Hans,kashvi.hans3903@gmail.com,3527315886,1984-07-06,"365, Subramaniam Marg, Hazaribagh 947447",Assam,India,2024-06-21
3904,Oeshi,Raman,oeshi.raman3904@gmail.com,7209944940,1977-12-17,"16, Chadha Zila, Kamarhati-692390",Gujarat,India,2024-06-24
3905,Adweta,Bandi,adweta.bandi3905@yahoo.com,1089283263,1977-11-23,"H.No. 51, Suresh, Pallavaram 395517",Uttar Pradesh,India,2025-10-29
3906,Yatan,Devi,yatan.devi3906@hotmail.com,7726955328,1987-01-19,"68/08, Pau Ganj, Gangtok-869933",Haryana,India,2024-11-07
3907,Eshana,Nagy,eshana.nagy3907@yahoo.com,4205334086,2006-07-08,"83/50, Nazareth Path, Bangalore-333027",Madhya Pradesh,India,2023-09-16
3908,Adya,Sangha,adya.sangha3908@hotmail.com,5712643015,1979-01-13,"H.No. 439, Sankaran Path, Tadepalligudem 987345",Assam,India,2024-01-14
3909,Panini,Dhar,panini.dhar3909@gmail.com,0631714548,1976-05-01,"47/687, Savant Road, Eluru-269689",Kerala,India,2025-07-17
3910,Amara,Joshi,amara.joshi3910@gmail.com,4973781403,1972-05-25,"84, Mane Road, Chandrapur 913727",Punjab,India,2023-06-14
3911,Megha,Modi,megha.modi3911@hotmail.com,1404660455,1984-09-23,"H.No. 96, Bhat Zila, Vellore 768268",Punjab,India,2026-04-25
3912,Ira,Padmanabhan,ira.padmanabhan3912@gmail.com,+91-9286137134,1992-07-11,"H.No. 93, Rajagopal Zila, Shimla 749583",Karnataka,India,2025-03-03
3913,Gavin,Chaudhuri,gavin.chaudhuri3913@yahoo.com,2406993117,1997-11-26,"H.No. 522, Verma Circle, Nagercoil 444313",Assam,India,2026-02-27
3914,Champak,Bhat,champak.bhat3914@yahoo.com,+91-3448384247,2004-01-13,"H.No. 171, Pai Ganj, Hosur-861409",Kerala,India,2024-04-11
3915,Janaki,Bath,janaki.bath3915@yahoo.com,3494103558,1985-05-17,"26/26, Prashad Zila, Tadipatri 859639",Karnataka,India,2025-05-18
3916,Sudiksha,Saini,sudiksha.saini3916@yahoo.com,7022606728,1972-08-08,"H.No. 12, Mody Ganj, Mira-Bhayandar 300828",Karnataka,India,2026-04-18
3917,Garima,Chaudhuri,garima.chaudhuri3917@hotmail.com,0750407311,2004-09-26,"15, Desai Circle, Raebareli 900023",Kerala,India,2024-08-20
3918,Hema,Shroff,hema.shroff3918@hotmail.com,2801289124,1989-09-03,"37/823, Vig Chowk, Bhilai 181621",Haryana,India,2024-04-20
3919,Gautami,Sampath,gautami.sampath3919@yahoo.com,3055881146,1974-03-04,"16/67, Mander Zila, Kulti 406247",Assam,India,2025-04-20
3920,Agastya,Garg,agastya.garg3920@yahoo.com,8103149496,2004-10-11,"H.No. 042, Prasad Street, Eluru-143921",Bihar,India,2026-02-19
3921,Rushil,Arora,rushil.arora3921@yahoo.com,8768213383,1989-04-24,"H.No. 73, Dora Ganj, Arrah 156344",Telangana,India,2025-06-12
3922,Anusha,Viswanathan,anusha.viswanathan3922@yahoo.com,1402085788,1989-07-15,"48/837, Butala Path, Mango-777441",Tamil Nadu,India,2026-03-18
3923,Matthew,Wason,matthew.wason3923@hotmail.com,8704747124,2000-08-27,"119, Kade Path, Karawal Nagar 319068",Haryana,India,2024-02-14
3924,Advik,Sen,advik.sen3924@yahoo.com,4421534534,1976-04-19,"H.No. 556, Bakshi Zila, Chittoor-629466",Tamil Nadu,India,2024-07-15
3925,Harita,Batra,harita.batra3925@yahoo.com,4456283738,2006-06-21,"254, Srivastava Road, Pali 463998",Delhi,India,2025-09-26
3926,Isaiah,Zacharia,isaiah.zacharia3926@gmail.com,9058291731,1998-05-28,"504, Rajagopal, Phusro 286655",Maharashtra,India,2025-03-09
3927,Ayushman,Shah,ayushman.shah3927@gmail.com,5476038304,1990-06-16,"119, Doctor Zila, Siwan 320812",Haryana,India,2024-03-07
3928,Gaurav,Pant,gaurav.pant3928@gmail.com,5188999045,1974-01-30,"41/679, Tella Nagar, Arrah 079059",Bihar,India,2025-03-12
3929,Teerth,Swamy,teerth.swamy3929@hotmail.com,2310039636,1989-03-04,"H.No. 667, Parmar Path, Purnia-323718",Bihar,India,2025-06-16
3930,Priya,Edwin,,0519234763,1982-10-07,"99/64, Vasa Street, Siwan 316972",Telangana,India,2026-08-19
3931,Udant,Kohli,udant.kohli3931@gmail.com,6808355790,1982-08-31,"52/03, Kamdar Circle, Bareilly-357820",Kerala,India,2024-03-26
3932,Vyanjana,Arora,vyanjana.arora3932@hotmail.com,8339787577,2003-06-13,"74, Sant Marg, Loni 017063",Kerala,India,2025-12-09
3933,Wazir,Ramachandran,wazir.ramachandran3933@gmail.com,6110217484,2007-06-30,"05/123, Kapur Nagar, Imphal 511455",KERALA,India,2026-08-05
3934,Rohan,Tiwari,rohan.tiwari3934@yahoo.com,4485640014,1970-12-15,"H.No. 70, Buch, Bellary-998308",West Bengal,India,2026-05-28
3935,Kalpit,Sibal,kalpit.sibal3935@yahoo.com,2331357324,1998-01-09,"H.No. 30, Thaker Road, Meerut 146701",Karnataka,India,2024-11-10
3936,Champak,Dara,champak.dara3936@yahoo.com,9351852787,1970-11-26,"H.No. 88, Sangha Road, Kozhikode-600220",Maharashtra,India,2026-08-08
3937,Lipika,Palla,lipika.palla3937@gmail.com,9724256284,1994-04-26,"77/556, Walia Marg, Dewas-170485",Delhi,India,2023-01-04
3938,Jeevika,Char,jeevika.char3938@gmail.com,8791627520,1982-02-15,"149, Ratta Chowk, Guntur 326199",Uttar Pradesh,India,2024-06-06
3939,Gagan,Kaul,gagan.kaul3939@yahoo.com,1627311488,1988-11-21,"55/29, Parsa Chowk, Sonipat 075883",Uttar Pradesh,India,2025-04-29
3940,Lipika,Kakar,lipika.kakar3940@gmail.com,1079804314,2003-06-24,"50/171, Prakash Street, Pudukkottai 885971",Kerala,India,2023-03-01
3941,Chaitanya,Kamdar,chaitanya.kamdar3941@hotmail.com,6367037963,1997-04-22,"H.No. 29, Arora Path, Junagadh-666988",Assam,India,2023-01-03
3942,Aryan,Mohan,aryan.mohan3942@yahoo.com,5537400765,1974-10-05,"63/491, Bath Street, Haridwar 182541",Bihar,India,2023-04-15
3943,Indali,Ranganathan,indali.ranganathan3943@hotmail.com,9142438448,1983-11-20,"303, Ghose Chowk, Srinagar-032237",Punjab,India,2025-04-04
3944,Charvi,Din,charvi.din3944@hotmail.com,+91-7488163090,1973-04-15,"85/412, Batra Zila, Chinsurah 687643",Madhya Pradesh,India,2024-09-23
3945,Wazir,Bora,wazir.bora3945@hotmail.com,9456899888,1988-09-25,"921, Sandal Circle, Nizamabad 245826",Assam,India,2024-11-13
3946,Aarav,Narain,aarav.narain3946@yahoo.com,5150113279,1989-11-23,"517, Wagle Street, Mathura 784248",Uttar Pradesh,India,20 Dec 2023
3947,Harsh,Panchal,harsh.panchal3947@hotmail.com,6171483970,1988-06-06,"36, Salvi Street, Anantapur 923981",Punjab,India,2025-11-23
3948,Gautami,Batta,gautami.batta3948@yahoo.com,5878995522,1979-11-21,"72/46, Viswanathan Circle, Amritsar 747269",West Bengal,India,2025-03-18
3949,Joshua,Golla,joshua.golla3949@gmail.com,3702977856,1972-01-29,"20, Virk Road, Warangal-990317",Gujarat,India,2024-09-20
3950,Ikbal,Manne,ikbal.manne3950@gmail.com,9560867536,1988-03-24,"H.No. 61, Bava Chowk, Bhimavaram-734762",Karnataka,India,2026-05-28
3951,Divya,Misra,divya.misra3951@hotmail.com,8940516843,1980-02-06,"87/14, Rana Zila, Bidar-168643",Tamil Nadu,India,2025-03-30
3952,Bachittar,Bajaj,bachittar.bajaj3952@yahoo.com,2333675379,2000-12-01,"29/077, Ahuja Ganj, Udaipur-168942",West Bengal,India,2026-04-08
3953,Triya,Nigam,triya.nigam3953@yahoo.com,5466404432,2000-12-18,"57/494, Deol, Guntur-144815",Maharashtra,India,2024-03-14
3954,Balhaar,Kashyap,balhaar.kashyap3954@hotmail.com,5421747004,1973-07-03,"97/877, Guha, Malegaon-299833",Madhya Pradesh,India,2025-11-16
3955,Hemang,Nagarajan,hemang.nagarajan3955@yahoo.com,3978786150,2007-12-27,"12, Date Circle, Khammam-121699",Bihar,India,2026-02-16
3956,Niharika,Sheth,niharika.sheth3956@gmail.com,1975456977,1999-11-01,"H.No. 207, Dhar Zila, Patiala-589947",Odisha,India,2024-03-22
3957,Varsha,Yogi,varsha.yogi3957@hotmail.com,6082560062,1996-02-26,"37, Chaudhary, Dindigul 541616",Assam,India,2024-09-29
3958,Chameli,Chahal,chameli.chahal3958@gmail.com,3788014004,2004-04-02,"H.No. 275, Jhaveri Street, Kumbakonam-119789",Odisha,India,2025-12-28
3959,Ekantika,Thakkar,ekantika.thakkar3959@hotmail.com,2120573790,1985-10-06,"08/93, Arora Chowk, Bidar-387364",Assam,India,2024-04-02
3960,Farhan,Sen,farhan.sen3960@gmail.com,7553834798,1988-09-24,"64/002, Swaminathan, Raiganj 990192",Haryana,India,2025-05-14
3961,Upadhriti,Rai,upadhriti.rai3961@gmail.com,5463450384,1992-10-11,"607, Choudhury Circle, Rourkela-757692",Madhya Pradesh,India,17-05-2025
3962,Aahana,Sandhu,aahana.sandhu3962@yahoo.com,4509646636,2000-12-30,"38/187, Aurora Ganj, Rajpur Sonarpur 037944",Kerala,India,2024-10-19
3963,Vaishnavi,Saini,vaishnavi.saini3963@yahoo.com,6989672296,1978-06-05,"66/24, Gokhale Zila, Jammu 045445",Odisha,India,2023-02-16
3964,Waida,Chad,waida.chad3964@yahoo.com,8368437228,1980-08-22,"35/02, Chakraborty Road, Madhyamgram-341908",Tamil Nadu,India,2024-12-02
3965,Naksh,Wason,naksh.wason3965@gmail.com,4920625921,1976-02-22,"43/328, Oommen Chowk, Vasai-Virar 895715",Odisha,India,2024-10-08
3966,Falan,Kala,falan.kala3966@yahoo.com,2808114251,1982-01-20,"472, Rattan Path, Bhusawal 010840",Odisha,India,2026-08-29
3967,Nicholas,Barman,nicholas.barman3967@hotmail.com,0435213565,1981-08-29,"39/788, Nigam Ganj, Burhanpur 401782",Rajasthan,India,2025-04-12
3968,Gaurang,Goda,gaurang.goda3968@yahoo.com,1350474083,1983-09-10,"241, Mann Zila, Medininagar 175594",Maharashtra,India,2026-04-06
3969,Harini,Bora,harini.bora3969@hotmail.com,6841620635,1975-09-26,"H.No. 891, Mander Chowk, Moradabad-915644",Rajasthan,India,2024-03-29
3970,Pratyush,Chakrabarti,pratyush.chakrabarti3970@hotmail.com,6769861150,1972-04-14,"H.No. 375, Lad Road, Berhampur 114324",Bihar,India,2026-03-29
3971,Amol,Sridhar,amol.sridhar3971@gmail.com,2841415307,1978-11-06,"H.No. 579, Ahuja Zila, Kadapa 182436",Uttar Pradesh,India,2026-02-08
3972,Charvi,Dar,charvi.dar3972@gmail.com,5611723914,1987-03-19,"74/941, Sampath Chowk, Mysore 540776",Gujarat,India,2025-03-15
3973,Devika,Kumer,devika.kumer3973@hotmail.com,3039232175,1973-04-19,"H.No. 701, Din Circle, Bhiwani-954900",Uttar Pradesh,India,2024-07-05
3974,Sneha,Choudhary,sneha.choudhary3974@gmail.com,5044605442,1986-11-27,"85/778, Sahni Street, Bikaner 295802",Punjab,India,2026-04-15
3975,Thomas,Nori,thomas.nori3975@hotmail.com,0487652034,1974-11-20,"23/030, Yadav Zila, Jammu 618781",Odisha,India,03-03-2024
3976,Bina,Ramanathan,bina.ramanathan3976@yahoo.com,6679138011,1994-04-13,"26/03, Vig Chowk, Unnao 608391",Madhya Pradesh,India,2026-09-10
3977,Wazir,Edwin,wazir.edwin3977@yahoo.com,6282549791,1989-09-01,"H.No. 13, Mishra Nagar, Karawal Nagar-666258",Telangana,India,2024-01-11
3978,Samuel,Baria,samuel.baria3978@gmail.com,5355255750,1979-11-16,"94/088, Dugal Zila, Jabalpur-338311",Tamil Nadu,India,2026-09-13
3979,Jagat,Narang,jagat.narang3979@hotmail.com,1030000180,1974-02-05,"H.No. 805, Deep Zila, Katihar-907760",Odisha,India,2024-08-16
3980,Ishita,Bajwa,ishita.bajwa3980@yahoo.com,5809186223,1977-06-09,"68, Mitra Chowk, Coimbatore-405723",Karnataka,India,2023-10-20
3981,Hiral,Johal,hiral.johal3981@gmail.com,0803348333,1988-11-02,"13, Mani Chowk, Dhanbad 342238",Odisha,India,2024-06-18
3982,  Zarna  ,Sachdeva,zarna.sachdeva3982@gmail.com,2716003048,1998-09-19,"06, Dave Chowk, Thanjavur 814810",Rajasthan,India,2026-09-12
3983,Oscar,Chauhan,oscar.chauhan3983@yahoo.com,2998042945,1972-03-12,"62, Karan Road, Jaipur 583446",Uttar Pradesh,India,2025-06-17
3984,Ekansh,Dugar,ekansh.dugar3984@hotmail.com,8956753859,1998-01-11,"16/00, Mohan Ganj, Rampur-492903",Tamil Nadu,India,2023-01-15
3985,Ishanvi,Sarraf,ishanvi.sarraf3985@gmail.com,8032162159,1983-05-08,"30/242, Boase Ganj, Udupi 748710",Delhi,India,2023-07-06
3986,Advika,Thakkar,advika.thakkar3986@hotmail.com,6064667318,2006-04-17,"22, Lala Nagar, Jalgaon 532444",Delhi,India,2025-03-30
3987,Brijesh,Thaman,brijesh.thaman3987@hotmail.com,5657433190,1975-01-09,"H.No. 438, Raman Nagar, Rajkot 710705",Odisha,India,2024-10-10
3988,Patrick,Kar,patrick.kar3988@hotmail.com,3743275317,1982-04-25,"14, Tata Circle, Siliguri 065510",Odisha,India,2025-09-17
3989,Meera,Murty,meera.murty3989@yahoo.com,1539952649,1996-03-18,,Haryana,India,2024-04-17
3990,Pallavi,Sankaran,pallavi.sankaran3990@gmail.com,1791809193,1994-09-27,"27, Vig Road, Jodhpur-043178",Madhya Pradesh,India,2025-07-02
3991,Agastya,Sandhu,agastya.sandhu3991@yahoo.com,2681137673,1987-02-10,"H.No. 95, Hayer Nagar, Mirzapur-768590",Telangana,India,2026-01-21
3992,Chaaya,Pandey,chaaya.pandey3992@gmail.com,6612232687,1974-08-11,"14, Jayaraman Zila, Bhusawal-220691",Karnataka,India,2026-05-01
3993,Jack,Bains,jack.bains3993@yahoo.com,0407963858,1989-05-04,"418, Prabhakar Chowk, Baranagar-571401",Karnataka,India,2026-06-14
3994,Ishaan,Balasubramanian,ishaan.balasubramanian3994@yahoo.com,0414692992,1988-07-22,"74/122, Sarin Road, Indore 942517",Karnataka,India,2024-03-24
3995,Nakul,Bera,nakul.bera3995@yahoo.com,,1981-06-27,"H.No. 568, Saini, Pallavaram 498063",Gujarat,India,2023-03-18
3996,Waida,Raghavan,waida.raghavan3996@hotmail.com,5641212389,1993-12-11,"448, Som Ganj, Jamshedpur-959413",Karnataka,India,2026-06-28
3997,Saanvi,Khatri,saanvi.khatri3997@gmail.com,3611479945,1998-07-11,"41/81, Tara Nagar, Surat 312607",Rajasthan,India,09/01/2024
3998,Bhavini,Lad,bhavini.lad3998@hotmail.com,1211568683,1978-05-10,"H.No. 81, Arya Marg, Thiruvananthapuram 077734",Bihar,India,2023-04-11
3999,Onkar,Chhabra,onkar.chhabra3999@hotmail.com,6704544408,1991-08-09,"82/635, Chakraborty Ganj, Bikaner-073560",Assam,India,2026-02-12
4000,Irya,Talwar,irya.talwar4000@gmail.com,9738683454,1986-02-15,"527, Bakshi Chowk, Korba-016225",Delhi,India,2023-02-28
4001,Gaurangi,Kadakia,gaurangi.kadakia4001@gmail.com,5457949424,1999-02-03,"654, Zacharia Nagar, Dhanbad-925158",Gujarat,India,2025-03-19
4002,Anay,Radhakrishnan,anay.radhakrishnan4002@gmail.com,8483132160,2004-07-16,"81/351, Bajwa, Pudukkottai 077890",Odisha,India,2023-12-18
4003,Saumya,Balasubramanian,saumya.balasubramanian4003@gmail.com,7088179641,1998-06-21,"H.No. 07, Chanda Nagar, Patna 835710",Tamil Nadu,India,2025-12-05
4004,Sanya,Tella,sanya.tella4004@yahoo.com,27289-98735,1971-02-05,"H.No. 73, Chokshi Chowk, Phusro-027323",Tamil Nadu,India,2025-12-11
4005,Mohammed,Konda,mohammed.konda4005@hotmail.com,6308386142,1998-12-08,"H.No. 78, Babu Marg, Karimnagar 353024",Gujarat,India,2024-02-23
4006,Amruta,Gole,amruta.gole4006@hotmail.com,8175974553,1978-07-05,"73/141, Majumdar Street, Anantapuram 497430",Odisha,India,2023-11-13
4007,Vaishnavi,Bera,,1559943838,1987-10-10,"H.No. 151, Mannan Marg, Bikaner 835908",Odisha,India,2023-06-25
4008,Vedika,Varty,vedika.varty4008@yahoo.com,21109-09939,2002-12-27,"H.No. 00, Rajagopalan Nagar, Giridih-363252",Rajasthan,India,2026-04-12
4009,Aarnav,Mahajan,aarnav.mahajan4009@hotmail.com,3734277627,2004-07-09,"42/684, Tank Circle, Bardhaman-034884",Madhya Pradesh,India,2023-10-20
4010,Anya,Chaudhuri,anya.chaudhuri4010@yahoo.com,3134538889,1976-05-10,"33/776, Lata Chowk, Khandwa 273510",Gujarat,India,2024-10-01
4011,Sara,Chanda,sara.chanda4011@hotmail.com,0952569024,2004-07-05,"65/212, Thakur Zila, Raebareli 732427",Tamil Nadu,India,2025-12-07
4012,Jacob,Rajagopal,jacob.rajagopal4012@gmail.com,6552683374,1991-11-28,"53, Bhatia Chowk, Ghaziabad-652645",Karnataka,India,2023-05-25
4013,Niharika,Barman,niharika.barman4013@gmail.com,5264651498,2008-05-27,"34/895, Nagarajan Zila, Nizamabad 288602",West Bengal,India,2024-10-12
4014,Qushi,Arya,qushi.arya4014@gmail.com,9313457316,1971-02-14,"36/95, Tara Circle, Pondicherry 456628",Kerala,India,2026-01-05
4015,Avi,Arya,avi.arya4015@yahoo.com,8645388112,1986-06-25,"622, Shenoy, Singrauli-849192",Madhya Pradesh,India,2026-03-18
4016,Oni,Ben,oni.ben4016@gmail.com,9961397121,2006-06-21,"11/44, Khatri Chowk, Deoghar-326933",Haryana,India,2023-10-30
4017,Ekapad,Master,ekapad.master4017@hotmail.com,6498481614,1973-06-21,"97/477, Goda Circle, Ajmer 112702",Karnataka,India,2026-06-29
4018,Chavvi,Grewal,chavvi.grewal4018@yahoo.com,1066974815,1993-12-28,"43, Dyal Circle, Narasaraopet 197227",Rajasthan,India,2026-01-01
4019,Teerth,Deol,teerth.deol4019@yahoo.com,8593634456,1996-06-18,"09, Tata Nagar, Danapur-970267",Assam,India,2026-06-26
4020,Faras,Murthy,faras.murthy4020@yahoo.com,9071084578,1994-11-01,"H.No. 06, Pathak Chowk, Loni 364095",Odisha,India,2026-02-19
4021,Jason,Krishna,jason.krishna4021@hotmail.com,8383249737,1999-11-04,"65, Srivastava Marg, Jaunpur-028532",Haryana,India,2023-05-22
4022,Jason,Gulati,jason.gulati4022@hotmail.com,4010704051,1983-04-26,,Punjab,India,2025-10-04
4023,Vivaan,Bawa,vivaan.bawa4023@gmail.com,3480777587,1976-12-23,"H.No. 477, Rai Circle, Jaunpur-932954",Maharashtra,India,2026-03-08
4024,Nilima,Deep,nilima.deep4024@hotmail.com,0415172458,1972-03-06,"49/21, Kota Road, Singrauli-949395",West Bengal,India,2024-02-08
4025,Faraj,Nadkarni,faraj.nadkarni4025@yahoo.com,8029566283,1977-03-14,"H.No. 17, Bail Circle, Vellore 242428",Bihar,India,2023-09-04
4026,Mohini,Chandran,mohini.chandran4026@yahoo.com,9700169068,1972-06-07,"H.No. 267, Ganesh, Hyderabad-397162",Uttar Pradesh,India,2023-11-11
4027,Barkha,Sen,barkha.sen4027@gmail.com,0138352420,1979-10-24,"67/16, Murty Chowk, Muzaffarnagar-878560",Delhi,India,2025-05-23
4028,Gavin,Tank,gavin.tank4028@gmail.com,2598436328,1992-07-31,"H.No. 01, Sharma Street, Kanpur-450236",Maharashtra,India,2025-02-13
4029,Anamika,Sood,anamika.sood4029@yahoo.com,5457153995,1974-11-09,"06/30, Dugal Chowk, Suryapet 569223",Punjab,India,2025-03-08
4030,Baljiwan,Hans,baljiwan.hans4030@yahoo.com,5512300651,1975-02-21,"389, Gera Circle, Belgaum 753343",Telangana,India,2025-02-24
4031,Om,Bora,om.bora4031@yahoo.com,9362459801,1974-01-17,"16/475, Rajan Zila, Guna 785732",Maharashtra,India,2026-03-23
4032,Januja,Mammen,januja.mammen4032@yahoo.com,8120580806,1994-05-17,"60/31, Vyas Nagar, Hyderabad-634580",delhi,India,2024-12-29
4033,Daksha,Gara,daksha.gara4033@yahoo.com,3255562440,1980-05-09,"82, Kapoor Zila, Dhanbad 920248",Haryana,India,2024-03-04
4034,  Jatin  ,Cheema,jatin.cheema4034@yahoo.com,0470496368,1977-10-06,"50/468, Kalla Circle, Munger 344736",Odisha,India,2026-07-27
4035,Finn,Tiwari,finn.tiwari4035@gmail.com,3749738978,2007-02-21,"31, Modi Zila, Haldia-877946",Haryana,India,2024-06-06
4036,Wriddhish,Pillai,wriddhish.pillai4036@yahoo.com,2858113734,1987-08-10,"H.No. 04, Bandi Ganj, Ramgarh-483366",Haryana,India,2025-12-13
4037,Peter,Rai,peter.rai4037@yahoo.com,6553202169,1974-09-14,"H.No. 86, Sarraf Chowk, Shahjahanpur 625452",Uttar Pradesh,India,2024-08-05
4038,Vritti,Basu,vritti.basu4038@gmail.com,8558838619,2008-02-20,"799, Behl Path, Rajahmundry-268040",Telangana,India,2024-02-24
4039,Samuel,Varkey,samuel.varkey4039@yahoo.com,6628598340,1974-01-06,"72, Krish Marg, Patiala-582375",Delhi,India,2025-01-02
4040,Vrishti,Kashyap,vrishti.kashyap4040@gmail.com,04242295778,2003-01-02,"H.No. 13, Mall, Serampore-511404",Maharashtra,India,2026-03-04
4041,Aarnav,Basu,aarnav.basu4041@yahoo.com,7935201237,1979-08-01,"862, Basu Street, Karnal 400492",Tamil Nadu,India,2026-07-31
4042,Meghana,Sengupta,meghana.sengupta4042@gmail.com,7209125965,1977-02-02,"79/379, Subramaniam Ganj, Moradabad-783806",Karnataka,India,2025-05-22
4043,Samuel,Mahal,samuel.mahal4043@yahoo.com,1952613253,1976-04-09,"H.No. 62, Batra Chowk, Bhiwandi-220400",Maharashtra,India,2025-08-05
4044,Darika,Uppal,darika.uppal4044@yahoo.com,5997370663,1987-08-23,"H.No. 526, Ravel Nagar, Thane-726853",Tamil Nadu,India,2025-12-10
4045,Siddharth,Iyer,siddharth.iyer4045@gmail.com,7056627714,1980-09-08,"99/814, Roy Marg, Muzaffarpur 630953",Tamil Nadu,India,2023-01-16
4046,Priya,Kaur,priya.kaur4046@hotmail.com,1541649185,1971-12-28,"99/48, Bhat Chowk, Ahmedabad 908315",Rajasthan,India,02/01/2026
4047,Theodore,Bedi,theodore.bedi4047@hotmail.com,9376976855,1978-02-01,"69/998, Bhatia Chowk, Nanded 638747",Uttar Pradesh,India,2025-07-29
4048,Bimala,Bajwa,bimala.bajwa4048@yahoo.com,5806431809,1978-01-02,"43/370, Nair Zila, Davanagere-626406",Karnataka,India,2023-12-31
4049,Naksh,Mittal,naksh.mittal4049@hotmail.com,5216450192,1999-05-10,"770, Shukla Road, Shahjahanpur 626895",Telangana,India,2026-05-28
4050,Ekavir,Nadig,ekavir.nadig4050@hotmail.com,9526903000,2005-04-01,"H.No. 22, Dara Road, Kamarhati 405561",Gujarat,India,2025-04-13
4051,Yashawini,Viswanathan,,9212339418,1988-12-20,"11/019, Varma Marg, Hazaribagh 914237",Bihar,India,2023-04-11
4052,Rushil,Deol,rushil.deol4052@gmail.com,3087247214,1997-01-04,"47/965, Issac Ganj, Katihar 831036",Haryana,India,29-09-2024
4053,  Ikbal  ,Kohli,ikbal.kohli4053@hotmail.com,9828783799,2004-10-03,"31/93, Dugar Road, Pimpri-Chinchwad-094601",Telangana,India,2025-12-27
4054,Nilima,De,nilima.de4054@yahoo.com,6570243002,1995-10-05,"H.No. 53, Thakur Ganj, Raurkela Industrial Township-949935",Maharashtra,India,2025-04-15
4055,Jeremiah,Sridhar,jeremiah.sridhar4055@yahoo.com,3471696030,1987-05-23,"35/938, Dara Road, Muzaffarnagar 425092",Rajasthan,India,2024-12-09
4056,Zaid,Comar,zaid.comar4056@gmail.com,3970818506,1988-07-22,"H.No. 15, Hans Chowk, Tiruvottiyur 481809",Odisha,India,2025-03-22
4057,Udyati,Ram,udyati.ram4057@hotmail.com,6786518519,2005-10-30,"94/053, Viswanathan Ganj, Morena-488756",Bihar,India,2026-08-12
4058,Isaac,Kala,isaac.kala4058@yahoo.com,0161625021,1970-10-14,"H.No. 930, Krishnamurthy Nagar, Aligarh-558061",Karnataka,India,2026-02-10
4059,Kamya,Agrawal,kamya.agrawal4059@gmail.com,8468438110,2004-04-27,"H.No. 065, Sangha Marg, Hapur 795885",Assam,India,2025-03-12
4060,Wridesh,Aurora,wridesh.aurora4060@hotmail.com,2097227084,2004-06-08,"H.No. 483, Agrawal Circle, Navi Mumbai-493631",Madhya Pradesh,India,2023-01-30
4061,Meghana,Vasa,meghana.vasa4061@gmail.com,1663590972,1976-03-02,"H.No. 27, Rege Nagar, Danapur 227312",Kerala,India,2025-02-21
4062,Girish,Patla,girish.patla4062@yahoo.com,29349-31906,1989-08-18,"650, Nanda Road, Alappuzha-822863",Tamil Nadu,India,2025-01-13
4063,Yauvani,Mane,yauvani.mane4063@gmail.com,4876263946,2008-04-28,"H.No. 472, Balasubramanian Chowk, Jamnagar 162287",Odisha,India,2023-10-29
4064,Zarna,Kalla,zarna.kalla4064@gmail.com,7401937867,1991-02-08,"H.No. 61, Dutta Zila, Dewas-615947",Telangana,India,2023-05-10
4065,Ira,Walla,ira.walla4065@hotmail.com,7534697741,1995-07-03,"15/33, Natt Chowk, Howrah-237969",Karnataka,India,2025-10-06
4066,Eiravati,Tripathi,eiravati.tripathi4066@hotmail.com,9009301217,1998-12-24,"H.No. 022, Deshpande Road, Kochi 975573",Kerala,India,2026-05-19
4067,Chatresh,Koshy,chatresh.koshy4067@hotmail.com,8387038474,1986-04-16,"50/986, Kar Zila, Mehsana-737024",Gujarat,India,2024-12-28
4068,Yuvraj,Kaur,yuvraj.kaur4068@gmail.com,4695364123,1970-11-11,"36/55, Pal Marg, Gaya 620973",Delhi,India,2023-11-09
4069,Vritti,Natarajan,vritti.natarajan4069@hotmail.com,5143416335,1975-07-30,"H.No. 505, Natarajan Ganj, Berhampur-968727",Assam,India,2026-06-02
4070,Ira,Modi,ira.modi4070@hotmail.com,6112979432,1981-12-19,"H.No. 492, Bhandari Marg, Jalna 838717",Assam,India,2026-07-22
4071,Manbir,Sura,manbir.sura4071@hotmail.com,5164131711,1986-10-27,"H.No. 63, Chaudhari Street, Eluru 621305",odisha,India,2025-11-28
4072,Vasana,Upadhyay,vasana.upadhyay4072@gmail.com,2975987961,1984-06-28,"149, Natt Chowk, Durg 560375",Bihar,India,2025-12-17
4073,Anya,Gaba,anya.gaba4073@gmail.com,9673985266,2000-10-17,"80/36, Kumer Path, Kadapa 358859",Tamil Nadu,India,2024-10-11
4074,Urishilla,Dar,,6098581333,1990-04-07,"06/08, Buch Nagar, Tirupati-463822",West Bengal,India,2025-07-15
4075,Umang,Sachar,umang.sachar4075@gmail.com,9980041499,1974-11-04,"H.No. 399, Hans Circle, Bhalswa Jahangir Pur-136791",Assam,India,2024-05-26
4076,Zilmil,Kata,zilmil.kata4076@gmail.com,4310753957,1983-02-27,"H.No. 85, Garde Circle, Narasaraopet-377214",Gujarat,India,2025-05-17
4077,Matthew,Bhatia,matthew.bhatia4077@gmail.com,8896124216,1992-05-27,"28/009, Rama Path, Bijapur 424431",Punjab,India,2026-08-12
4078,Yash,Mandal,yash.mandal4078@yahoo.com,5131210008,2001-09-08,"H.No. 776, Dash Street, Machilipatnam 174789",Odisha,India,2025-02-28
4079,Kala,Chand,kala.chand4079@hotmail.com,7352252891,1981-09-06,"00/551, Lata Marg, Kolhapur-333468",TELANGANA,India,2026-02-04
4080,Andrew,Joshi,andrew.joshi4080@hotmail.com,9929290655,1991-06-02,"15/49, Butala Ganj, Ichalkaranji-840526",West Bengal,India,2024-08-08
4081,Bakhshi,Nagi,bakhshi.nagi4081@hotmail.com,2950310965,1980-08-13,"836, Luthra, Vellore 240347",Odisha,India,2023-08-28
4082,Divya,Yadav,divya.yadav4082@gmail.com,8372052511,1978-12-17,"H.No. 572, Borah Road, Bhind 641197",Bihar,India,2026-03-29
4083,Victor,Mital,victor.mital4083@yahoo.com,5183472090,1989-08-13,"H.No. 05, Sama Zila, Giridih-642037",Maharashtra,India,2023-03-23
4084,Onkar,Parekh,onkar.parekh4084@yahoo.com,7955717568,1976-10-23,"941, Nanda Zila, Sagar-122975",Tamil Nadu,India,2025-12-05
4085,Gauri,Das,gauri.das4085@gmail.com,5397929448,1971-10-29,"H.No. 72, Sachar Path, Bhilwara-637113",Odisha,India,2026-02-12
4086,Ijaya,Kurian,ijaya.kurian4086@yahoo.com,7301048765,1980-12-24,"32, Deshmukh Path, Jalandhar-871650",Odisha,India,2026-02-27
4087,Vivaan,Savant,vivaan.savant4087@yahoo.com,0074331303,2004-04-28,"58/12, Swaminathan, Saharsa 959704",Punjab,India,2026-09-15
4088,Lila,Behl,lila.behl4088@yahoo.com,0580152833,1983-07-06,"16/28, Bhat Path, Bhopal 746546",Karnataka,India,2026-01-16
4089,  Thomas  ,Devi,thomas.devi4089@yahoo.com,0096575096,2001-06-28,"H.No. 24, Ramesh Ganj, Naihati 950960",Punjab,India,2026-07-24
4090,  Ojas  ,Brahmbhatt,ojas.brahmbhatt4090@yahoo.com,6237359190,1973-07-04,"66/28, Sachdev Road, Agra 299967",Odisha,India,2025-03-24
4091,Max,Deshmukh,max.deshmukh4091@hotmail.com,2577265116,1994-09-03,"H.No. 344, Chandra Path, Etawah 187596",Uttar Pradesh,India,2026-07-02
4092,Jagrati,Modi,jagrati.modi4092@yahoo.com,+91-6602335075,1971-06-30,,Haryana,India,2025-08-14
4093,Yamini,Gill,yamini.gill4093@hotmail.com,7626240195,1989-11-17,"H.No. 04, Deshmukh Chowk, Kirari Suleman Nagar-374106",Delhi,India,2025-01-06
4094,Oeshi,Andra,oeshi.andra4094@yahoo.com,0093546775,1977-04-18,"H.No. 03, Zacharia Nagar, Thane 969178",Bihar,India,2026-05-13
4095,Abeer,Dash,abeer.dash4095@yahoo.com,7507933167,1971-12-02,"H.No. 930, Sachar Marg, Hajipur 577092",Gujarat,India,2025-08-31
4096,Pooja,Goda,pooja.goda4096@hotmail.com,6927344729,1992-07-13,"45/55, Halder Road, Nagpur-467038",Punjab,India,2026-07-14
4097,Rajata,Zachariah,,9857644031,1987-11-05,"H.No. 936, Dani Ganj, Tirupati-507129",Karnataka,India,2025-02-16
4098,Samesh,Raja,samesh.raja4098@hotmail.com,7327145901,1994-10-17,"69, Aurora Ganj, Tadipatri-073928",Telangana,India,2026-09-13
4099,Vamakshi,Dyal,vamakshi.dyal4099@gmail.com,0087417261,1993-06-08,"52/597, Krishna, Durg-746678",West Bengal,India,05 Aug 2026
4100,Wriddhish,Chaudhuri,wriddhish.chaudhuri4100@gmail.com,4897687547,2004-08-23,"84, Buch Road, Bidar 130675",ASSAM,India,2025-07-20
4101,Lucky,Chahal,lucky.chahal4101@hotmail.com,3849702460,2008-05-06,"52/949, Naidu Chowk, Pimpri-Chinchwad-363802",Haryana,India,2025-01-26
4102,  Wakeeta  ,Sundaram,wakeeta.sundaram4102@yahoo.com,00260-49769,1992-08-17,"53/710, Sheth Circle, Belgaum 435585",Karnataka,India,2024-03-01
4103,Mugdha,Maharaj,mugdha.maharaj4103@yahoo.com,8821085393,1987-08-21,"H.No. 103, Desai Circle, Ambarnath 506801",Bihar,India,2026-08-05
4104,Gaurav,Natt,gaurav.natt4104@hotmail.com,1101758462,1999-11-01,"458, Nigam Chowk, Nandyal-927185",Gujarat,India,2023-10-10
4105,Dakshesh,Bedi,dakshesh.bedi4105@gmail.com,7116484141,1980-05-10,"52/92, Balasubramanian Marg, Vellore-097429",Uttar Pradesh,India,2025-12-12
4106,Neel,Karan,neel.karan4106@yahoo.com,5061258810,1974-11-09,"00/628, Dani Street, Berhampore 945089",Odisha,India,2024-07-12
4107,Osha,Zacharia,,5292731335,2007-08-17,"H.No. 28, Chakrabarti Path, Aligarh-477962",Madhya Pradesh,India,2025-12-04
4108,Tanveer,Bhandari,,3083286421,2001-02-28,,Bihar,India,2024-11-23
4109,Wishi,Dugar,wishi.dugar4109@hotmail.com,2951414108,1974-02-14,"70, Subramaniam Nagar, Panvel 153694",Madhya Pradesh,India,2026-05-25
4110,Ansh,Shanker,ansh.shanker4110@gmail.com,4561092551,1981-09-09,"H.No. 608, Pant Path, Rampur-835977",Bihar,India,2024-05-07
4111,Riya,Karan,riya.karan4111@yahoo.com,8481345972,1982-10-02,"992, Morar Path, Srikakulam-175083",West Bengal,India,2023-08-20
4112,Lohit,Saraf,lohit.saraf4112@gmail.com,0976069242,2007-04-03,"H.No. 558, Vora Street, Imphal-572062",Kerala,India,2023-01-06
4113,Darsh,Soni,darsh.soni4113@gmail.com,2152472851,1991-05-03,"H.No. 146, Brar Chowk, Avadi 425601",Haryana,India,2023-03-14
4114,Idika,Dass,idika.dass4114@hotmail.com,9978193327,2004-06-18,"79/40, Lal Zila, Loni 536488",Bihar,India,2025-05-05
4115,Waida,Rajan,waida.rajan4115@gmail.com,0526859267,2004-12-24,"49, Natt Chowk, Mango 175152",uttar pradesh,India,2024-10-06
4116,Krish,Dutta,krish.dutta4116@gmail.com,1581756091,2007-10-18,"31, Pingle Street, Katni-438229",Uttar Pradesh,India,2024-07-23
4117,Pratyush,Oommen,pratyush.oommen4117@gmail.com,6654904844,2003-12-25,"H.No. 54, Sathe Nagar, Bellary 094117",Telangana,India,2025-08-12
4118,Omkaar,Hayer,omkaar.hayer4118@gmail.com,9087807588,1985-06-07,"05/200, Ranganathan Road, Madhyamgram-668584",Odisha,India,2024-03-18
4119,Hemani,Pingle,hemani.pingle4119@hotmail.com,8931318417,2001-02-02,"61, Om Zila, Kolkata-318381",Karnataka,India,2025-02-04
4120,Jalsa,Mittal,jalsa.mittal4120@yahoo.com,9128487877,1982-03-28,"H.No. 374, Sibal Ganj, Tiruchirappalli-411059",Tamil Nadu,India,2023-02-07
4121,Sudiksha,Soni,sudiksha.soni4121@hotmail.com,9126362352,1976-07-22,"397, Keer Circle, Hindupur 600927",Gujarat,India,2025-05-08
4122,Anvi,Ravel,anvi.ravel4122@yahoo.com,6770857074,1983-01-27,"954, Gole Path, Hubli–Dharwad-658418",Tamil Nadu,India,15-04-2026
4123,Bhavya,Kala,,02394453242,1974-08-01,"H.No. 28, De Circle, Coimbatore-106170",Maharashtra,India,08/31/2024
4124,Udant,Rastogi,udant.rastogi4124@yahoo.com,4027421795,1994-11-05,"H.No. 828, Bahl Street, Nellore-828879",Telangana,India,2024-05-07
4125,Wyatt,Mukherjee,wyatt.mukherjee4125@gmail.com,5037691768,1984-01-19,"H.No. 325, Dash Nagar, Amritsar 898162",Kerala,India,2024-09-18
4126,Urmi,Borde,urmi.borde4126@hotmail.com,8382982743,1996-06-15,"H.No. 052, Kumar Nagar, Hospet 216931",Haryana,India,2026-01-12
4127,Yashvi,Parmer,yashvi.parmer4127@yahoo.com,8643149083,1971-02-12,"132, Thakur Circle, Rajahmundry-781525",Assam,India,2026-05-23
4128,Nitesh,Patil,nitesh.patil4128@yahoo.com,4915993905,1987-01-31,"H.No. 649, Nanda Ganj, Kharagpur 636197",Bihar,India,2023-03-05
4129,Christopher,Tella,christopher.tella4129@gmail.com,3160840345,1993-05-10,"64/449, Om, Parbhani-597790",Punjab,India,2024-01-17
4130,Darsh,Dhillon,darsh.dhillon4130@gmail.com,4684272069,1976-04-11,"H.No. 165, Baria Road, Parbhani 638163",Karnataka,India,2024-10-17
4131,Nisha,Kalla,nisha.kalla4131@gmail.com,6619884798,1989-02-03,"58, Mohan, Sikar-174819",Karnataka,India,2025-09-05
4132,Kalpit,Sunder,kalpit.sunder4132@gmail.com,06669712764,1984-12-31,"77/779, Anand Marg, Jorhat 413572",Delhi,India,2026-03-06
4133,Vidhi,Dora,vidhi.dora4133@yahoo.com,9707247687,1995-03-09,"H.No. 773, Biswas Zila, Aurangabad-066093",Odisha,India,2025-01-02
4134,Aahana,Bhardwaj,aahana.bhardwaj4134@gmail.com,4792733577,2008-06-24,"14, Badal Zila, Erode-160293",Karnataka,India,2026-03-16
4135,Kashish,Pai,kashish.pai4135@gmail.com,2517313650,1999-01-03,"H.No. 689, Raj Street, Purnia 915121",Tamil Nadu,India,2025-07-31
4136,Advaith,Bala,advaith.bala4136@hotmail.com,2002997331,1971-09-21,"H.No. 541, Lal Circle, Miryalaguda 835269",Madhya Pradesh,India,2026-06-17
4137,Veer,Nori,veer.nori4137@hotmail.com,5451260307,1971-05-06,"18/43, Lala Road, Mahbubnagar-215333",Uttar Pradesh,India,2025-05-16
4138,Yatin,Dixit,yatin.dixit4138@yahoo.com,8655918587,1991-01-14,"H.No. 113, Padmanabhan Circle, Berhampore-654564",Odisha,India,2025-10-25
4139,Garima,Tailor,garima.tailor4139@yahoo.com,5724939567,1992-06-15,"H.No. 038, Shukla Marg, Malegaon 723486",Punjab,India,2024-09-16
4140,Faqid,Mohan,faqid.mohan4140@yahoo.com,3814717259,2008-07-06,"989, Viswanathan Nagar, Raiganj-574822",Telangana,India,2025-02-16
4141,Elijah,Wable,elijah.wable4141@hotmail.com,8228312429,1989-10-11,"H.No. 39, Mukhopadhyay Ganj, Sambhal-831947",West Bengal,India,2026-01-26
4142,Vasana,Tripathi,vasana.tripathi4142@hotmail.com,13113-98404,1983-02-28,"H.No. 680, Sahota Nagar, Jalgaon-201240",Assam,India,2026-04-03
4143,Ayush,Rajagopal,ayush.rajagopal4143@gmail.com,6561270584,1984-08-26,"93/24, Rastogi Path, Hyderabad 046944",Madhya Pradesh,India,2026-05-07
4144,Edhitha,Sheth,edhitha.sheth4144@gmail.com,6616895667,1997-03-09,"H.No. 504, Johal Marg, Ranchi-886562",Karnataka,India,2026-01-23
4145,Varsha,Anne,varsha.anne4145@hotmail.com,5211507324,1989-06-20,"H.No. 52, Nagi Marg, Bokaro 332685",Delhi,India,2025-08-05
4146,Tara,Prakash,tara.prakash4146@hotmail.com,,2007-02-03,"H.No. 57, Pillai Nagar, Maheshtala-182859",Madhya Pradesh,India,2024-11-01
4147,Nimrat,Thaker,nimrat.thaker4147@hotmail.com,9847230098,1982-10-16,"H.No. 274, Babu Road, Secunderabad-333751",West Bengal,India,2024-06-09
4148,Ryan,Chand,ryan.chand4148@gmail.com,1442684027,1981-06-25,"49, Ramesh Nagar, Pune 175234",HARYANA,India,2023-10-24
4149,Veda,Shanker,veda.shanker4149@hotmail.com,3792232512,1976-10-12,"189, Shetty Street, Bareilly 723199",Delhi,India,2025-07-14
4150,Eshana,Manne,eshana.manne4150@hotmail.com,9093002290,2004-01-19,"H.No. 074, Jaggi, Jehanabad 443363",Punjab,India,2023-12-02
4151,Brinda,Narain,brinda.narain4151@hotmail.com,1708132815,1976-12-05,"H.No. 963, Ghose Road, Mysore-126998",Telangana,India,2026-06-02
4152,Vamakshi,Khatri,vamakshi.khatri4152@gmail.com,7696337953,1995-06-03,"48, Vyas Road, Mehsana-158525",Madhya Pradesh,India,2024-05-30
4153,Varsha,Patla,varsha.patla4153@hotmail.com,9102912137,1976-12-10,"29, Badal Zila, Mahbubnagar 567023",Bihar,India,2025-05-21
4154,Ishani,Sarraf,ishani.sarraf4154@yahoo.com,+91-6216244835,1996-09-10,"H.No. 48, Dhar Nagar, Muzaffarnagar 941300",Bihar,India,2025-07-30
4155,Reva,Trivedi,reva.trivedi4155@yahoo.com,7614997165,1983-06-30,"H.No. 55, Behl Ganj, Yamunanagar 040042",Punjab,India,2024-01-08
4156,Hitesh,Dube,hitesh.dube4156@gmail.com,7865503445,1980-04-25,"65, Ratta Path, Thanjavur 557776",Odisha,India,2024-07-05
4157,Yashodhara,Pal,yashodhara.pal4157@hotmail.com,0584898142,1976-09-04,"H.No. 807, Deo Chowk, Pimpri-Chinchwad 598735",Punjab,India,2024-01-15
4158,Ekansh,Chana,ekansh.chana4158@yahoo.com,0003627130,2002-01-12,"H.No. 06, Bhatnagar Street, Gulbarga 509057",Maharashtra,India,2026-04-24
4159,Krisha,Apte,krisha.apte4159@yahoo.com,9172771724,1981-11-03,"94, Radhakrishnan Nagar, Suryapet-318373",Haryana,India,2025-05-05
4160,Reyansh,Gopal,reyansh.gopal4160@yahoo.com,2170096387,1981-07-02,"47, Datta Road, Bahraich 967667",West Bengal,India,2024-07-26
4161,Udarsh,Goswami,udarsh.goswami4161@yahoo.com,3202773475,1976-07-02,"276, Srinivasan Zila, Varanasi-567484",Kerala,India,2026-04-05
4162,Chakradhar,Savant,chakradhar.savant4162@gmail.com,5768074891,1984-01-26,"08/68, Deep Marg, Sambhal-574356",Kerala,India,2026-01-28
4163,George,Bassi,george.bassi4163@gmail.com,2104506745,1975-10-02,"45/72, Gopal, Etawah 024100",Delhi,India,2025-06-27
4164,Mohini,Kibe,mohini.kibe4164@yahoo.com,4482737105,2000-08-24,"51, Sampath Chowk, Jalandhar-021655",Gujarat,India,2023-12-12
4165,Siya,Issac,siya.issac4165@yahoo.com,5285336934,1997-11-28,"63, Magar Road, Gwalior-380407",Odisha,India,2023-03-19
4166,Bachittar,Sekhon,bachittar.sekhon4166@hotmail.com,6952424113,2007-09-23,"98/36, Om Street, Haridwar 655033",Assam,India,2025-09-02
4167,Aachal,Venkatesh,aachal.venkatesh4167@gmail.com,,1981-05-26,"H.No. 88, Anne Street, Kumbakonam 940082",Karnataka,India,2024-03-09
4168,Ikshita,Chawla,ikshita.chawla4168@gmail.com,2525346733,1974-03-27,"H.No. 82, Ganesh, Chandigarh 644244",Telangana,India,2024-02-23
4169,Idika,Dada,idika.dada4169@gmail.com,5886315062,1983-03-19,"61/172, Bhattacharyya Street, Begusarai-311301",Telangana,India,2026-02-21
4170,Laksh,Saraf,laksh.saraf4170@gmail.com,2206387372,2000-12-08,"H.No. 92, Chaudhari Ganj, Madurai 768012",Delhi,India,2025-09-22
4171,Idika,Gera,idika.gera4171@yahoo.com,5113731770,1977-11-19,"82/721, Mohanty Nagar, Howrah-159517",Assam,India,2023-10-02
4172,Vrishti,Savant,vrishti.savant4172@gmail.com,6435889117,1973-08-14,"H.No. 46, Dixit Circle, Anantapur-783299",Assam,India,2025-07-22
4173,Chaitaly,Karnik,chaitaly.karnik4173@yahoo.com,5158237271,1992-12-19,"78, Singhal Chowk, Howrah 751699",Karnataka,India,2026-03-07
4174,Harrison,Kata,harrison.kata4174@hotmail.com,7836496128,1987-02-28,"H.No. 43, Uppal Road, Udupi 918645",Haryana,India,2024-10-31
4175,Bhanumati,Dhaliwal,bhanumati.dhaliwal4175@yahoo.com,6820218630,1986-08-24,"76/224, Bhatt Ganj, Surendranagar Dudhrej-670965",Telangana,India,2025-01-07
4176,Varsha,Palla,varsha.palla4176@hotmail.com,5867729730,1994-10-31,"14, Rajan, Hazaribagh 405469",Gujarat,India,2025-07-29
4177,Umang,Edwin,umang.edwin4177@hotmail.com,7544840586,1974-05-18,"725, Tailor Circle, Fatehpur 045222",Tamil Nadu,India,2025-08-06
4178,Triya,Lata,triya.lata4178@hotmail.com,5989442664,1988-08-29,"H.No. 41, Luthra Ganj, Loni 943610",Telangana,India,2026-01-28
4179,Zaid,Sibal,zaid.sibal4179@hotmail.com,8738638258,2005-05-02,"48/975, Keer Chowk, Bikaner-384377",Bihar,India,2024-09-02
4180,Bhanumati,Balay,bhanumati.balay4180@yahoo.com,9210159763,2008-07-09,"53/57, Venkataraman Marg, Anantapur-879905",Delhi,India,2024-10-28
4181,Vivaan,Bali,vivaan.bali4181@hotmail.com,6029592750,1988-06-12,"06/907, Natarajan Zila, Tirupati-289566",Gujarat,India,2025-06-29
4182,Warhi,Din,warhi.din4182@hotmail.com,2265996701,1987-10-07,"60/502, Manda Road, Srikakulam-366879",Gujarat,India,2024-05-15
4183,Kashvi,Singhal,kashvi.singhal4183@yahoo.com,3604063725,1980-11-01,"53/612, Chhabra Ganj, Munger-668352",Uttar Pradesh,India,2024-03-04
4184,Xavier,Rout,xavier.rout4184@gmail.com,8433448815,1996-02-19,"65/47, Dara Zila, Katni 371304",Telangana,India,2025-05-10
4185,Ira,Char,ira.char4185@gmail.com,2089629287,2000-11-20,"H.No. 13, Sule, Bhilai 177827",Telangana,India,2023-12-13
4186,Vrishti,Date,vrishti.date4186@hotmail.com,8219837694,2004-08-06,"H.No. 44, Bhasin Ganj, Junagadh 730748",Odisha,India,2024-07-07
4187,Nathaniel,Malhotra,,9327389702,2003-11-23,"59, Bhavsar Path, Chandrapur 556132",Karnataka,India,15 Mar 2024
4188,Hemangini,Menon,hemangini.menon4188@gmail.com,9841606201,2001-08-09,"H.No. 78, Kamdar Nagar, Tirupati 395706",Odisha,India,2023-04-10
4189,Adweta,Mital,adweta.mital4189@gmail.com,6913191150,1989-10-23,"H.No. 74, Dalal Street, Jaunpur 196945",Assam,India,02-10-2024
4190,Balendra,Nagarajan,balendra.nagarajan4190@hotmail.com,7365305692,2008-05-29,"61, Pant, Kottayam-246125",Karnataka,India,2025-11-14
4191,Yashasvi,Narayanan,yashasvi.narayanan4191@yahoo.com,1469944423,2001-04-07,"79/654, Vora Nagar, Chandigarh-556520",Uttar Pradesh,India,2025-07-23
4192,Balendra,Yohannan,balendra.yohannan4192@yahoo.com,8888671380,1996-01-25,"34/08, Srinivas Circle, Jodhpur-443303",Gujarat,India,2025-11-27
4193,Rayaan,Sengupta,rayaan.sengupta4193@hotmail.com,1743581577,1997-10-21,"19/94, Subramanian Path, Chapra 115796",Madhya Pradesh,India,2025-01-16
4194,Thomas,Nayak,thomas.nayak4194@gmail.com,3803906862,2001-08-07,"31, Mammen Ganj, Nadiad-407867",Haryana,India,07-02-2025
4195,Nathan,Rai,nathan.rai4195@yahoo.com,7550105411,1998-12-29,"46/05, Grewal Chowk, Ahmedabad 125438",Karnataka,India,2026-02-01
4196,Janani,Ahluwalia,janani.ahluwalia4196@yahoo.com,0977432647,1985-05-24,"H.No. 30, Prabhu Nagar, Silchar-274624",Delhi,India,2025-07-18
4197,Qarin,Prabhakar,qarin.prabhakar4197@gmail.com,,2003-08-04,"H.No. 028, Kar Circle, Sagar 929753",Delhi,India,2024-12-31
4198,Nidra,Chad,nidra.chad4198@gmail.com,2487668170,1994-07-30,"46, Krishna Ganj, Madurai 662507",WEST BENGAL,India,2024-04-27
4199,Nandini,Edwin,nandini.edwin4199@gmail.com,0763751217,1990-03-11,"H.No. 20, D’Alia Zila, Vellore 804395",Uttar Pradesh,India,2024-04-27
4200,Janaki,Sule,janaki.sule4200@gmail.com,0100174833,2000-01-24,"H.No. 895, Issac Road, Siwan-106568",Tamil Nadu,India,2026-01-07
4201,Elijah,Patil,elijah.patil4201@gmail.com,5255290693,1985-05-26,"H.No. 439, Jha Zila, Jamnagar-416084",Punjab,India,2025-07-22
4202,Bhavani,Dalal,bhavani.dalal4202@gmail.com,9425986541,1976-06-14,"H.No. 85, Vig Path, Munger-913859",Haryana,India,2025-02-04
4203,Akshay,Majumdar,akshay.majumdar4203@hotmail.com,8530960732,1997-10-04,"53, Hari Street, Latur 321069",Haryana,India,2026-05-23
4204,Balhaar,Bansal,balhaar.bansal4204@gmail.com,1715035977,2004-02-05,,Rajasthan,India,2024-08-06
4205,Rachit,Koshy,rachit.koshy4205@yahoo.com,5322448387,1977-03-29,"01, Toor Path, Satna 087274",Assam,India,2026-07-05
4206,Chanchal,Grover,chanchal.grover4206@gmail.com,7746131009,1985-12-08,"75, Bhasin Path, Tinsukia 191051",Tamil Nadu,India,2025-04-22
4207,  Udyati  ,Mane,,5177240876,1978-01-31,"H.No. 63, Sunder Path, Chapra 062458",Kerala,India,2023-12-18
4208,Widisha,Mutti,widisha.mutti4208@hotmail.com,1426527652,1972-02-29,"36/78, Dani Circle, Karawal Nagar 443165",Odisha,India,2024-11-01
4209,Oviya,Dalal,oviya.dalal4209@gmail.com,5666560086,1979-04-21,"H.No. 274, Thakkar Ganj, Bhubaneswar-937151",Madhya Pradesh,India,2026-05-11
4210,Janani,Buch,janani.buch4210@hotmail.com,5097174919,1998-04-29,"H.No. 498, Garde Street, Raichur-997294",West Bengal,India,06 Aug 2026
4211,Bhavani,Bal,bhavani.bal4211@hotmail.com,5698172077,1993-04-15,"753, Viswanathan Road, Jalgaon-604868",Kerala,India,2026-02-01
4212,Abhiram,Chandra,abhiram.chandra4212@yahoo.com,0330995993,1986-11-08,"78/82, Gola Nagar, Lucknow-464126",Assam,India,2025-12-26
4213,Ishanvi,Loyal,ishanvi.loyal4213@yahoo.com,6194063075,1980-01-07,"88/65, Rastogi Circle, Kolhapur-466628",Telangana,India,2023-08-19
4214,Lucky,Andra,lucky.andra4214@yahoo.com,0529896392,1995-08-29,"311, Sandal Chowk, Bally-605569",Madhya Pradesh,India,2024-01-19
4215,Sara,Koshy,sara.koshy4215@gmail.com,8007346768,1971-04-16,"59, Issac Chowk, Deoghar 763352",Rajasthan,India,2026-03-31
4216,Jagrati,Basu,jagrati.basu4216@yahoo.com,9968727978,2007-02-09,"H.No. 72, Jain, Katni 769217",Gujarat,India,2026-04-26
4217,  Hiral  ,Raman,hiral.raman4217@yahoo.com,0343628570,1995-12-08,"380, Kalita Path, Gurgaon-130259",Tamil Nadu,India,2025-05-02
4218,Jalsa,Om,jalsa.om4218@hotmail.com,02012169567,1973-07-24,"903, Vala Chowk, Sangli-Miraj & Kupwad-822832",Assam,India,2024-02-27
4219,Varenya,Sandhu,varenya.sandhu4219@yahoo.com,2941742283,1973-05-13,"273, Rout Ganj, Singrauli 585440",Rajasthan,India,2023-03-22
4220,Tanvi,Subramanian,tanvi.subramanian4220@hotmail.com,9116204634,2004-04-28,"11, Narayan Street, Salem 049956",Rajasthan,India,2026-01-26
4221,Charan,Bhandari,charan.bhandari4221@yahoo.com,07020225243,1982-06-15,"H.No. 724, Ramanathan Zila, Shahjahanpur-238948",Tamil Nadu,India,2024-03-03
4222,Jeet,Prakash,jeet.prakash4222@gmail.com,1915805960,1993-04-16,"69, Konda Road, Bhiwani-806173",Maharashtra,India,2023/04/28
4223,Yagnesh,Basu,yagnesh.basu4223@yahoo.com,0670975412,2004-05-03,"07, Hayre Marg, Nagercoil-587201",Odisha,India,2023-12-21
4224,Bachittar,Narula,bachittar.narula4224@gmail.com,4076468926,1974-07-08,"H.No. 64, Chadha Marg, Kumbakonam 584598",Maharashtra,India,2025-02-28
4225,Varsha,Uppal,varsha.uppal4225@gmail.com,8649850093,1979-06-16,"16, Murthy Zila, Shahjahanpur-643628",Assam,India,2025-11-20
4226,Barkha,Modi,barkha.modi4226@gmail.com,3403332427,2005-04-10,"H.No. 79, Kala Path, Sonipat 708654",Karnataka,India,2026-03-04
4227,Geetika,Hora,geetika.hora4227@gmail.com,2215669797,1981-11-17,"H.No. 391, Zacharia Path, Tiruppur-500904",Karnataka,India,2026-04-07
4228,Jeevika,Prakash,jeevika.prakash4228@yahoo.com,5158927125,1980-10-06,"H.No. 10, Chahal Nagar, Karimnagar-160505",Punjab,India,2024-04-30
4229,Jack,Sandhu,jack.sandhu4229@gmail.com,3522825862,2004-04-02,"72/156, Golla Marg, Vijayawada 029939",Karnataka,India,2026-05-05
4230,Dev,Jain,dev.jain4230@hotmail.com,4857815774,1988-04-03,"61/16, Bandi Chowk, Begusarai-926673",Telangana,India,2025-01-25
4231,Neel,Ravel,neel.ravel4231@yahoo.com,9023679485,1993-01-16,"52/330, Chanda Nagar, Gandhinagar-906573",Rajasthan,India,2025-10-09
4232,Tripti,Balakrishnan,tripti.balakrishnan4232@gmail.com,5502838937,2001-06-30,"14/064, Koshy Circle, Bhiwani 606662",Kerala,India,2024-07-28
4233,Yoshita,Kar,yoshita.kar4233@hotmail.com,,1983-09-10,"H.No. 496, Pillay Road, Ambattur 384605",Rajasthan,India,2026-02-20
4234,Urvashi,Bhavsar,urvashi.bhavsar4234@yahoo.com,5394747945,2001-05-09,"459, Chawla Ganj, Vijayawada 962916",Madhya Pradesh,India,2026-01-09
4235,Faras,Borah,faras.borah4235@gmail.com,2319601881,2001-06-10,"H.No. 114, Jain Nagar, Bellary-606603",Telangana,India,2026-01-02
4236,Veda,Sura,veda.sura4236@hotmail.com,4899895130,2008-04-09,"92, Cheema Nagar, Mau-385289",Karnataka,India,2026-07-14
4237,Nandini,Pathak,nandini.pathak4237@gmail.com,5375870845,1979-11-30,"H.No. 372, Bassi Path, Gandhinagar 358818",Bihar,India,2024-12-18
4238,Krisha,Brar,krisha.brar4238@gmail.com,8953185598,1984-02-26,"754, Munshi, Bhalswa Jahangir Pur 175741",Karnataka,India,2026-07-19
4239,Dalbir,Bhatti,dalbir.bhatti4239@gmail.com,1629806148,2007-06-21,"53/03, Dar Road, Muzaffarnagar 091236",Haryana,India,2023-11-28
4240,Janaki,Varghese,janaki.varghese4240@gmail.com,3455646774,1994-10-16,"915, Bajaj Zila, Chittoor-849213",Uttar Pradesh,India,2024-02-14
4241,Yug,Dugar,yug.dugar4241@hotmail.com,1785699892,1988-06-04,"H.No. 45, Mammen Circle, Durgapur 365474",Kerala,India,2026-01-01
4242,Megha,Oza,megha.oza4242@yahoo.com,6820543620,1997-03-26,"01/38, Kara Marg, Ahmedabad 512478",Telangana,India,2023-11-11
4243,Yagnesh,Sundaram,yagnesh.sundaram4243@gmail.com,,1999-04-03,"16/340, Ramaswamy Marg, Amroha-182145",maharashtra,India,2026-08-29
4244,Charles,Loyal,charles.loyal4244@hotmail.com,9545416323,1995-10-18,"94/55, Chanda Circle, Jamalpur-397632",Bihar,India,2024-10-14
4245,Saumya,Palan,saumya.palan4245@gmail.com,8019656115,1990-08-14,"H.No. 16, Dave Marg, Kishanganj-398794",West Bengal,India,2025-04-14
4246,Sachi,Vohra,sachi.vohra4246@hotmail.com,7753321157,1983-04-04,"083, Dewan, Jammu 928715",Madhya Pradesh,India,2024-10-17
4247,Wyatt,Biswas,wyatt.biswas4247@hotmail.com,6089709571,1985-07-13,"H.No. 70, Balan Circle, Bathinda 464240",Maharashtra,India,2024-11-06
4248,Chatura,Palla,chatura.palla4248@hotmail.com,1000153148,1986-02-12,"28/29, Chaudhary Street, Jehanabad 575760",Tamil Nadu,India,2025-10-04
4249,Anika,Gour,anika.gour4249@hotmail.com,3032476422,1998-04-28,"089, Kala Chowk, Amroha-805172",Assam,India,2025-12-16
4250,Mugdha,Ahluwalia,mugdha.ahluwalia4250@yahoo.com,,2005-03-15,"17/03, Kala Path, Ratlam-689976",Haryana,India,2026-02-07
4251,Laksh,Mohan,laksh.mohan4251@hotmail.com,,2002-05-31,"866, Date Path, Ahmednagar-232881",Odisha,India,2026-08-08
4252,Quincy,Deshmukh,quincy.deshmukh4252@gmail.com,+91-3417878486,1984-06-17,"H.No. 97, Pingle Path, Dhule 759277",Maharashtra,India,2026-08-21
4253,Falguni,Anand,falguni.anand4253@hotmail.com,8191582144,1995-11-22,"48/357, Goyal Ganj, Anantapur 162846",Karnataka,India,2025-05-02
4254,Guneet,Om,guneet.om4254@hotmail.com,5822925005,1996-08-17,"H.No. 176, Issac, Thanjavur-489859",Haryana,India,2023-12-26
4255,Aachal,Radhakrishnan,aachal.radhakrishnan4255@hotmail.com,7565706429,1977-08-31,"337, Saraf Ganj, Burhanpur 489490",Gujarat,India,2025-11-20
4256,Xiti,Batta,xiti.batta4256@yahoo.com,5106633090,2000-09-04,"18/05, De Circle, Yamunanagar-315083",Maharashtra,India,2024-06-03
4257,Ryan,Jain,ryan.jain4257@yahoo.com,9596724016,1986-07-12,"760, Madan Chowk, Ahmednagar 480498",Karnataka,India,2026-07-08
4258,Tamanna,Gill,tamanna.gill4258@hotmail.com,5254878021,2005-10-01,"80, More, Madhyamgram 023309",Kerala,India,2026-07-04
4259,Garima,Sood,garima.sood4259@yahoo.com,3968841973,1971-10-03,"297, Khatri Chowk, Faridabad-815708",Odisha,India,2026-03-02
4260,Caleb,Iyer,caleb.iyer4260@yahoo.com,6324492443,1984-05-06,"H.No. 426, Khatri Circle, Raiganj-345012",West Bengal,India,2024-02-16
4261,Aarush,Krish,aarush.krish4261@hotmail.com,0164830109,1989-08-14,"25/13, Ratta Nagar, Hospet 094866",Karnataka,India,2025-07-17
4262,Aayush,Balakrishnan,aayush.balakrishnan4262@gmail.com,3127118388,1997-01-26,"457, Bala Ganj, Bathinda 744401",West Bengal,India,2023-12-11
4263,Hemal,Lad,hemal.lad4263@hotmail.com,9239120005,1985-09-06,"29, Bassi Chowk, Chennai 585692",Madhya Pradesh,India,2024-11-07
4264,David,Khanna,david.khanna4264@gmail.com,4904872587,1998-09-30,"H.No. 23, Oza Street, Firozabad-474909",Gujarat,India,2026-08-12
4265,Amruta,Balay,amruta.balay4265@yahoo.com,4782519991,1987-12-17,"16, Kata Path, Guna-904195",karnataka,India,2023-09-02
4266,Ria,Kalla,ria.kalla4266@yahoo.com,1801860713,1984-06-27,"72, Singh Street, Surendranagar Dudhrej 224558",Telangana,India,2025-12-29
4267,Falguni,Sankar,falguni.sankar4267@yahoo.com,9133926426,2002-11-30,"989, Dada, Shahjahanpur 809545",West Bengal,India,2026-07-07
4268,Jai,Narasimhan,jai.narasimhan4268@yahoo.com,8438841055,1997-05-13,"45, Bala, Madhyamgram-245622",Punjab,India,2023/10/11
4269,Mohammed,Saini,mohammed.saini4269@hotmail.com,4971551345,1997-03-29,"H.No. 779, Toor Marg, Allahabad-252226",West Bengal,India,2024-01-24
4270,Vrishti,Upadhyay,vrishti.upadhyay4270@yahoo.com,9246596456,1986-03-23,"15/56, Baria Nagar, Gudivada 669969",Haryana,India,2023-10-23
4271,Sachi,Thakur,sachi.thakur4271@gmail.com,1334916853,2007-10-08,"H.No. 416, Thaker Circle, Siwan 763672",Maharashtra,India,2025-01-01
4272,Wriddhish,Nadig,wriddhish.nadig4272@gmail.com,7213110770,2002-01-05,"H.No. 342, Wadhwa Road, Junagadh 238245",Madhya Pradesh,India,2026-01-26
4273,Krish,Kari,krish.kari4273@yahoo.com,9005555379,1976-11-28,"H.No. 568, Dube Circle, Raebareli-814658",Bihar,India,2024-12-26
4274,Dhruv,Rout,dhruv.rout4274@hotmail.com,8222973736,1973-05-29,"H.No. 12, Pingle Street, Sambhal-844573",Rajasthan,India,2024-01-28
4275,Aarini,Mittal,aarini.mittal4275@hotmail.com,2136717018,1995-12-06,"09/683, Bawa, Bardhaman-068839",Assam,India,2026-05-23
4276,Kiaan,Barman,kiaan.barman4276@hotmail.com,7435394824,1972-06-18,"29/774, Jain Zila, Gaya-439587",Kerala,India,2026-09-15
4277,Girish,Balakrishnan,girish.balakrishnan4277@hotmail.com,9712809455,1970-11-14,"709, More Road, Ujjain-328487",Karnataka,India,2026-05-24
4278,Zaid,Yadav,zaid.yadav4278@hotmail.com,7438245250,2004-06-06,"81/22, Pingle Zila, Kolhapur-361195",Gujarat,India,2025-11-30
4279,Falan,Nigam,falan.nigam4279@hotmail.com,9184085270,2006-01-20,,Uttar Pradesh,India,2024-05-14
4280,Mekhala,Sampath,mekhala.sampath4280@hotmail.com,7177860381,1972-01-12,"777, Jha, Purnia 468233",Haryana,India,2023-08-03
4281,Arin,Mammen,arin.mammen4281@gmail.com,2483518159,2004-11-26,"934, Swamy, Karimnagar 014134",Haryana,India,2023-02-03
4282,Rajata,Comar,rajata.comar4282@hotmail.com,6656807510,1971-04-17,"H.No. 75, Nagi, Panipat 252602",Haryana,India,2026-01-31
4283,Ronith,Mutti,ronith.mutti4283@gmail.com,6230675354,1978-02-01,"H.No. 901, Rastogi Marg, Guntakal-957649",Tamil Nadu,India,2026-04-02
4284,Gaurang,Babu,,5105632542,1989-05-19,"H.No. 51, Buch Ganj, Siwan 573296",Bihar,India,2026-02-14
4285,Ekaja,Bose,ekaja.bose4285@hotmail.com,8661212096,1975-06-18,"04/994, Shah Nagar, Hospet-770961",Uttar Pradesh,India,2023-01-23
4286,Jagdish,Ray,jagdish.ray4286@hotmail.com,8326699556,1979-04-21,"386, Khurana Path, Mira-Bhayandar-184586",West Bengal,India,2026-08-14
4287,Barkha,Murthy,barkha.murthy4287@yahoo.com,9865866768,1978-02-28,"H.No. 57, Parmer Marg, Hajipur 519613",Bihar,India,2024-01-17
4288,Charvi,Khatri,charvi.khatri4288@hotmail.com,3500544963,1976-08-27,"H.No. 976, Hans Marg, Mangalore 035866",Assam,India,2025-12-15
4289,Zehaan,Brar,zehaan.brar4289@gmail.com,4783228811,1975-05-24,"639, Sachar Ganj, Jorhat-437367",Karnataka,India,2024-12-24
4290,Gaurang,Varughese,,1001584884,2004-05-10,"69/06, Nigam Circle, Begusarai-181546",Kerala,India,2026-06-09
4291,Lucky,Jain,lucky.jain4291@gmail.com,8847607998,1979-05-29,"46/833, Rajagopal Ganj, Ambala 010052",West Bengal,India,2025-04-27
4292,Bhavna,Borah,bhavna.borah4292@yahoo.com,8911782384,1981-03-27,"596, Suresh Zila, Raichur 639849",Rajasthan,India,2026-08-28
4293,Lohit,Dubey,lohit.dubey4293@gmail.com,4078432067,1976-08-15,"H.No. 29, Bandi Chowk, Gandhidham 875334",Telangana,India,2026-07-31
4294,Tanmayi,Sura,,4798098368,1985-06-10,"H.No. 476, Shanker Road, Serampore-335573",Bihar,India,2024-08-29
4295,Qarin,Sethi,qarin.sethi4295@yahoo.com,4612003209,1988-01-21,"H.No. 028, Bansal Circle, Nellore-549164",West Bengal,India,2026-02-15
4296,Ekanta,Sangha,ekanta.sangha4296@hotmail.com,3601358363,2008-04-03,"H.No. 00, Mishra Street, Patiala 056911",Karnataka,India,2026-04-14
4297,Wridesh,Raju,wridesh.raju4297@gmail.com,2627301667,1993-01-16,"30/555, Mittal Street, Thoothukudi-047373",Kerala,India,2024-02-06
4298,Triya,Sarin,triya.sarin4298@gmail.com,6481118030,2004-08-06,"23/56, Hari Nagar, Bulandshahr-559189",Madhya Pradesh,India,2023-06-30
4299,Tristan,Goswami,tristan.goswami4299@gmail.com,7716437513,1991-05-24,"953, Maharaj Circle, Dewas 029084",Punjab,India,2024-04-03
4300,Devansh,Kade,devansh.kade4300@yahoo.com,5040658443,1977-06-20,"73/331, Bhat Nagar, Mirzapur-817424",Uttar Pradesh,India,2024-07-03
4301,Prisha,Kakar,prisha.kakar4301@gmail.com,36349-52234,1992-12-03,"28/586, Patla, Dehradun-294266",Delhi,India,2024-03-18
4302,Anamika,Venkatesh,anamika.venkatesh4302@gmail.com,1103159708,1994-05-19,,Bihar,India,2025-05-20
4303,Yashoda,Prakash,yashoda.prakash4303@yahoo.com,6630078273,2004-09-12,"H.No. 202, Chaudhuri Chowk, Meerut 432813",Uttar Pradesh,India,2023-08-08
4304,Yochana,Bala,yochana.bala4304@hotmail.com,2724739523,1971-01-14,"691, Raval Chowk, Jhansi-752124",Rajasthan,India,2026-05-09
4305,Zehaan,Dasgupta,zehaan.dasgupta4305@hotmail.com,4978497808,1978-04-04,"H.No. 478, Tak Nagar, Kalyan-Dombivli-263978",Uttar Pradesh,India,04/01/2025
4306,Raagini,Ravi,raagini.ravi4306@gmail.com,8839411981,1982-06-29,"H.No. 83, Contractor, Srinagar 370408",Punjab,India,2024-11-18
4307,Karan,Prashad,karan.prashad4307@yahoo.com,4041022961,2008-05-19,"H.No. 447, Sanghvi Ganj, Dharmavaram-527829",Kerala,India,2025-03-12
4308,Gavin,Bawa,gavin.bawa4308@hotmail.com,7653644816,1989-11-27,"H.No. 855, Dutt Zila, Mysore 799723",Telangana,India,2024-08-16
4309,Indira,Sengupta,indira.sengupta4309@yahoo.com,22815-28886,1977-11-23,"35/929, Srinivas, Korba-433769",Kerala,India,2026-07-21
4310,Aarav,Kant,aarav.kant4310@hotmail.com,6049542864,1999-06-19,"02/09, Maharaj Ganj, Jehanabad 609567",Gujarat,India,2024-07-05
4311,Orinder,Sastry,orinder.sastry4311@hotmail.com,3512543083,1978-12-26,"H.No. 874, Char Circle, Ghaziabad 359345",Maharashtra,India,2024-04-03
4312,Daksha,Dasgupta,daksha.dasgupta4312@hotmail.com,1143794573,1985-05-12,"437, Oak Chowk, Jabalpur 578723",Kerala,India,2025-10-04
4313,Kamala,Vaidya,kamala.vaidya4313@hotmail.com,6430706117,1979-01-08,"46/575, Gola Road, Hajipur-655397",Punjab,India,09/10/2023
4314,Bina,Rana,bina.rana4314@gmail.com,1317530161,1992-06-08,,Tamil Nadu,India,2026-02-22
4315,Rushil,Chopra,rushil.chopra4315@hotmail.com,8124834884,1990-10-08,"03/599, Pant Marg, Panvel 058449",Madhya Pradesh,India,2026-02-21
4316,Jalsa,Mukhopadhyay,jalsa.mukhopadhyay4316@hotmail.com,8117807471,2003-04-08,"63/010, Venkatesh Marg, Proddatur-125456",Kerala,India,2023-12-18
4317,Rehaan,Wadhwa,rehaan.wadhwa4317@yahoo.com,5701425549,2000-08-19,"H.No. 55, Tara Path, Unnao 844720",Delhi,India,2026-08-16
4318,Damyanti,Tank,damyanti.tank4318@gmail.com,6215692215,1988-11-30,"H.No. 254, Dhar Nagar, Coimbatore 852991",Maharashtra,India,2025-04-01
4319,Quincy,Grewal,quincy.grewal4319@yahoo.com,8230173753,1993-09-20,"H.No. 777, Upadhyay Chowk, Baranagar 603654",Uttar Pradesh,India,2025-11-14
4320,Wahab,Sani,wahab.sani4320@gmail.com,6673563951,1986-10-03,"351, Bala Path, Durg-033387",Karnataka,India,2024/05/17
4321,Hamsini,Luthra,hamsini.luthra4321@yahoo.com,6507778162,2002-03-14,"H.No. 25, De Marg, Jehanabad 343820",West Bengal,India,2025-01-01
4322,Mohammed,Shetty,mohammed.shetty4322@yahoo.com,5227225699,2003-08-25,"77/85, Bhat, Coimbatore 526079",Haryana,India,2024-06-09
4323,Praneel,Agarwal,praneel.agarwal4323@yahoo.com,7102011934,1977-05-19,"92/985, Tandon Zila, Kolhapur 387607",Bihar,India,2026-01-31
4324,Shivani,Bakshi,shivani.bakshi4324@hotmail.com,8528657781,1978-07-08,"99/10, Upadhyay Circle, Rewa 402235",Tamil Nadu,India,2026-01-26
4325,Brinda,Barad,brinda.barad4325@gmail.com,7301998961,1974-03-26,"65/47, Bobal Zila, Muzaffarnagar-266805",Haryana,India,2024-04-03
4326,Hemal,Sethi,hemal.sethi4326@gmail.com,1261228150,1972-03-09,"H.No. 172, Baral Ganj, Mumbai-747441",Kerala,India,2026-05-13
4327,Gaurav,Roy,gaurav.roy4327@yahoo.com,4162192859,1995-08-07,"032, Chowdhury Zila, Jorhat-032246",Assam,India,2023-05-25
4328,Unni,Wali,unni.wali4328@hotmail.com,51911-78069,1997-11-30,"483, Sarkar Road, Bhopal-344196",West Bengal,India,2023-08-15
4329,Yash,Karnik,yash.karnik4329@gmail.com,1869865251,1989-01-29,"82, Bumb Circle, Khandwa-894417",Haryana,India,2025-10-09
4330,Harini,Krishnan,harini.krishnan4330@yahoo.com,3943852207,1973-09-21,"80/16, Thaman Path, Muzaffarpur-706223",Uttar Pradesh,India,2026-07-07
4331,Sarthak,Chopra,sarthak.chopra4331@gmail.com,3088111288,1972-02-04,"H.No. 645, Iyer, Delhi-093609",Madhya Pradesh,India,2025-02-03
4332,Geetika,Khosla,geetika.khosla4332@yahoo.com,3422830184,2001-02-11,"60/24, Ratti Circle, Anantapuram-454027",Punjab,India,2024/12/12
4333,Bishakha,Bala,bishakha.bala4333@yahoo.com,0192492103,2006-12-11,"H.No. 56, Jain Ganj, Suryapet 180158",Tamil Nadu,India,2026-01-07
4334,Devansh,Dar,,4820208307,2001-08-30,"57, Kala Path, Bongaigaon 991753",Delhi,India,2023-06-28
4335,Lopa,Hayre,lopa.hayre4335@gmail.com,02875865830,1988-07-07,"21/334, Balan Zila, Chandrapur-565160",Punjab,India,2026-08-08
4336,Viraj,Gola,viraj.gola4336@yahoo.com,2127667742,1989-06-05,"H.No. 230, Yadav Chowk, Jhansi 853855",Tamil Nadu,India,2023-10-05
4337,Azaan,Raja,azaan.raja4337@hotmail.com,6549627318,2007-04-03,"37/097, Kumer Road, Erode-695154",Gujarat,India,2026-06-22
4338,Fitan,Khosla,fitan.khosla4338@yahoo.com,4485638562,1996-02-06,"380, Contractor Chowk, Dindigul 677844",Uttar Pradesh,India,2026-07-03
4339,Gaurang,Pradhan,gaurang.pradhan4339@hotmail.com,8957480103,1979-05-26,"50, Barad Chowk, Guna 576493",Haryana,India,2026-06-24
4340,Chandresh,Lad,chandresh.lad4340@gmail.com,4579284499,1973-05-30,"67/881, Pingle Marg, Aizawl 358332",Assam,India,2024-01-18
4341,Anusha,Mital,anusha.mital4341@hotmail.com,7102281834,1988-05-04,"51, Sarma Circle, Rourkela-072021",Maharashtra,India,2025-10-23
4342,Aarush,Sawhney,aarush.sawhney4342@gmail.com,2497318212,1990-08-14,"32, Korpal Chowk, Deoghar-181966",Delhi,India,07 Aug 2024
4343,Yashica,Bahl,yashica.bahl4343@hotmail.com,9432839506,1995-09-24,"H.No. 57, Mani, Akola-052083",Assam,India,2023-07-18
4344,Neel,Oommen,neel.oommen4344@yahoo.com,3449028409,1990-06-18,"77/832, Kalla Nagar, Rourkela-156852",Assam,India,2024-12-22
4345,Avi,Chandran,avi.chandran4345@yahoo.com,8003651682,2007-05-13,"H.No. 97, Majumdar Ganj, Khandwa 382787",Rajasthan,India,2025-12-22
4346,Yochana,Sem,yochana.sem4346@gmail.com,0883968286,1973-03-09,"06/709, Mammen Chowk, Udaipur-010967",Punjab,India,2025-10-19
4347,Nathan,Char,nathan.char4347@yahoo.com,8636423871,2004-07-01,"H.No. 02, Sengupta Street, Dhule-840510",Maharashtra,India,2025-07-11
4348,Anay,Walia,anay.walia4348@hotmail.com,2259355544,2000-01-22,"H.No. 70, Anne Nagar, Siliguri-577284",Gujarat,India,2023-09-09
4349,Urishilla,Tailor,urishilla.tailor4349@yahoo.com,6782894060,2003-02-21,"H.No. 359, Garg Marg, Hapur 039952",Haryana,India,2024-01-05
4350,Gopal,Vasa,gopal.vasa4350@hotmail.com,9442708021,2001-01-18,"95/384, Sampath Zila, Jalandhar 510803",Madhya Pradesh,India,2026-02-07
4351,Zarna,Goda,zarna.goda4351@gmail.com,5337672798,1985-08-26,"H.No. 039, Batta Ganj, Bhatpara 243594",Gujarat,India,2024-03-07
4352,Ira,Sarna,ira.sarna4352@gmail.com,9405748896,2005-02-08,"48, Vora Path, Kollam-085930",Gujarat,India,2024-08-23
4353,Maanav,Rege,maanav.rege4353@yahoo.com,5609145873,2006-03-08,"61, Bhagat Circle, Raipur 840902",West Bengal,India,2025-11-18
4354,Michael,Wable,michael.wable4354@hotmail.com,1410404862,1995-10-06,"717, Dhingra Marg, Shimla 136386",Tamil Nadu,India,2024-04-23
4355,Meera,Buch,meera.buch4355@hotmail.com,7801834766,1976-01-04,"11/10, Gandhi Chowk, Jhansi-254945",Bihar,India,2023-01-17
4356,Rudra,Pradhan,rudra.pradhan4356@gmail.com,2587352089,1972-04-13,"85, Kanda Road, Bettiah 766493",Maharashtra,India,2026-01-24
4357,Isaiah,Sundaram,isaiah.sundaram4357@hotmail.com,9763745379,1993-08-10,"26, Talwar Street, Bhalswa Jahangir Pur 046669",Bihar,India,10/04/2025
4358,Brinda,Natt,brinda.natt4358@gmail.com,5509356003,1992-11-16,"09/37, Thakur Street, Bulandshahr-038831",Tamil Nadu,India,2025-05-05
4359,Kabir,Jain,kabir.jain4359@gmail.com,8493525404,1984-07-01,"166, Kibe Chowk, Bhilai-412505",West Bengal,India,2023-07-21
4360,Shivansh,Panchal,shivansh.panchal4360@yahoo.com,7299854723,1982-01-17,"40/320, Narula, Gurgaon-109069",Kerala,India,2025-01-04
4361,Manya,Suresh,manya.suresh4361@gmail.com,+91-3641955628,2005-06-03,"17/627, Singhal Road, Moradabad-752029",Odisha,India,2026-08-22
4362,Ansh,Dar,ansh.dar4362@hotmail.com,1967827238,1973-11-02,"469, Prasad Ganj, Chinsurah 200564",Karnataka,India,2024-10-16
4363,Krisha,Gara,krisha.gara4363@hotmail.com,2263115497,1984-11-22,"964, Sheth Zila, Kurnool 176083",Punjab,India,2024-10-30
4364,Hema,Kashyap,hema.kashyap4364@gmail.com,3812343152,2005-04-01,"91/26, Prasad Street, Bardhaman 330119",Uttar Pradesh,India,2024-01-24
4365,Vansha,Buch,vansha.buch4365@hotmail.com,7021258400,1974-03-14,"93/99, Bava Path, Allahabad-382787",West Bengal,India,04/02/2025
4366,Lakshit,Sanghvi,lakshit.sanghvi4366@gmail.com,7548487281,2001-11-27,"H.No. 918, Dalal Street, Sangli-Miraj & Kupwad 873692",Karnataka,India,2025-07-01
4367,Qabil,Ganesh,qabil.ganesh4367@hotmail.com,4071016639,1974-03-30,"23/20, Dutta Ganj, Chapra 638553",West Bengal,India,2024-08-25
4368,Henry,Chad,henry.chad4368@gmail.com,6752546754,1990-01-24,"64/77, Murty Path, Bhopal 776992",Haryana,India,2023-08-16
4369,Upma,Barad,upma.barad4369@yahoo.com,2021509304,1991-06-15,"66, Shenoy Zila, Shimla 608171",Maharashtra,India,2026-04-26
4370,Ekavir,Comar,ekavir.comar4370@yahoo.com,7664878646,1977-07-02,"H.No. 810, Din Street, Giridih-732615",Gujarat,India,2024-08-08
4371,Mugdha,Zacharia,mugdha.zacharia4371@gmail.com,0667854661,2008-08-11,"84/893, Mand Ganj, Yamunanagar 914546",Gujarat,India,2023-11-08
4372,Neha,Karan,neha.karan4372@hotmail.com,8542127087,1981-06-09,"H.No. 86, Gala Street, Coimbatore 887567",Assam,India,2023-09-26
4373,Neelima,Keer,neelima.keer4373@hotmail.com,5990166423,2003-07-27,"85, Wable, Avadi 148030",Bihar,India,2026-07-07
4374,Chaman,Nazareth,chaman.nazareth4374@yahoo.com,6731614241,1975-04-15,"32, Goel Road, Patiala 546836",Rajasthan,India,2023-02-27
4375,Adya,Malhotra,adya.malhotra4375@yahoo.com,0852855864,1987-05-22,"H.No. 77, Sinha Chowk, Faridabad-564166",KARNATAKA,India,2025-06-20
4376,Tanvi,Bhatnagar,tanvi.bhatnagar4376@gmail.com,3860458597,2001-08-26,,Odisha,India,2026-06-10
4377,Vrinda,Sastry,vrinda.sastry4377@hotmail.com,3209813774,1992-06-05,"H.No. 847, Bhattacharyya, Durgapur 897281",Tamil Nadu,India,2025-08-29
4378,Nimrat,Ganesan,nimrat.ganesan4378@hotmail.com,1061956141,1999-06-23,"042, Kalla Road, Suryapet 508227",Delhi,India,2024-09-21
4379,Widisha,Dyal,widisha.dyal4379@gmail.com,0111405336,1988-09-06,"44, Bhardwaj Street, Berhampore 703876",Assam,India,2026-06-23
4380,Gaurangi,Edwin,gaurangi.edwin4380@gmail.com,1470769791,2001-08-01,"H.No. 355, Garg Ganj, Danapur 379325",RAJASTHAN,India,2025-12-25
4381,Suhani,Gour,suhani.gour4381@yahoo.com,0015836204,1998-12-04,"027, Brar Path, Chennai 497341",West Bengal,India,2023-07-12
4382,Janaki,Rau,janaki.rau4382@yahoo.com,0288936037,2004-12-29,"83/184, Nadkarni Ganj, Malda-117623",Gujarat,India,2025-10-25
4383,Matthew,Raman,matthew.raman4383@gmail.com,4521972143,1980-06-30,"34/911, Bhakta Nagar, Karimnagar 310869",Punjab,India,2026-05-22
4384,Viraj,Mittal,viraj.mittal4384@gmail.com,3481077259,1992-08-10,"H.No. 45, Pradhan Nagar, Udupi-900025",West Bengal,India,2026-02-19
4385,Pavani,Narang,pavani.narang4385@yahoo.com,4932855456,1979-07-27,"46/811, Dhar, Latur-069357",Delhi,India,2024-09-01
4386,Kiaan,Basu,kiaan.basu4386@gmail.com,9522057673,2007-07-18,"75/79, Chauhan Nagar, Panvel-134012",West Bengal,India,2024-04-19
4387,Vasudha,Swamy,vasudha.swamy4387@hotmail.com,8349872537,1972-02-25,"587, Bandi Ganj, Madurai 069220",West Bengal,India,2025-04-28
4388,Vanya,Dewan,vanya.dewan4388@yahoo.com,00328231117,1999-03-14,"33/172, Peri Path, Rampur-817820",Assam,India,2023-02-15
4389,Gabriel,Nair,gabriel.nair4389@hotmail.com,7115938757,1971-08-30,"591, Gara Nagar, Bhagalpur-907492",Tamil Nadu,India,2026-04-19
4390,Theodore,Peri,theodore.peri4390@gmail.com,7485636678,1985-12-25,"174, Srinivasan Circle, Bhubaneswar 209321",Rajasthan,India,2023-07-04
4391,Devansh,Gour,devansh.gour4391@gmail.com,4539350291,1989-01-29,"H.No. 40, Agarwal Road, Shivpuri-151509",Maharashtra,India,2026-03-06
4392,Hemani,Sodhi,hemani.sodhi4392@yahoo.com,3210947128,2002-10-16,"084, Saran Nagar, Siliguri-810697",Delhi,India,2023-11-21
4393,Ayushman,Barad,ayushman.barad4393@hotmail.com,3477352901,1972-12-27,"H.No. 915, Pillai Nagar, Madhyamgram-230030",Uttar Pradesh,India,2024-12-31
4394,Arin,Malhotra,arin.malhotra4394@hotmail.com,4930874506,1984-04-01,"H.No. 30, Walia, Mahbubnagar-426153",Assam,India,2026-03-08
4395,Darsh,Gupta,darsh.gupta4395@gmail.com,7783801888,1973-05-15,"03, Nanda Street, Bongaigaon 749949",Tamil Nadu,India,2024-03-06
4396,Veda,Palla,veda.palla4396@yahoo.com,4272258900,1977-07-03,"H.No. 76, Chatterjee Circle, Hubli–Dharwad-173789",West Bengal,India,2024-04-09
4397,Yadavi,Nigam,yadavi.nigam4397@hotmail.com,1781051794,1980-05-22,"70/427, Walia Marg, Chapra 902803",Delhi,India,2025-08-02
4398,Dakshesh,Barad,dakshesh.barad4398@yahoo.com,2293928853,2001-05-26,"415, Bansal Chowk, Sikar-908580",Delhi,India,2025-07-22
4399,Meera,Ahuja,meera.ahuja4399@gmail.com,4470521947,1975-11-16,"821, Tara Zila, Morbi-990360",Odisha,India,2024-10-31
4400,Luke,Rama,luke.rama4400@gmail.com,4137749739,2008-05-08,"H.No. 98, Das Zila, Secunderabad 353394",Tamil Nadu,India,2025-07-02
4401,Ati,Misra,ati.misra4401@hotmail.com,,1982-07-11,"85/382, Tata, Bikaner-891359",Karnataka,India,2025-04-25
4402,Urvashi,Madan,urvashi.madan4402@yahoo.com,3648057935,1982-02-23,"H.No. 713, Buch Circle, Bijapur 248388",Karnataka,India,2025-11-30
4403,Ishita,Setty,ishita.setty4403@hotmail.com,3033371471,1986-11-10,"H.No. 389, Ratta Zila, Bhilwara-144853",Karnataka,India,2025-12-18
4404,Waida,Dey,,8911147093,1987-04-17,"86/33, Murthy Ganj, Aizawl 214770",Delhi,India,2025-07-13
4405,Mitali,Amble,mitali.amble4405@hotmail.com,6168814831,1987-06-07,"30, Dave Path, Panihati 520726",Rajasthan,India,2026-03-23
4406,Anamika,Chauhan,anamika.chauhan4406@gmail.com,3949953925,1977-09-25,"H.No. 85, Naidu Circle, Medininagar-032787",Telangana,India,2023-01-15
4407,Umang,Kaur,umang.kaur4407@hotmail.com,1735445172,1976-04-07,"H.No. 61, Mann, Nadiad 827598",West Bengal,India,2023-07-18
4408,Mekhala,Toor,mekhala.toor4408@hotmail.com,0073872237,1985-11-11,"24/20, Comar Nagar, Bhiwani 539575",Bihar,India,2025-04-14
4409,Pranav,Boase,pranav.boase4409@hotmail.com,9545470816,1974-03-28,"H.No. 56, Brar Chowk, Panihati-312200",Madhya Pradesh,India,09/14/2025
4410,Yatin,Sridhar,yatin.sridhar4410@hotmail.com,5067678571,1988-11-05,"56, Mane Road, Bhagalpur 726963",Bihar,India,2025-07-08
4411,Sudiksha,Kuruvilla,sudiksha.kuruvilla4411@yahoo.com,5210217847,1998-06-16,"39, Dasgupta Circle, Karawal Nagar-496661",Delhi,India,2026-07-21
4412,Nirja,D’Alia,nirja.d’alia4412@hotmail.com,5949435331,1986-08-02,"08/743, Upadhyay Road, Hosur-521760",West Bengal,India,2024-12-24
4413,Aarush,Goyal,aarush.goyal4413@yahoo.com,0056402392,1995-12-27,"67/64, Raju Chowk, Bathinda 831225",Haryana,India,2023-09-20
4414,Yoshita,Kunda,yoshita.kunda4414@hotmail.com,9523136281,1998-03-05,"38, Bahl Circle, Morena-115986",Telangana,India,2024-06-04
4415,Hemani,Toor,hemani.toor4415@gmail.com,8695963350,2004-02-02,"36, Wadhwa Zila, Siliguri 825721",Bihar,India,2024-01-19
4416,Omkaar,Sachdeva,omkaar.sachdeva4416@gmail.com,9719808504,1998-06-27,"76/249, Samra Nagar, Gurgaon-909300",Rajasthan,India,2024-04-10
4417,Henry,Bakshi,henry.bakshi4417@yahoo.com,,2005-09-14,"55, Jain Circle, Agartala 539738",Punjab,India,2026-08-02
4418,Nachiket,Agrawal,nachiket.agrawal4418@hotmail.com,3740144362,1987-11-26,"H.No. 65, Lanka Street, Tinsukia 691380",Rajasthan,India,2025-07-12
4419,Hiral,Khare,hiral.khare4419@hotmail.com,6788674466,1980-04-04,"H.No. 972, Keer Circle, Nagaon 655361",Bihar,India,2023-03-28
4420,Utkarsh,Virk,utkarsh.virk4420@gmail.com,4944352521,1988-05-03,"H.No. 216, Pal Chowk, Gulbarga 474348",West Bengal,India,2026-03-02
4421,Harinakshi,Kanda,harinakshi.kanda4421@hotmail.com,5808088851,2002-09-10,"69/025, Yadav Zila, Thane-973856",Kerala,India,2024-07-29
4422,Kalpit,Grewal,kalpit.grewal4422@yahoo.com,7685860149,2007-06-26,"07/12, Chakraborty Zila, Salem-735231",West Bengal,India,2026-06-14
4423,Rajeshri,Krishnamurthy,rajeshri.krishnamurthy4423@yahoo.com,9787555155,1993-12-01,"H.No. 691, Khare Street, Unnao-760776",DELHI,India,2023-09-21
4424,Vasudha,Swamy,vasudha.swamy4424@yahoo.com,0724488027,1980-08-01,"H.No. 839, Chahal, Agartala-303176",Tamil Nadu,India,2025-09-10
4425,  Baljiwan  ,Gara,,8498385234,1973-11-05,"99/688, Jayaraman Marg, Bhusawal-453023",Uttar Pradesh,India,2026-07-28
4426,Dayamai,Pandey,dayamai.pandey4426@yahoo.com,4774245069,2000-03-12,"373, Wali Zila, Amravati 054831",Madhya Pradesh,India,2026-02-13
4427,Omkaar,Dora,omkaar.dora4427@hotmail.com,7881589809,1998-01-31,"38/353, Bhatt Zila, Bilaspur 761098",Uttar Pradesh,India,2024-04-12
4428,Rohan,Gour,rohan.gour4428@hotmail.com,3063435330,1980-11-17,"H.No. 644, Bansal Path, Gorakhpur-275972",Gujarat,India,2026-05-25
4429,Aayush,Wadhwa,aayush.wadhwa4429@gmail.com,0334418607,2006-06-01,"72/403, Kar Path, Mira-Bhayandar-523035",Uttar Pradesh,India,2026-01-30
4430,Dakshesh,Johal,dakshesh.johal4430@yahoo.com,5241200394,1973-07-17,"75/572, Dutt Street, Madhyamgram 285570",Delhi,India,2024-05-13
4431,Sara,Edwin,sara.edwin4431@hotmail.com,5318751636,2002-01-18,"94, Maharaj Road, Gwalior-710420",Haryana,India,2026-05-04
4432,Eshana,Keer,eshana.keer4432@hotmail.com,3435613571,2001-10-29,"08/851, Tank, Burhanpur-502621",haryana,India,2026-09-13
4433,Mitali,Ratta,mitali.ratta4433@hotmail.com,7785005024,2002-05-26,"25/30, Bobal Street, Pali-830347",ODISHA,India,2026-05-17
4434,Yauvani,Sandal,yauvani.sandal4434@yahoo.com,6481596350,1995-04-06,"83/35, Mital Zila, Madurai 050467",Telangana,India,2026-07-19
4435,Damyanti,Gala,damyanti.gala4435@hotmail.com,1110168378,1977-04-21,"H.No. 468, Raj Road, Raurkela Industrial Township 939567",Telangana,India,2025-08-21
4436,Krish,Lata,krish.lata4436@hotmail.com,1142119563,1983-05-30,"08/616, Badal Zila, Amaravati-781979",Haryana,India,2026-06-21
4437,Arin,Pandya,arin.pandya4437@hotmail.com,2653974624,1989-11-27,"803, Tailor Marg, Chandrapur 757814",Assam,India,2026-08-12
4438,Tejas,Sant,tejas.sant4438@gmail.com,1722773228,1991-10-29,"H.No. 08, Bajwa, Ulhasnagar-781911",Madhya Pradesh,India,2026-05-19
4439,Rushil,Kalla,rushil.kalla4439@hotmail.com,3569315472,2004-02-27,"H.No. 927, Gole Marg, Chittoor-395398",Telangana,India,2026-02-02
4440,Onveer,Bora,onveer.bora4440@hotmail.com,3525720337,2007-01-09,"H.No. 712, Dhar Road, Kanpur 504479",Haryana,India,2023-04-01
4441,Rajata,Parmar,rajata.parmar4441@hotmail.com,03588-95225,1986-09-20,"H.No. 65, Dave Nagar, Thane 643130",Kerala,India,2023-12-24
4442,Dominic,Bala,dominic.bala4442@yahoo.com,3635319095,1998-01-01,"87/56, Dass Road, Karawal Nagar 338795",Kerala,India,2026-06-06
4443,Lakshit,Divan,lakshit.divan4443@hotmail.com,7842253318,1998-04-22,"609, Mukhopadhyay Nagar, Naihati 127272",Kerala,India,2024-07-23
4444,Rachit,Radhakrishnan,rachit.radhakrishnan4444@yahoo.com,9423217657,1983-02-23,"607, Naidu Chowk, Gulbarga 564577",Madhya Pradesh,India,2026-07-10
4445,Pooja,Nazareth,,8297424035,1986-12-14,"566, Lalla, Suryapet 041949",Uttar Pradesh,India,2024-08-16
4446,Hemal,Narayanan,hemal.narayanan4446@gmail.com,2276644772,1997-12-27,"H.No. 75, Dada Chowk, Kadapa 578095",Haryana,India,2023-05-22
4447,Neel,Sahni,neel.sahni4447@hotmail.com,9736974754,1971-08-17,"98/42, Kakar Chowk, Lucknow-259967",Madhya Pradesh,India,2026-03-02
4448,  Lucky  ,Gera,lucky.gera4448@hotmail.com,1037040464,1976-12-06,"80/707, Suresh Zila, Gorakhpur-140617",Telangana,India,2023-05-27
4449,  Kalpit  ,Parikh,kalpit.parikh4449@hotmail.com,08727372524,1974-01-10,"73/84, Bose Path, Vijayawada 830637",Gujarat,India,2025-10-26
4450,Bimala,Dass,bimala.dass4450@yahoo.com,1368477155,2004-11-05,"233, Cheema Circle, Nanded 994773",Kerala,India,2026-03-01
4451,Abha,Goel,abha.goel4451@gmail.com,7303463192,1989-04-29,"57/05, Kapoor, Raipur-232746",Delhi,India,2026-04-20
4452,Eta,Rajan,eta.rajan4452@gmail.com,5131456775,2003-07-06,"75/10, Devan Marg, Nagercoil-236077",Odisha,India,2025-07-31
4453,Ganga,Dara,ganga.dara4453@gmail.com,4254779600,1976-09-06,"H.No. 906, Kade, Satna 790356",Maharashtra,India,2024-12-14
4454,Keya,Kapadia,keya.kapadia4454@yahoo.com,1277998537,1989-11-01,"H.No. 30, Hegde Zila, Surat 763570",Assam,India,2025-12-18
4455,Neha,Das,neha.das4455@yahoo.com,1698867897,2000-12-17,"H.No. 157, Shroff Chowk, Kharagpur-606145",West Bengal,India,2026-07-02
4456,  Raghav  ,Walia,raghav.walia4456@gmail.com,9538175009,2004-02-03,"45/31, Pandit Marg, Danapur-301965",Odisha,India,2026-02-10
4457,Lavanya,Doshi,lavanya.doshi4457@hotmail.com,7829386739,1975-04-10,"H.No. 99, Thakkar Marg, Maheshtala 091864",Gujarat,India,2023-10-13
4458,Eiravati,Karpe,eiravati.karpe4458@hotmail.com,6175083148,1975-12-27,"H.No. 58, Shroff Marg, Secunderabad-499810",Gujarat,India,2024-12-02
4459,Rudra,Raja,,2509725672,1979-09-24,"16, Deep, Bhind-512878",Telangana,India,2025-09-16
4460,Nitara,Jain,nitara.jain4460@hotmail.com,6565666392,1986-10-20,"76/11, Kade, Ballia-248219",Assam,India,14-12-2024
4461,Samesh,Sarkar,samesh.sarkar4461@hotmail.com,5338130095,2001-07-05,"H.No. 71, Kashyap Circle, Tirunelveli-090001",gujarat,India,2023-09-12
4462,  Gavin  ,Balan,gavin.balan4462@hotmail.com,8408169828,1986-05-12,"42, Mand Ganj, Buxar 060916",Bihar,India,2026-01-13
4463,Neelima,Nagarajan,neelima.nagarajan4463@yahoo.com,7889679277,1975-05-25,"18, Gara Chowk, Bihar Sharif-594969",Odisha,India,2026-03-17
4464,Lekha,Mital,lekha.mital4464@gmail.com,3016563854,1971-09-21,"96/640, Sarma Circle, Jamshedpur-525133",Madhya Pradesh,India,2025-03-09
4465,Madhav,Bal,madhav.bal4465@hotmail.com,2262629768,1989-08-25,"47/221, Nanda Path, Bokaro 591641",Odisha,India,2025-07-28
4466,Jalsa,More,jalsa.more4466@gmail.com,1674248485,1995-08-27,"828, Shukla Road, Mumbai-733248",Delhi,India,2023-05-23
4467,Vamakshi,Char,vamakshi.char4467@hotmail.com,4170802356,1997-08-23,"65/052, Choudhary Ganj, Berhampur-730332",Odisha,India,2026-07-02
4468,Nirja,Chanda,nirja.chanda4468@yahoo.com,7926590438,1990-10-19,,Haryana,India,2026-02-02
4469,Radha,Konda,radha.konda4469@yahoo.com,0957028872,1978-09-04,"42/656, Kapadia Ganj, Ambattur-128085",Delhi,India,2024-09-22
4470,Veda,Bhargava,veda.bhargava4470@yahoo.com,2016909851,1996-05-23,"49/71, Bhatt Marg, Bidar 039663",Gujarat,India,2023-03-19
4471,Hamsini,Khanna,hamsini.khanna4471@hotmail.com,6321912558,1982-05-03,"H.No. 54, Murty Ganj, Alappuzha-676925",Kerala,India,2026-02-03
4472,Wishi,Upadhyay,wishi.upadhyay4472@yahoo.com,2548083149,2005-01-07,"882, Kari Street, Kishanganj 701012",Maharashtra,India,2025-04-10
4473,Rushil,Saxena,rushil.saxena4473@hotmail.com,9578816000,1982-09-30,"H.No. 690, Dhaliwal Ganj, Belgaum 170027",Tamil Nadu,India,2025-04-27
4474,Libni,Prasad,libni.prasad4474@hotmail.com,2460448085,1981-10-10,"58/65, Char Street, Mehsana 896137",Karnataka,India,2026-04-22
4475,Urishilla,Solanki,urishilla.solanki4475@gmail.com,0106836503,2002-04-14,"43/127, Char Nagar, Rampur-458667",Rajasthan,India,2025-03-26
4476,Laksh,Memon,laksh.memon4476@gmail.com,7578254143,2001-11-04,"147, Chander Street, Bokaro-534725",Haryana,India,2023-07-13
4477,Orinder,Chaudry,orinder.chaudry4477@gmail.com,03865033463,2000-05-21,"04, Kaur, Avadi-585911",Maharashtra,India,2026-07-20
4478,Jeevika,Balan,jeevika.balan4478@hotmail.com,2061971298,1994-04-23,"H.No. 040, Kalita Nagar, Gurgaon 654168",Assam,India,2025-04-06
4479,Anamika,Aggarwal,anamika.aggarwal4479@hotmail.com,1557753801,1975-05-07,"H.No. 981, Krish Nagar, Purnia 524527",Haryana,India,2026-06-26
4480,Hemani,Ram,hemani.ram4480@hotmail.com,6531400748,1986-04-09,"H.No. 61, Oza Nagar, Ulhasnagar 654963",Rajasthan,India,2026-06-30
4481,Ucchal,Hegde,ucchal.hegde4481@yahoo.com,0806327218,1999-10-16,"636, Thaker Zila, Bangalore 305397",Odisha,India,2026-03-17
4482,Tamanna,Sampath,tamanna.sampath4482@hotmail.com,7260380738,2007-08-14,"H.No. 735, Vora Zila, Bhiwandi-346131",Gujarat,India,2024-11-11
4483,Zayan,Vora,zayan.vora4483@gmail.com,0738088487,1985-03-22,"79/55, Brahmbhatt, Kolkata-200371",Uttar Pradesh,India,2023-07-06
4484,Rayaan,Seshadri,rayaan.seshadri4484@hotmail.com,5896169104,1989-01-05,"H.No. 99, Char Street, Bidhannagar-298522",Bihar,India,2026-04-26
4485,Urvi,Majumdar,urvi.majumdar4485@yahoo.com,9936457767,1982-09-14,"079, Koshy Chowk, Nagaon 667111",Delhi,India,2025-09-17
4486,Zashil,Loyal,zashil.loyal4486@yahoo.com,2815592836,1983-04-18,"00/80, Mittal Road, Tiruchirappalli 223567",Odisha,India,2025-02-16
4487,Mitesh,Uppal,,7234597386,1990-08-07,"H.No. 494, Bhat Path, Malda 314274",Assam,India,2023-04-06
4488,Balveer,Barad,balveer.barad4488@gmail.com,1046124481,1971-09-09,"21/678, Datta Ganj, Bellary-381005",Gujarat,India,2026-03-03
4489,Tamanna,Shetty,tamanna.shetty4489@gmail.com,6407366559,1989-03-03,"11/18, Mahajan Chowk, Udaipur 701420",Tamil Nadu,India,2026-04-13
4490,Madhav,Chaudhary,madhav.chaudhary4490@hotmail.com,0622400731,2005-05-02,"97/91, Sekhon Circle, Ulhasnagar-748693",Tamil Nadu,India,2023-03-05
4491,Fiyaz,Mutti,fiyaz.mutti4491@hotmail.com,3286224961,1998-03-13,"40, Shenoy Street, Amaravati 723910",Gujarat,India,10/10/2024
4492,Irya,Pandya,irya.pandya4492@hotmail.com,3880859149,1982-11-21,"H.No. 11, Dhillon Zila, Bhiwani-100584",Bihar,India,2026-09-10
4493,Daksh,Naidu,daksh.naidu4493@gmail.com,2566540809,1976-06-26,"627, Iyer, Phagwara-595367",Telangana,India,2026-05-15
4494,Vrishti,Bal,vrishti.bal4494@gmail.com,0861094868,1988-06-13,"48, Bakshi Street, Dhanbad-280820",Odisha,India,2026-09-02
4495,Riya,Swamy,riya.swamy4495@yahoo.com,2211678841,1980-12-07,"34/43, More Street, Parbhani-000956",Rajasthan,India,2026-03-09
4496,Ekaraj,Jaggi,ekaraj.jaggi4496@hotmail.com,8078929567,2004-06-20,"87/01, Oak Ganj, Dhanbad-284045",Gujarat,India,2026-03-20
4497,Praneel,Ramesh,praneel.ramesh4497@hotmail.com,3418919090,2000-01-01,"68, Saha Marg, Saharanpur 855645",Punjab,India,2026-01-09
4498,Rachita,Wali,rachita.wali4498@hotmail.com,2599306908,1998-04-09,"191, Krishnan Chowk, Thrissur 742677",West Bengal,India,2024-03-19
4499,Sneha,Sandal,sneha.sandal4499@hotmail.com,7320774239,1999-12-02,"84/163, Banik Nagar, Raebareli-937965",Haryana,India,2026-04-05
4500,Naksh,Edwin,naksh.edwin4500@hotmail.com,2148585218,1999-12-12,"06/028, Deol Street, Visakhapatnam 244320",Kerala,India,2025-07-13
4501,Kritika,Lala,kritika.lala4501@gmail.com,1565945207,1990-04-11,"307, Loke Marg, Sirsa 072391",Madhya Pradesh,India,2024-12-01
4502,Girish,Mody,girish.mody4502@hotmail.com,9267397300,1999-09-22,"16/12, Keer Path, Tinsukia-512386",Assam,India,2024-11-21
4503,Champak,Chahal,champak.chahal4503@gmail.com,1987387524,2002-01-07,"45/61, Narayan Ganj, Saharsa 128043",Tamil Nadu,India,2026-05-06
4504,Arin,Raghavan,arin.raghavan4504@hotmail.com,6943039196,1975-06-18,"72/145, Chaudry Nagar, Ludhiana-500177",Assam,India,2025-05-20
4505,Rohan,Sem,rohan.sem4505@gmail.com,7823269796,1982-01-27,"35/10, Bhasin Path, Firozabad-054824",Kerala,India,2024-04-30
4506,Vasatika,Kunda,vasatika.kunda4506@gmail.com,+91-7810698807,1987-01-03,"35/34, Devi Chowk, Bally-714564",Tamil Nadu,India,2024-10-13
4507,Jagdish,Mahajan,jagdish.mahajan4507@yahoo.com,4877774372,1987-03-04,"77/98, Nigam Circle, Bijapur-867137",Karnataka,India,2025-06-15
4508,Indrajit,Bail,indrajit.bail4508@gmail.com,9559853131,1971-04-01,"24, Bail Nagar, Tadepalligudem-012792",Delhi,India,2024-07-16
4509,Idika,Malhotra,idika.malhotra4509@gmail.com,7276317370,1994-09-02,"H.No. 05, Sarna Circle, Rajahmundry-045065",Uttar Pradesh,India,2025-05-27
4510,Gautam,Badami,gautam.badami4510@yahoo.com,9109385321,1984-04-30,"H.No. 97, Venkataraman Chowk, Jammu-025674",Madhya Pradesh,India,2025-08-31
4511,Lajita,Parmar,lajita.parmar4511@yahoo.com,4049607141,1997-05-31,"45/930, Nayar Circle, Kakinada-611969",Delhi,India,2023-05-22
4512,Rayaan,Tripathi,rayaan.tripathi4512@yahoo.com,4708972007,2004-02-26,"06/845, Dey Nagar, Gwalior-852961",Gujarat,India,2024-05-08
4513,Champak,Narasimhan,champak.narasimhan4513@hotmail.com,0578769294,1980-12-03,,Bihar,India,2026-02-04
4514,Wahab,Gola,wahab.gola4514@gmail.com,4996071683,1989-01-28,"44/92, Vig Road, Noida-953243",Kerala,India,2026-05-18
4515,Yamini,Venkatesh,yamini.venkatesh4515@yahoo.com,9748396448,1972-03-15,"H.No. 796, Dube Nagar, Siliguri-019843",Karnataka,India,2024-05-19
4516,Yashvi,Ramaswamy,yashvi.ramaswamy4516@yahoo.com,8103634560,1975-08-19,"85/15, Dalal Marg, Karnal-652598",Rajasthan,India,2025-07-12
4517,Reva,Dugal,reva.dugal4517@yahoo.com,2274683132,1976-12-19,"15/59, Sodhi Path, Chinsurah 405602",Haryana,India,2025-08-19
4518,Gautami,Sastry,gautami.sastry4518@hotmail.com,4361604132,1974-07-20,"38/164, Chadha Street, Kalyan-Dombivli 071866",Maharashtra,India,2026-01-31
4519,Hiral,Loyal,hiral.loyal4519@hotmail.com,0251833823,1985-10-17,"98/16, Vasa Road, Berhampur-261763",Bihar,India,2026-01-10
4520,Yadavi,Dar,yadavi.dar4520@gmail.com,9015938606,1992-01-27,"94/413, Dar, Haridwar-816481",Assam,India,2026-01-08
4521,Bhavna,Morar,bhavna.morar4521@hotmail.com,9511544394,1976-01-08,"H.No. 06, Sachdeva Circle, Adoni 651756",Punjab,India,2023-12-05
4522,Kamala,Murthy,kamala.murthy4522@gmail.com,2143346107,1971-05-17,"H.No. 42, Nori, Dindigul 199948",Bihar,India,2023-04-14
4523,Omisha,Oza,omisha.oza4523@gmail.com,2813453372,2003-01-23,"04/213, Comar, Gaya-193945",Odisha,India,26-07-2026
4524,  Onkar  ,Shanker,onkar.shanker4524@gmail.com,4813343709,1986-05-24,"H.No. 95, Sahota Street, Rajkot-431023",Assam,India,2025-10-17
4525,Siddharth,Barad,siddharth.barad4525@gmail.com,3497914557,1971-05-26,"H.No. 160, Buch Road, Ramagundam-173262",Assam,India,2024-03-25
4526,Darsh,Kade,darsh.kade4526@hotmail.com,5530820181,1974-05-29,"H.No. 799, Venkataraman Road, Proddatur 079892",Gujarat,India,2024-11-04
4527,Sarthak,Suresh,sarthak.suresh4527@yahoo.com,0462032696,1975-08-13,"06/478, Pant Path, Nashik 729716",Maharashtra,India,2023-11-30
4528,Rajata,Gill,,5064469661,1990-01-24,"00, Reddy Circle, Sambalpur 746817",Assam,India,2025-06-23
4529,Barkha,Cheema,barkha.cheema4529@yahoo.com,9525715440,1993-07-10,"H.No. 73, Oza Circle, Karnal 737288",Rajasthan,India,2025-08-04
4530,Maanas,Dayal,maanas.dayal4530@yahoo.com,2178976779,1978-04-01,"40/87, Bansal Nagar, Kurnool-176200",Karnataka,India,2026-06-08
4531,Kai,Bhardwaj,kai.bhardwaj4531@gmail.com,9884937969,1981-05-21,"H.No. 535, Kaur Zila, Anantapur-476890",Rajasthan,India,2025-07-15
4532,David,Ratta,david.ratta4532@yahoo.com,1391659530,1988-07-13,"660, Sood, Arrah-699313",Kerala,India,2023-09-20
4533,Finn,Kaul,finn.kaul4533@yahoo.com,4099043982,1977-06-19,"H.No. 85, De, Aurangabad 028269",Gujarat,India,2024-03-04
4534,Anya,Subramaniam,anya.subramaniam4534@gmail.com,1681786587,1997-04-01,"83/256, Shanker Path, Nanded 544659",Maharashtra,India,2023-02-05
4535,Tripti,Sunder,tripti.sunder4535@hotmail.com,5086261404,1984-07-30,"15/450, Bassi Ganj, Dhule 197105",Telangana,India,2026-09-06
4536,Advik,Wason,advik.wason4536@yahoo.com,3315748280,2005-10-11,"H.No. 47, Shan Zila, Agartala 426560",Punjab,India,2026-08-22
4537,Chandran,Chakraborty,chandran.chakraborty4537@hotmail.com,7256481369,1991-10-19,"H.No. 60, Chand Road, Moradabad-777729",West Bengal,India,2025-12-31
4538,Utkarsh,Sen,utkarsh.sen4538@gmail.com,2996972473,1985-10-07,"77/267, Bose Zila, Munger 576357",Punjab,India,2025-10-15
4539,Abhimanyu,Chad,abhimanyu.chad4539@yahoo.com,+91-6888659691,1981-04-23,"H.No. 172, Maharaj Zila, Motihari 608370",Assam,India,2024-12-06
4540,Yash,Balay,yash.balay4540@yahoo.com,5168048629,1980-11-30,"H.No. 076, Kota Marg, Faridabad-611994",Odisha,India,2025-10-21
4541,Jagat,Mander,jagat.mander4541@yahoo.com,1722196810,1982-05-22,"84, Shah Chowk, Amaravati-001222",Rajasthan,India,2026-02-15
4542,Gaurav,Edwin,gaurav.edwin4542@hotmail.com,3757160312,1990-08-05,"84/94, Lad, Berhampur 488327",Delhi,India,2024-06-26
4543,Harita,Ravi,harita.ravi4543@yahoo.com,4006796158,1973-09-04,"98/08, Murthy Circle, Parbhani 276302",bihar,India,2024-06-18
4544,Eshana,Zacharia,eshana.zacharia4544@gmail.com,9965479942,1993-09-25,"H.No. 687, Raghavan, Parbhani 529571",Assam,India,2024-06-10
4545,Hema,Dyal,hema.dyal4545@yahoo.com,3724294204,2006-03-22,"61/358, Vala Chowk, Sonipat-234276",Telangana,India,2024-10-28
4546,Qabil,Thakkar,qabil.thakkar4546@gmail.com,5095365015,2006-07-15,"94/148, Hans Circle, Patna 623110",ODISHA,India,2025-11-12
4547,Ishanvi,Ghose,ishanvi.ghose4547@hotmail.com,5765307679,1989-08-04,"33/29, Ramakrishnan Street, Pallavaram 655137",Haryana,India,2025-02-26
4548,Ria,Rastogi,ria.rastogi4548@yahoo.com,0241851928,2007-07-02,"05/326, Som Path, Secunderabad-694549",Kerala,India,2023-12-23
4549,Pushti,Grewal,pushti.grewal4549@gmail.com,3217742965,1975-02-16,"68/03, Pandit Road, Loni-573367",Odisha,India,2024-12-21
4550,Pushti,Ramaswamy,pushti.ramaswamy4550@hotmail.com,3949520792,2004-03-22,"339, Badami Circle, Berhampur 011512",Tamil Nadu,India,2026-04-02
4551,Faraj,Reddy,faraj.reddy4551@yahoo.com,1344771506,1973-01-20,"H.No. 45, Sinha Road, Jamnagar 101710",Rajasthan,India,2024-03-23
4552,Max,Goswami,max.goswami4552@yahoo.com,4136014569,2000-12-12,"H.No. 634, Nagar Nagar, Bhimavaram 761065",Kerala,India,2025-05-01
4553,Ijaya,Ahluwalia,ijaya.ahluwalia4553@yahoo.com,0936730333,1977-11-11,"23/83, Wadhwa Path, Bulandshahr 493523",Kerala,India,2025-09-26
4554,Bishakha,Manda,bishakha.manda4554@yahoo.com,8403175529,2003-07-22,"98/40, Bajaj Path, Rajpur Sonarpur-507559",Bihar,India,2025-06-28
4555,Aarna,Morar,aarna.morar4555@hotmail.com,3457168509,1971-05-03,"96/793, Mohanty Road, Hospet 588487",Kerala,India,2025-05-07
4556,Vasatika,Kari,vasatika.kari4556@hotmail.com,4259454894,1984-03-17,"69, Chana Marg, Chandigarh-336767",Punjab,India,2026-05-30
4557,Chanchal,Dhawan,chanchal.dhawan4557@gmail.com,4335774539,1981-03-18,"92/19, Biswas Nagar, Madurai-583657",Punjab,India,2026-02-07
4558,Balhaar,Borra,balhaar.borra4558@yahoo.com,5619457951,1993-10-05,"09/35, Oza Circle, Bettiah 612779",Uttar Pradesh,India,2025-07-22
4559,Ganga,Shroff,ganga.shroff4559@yahoo.com,09810848878,1976-04-19,"896, Soni Ganj, Sambhal 169162",Telangana,India,2026-05-05
4560,Kashish,Lata,kashish.lata4560@gmail.com,,1982-10-11,"43/65, Rajan Zila, Hyderabad 372559",Telangana,India,2024-08-18
4561,Ranveer,Sodhi,ranveer.sodhi4561@gmail.com,1871116656,1975-07-30,"068, Mall Nagar, Guwahati 057600",Gujarat,India,2026-05-16
4562,Falguni,Bahri,falguni.bahri4562@gmail.com,2668323260,1994-09-11,"74/636, Dutt Ganj, Bilaspur 999084",Bihar,India,2023-01-25
4563,Ekantika,Sathe,ekantika.sathe4563@yahoo.com,2309431866,1980-03-03,"49/124, Puri Road, Yamunanagar 962599",Rajasthan,India,2023-09-02
4564,Samesh,Sethi,samesh.sethi4564@hotmail.com,7627865378,2004-08-18,"86/02, Banik Ganj, Cuttack 596129",Gujarat,India,2026-05-19
4565,Saumya,Nanda,saumya.nanda4565@gmail.com,1263535610,2001-07-29,"60/14, Mani Chowk, Kollam-249918",Odisha,India,05-01-2023
4566,Dev,Arora,dev.arora4566@gmail.com,2054754253,1974-10-07,"85/665, Radhakrishnan Path, Mangalore 778155",Assam,India,2023-12-20
4567,Yasti,Muni,yasti.muni4567@gmail.com,6819038115,1998-11-24,"909, Gala Chowk, Nanded-796677",Haryana,India,2026-09-03
4568,Abhimanyu,Mohanty,abhimanyu.mohanty4568@yahoo.com,0618585953,1971-10-15,"66, Ratta Chowk, Gurgaon-345945",Bihar,India,2024-11-18
4569,Fiyaz,Loyal,fiyaz.loyal4569@gmail.com,2417645960,2006-11-16,"083, Sankar Circle, Belgaum 956142",West Bengal,India,2024-08-29
4570,Riya,Rao,riya.rao4570@hotmail.com,3290386115,1991-02-02,"54, Dugal Path, Tiruvottiyur-916089",Maharashtra,India,2026-03-06
4571,Ayaan,Ganesh,ayaan.ganesh4571@gmail.com,7670900191,1995-12-06,"29/061, Setty Path, Rajpur Sonarpur 708242",Punjab,India,2023-05-23
4572,Radha,Khurana,radha.khurana4572@hotmail.com,+91-9347971898,1978-07-02,"H.No. 58, Thakkar Marg, Barasat 426657",Uttar Pradesh,India,2024-02-02
4573,Sneha,Johal,sneha.johal4573@gmail.com,7069153842,1998-09-14,"85/19, Walla Path, Vijayanagaram-710354",Haryana,India,2025-01-15
4574,Samarth,Ram,samarth.ram4574@gmail.com,4957888732,1998-03-06,"H.No. 45, Bhasin Path, Durg-489829",Odisha,India,2023-02-28
4575,Guneet,Hari,guneet.hari4575@gmail.com,8553598461,1981-05-06,"09, Dixit Zila, Fatehpur-134408",Madhya Pradesh,India,2024-07-20
4576,Yug,Bandi,yug.bandi4576@yahoo.com,3723998159,1990-06-28,"H.No. 85, Chanda Marg, Ambattur 899642",ASSAM,India,2024-10-25
4577,Bahadurjit,Natarajan,bahadurjit.natarajan4577@yahoo.com,3602299832,1974-06-26,"20, Dewan Nagar, Hindupur 489466",Karnataka,India,2026-08-09
4578,Ekansh,Basak,ekansh.basak4578@hotmail.com,3172853988,1995-10-23,"H.No. 336, Din Street, Guna-287754",Telangana,India,2026-04-22
4579,Upadhriti,Bahri,upadhriti.bahri4579@yahoo.com,7136743386,1971-01-21,"H.No. 634, Balan, Sirsa 683571",Kerala,India,2026-06-02
4580,Chaitanya,Tank,chaitanya.tank4580@yahoo.com,,1995-05-19,"19/783, Bajwa Chowk, Vasai-Virar 422111",Uttar Pradesh,India,2024-04-23
4581,Zansi,Sandhu,zansi.sandhu4581@gmail.com,6759041471,1989-02-20,"441, Bains Street, Ulhasnagar-284040",Rajasthan,India,2026-07-09
4582,Geetika,Warrior,geetika.warrior4582@gmail.com,2381755159,1973-06-24,"07/26, Choudhry Zila, Malda-640497",Bihar,India,2024-04-03
4583,Charita,Chaudhary,charita.chaudhary4583@yahoo.com,4899515716,1989-04-13,"59, Sen Path, Pali 467926",Delhi,India,2024-12-09
4584,Darika,Vora,darika.vora4584@hotmail.com,8518827000,2004-05-18,"598, Sankar Zila, Faridabad-111628",Punjab,India,2026-04-10
4585,Vansha,Gara,vansha.gara4585@hotmail.com,9519002049,1990-08-29,"13, Saran Marg, Tezpur 231201",Tamil Nadu,India,2024-07-27
4586,Adweta,Sawhney,adweta.sawhney4586@yahoo.com,8784213097,1972-02-20,"76/98, Contractor, Cuttack-344182",Bihar,India,2023-04-29
4587,Ikshita,Kadakia,ikshita.kadakia4587@yahoo.com,3310312336,1983-02-20,"72, Batra Path, Warangal-170808",Madhya Pradesh,India,2025/12/21
4588,Yug,Kale,yug.kale4588@hotmail.com,6011504169,1993-11-14,"21/21, Mitter Zila, Berhampur-421880",Kerala,India,2026-01-15
4589,Udarsh,Prasad,udarsh.prasad4589@yahoo.com,3732625286,1972-02-06,"13, Sachar, Muzaffarnagar-563534",Telangana,India,2026-03-14
4590,Girik,Hora,girik.hora4590@yahoo.com,5041467527,1980-10-10,"535, Manda Path, Dhule-573090",West Bengal,India,2024-10-25
4591,Vedant,Palan,vedant.palan4591@hotmail.com,+91-3555068861,2001-03-14,"H.No. 160, Manda, Giridih-387373",Assam,India,2026-02-15
4592,Indali,Bhavsar,indali.bhavsar4592@gmail.com,2634597905,1989-01-15,"635, Sengupta, Hindupur 927775",Telangana,India,2025-05-27
4593,Ekaraj,Nayak,ekaraj.nayak4593@hotmail.com,3205998537,1992-11-08,"86/45, Agarwal, Navi Mumbai 143199",Kerala,India,2024-01-20
4594,Charan,Krishnamurthy,charan.krishnamurthy4594@yahoo.com,9809162023,1995-08-05,"H.No. 94, Agate Nagar, Bhagalpur 925421",haryana,India,2023-04-27
4595,Maanas,Aggarwal,maanas.aggarwal4595@gmail.com,,2000-02-12,"419, Kakar Circle, Jabalpur-120008",Telangana,India,2026-03-25
4596,Reyansh,Krishnan,reyansh.krishnan4596@gmail.com,9747571461,1981-09-28,"H.No. 282, Doshi Road, Imphal 232772",Kerala,India,2025-06-23
4597,Ishani,Natt,ishani.natt4597@gmail.com,6376582740,2002-07-03,"95, Sane Ganj, Nizamabad-949580",WEST BENGAL,India,2026-03-23
4598,Frederick,Mody,frederick.mody4598@yahoo.com,57650-18084,1995-12-22,"98/483, Loyal Path, Tirunelveli-098194",Uttar Pradesh,India,2025-03-20
4599,Charvi,Sodhi,charvi.sodhi4599@gmail.com,2964888301,1981-06-23,"275, Murthy Ganj, Orai 021409",Madhya Pradesh,India,2023-01-09
4600,Oviya,Parekh,oviya.parekh4600@hotmail.com,5645510380,1997-02-18,"H.No. 72, Kumer Chowk, Ghaziabad 676768",Maharashtra,India,2025-02-25
4601,Raghav,Gola,raghav.gola4601@gmail.com,4788446967,2007-07-28,"130, Mane Marg, Tumkur-722355",Bihar,India,2024-04-22
4602,Chaitaly,Ravel,chaitaly.ravel4602@gmail.com,1084537655,1998-04-06,"751, Maharaj Path, Thiruvananthapuram-373328",Tamil Nadu,India,2025-02-04
4603,Ansh,Ahuja,ansh.ahuja4603@gmail.com,2742180090,2000-11-03,"H.No. 695, Deep Street, Sirsa-085909",Haryana,India,2025-08-08
4604,Vihaan,Goswami,vihaan.goswami4604@gmail.com,8306955317,2006-02-11,"90, Amble Ganj, Bhubaneswar-226362",Bihar,India,2026-01-06
4605,  Nisha  ,Rau,nisha.rau4605@hotmail.com,,2003-02-22,"H.No. 932, D’Alia Marg, Jodhpur-278552",Haryana,India,2023-09-02
4606,Hardik,Deshpande,hardik.deshpande4606@gmail.com,9278956827,1993-03-01,"85/31, Bhatnagar Zila, Hubli–Dharwad-788541",Delhi,India,2026-06-11
4607,Arya,Nazareth,arya.nazareth4607@gmail.com,1009317852,1970-11-30,"H.No. 90, Sood Path, Sagar-888098",Delhi,India,2024-11-24
4608,Yatan,Goyal,yatan.goyal4608@gmail.com,1762927830,1970-12-28,"54, Trivedi Path, Siliguri 605257",Telangana,India,2023-03-30
4609,Wakeeta,Purohit,wakeeta.purohit4609@yahoo.com,0273199164,1991-09-08,"42/035, Dutt Nagar, Madanapalle-117423",Rajasthan,India,2026-03-29
4610,Bimala,Apte,bimala.apte4610@gmail.com,0264870340,1987-09-29,"29/114, Divan Zila, Dhanbad-987922",Punjab,India,2024-03-08
4611,Bhavna,Bava,bhavna.bava4611@yahoo.com,8191685193,1978-07-07,"H.No. 72, Subramaniam Road, Saharsa-873888",Maharashtra,India,2025-10-25
4612,Tanveer,Dixit,tanveer.dixit4612@yahoo.com,7777684398,1990-05-04,"30/37, Om Road, Alappuzha 856067",West Bengal,India,2023-03-25
4613,Hemang,Agate,hemang.agate4613@hotmail.com,0210785850,1972-10-23,"64/63, Gour Circle, Gaya-629143",Bihar,India,2024-07-10
4614,Azaan,Karnik,azaan.karnik4614@yahoo.com,0113183390,1986-02-22,"H.No. 507, Jayaraman Chowk, Ozhukarai-883970",Odisha,India,2026-05-13
4615,Praneel,Shah,praneel.shah4615@gmail.com,0370034223,2001-12-14,"H.No. 48, Rama Ganj, Chandigarh-733420",Assam,India,2026-02-22
4616,Alexander,Bobal,alexander.bobal4616@hotmail.com,6890471447,2002-08-28,"853, Andra Road, Amravati 112725",Telangana,India,2025-12-20
4617,Mitali,Bhargava,mitali.bhargava4617@yahoo.com,8773574531,1995-01-10,"H.No. 925, Sankaran Ganj, Agra 633731",Gujarat,India,2025-11-15
4618,Avi,Wagle,avi.wagle4618@gmail.com,0884454203,1982-06-09,"82, Gaba Road, Berhampur 332493",Uttar Pradesh,India,2026-01-26
4619,Rishi,Chaudry,rishi.chaudry4619@hotmail.com,1191391184,1998-05-20,"H.No. 02, Borah Chowk, Bihar Sharif 980561",Assam,India,2025-08-14
4620,Harinakshi,Chada,harinakshi.chada4620@hotmail.com,3144367263,2000-11-25,"H.No. 49, Chad Chowk, Raichur-298763",Karnataka,India,2025-06-23
4621,Pahal,Reddy,pahal.reddy4621@gmail.com,5864459507,1987-04-15,"36/010, Cheema Road, Hyderabad 695445",Kerala,India,2024-06-11
4622,Anthony,Nadkarni,anthony.nadkarni4622@gmail.com,5913278452,2005-02-14,"02/64, Badal, Varanasi 965066",Telangana,India,2024-09-30
4623,Lajita,D’Alia,lajita.d’alia4623@hotmail.com,0168233472,2002-02-22,"53/165, Comar Circle, Tiruppur-229153",Assam,India,2026-03-17
4624,Zashil,Kaul,zashil.kaul4624@hotmail.com,8194529326,1975-07-02,"31, Yohannan Nagar, Jamalpur-971160",Karnataka,India,2024-04-06
4625,Chanchal,Bora,chanchal.bora4625@gmail.com,2515019201,2000-06-30,"16, Bajaj, Pimpri-Chinchwad 397855",Karnataka,India,2026-02-21
4626,Faraj,Chana,faraj.chana4626@yahoo.com,1228611124,2005-02-26,"02/220, Raju Nagar, Ichalkaranji 192624",Delhi,India,2026/03/03
4627,Varenya,Seshadri,varenya.seshadri4627@yahoo.com,0478559404,1995-10-16,"61/89, Kota Zila, Ramagundam 118465",Bihar,India,2024-06-26
4628,Robert,Buch,robert.buch4628@hotmail.com,1823666462,1970-10-29,"H.No. 75, Sharma Chowk, Mango-902990",Karnataka,India,2026-01-26
4629,Bahadurjit,Pai,bahadurjit.pai4629@yahoo.com,3259425990,2001-07-21,"H.No. 077, Hora Marg, Karnal 316839",Assam,India,2025-01-26
4630,Libni,Karan,libni.karan4630@gmail.com,1405549928,2000-01-27,"20, Pradhan Nagar, Madanapalle-393880",Uttar Pradesh,India,2024-01-19
4631,Warjas,Nazareth,warjas.nazareth4631@hotmail.com,9587250066,1986-01-06,"286, Mannan Road, Giridih 582237",Telangana,India,30-06-2025
4632,Wakeeta,Wable,wakeeta.wable4632@yahoo.com,1181354117,1978-07-18,"707, Sarna Ganj, Vijayanagaram-501325",Tamil Nadu,India,2025-04-02
4633,Riya,Mistry,riya.mistry4633@yahoo.com,6212151147,1976-05-08,"69, Narayanan Circle, Ozhukarai-209681",Assam,India,2025-03-30
4634,Avi,Karan,avi.karan4634@hotmail.com,1468312820,1979-02-15,"H.No. 11, Mann Street, Satna 586804",Odisha,India,2026-05-11
4635,Umang,Karnik,umang.karnik4635@yahoo.com,2292172354,2000-11-10,"H.No. 362, Sarna, Tiruvottiyur 850281",Punjab,India,2024-01-11
4636,Chasmum,Sachdeva,chasmum.sachdeva4636@gmail.com,9781427766,1976-09-11,"61/550, Suri Marg, Meerut 732192",MADHYA PRADESH,India,2023-02-27
4637,Advaith,Kapur,advaith.kapur4637@yahoo.com,3635959712,1995-10-31,"63/619, Gole Marg, Proddatur-390258",Madhya Pradesh,India,2025-12-17
4638,Harrison,Sehgal,harrison.sehgal4638@gmail.com,9747279520,1972-11-19,"85/92, Nagarajan Road, Durg-330944",Maharashtra,India,09 Apr 2026
4639,Upma,Parikh,upma.parikh4639@yahoo.com,6906849791,1977-03-15,"745, Goel Circle, Danapur 951122",Punjab,India,2025-04-11
4640,Chavvi,Thakkar,chavvi.thakkar4640@gmail.com,8226243333,1986-08-06,"48, Tak Zila, Kozhikode-368719",Maharashtra,India,2024-08-14
4641,Qasim,Kalla,qasim.kalla4641@yahoo.com,8260991425,2002-08-19,"77, Bahri Path, Bokaro 330026",Kerala,India,2024-09-22
4642,Yochana,Sharma,yochana.sharma4642@hotmail.com,6529778570,1979-01-30,"45/62, Konda Zila, Tezpur 377509",Gujarat,India,2023-08-26
4643,  Mason  ,Loyal,mason.loyal4643@gmail.com,2521970530,1980-06-30,"35/944, Deep Chowk, Uluberia 713865",Madhya Pradesh,India,2023-07-11
4644,Laksh,Tata,laksh.tata4644@yahoo.com,7675482856,1997-07-10,"60, Muni Zila, Bhiwani-862750",Kerala,India,2026-06-28
4645,Ethan,Padmanabhan,ethan.padmanabhan4645@gmail.com,0551143719,1986-03-12,"H.No. 25, Mani Road, Baranagar 082495",Telangana,India,2024-12-15
4646,Panini,Aurora,panini.aurora4646@yahoo.com,3124787936,2007-10-18,"02, Mitter, Secunderabad 147813",Rajasthan,India,2025-04-04
4647,Noah,Kaur,noah.kaur4647@gmail.com,0937057163,2004-10-01,"95, Tailor Street, Bilaspur-523932",Bihar,India,2024-11-02
4648,Ekta,Jha,ekta.jha4648@yahoo.com,,1996-04-30,"128, Anand Nagar, Nagaon-300468",Assam,India,2024-04-04
4649,Shravya,Tailor,shravya.tailor4649@yahoo.com,9179743869,1977-03-07,"22/01, Nadig Chowk, Nandyal-108462",Haryana,India,2025-03-29
4650,Vivaan,Chaudry,vivaan.chaudry4650@gmail.com,7014234318,1983-09-16,"H.No. 73, Sood Marg, Raebareli-528816",Madhya Pradesh,India,01/09/2025
4651,Azad,Korpal,azad.korpal4651@yahoo.com,4248399704,1976-03-29,"39, Varma Street, Pune 251958",West Bengal,India,2024-02-12
4652,Keya,Rout,,5544130085,1981-06-09,"H.No. 77, Desai Circle, Morbi 113579",Gujarat,India,2023-07-08
4653,Vidhi,Jain,vidhi.jain4653@yahoo.com,7399935595,1987-03-30,"20/443, Mander Nagar, Bhagalpur 536922",Kerala,India,2024-05-26
4654,Anay,Grewal,anay.grewal4654@yahoo.com,2152701081,2000-05-26,"H.No. 401, Suresh Road, Thane-261034",West Bengal,India,2026-07-30
4655,Neel,Natarajan,neel.natarajan4655@gmail.com,1038133685,1974-12-25,"56/28, Chaudhry, Khandwa 260625",Madhya Pradesh,India,2025-06-11
4656,Vedika,Suri,vedika.suri4656@yahoo.com,0836960426,1973-03-09,"H.No. 76, Savant Street, Tumkur 540613",West Bengal,India,2024-05-05
4657,Saksham,Apte,saksham.apte4657@hotmail.com,2731178790,1991-08-12,"H.No. 282, Choudhry Path, Vadodara 648917",Punjab,India,2025-03-30
4658,Hemal,Parmar,hemal.parmar4658@hotmail.com,3770431521,2001-01-12,"91, Mody Ganj, Vadodara-763188",Madhya Pradesh,India,2025-04-03
4659,Qadim,Memon,qadim.memon4659@yahoo.com,7349094095,1976-06-01,"97/36, Desai, Ongole 893781",Maharashtra,India,2023-12-06
4660,Kevin,Garde,kevin.garde4660@gmail.com,0350452853,1975-01-27,"H.No. 18, Mand Marg, Phagwara 210325",Rajasthan,India,2025-10-10
4661,Veer,Sandhu,veer.sandhu4661@yahoo.com,2512124787,2008-04-23,"78/151, Varghese Circle, Sirsa 766208",Delhi,India,2024-02-24
4662,Upma,Nagarajan,upma.nagarajan4662@hotmail.com,4761208778,1994-05-20,"07, Karan Road, Tenali-082580",Uttar Pradesh,India,2023-10-21
4663,Raksha,Mohan,raksha.mohan4663@yahoo.com,9032974085,1995-08-04,"128, Chaudhary Circle, Hindupur-196589",Karnataka,India,2026-03-22
4664,Leena,Dube,leena.dube4664@gmail.com,2189145886,1980-10-02,"22/207, Chand Road, Delhi-701321",Gujarat,India,2024-03-18
4665,  Hemang  ,Mohan,hemang.mohan4665@yahoo.com,4639302532,1995-09-28,"32, Manda, Haridwar 878132",Tamil Nadu,India,2026-07-10
4666,Agastya,Mishra,agastya.mishra4666@hotmail.com,0259194915,1988-04-05,"12/697, Magar Nagar, Berhampur-953882",Bihar,India,2026-03-20
4667,Krisha,Mital,krisha.mital4667@gmail.com,2163721070,1998-04-19,"70, Mannan Zila, Pimpri-Chinchwad-970693",Maharashtra,India,2025-07-25
4668,Ekani,Chopra,ekani.chopra4668@hotmail.com,4307827991,1971-06-27,"306, Khare Zila, Thiruvananthapuram 270980",Kerala,India,2023-10-26
4669,Widisha,Solanki,widisha.solanki4669@yahoo.com,4192328181,1998-09-10,"68/88, Lalla Zila, Chennai-506319",PUNJAB,India,10/02/2024
4670,Onkar,Raja,onkar.raja4670@yahoo.com,5786494501,2005-06-30,"H.No. 71, Shetty Nagar, Berhampore-571637",Maharashtra,India,2026-03-10
4671,Noah,Setty,noah.setty4671@yahoo.com,5642398764,1971-03-17,"H.No. 61, Tandon Nagar, Ulhasnagar-909327",Assam,India,2023-07-18
4672,Yashawini,Shenoy,yashawini.shenoy4672@hotmail.com,0782549584,1988-04-10,"H.No. 03, Walia Ganj, Saharsa-014996",Kerala,India,2025-09-26
4673,Dhriti,Bhandari,dhriti.bhandari4673@hotmail.com,1871364319,1979-11-14,"52/705, Mander Street, Tadepalligudem 371655",Punjab,India,2025-07-18
4674,Abha,Garde,abha.garde4674@hotmail.com,,1975-11-04,"H.No. 95, Ranganathan Ganj, Nashik-148268",Tamil Nadu,India,2026-07-24
4675,Rachana,Majumdar,rachana.majumdar4675@yahoo.com,0607360956,1999-11-28,"39/91, Srinivas Road, Ambala-155442",Gujarat,India,2025-03-08
4676,Jagdish,Chand,jagdish.chand4676@hotmail.com,9491538991,2004-11-24,"62/291, Kaul Circle, Malegaon 030398",Bihar,India,2023-03-14
4677,Eesha,Halder,eesha.halder4677@hotmail.com,+91-8653931241,1994-05-05,"H.No. 386, Kadakia Road, Udupi-833149",Gujarat,India,2026-04-02
4678,Ira,Narayanan,ira.narayanan4678@yahoo.com,5187137088,1998-12-31,"750, Kakar Path, Alappuzha-732629",Punjab,India,2023-12-20
4679,Nimrat,Saini,nimrat.saini4679@yahoo.com,8547266245,1991-06-13,"116, D’Alia, Alappuzha 107588",Tamil Nadu,India,2024-05-09
4680,Shivansh,Kala,shivansh.kala4680@yahoo.com,8322020037,2000-05-16,"48/28, Sule Nagar, Bidar 511439",Tamil Nadu,India,2024-09-05
4681,Shravya,Sanghvi,shravya.sanghvi4681@yahoo.com,1844855220,1990-05-03,"26, Chakraborty Marg, Hazaribagh 408580",Bihar,India,2023-11-11
4682,Saanvi,Chad,saanvi.chad4682@yahoo.com,5789541187,1983-12-13,"93/635, Golla Street, Dindigul 551387",Telangana,India,2025-11-01
4683,Omaja,Rastogi,omaja.rastogi4683@yahoo.com,5735845301,1976-01-16,"167, Kuruvilla, Shimla-768366",Gujarat,India,2025-09-27
4684,Baghyawati,Raval,,9222157482,1985-11-22,"28/11, Shankar Circle, Phusro-348517",Maharashtra,India,2025-04-12
4685,Yashawini,Shenoy,yashawini.shenoy4685@hotmail.com,3644208651,1973-06-12,"08/010, Rattan Path, Uluberia 064715",Maharashtra,India,10 Aug 2023
4686,Damyanti,Loyal,damyanti.loyal4686@gmail.com,7903542177,1970-10-09,"60/486, Rama Street, Gaya 142259",Delhi,India,2026-03-28
4687,Damini,Bhavsar,damini.bhavsar4687@hotmail.com,3047346036,1997-01-19,"34/280, Gola Nagar, Bhiwandi 665758",Kerala,India,2023-04-11
4688,Yashica,Comar,yashica.comar4688@hotmail.com,0371924426,2001-10-08,"H.No. 656, Chandra Chowk, Vijayawada 870360",Tamil Nadu,India,2024-07-21
4689,Isaac,Chandran,isaac.chandran4689@yahoo.com,7780053134,1986-12-30,"22, Zacharia Circle, Bulandshahr 960543",Gujarat,India,2023-11-20
4690,Vasana,Sura,vasana.sura4690@gmail.com,5509642326,1997-06-03,"H.No. 85, Lall Ganj, Uluberia 481604",Maharashtra,India,2024-09-28
4691,Amara,Walla,amara.walla4691@gmail.com,0617605335,1975-06-09,"452, Ranganathan, Agartala-420567",Gujarat,India,2026-03-24
4692,Oeshi,Dua,oeshi.dua4692@yahoo.com,5146738856,2007-11-08,"63/56, Kari Street, Chennai 235120",Delhi,India,2025-10-17
4693,Owen,Shah,owen.shah4693@yahoo.com,7820279113,1986-02-07,"620, Ganesh Circle, Ahmedabad-497222",Bihar,India,2023-07-23
4694,Ubika,Tata,ubika.tata4694@gmail.com,3482776404,2001-05-01,"14, Kala Marg, Suryapet 097578",Uttar Pradesh,India,2024-08-22
4695,Samarth,Buch,samarth.buch4695@yahoo.com,+91-8356392429,1970-12-12,"H.No. 165, Bajaj Marg, Tiruvottiyur-049131",Rajasthan,India,2026-04-01
4696,Lipika,Sheth,lipika.sheth4696@yahoo.com,2975436203,2007-04-13,"H.No. 22, Balay Road, Kanpur-002651",Madhya Pradesh,India,2026-09-14
4697,Nitesh,Joshi,nitesh.joshi4697@gmail.com,1969881366,1976-03-14,"69/27, Dewan Nagar, Kota-687296",Assam,India,2025-04-15
4698,Tanay,Kara,tanay.kara4698@gmail.com,4621727140,2001-03-25,"38/076, Baria Chowk, Bhusawal 100709",Tamil Nadu,India,2025/02/12
4699,Dayamai,Iyengar,dayamai.iyengar4699@hotmail.com,8594122709,2005-07-21,"H.No. 65, Munshi Path, Korba-151579",Odisha,India,07/26/2026
4700,Yamini,Khatri,yamini.khatri4700@hotmail.com,4652487039,1980-04-03,"172, Walia Zila, Ghaziabad-098783",Tamil Nadu,India,2023-08-11
4701,Rudra,Kale,rudra.kale4701@yahoo.com,0004835055,1986-01-01,"02, Dasgupta, Buxar 820306",Gujarat,India,2023-02-08
4702,Alexander,Basak,alexander.basak4702@hotmail.com,5732912562,1994-09-04,"60/32, Boase Circle, Hyderabad 299169",West Bengal,India,25-04-2024
4703,Anita,Pandit,anita.pandit4703@gmail.com,4990357288,1980-06-29,"17/88, Taneja Ganj, Dharmavaram-550646",Uttar Pradesh,India,2023-10-04
4704,Mitali,Natarajan,mitali.natarajan4704@yahoo.com,4655287104,1980-06-09,"045, Puri, Anantapur 760289",Karnataka,India,2024-04-05
4705,Aradhana,Kant,aradhana.kant4705@yahoo.com,7294672215,1987-02-24,"H.No. 53, Balay, Gopalpur 596654",Maharashtra,India,2025-06-16
4706,Yachana,Sandal,yachana.sandal4706@yahoo.com,2384093536,1986-07-03,"796, Nayak Path, Haldia-873088",Tamil Nadu,India,2025-09-04
4707,Harita,Chopra,harita.chopra4707@gmail.com,2748671562,1997-06-14,"H.No. 961, Acharya Street, Shimoga-572671",Haryana,India,2025-08-05
4708,  Neha  ,Butala,neha.butala4708@yahoo.com,0057528319,1977-05-03,"23/30, Kota Zila, Ballia 449371",Tamil Nadu,India,2026-03-27
4709,Dhruv,Seth,dhruv.seth4709@hotmail.com,2718452310,1979-09-01,"37/15, Barad Circle, Ranchi-721882",Karnataka,India,2026-05-17
4710,Samarth,Dhar,samarth.dhar4710@hotmail.com,2487553495,1987-04-14,"53/19, Banik Nagar, Purnia-827311",Bihar,India,2025-08-28
4711,Alexander,Cherian,alexander.cherian4711@yahoo.com,,2001-06-27,"H.No. 07, Ranganathan Road, Fatehpur 882967",Haryana,India,2023-09-15
4712,Zinal,Gara,zinal.gara4712@gmail.com,9938256769,2007-01-17,"54/65, Mishra Marg, Ballia 947539",Uttar Pradesh,India,2026-08-03
4713,Quincy,Kaur,quincy.kaur4713@yahoo.com,,1977-01-11,"521, Yadav Circle, Vadodara-428361",Assam,India,03-06-2025
4714,Amruta,Krishna,,6173637739,1978-03-02,"H.No. 305, Sant Nagar, Bhalswa Jahangir Pur 600178",West Bengal,India,2024-12-11
4715,Unni,Raj,unni.raj4715@yahoo.com,1240934221,1991-06-04,"817, Biswas Street, Nagpur 083302",Madhya Pradesh,India,2026-07-12
4716,Zayyan,Sarin,zayyan.sarin4716@gmail.com,5730744116,1983-02-09,"89/756, Vyas Circle, Madurai 962273",Haryana,India,2025-03-29
4717,Rajata,Kar,rajata.kar4717@yahoo.com,3711451929,1978-09-26,"783, Behl Marg, Shimoga-709266",Odisha,India,2025-02-18
4718,Arjun,Sahni,arjun.sahni4718@gmail.com,4634157517,1976-11-16,"067, Srinivas Street, Bilaspur-772468",Gujarat,India,2024-11-11
4719,Anita,Mitter,anita.mitter4719@yahoo.com,1675304439,1980-05-04,"86/538, Bose Ganj, Kirari Suleman Nagar 475617",Bihar,India,2024-04-24
4720,Reyansh,Zachariah,reyansh.zachariah4720@gmail.com,8781031983,1985-02-22,"80/484, Walla Path, Bhagalpur 769374",Punjab,India,2025-01-05
4721,Ekanta,Ravi,ekanta.ravi4721@gmail.com,9974769209,1993-01-19,"720, Comar Zila, Korba-101039",Assam,India,2026-01-12
4722,Rachana,Dugar,rachana.dugar4722@hotmail.com,7715491286,1983-04-01,"313, Sundaram Chowk, Nanded-303934",Punjab,India,2023-11-13
4723,Advaith,Sibal,advaith.sibal4723@gmail.com,3583852406,2002-01-29,"06/82, Prakash Path, Tumkur 235939",Madhya Pradesh,India,2023-08-13
4724,Indira,Hora,indira.hora4724@yahoo.com,1400964743,1972-07-31,"73, Pingle Street, Korba 586465",Odisha,India,2025-10-15
4725,Vaishnavi,Tandon,vaishnavi.tandon4725@hotmail.com,87625-07061,1987-02-06,"62, Acharya, Kurnool 235996",Haryana,India,2024-12-14
4726,Tamanna,Pai,tamanna.pai4726@gmail.com,3639429106,2000-10-25,"26/00, Kaur Path, Pudukkottai 602094",Telangana,India,2025-10-20
4727,Patrick,Kara,patrick.kara4727@gmail.com,6627160991,2001-03-30,"16, Dua Ganj, Jaunpur-050502",Punjab,India,2023-09-18
4728,Triveni,Tak,triveni.tak4728@yahoo.com,6159973402,1990-09-18,"38/922, Jaggi Chowk, Tiruchirappalli-874930",Odisha,India,2023-08-25
4729,Ekantika,Naik,ekantika.naik4729@hotmail.com,,1985-05-09,,Madhya Pradesh,India,2025-11-19
4730,Sarthak,Murty,sarthak.murty4730@yahoo.com,1005243675,1987-11-14,"62/583, Borra Zila, Tirupati 002655",Punjab,India,2026-02-24
4731,Brijesh,Balay,brijesh.balay4731@gmail.com,7737798815,1976-04-23,"H.No. 714, Narula Chowk, Tirupati-079117",Kerala,India,2026-01-15
4732,Kashish,Sinha,kashish.sinha4732@yahoo.com,8066389025,2005-09-02,"75/552, Goyal Circle, Guntur-662390",Madhya Pradesh,India,2023-11-06
4733,Lohit,Kapur,lohit.kapur4733@gmail.com,3027961511,2003-05-21,"06/65, Dhar Road, Rajahmundry-930584",Tamil Nadu,India,2026-06-17
4734,Yamini,Nath,yamini.nath4734@hotmail.com,4173587645,1996-08-07,"H.No. 91, Morar Road, Hosur 939758",West Bengal,India,2026-01-17
4735,Tejas,Acharya,tejas.acharya4735@yahoo.com,0358551028,2004-05-23,"757, Gour Ganj, Ujjain-429781",PUNJAB,India,2026-01-21
4736,Ekiya,Parikh,ekiya.parikh4736@gmail.com,,2002-01-24,"30/785, Bajaj Path, Pune 358818",gujarat,India,2025-02-01
4737,Abha,Hayer,abha.hayer4737@gmail.com,0195250836,1981-11-18,,Tamil Nadu,India,2024-05-09
4738,Bhavini,Arora,bhavini.arora4738@hotmail.com,8352230071,1980-11-24,"94/688, Oza Circle, Junagadh 479281",Rajasthan,India,2026-01-01
4739,Edhitha,Goswami,edhitha.goswami4739@gmail.com,9108454354,1995-08-24,"76/694, Dara Zila, Kanpur 061991",Punjab,India,2026-01-22
4740,Aahana,Shetty,aahana.shetty4740@hotmail.com,1986144301,1981-05-01,"73/22, Dewan, Allahabad-239704",Assam,India,2025-10-04
4741,Max,Sawhney,max.sawhney4741@hotmail.com,5396161136,2008-02-01,"999, Solanki, Anantapuram 908911",Bihar,India,2024-02-24
4742,Niharika,Ghosh,niharika.ghosh4742@hotmail.com,3815111303,2001-12-01,"47/32, Sachar Zila, Ramagundam-164482",Odisha,India,2026-05-02
4743,Raksha,Vig,raksha.vig4743@hotmail.com,4141375453,1975-05-03,"275, Kara Path, Thiruvananthapuram-024904",Rajasthan,India,2026-01-07
4744,Pranav,Dave,pranav.dave4744@hotmail.com,1306039621,1974-11-29,"H.No. 141, Anand Circle, Muzaffarnagar 205967",Madhya Pradesh,India,2023-06-26
4745,Jonathan,Dewan,jonathan.dewan4745@gmail.com,3301528990,1975-03-24,"35, Raja Road, Dehradun 353383",rajasthan,India,2023-11-02
4746,Bina,Dua,bina.dua4746@gmail.com,36748-65874,1991-01-25,"579, Sule, Kochi 904897",Tamil Nadu,India,2023-07-03
4747,Shivansh,Agarwal,shivansh.agarwal4747@gmail.com,7830911218,1990-07-05,"916, Gala Ganj, Pune-031889",Odisha,India,2025-10-17
4748,Ishaan,Devi,ishaan.devi4748@yahoo.com,+91-8760847223,1971-04-26,"26/53, Hayer Marg, Chinsurah-387523",Delhi,India,2026-05-31
4749,Nidra,Raman,nidra.raman4749@gmail.com,3026708140,1989-08-17,"52, Sibal Path, Howrah-072096",Maharashtra,India,2025-09-03
4750,Oni,Sagar,oni.sagar4750@hotmail.com,8252418523,1971-10-02,"38/20, Ravi Ganj, Bhagalpur-919046",Bihar,India,09/29/2025
4751,Aahana,Kale,aahana.kale4751@yahoo.com,0355095748,1982-10-09,"H.No. 103, Raja Zila, Bihar Sharif-828310",Rajasthan,India,2026-01-18
4752,Qushi,Kanda,qushi.kanda4752@yahoo.com,9309284116,1981-10-04,"H.No. 09, Chad Circle, Kollam 021605",Uttar Pradesh,India,2025-12-19
4753,Shravya,Wason,shravya.wason4753@hotmail.com,7413565311,1973-11-23,"H.No. 803, Mangal Ganj, Phagwara-198134",Telangana,India,2024-05-31
4754,Girik,Jayaraman,girik.jayaraman4754@gmail.com,6628685095,1987-03-11,"H.No. 308, Walia Circle, Hapur 065834",Madhya Pradesh,India,2023-11-01
4755,Jagrati,Rattan,jagrati.rattan4755@yahoo.com,0847117173,1989-04-09,"40/480, Bal Street, Kollam-196104",Bihar,India,2025-12-07
4756,Sarthak,Shetty,sarthak.shetty4756@hotmail.com,1932270933,1981-07-09,"H.No. 209, Deo Nagar, North Dumdum-428146",Haryana,India,2025-07-25
4757,Bhanumati,Biswas,bhanumati.biswas4757@gmail.com,1063163754,2008-05-05,"08, Pau Road, Bhatpara-199144",West Bengal,India,2024-01-20
4758,Nirja,Iyer,nirja.iyer4758@hotmail.com,3606266225,1982-06-05,"181, Oza Street, Serampore 996140",Bihar,India,2023-06-26
4759,Anjali,Chaudhuri,anjali.chaudhuri4759@yahoo.com,0033769294,2004-08-28,"58/87, Singhal, Gaya 239397",Bihar,India,2026-03-12
4760,Charan,Garg,charan.garg4760@gmail.com,0399514078,1996-03-06,"H.No. 088, Salvi Circle, Guntur 904427",Gujarat,India,2026-04-05
4761,Vasana,Dey,vasana.dey4761@gmail.com,6737138582,1996-04-18,"H.No. 88, Borah Street, Bidar 412944",Rajasthan,India,2023-01-05
4762,Ridhi,Grewal,ridhi.grewal4762@hotmail.com,1141150271,1991-10-10,"H.No. 614, Bawa Road, Aurangabad 391171",Maharashtra,India,2026-05-31
4763,Aryan,Anand,aryan.anand4763@gmail.com,9929263880,1978-03-30,"27/38, Sood Ganj, Sonipat 224295",Madhya Pradesh,India,2024-06-06
4764,Janaki,Bawa,janaki.bawa4764@yahoo.com,6526777532,1977-01-09,"91, Chopra Road, Panchkula-805892",Kerala,India,2024-05-27
4765,Samar,Lanka,samar.lanka4765@hotmail.com,9908422420,1987-07-30,"H.No. 52, Raman Nagar, Mumbai 580128",Kerala,India,2024-04-24
4766,  Logan  ,Dani,logan.dani4766@hotmail.com,9582484592,1992-03-23,"686, Ram Street, Tinsukia-652103",Kerala,India,2024-04-28
4767,Baghyawati,Chatterjee,baghyawati.chatterjee4767@yahoo.com,+91-4004732951,1971-02-23,"53, Das Zila, Ambattur-338068",Punjab,India,02/11/2023
4768,Balendra,Choudhary,balendra.choudhary4768@hotmail.com,9742453759,1998-09-02,,Gujarat,India,2024-06-27
4769,Sai,Bhargava,sai.bhargava4769@hotmail.com,7894904940,1992-02-03,"90/53, Sur Circle, Morena 131457",Uttar Pradesh,India,2026-01-29
4770,Aahana,Bhardwaj,aahana.bhardwaj4770@gmail.com,7827556467,1979-07-02,"85/06, Bera Path, Gorakhpur 655783",Karnataka,India,2024-12-03
4771,Jasmit,Kapoor,jasmit.kapoor4771@gmail.com,7151252087,1988-08-09,"661, Gola, Mangalore-108720",Assam,India,2026-02-04
4772,Fiyaz,Venkataraman,fiyaz.venkataraman4772@gmail.com,5412065328,2005-06-21,"088, Mitter Circle, Chennai-479537",Odisha,India,2024-11-23
4773,Odika,Palan,odika.palan4773@gmail.com,,1999-07-21,"H.No. 914, Panchal Marg, Asansol-387252",Uttar Pradesh,India,2025-08-06
4774,Mohini,Om,mohini.om4774@gmail.com,4188616166,2008-01-03,"H.No. 771, Saini Ganj, Nagercoil 887448",Kerala,India,2025-10-12
4775,Nikita,Pillay,nikita.pillay4775@yahoo.com,2819684027,1973-04-19,"49/112, Nayar Path, Malda-874935",Punjab,India,2025-03-29
4776,Eta,Sachdeva,eta.sachdeva4776@gmail.com,8202199512,1988-10-09,"H.No. 05, Pradhan Circle, Tiruchirappalli-431354",Kerala,India,2024-06-26
4777,Unni,Sani,unni.sani4777@yahoo.com,0714149325,1976-07-22,"55/694, Acharya Circle, Bhatpara-929952",Kerala,India,2023-03-01
4778,Wahab,Thakkar,wahab.thakkar4778@gmail.com,8059015827,1972-07-06,"H.No. 52, Nazareth Street, Vadodara-251061",Karnataka,India,2025-11-11
4779,Barkha,Dalal,,5085603838,1971-10-20,"H.No. 003, Gill Nagar, Satna 228684",Delhi,India,2023-01-27
4780,Suhani,Acharya,suhani.acharya4780@yahoo.com,,1997-02-02,"H.No. 05, Chacko Zila, Ahmedabad 959130",Odisha,India,2024-11-02
4781,Nirja,Dubey,nirja.dubey4781@hotmail.com,3497491357,1992-04-18,"60/010, Soni Path, Kakinada-764256",Haryana,India,2025-05-18
4782,Owen,Menon,owen.menon4782@hotmail.com,1626280978,1985-10-13,"19/48, Anand Marg, Imphal-244755",Punjab,India,2025-07-02
4783,Ira,Dhar,ira.dhar4783@gmail.com,8591209395,2008-03-18,"45/041, Singh Marg, Rajkot-291135",Punjab,India,2025-09-28
4784,Tanmayi,Apte,tanmayi.apte4784@hotmail.com,8608318386,1992-09-30,"26/227, Sandhu Street, Uluberia 670248",Punjab,India,2023-08-25
4785,Upkaar,Mallick,upkaar.mallick4785@yahoo.com,9401996302,1975-09-05,"H.No. 65, Rajagopalan Chowk, Pune 777515",Punjab,India,2026-08-24
4786,Arya,Varty,arya.varty4786@yahoo.com,2236151409,1970-10-10,"73/345, Murthy, Sultan Pur Majra-952233",Uttar Pradesh,India,2026-04-15
4787,Vrishti,Butala,vrishti.butala4787@hotmail.com,6287955067,1987-11-25,"83/96, Sarraf Chowk, Tadipatri-842500",Rajasthan,India,2025/10/01
4788,Barkha,Banerjee,barkha.banerjee4788@hotmail.com,9190491687,1992-03-16,"92, Behl, Muzaffarpur-045510",Karnataka,India,2023-04-22
4789,Bimala,Pillai,,,2007-06-10,"68, Rattan Nagar, Aizawl 998584",Gujarat,India,2025-05-03
4790,Aarini,Bhagat,aarini.bhagat4790@gmail.com,3743955007,1970-12-16,"H.No. 281, Chauhan Marg, Nizamabad-019781",Gujarat,India,2025-01-20
4791,Yatin,Mannan,yatin.mannan4791@hotmail.com,5166446227,1996-06-20,"30/68, Date Street, Bhilai-842413",Gujarat,India,2026-02-04
4792,Gunbir,Tata,gunbir.tata4792@hotmail.com,1476077181,1992-07-13,"882, Srinivasan Marg, Firozabad-776687",Punjab,India,2025-09-01
4793,Patrick,Kibe,patrick.kibe4793@yahoo.com,2591006794,2005-04-03,"32/668, Bains Street, Bhopal 298261",Karnataka,India,2026-08-11
4794,Jasmit,Aggarwal,jasmit.aggarwal4794@gmail.com,8868333476,1986-10-23,"236, Srinivasan Chowk, Gandhidham 191644",Punjab,India,2024-03-03
4795,Warjas,Varghese,warjas.varghese4795@gmail.com,7640436969,2006-11-01,"47/988, Tata Marg, Ballia 804380",Kerala,India,2025-12-05
4796,Hitesh,Chakraborty,hitesh.chakraborty4796@yahoo.com,9459945076,1999-05-26,"H.No. 04, Baral Path, Muzaffarnagar 897904",Delhi,India,2026-09-05
4797,Anamika,Nagi,anamika.nagi4797@yahoo.com,6670503533,1995-12-03,"41, Dubey Road, Ozhukarai 826360",Haryana,India,2023-10-17
4798,Vyanjana,Choudhury,vyanjana.choudhury4798@gmail.com,3260319717,2005-09-03,"06/37, Sami, Aurangabad-215001",Telangana,India,2025-09-02
4799,Mason,Char,mason.char4799@gmail.com,7498837252,1991-03-22,"903, Varughese Nagar, Anantapur 820238",Assam,India,09/12/2026
4800,Ekavir,Sabharwal,ekavir.sabharwal4800@gmail.com,3159430919,1982-12-31,"91, Garg Street, Etawah-293125",Madhya Pradesh,India,2025-07-13
4801,Bakhshi,Shere,bakhshi.shere4801@gmail.com,09704954041,1986-09-21,"H.No. 62, Jaggi Street, Phagwara 948171",Uttar Pradesh,India,2025-02-03
4802,Avi,Ram,avi.ram4802@gmail.com,0696850026,1975-08-12,"36/169, Shan Chowk, Orai-922864",Telangana,India,21 Jul 2024
4803,Daksh,Natt,daksh.natt4803@yahoo.com,9036799642,1989-02-27,"34/146, Mody Ganj, Bardhaman 347401",Kerala,India,2026-08-09
4804,Vrinda,Goyal,vrinda.goyal4804@gmail.com,4424097058,2008-07-04,"H.No. 332, Wason Circle, Dharmavaram-464320",Maharashtra,India,2023-10-28
4805,Rayaan,Joshi,rayaan.joshi4805@gmail.com,,2007-06-22,"91/087, Chhabra Street, Ahmednagar-154970",Kerala,India,2025-02-27
4806,Zansi,Oak,zansi.oak4806@gmail.com,1991226666,2008-09-10,"H.No. 27, Rau Path, Nagaon 324057",Uttar Pradesh,India,2025-10-23
4807,Christopher,Oza,christopher.oza4807@yahoo.com,8030503259,1989-07-20,"H.No. 03, Ben Circle, Salem-673321",Karnataka,India,2026-06-24
4808,Yash,Deep,yash.deep4808@hotmail.com,9436385942,2000-04-06,"H.No. 38, Sura Road, Delhi-019663",Punjab,India,2025-07-29
4809,William,Randhawa,william.randhawa4809@yahoo.com,4621982871,2001-01-06,"H.No. 615, Chopra Marg, Panipat 258803",Madhya Pradesh,India,29-03-2026
4810,Max,Prabhu,max.prabhu4810@hotmail.com,6522018928,1976-03-12,"66, Kapur Circle, Bhimavaram 579972",Punjab,India,2024-09-20
4811,Kabir,Rastogi,kabir.rastogi4811@gmail.com,2195380892,1988-07-28,"H.No. 76, Warrior, Avadi-396439",Odisha,India,2025-12-10
4812,Upma,Chaudhry,,03119-40415,2001-02-04,"51/164, Mohanty Nagar, Bhilai 498184",Haryana,India,2025-08-13
4813,Kala,Dewan,kala.dewan4813@gmail.com,0573611819,1984-06-14,,Haryana,India,2026-09-09
4814,Nimrat,Sunder,nimrat.sunder4814@hotmail.com,0849658647,1981-03-07,"59, Walla Marg, Dharmavaram 100558",Tamil Nadu,India,2026-03-06
4815,Wahab,Vyas,wahab.vyas4815@yahoo.com,6385261937,1975-07-04,"50/08, Chopra Zila, Durg-853906",Karnataka,India,2026-01-27
4816,Lekha,Nanda,lekha.nanda4816@hotmail.com,05671685041,1982-11-20,"H.No. 046, Chopra Road, Patiala-294055",Karnataka,India,2025-10-26
4817,Triya,Gole,triya.gole4817@gmail.com,0239752652,1980-12-18,,Rajasthan,India,2026-06-03
4818,Sarthak,Raja,sarthak.raja4818@hotmail.com,6359066799,1978-07-25,"544, Vohra Nagar, Tadepalligudem-555346",Odisha,India,2025-08-20
4819,Chandani,Shroff,chandani.shroff4819@gmail.com,3827223958,1981-11-18,"37, Padmanabhan Chowk, Jammu 133948",Punjab,India,2023-06-18
4820,Charita,Mani,charita.mani4820@hotmail.com,3012560001,1977-04-13,"67/97, Gera Street, Vijayanagaram 852180",Tamil Nadu,India,2026-05-15
4821,Nicholas,Maharaj,nicholas.maharaj4821@hotmail.com,8263494967,1990-06-23,"H.No. 636, Rajan Chowk, Kozhikode-442780",Gujarat,India,2026-04-16
4822,Ranbir,Pandya,ranbir.pandya4822@hotmail.com,6125697466,1986-08-02,"H.No. 46, Bandi Chowk, Ambarnath 407940",Tamil Nadu,India,2025-07-20
4823,Krishna,Ramesh,krishna.ramesh4823@hotmail.com,1128082018,2006-10-27,"28/328, Prakash Road, Agartala 986046",Rajasthan,India,2023-04-22
4824,Vanya,Munshi,vanya.munshi4824@gmail.com,9922765998,1985-06-03,"15, Pall, Mahbubnagar 988873",Tamil Nadu,India,2025-06-24
4825,Ati,Oommen,ati.oommen4825@gmail.com,5055288590,2004-09-09,"85, Balay Circle, Anand 866645",Assam,India,2026-05-06
4826,Hardik,Chaudhry,hardik.chaudhry4826@hotmail.com,7612873057,2008-06-12,"03/70, Chaudhry Zila, Lucknow 912542",Kerala,India,2026-02-10
4827,Yochana,Dhaliwal,yochana.dhaliwal4827@gmail.com,3460137015,1997-12-31,"63, Hans Chowk, Phagwara 303864",Gujarat,India,2025-01-12
4828,Alka,Oommen,alka.oommen4828@hotmail.com,3099949601,2000-05-25,"75/016, Prabhu, Madhyamgram-507075",Delhi,India,2026-08-16
4829,Christopher,Saraf,christopher.saraf4829@yahoo.com,8143200303,2007-02-18,"82/929, Thakur Street, Bhatpara 787102",Bihar,India,2024-03-16
4830,Darsh,Dugal,darsh.dugal4830@hotmail.com,1556411846,1974-06-14,"H.No. 98, Maharaj Nagar, Dhanbad 913940",Haryana,India,2026-04-17
4831,Sanaya,Chhabra,,8641064590,1984-08-06,"H.No. 02, Lata, Ichalkaranji-087567",Maharashtra,India,2023-12-03
4832,Gauri,Bahri,gauri.bahri4832@yahoo.com,7663696022,1998-03-20,"H.No. 258, Bhatti Marg, Bhopal 535342",Maharashtra,India,2026-08-26
4833,Idika,Acharya,idika.acharya4833@gmail.com,1116806018,2002-12-09,"15, Luthra Circle, Ujjain-322126",Madhya Pradesh,India,2026-06-13
4834,Yashica,Kala,,4577346693,1972-12-31,"79/71, Kannan Zila, Bangalore 628849",Uttar Pradesh,India,2023-03-04
4835,Vrinda,Swaminathan,vrinda.swaminathan4835@hotmail.com,6781932703,2002-05-03,"183, Tata Nagar, Yamunanagar-710090",West Bengal,India,2026-02-10
4836,Onkar,Nayak,onkar.nayak4836@hotmail.com,0148317176,1999-04-11,"254, Pradhan Zila, Saharanpur-322625",Kerala,India,2026-08-31
4837,Lohit,Tailor,lohit.tailor4837@gmail.com,4723805108,1997-06-06,"H.No. 75, Jha Ganj, Bhalswa Jahangir Pur-310197",DELHI,India,2024-05-04
4838,Zinal,Shah,zinal.shah4838@gmail.com,0545828442,1983-10-02,"H.No. 37, Cherian, Hajipur-423516",Tamil Nadu,India,2025-12-20
4839,Samar,Naik,samar.naik4839@yahoo.com,8930072179,1997-12-01,"20, Karpe Circle, Kolhapur-435168",Kerala,India,2026-03-04
4840,Urishilla,Palan,urishilla.palan4840@hotmail.com,8173580555,1996-02-25,"H.No. 229, Rout Nagar, Bardhaman 520881",Odisha,India,2023-03-11
4841,Darika,Sanghvi,darika.sanghvi4841@gmail.com,6899617061,1992-07-14,"84/137, Sunder Marg, Narasaraopet-979044",Assam,India,2024-02-05
4842,Chaman,Sunder,chaman.sunder4842@hotmail.com,0166659841,2003-05-02,"38/74, Sani Nagar, Panipat 816007",Odisha,India,2024-07-24
4843,Fariq,Sastry,fariq.sastry4843@gmail.com,1923839730,1999-11-09,"037, Swamy Zila, Imphal 124963",Madhya Pradesh,India,2023-12-20
4844,Warhi,Butala,warhi.butala4844@gmail.com,9211325089,1982-09-13,"95/85, Raghavan Street, Katihar 371325",Delhi,India,2025-04-18
4845,Wriddhish,Bhavsar,wriddhish.bhavsar4845@gmail.com,1322374194,1981-01-18,"86/984, Nadkarni Zila, Hindupur-366246",Bihar,India,2026-06-20
4846,Vihaan,Luthra,,3546384234,1976-04-18,"743, Rao Nagar, Shimla 007745",Odisha,India,2023-11-21
4847,Kashish,Bhatti,kashish.bhatti4847@gmail.com,1423360212,1982-01-25,"80/963, Garg Road, Khora -075916",Madhya Pradesh,India,2025-02-14
4848,Onkar,Chadha,onkar.chadha4848@yahoo.com,1994731878,1998-08-01,"05/645, Dhar Road, Ichalkaranji-158983",Gujarat,India,2026-05-03
4849,Jai,Pandey,jai.pandey4849@hotmail.com,0427460923,1970-10-10,"288, Dora Zila, Kochi-121239",Punjab,India,2024-02-29
4850,Riya,Morar,riya.morar4850@hotmail.com,1988377569,2006-09-05,"77/107, Apte Marg, Jaunpur 477475",West Bengal,India,2024-12-13
4851,Laban,Khanna,laban.khanna4851@gmail.com,1505716194,1991-08-31,"H.No. 300, De Street, Naihati 311600",Gujarat,India,2026-05-03
4852,Balvan,Sarma,balvan.sarma4852@hotmail.com,7458029711,1971-07-30,"H.No. 567, Das Marg, Eluru 270667",Bihar,India,2025-03-23
4853,Onveer,Khatri,onveer.khatri4853@gmail.com,9080911201,1998-10-18,"H.No. 09, Mani Chowk, Bally 699782",Kerala,India,2026-07-13
4854,Jalsa,Kota,jalsa.kota4854@gmail.com,5269008228,1973-08-17,"754, Karnik Path, Bulandshahr 540799",Karnataka,India,2026-06-01
4855,Aachal,Bora,aachal.bora4855@hotmail.com,1367614896,2000-12-28,"332, Oak Circle, Tumkur 476563",Bihar,India,2024-05-10
4856,Bhavika,Chakrabarti,bhavika.chakrabarti4856@hotmail.com,9700693879,1975-07-14,"H.No. 16, Hans Ganj, Kavali-282697",Odisha,India,2023-02-23
4857,Veda,Chaudry,veda.chaudry4857@gmail.com,0702223583,2003-03-23,"103, Virk, Alappuzha 499807",Rajasthan,India,2026-06-15
4858,Lopa,Om,lopa.om4858@hotmail.com,9354234137,1989-05-23,"565, Agarwal Marg, Tiruvottiyur-731471",Bihar,India,2024-11-21
4859,  Jeet  ,Bhavsar,jeet.bhavsar4859@gmail.com,7626697233,2005-10-12,"847, Kala Chowk, Bangalore-254281",Tamil Nadu,India,2026-01-22
4860,Inaya,Baral,inaya.baral4860@hotmail.com,4177003953,1998-08-22,"H.No. 842, Bumb Marg, Muzaffarpur-366685",Maharashtra,India,2023-12-09
4861,Hemani,Ramachandran,hemani.ramachandran4861@gmail.com,5778625533,1997-06-17,"968, Sura Path, Gudivada-755701",West Bengal,India,2023-04-20
4862,Dakshesh,Hora,dakshesh.hora4862@yahoo.com,3108099478,1988-04-30,"H.No. 46, Kala Zila, Siliguri-281040",Tamil Nadu,India,2025-04-17
4863,Mohini,Vohra,mohini.vohra4863@gmail.com,7256724929,1982-02-16,"50/756, Dass Zila, Anantapuram 686649",Odisha,India,2024-05-12
4864,Yasti,Barad,yasti.barad4864@hotmail.com,3776964049,1982-10-16,"460, Devi Zila, Tirupati-099150",Kerala,India,2023-10-24
4865,Qarin,Devi,qarin.devi4865@yahoo.com,2181443482,2005-06-15,"H.No. 343, Ratta Nagar, Tinsukia-292399",Delhi,India,2026-01-12
4866,Joshua,Chaudhary,joshua.chaudhary4866@gmail.com,6792719591,1991-11-24,"83/424, Brahmbhatt Road, Aurangabad-544833",Maharashtra,India,2025-07-25
4867,Orinder,Bail,orinder.bail4867@gmail.com,4770710679,2001-10-30,"77/983, Bhattacharyya Street, Jaunpur 603621",Telangana,India,2025-03-30
4868,Zaitra,Muni,zaitra.muni4868@yahoo.com,5292295495,2008-08-08,"23/932, Nagy Road, Gandhinagar 387221",Kerala,India,2026-08-21
4869,Arunima,Bhakta,,0758331844,1975-04-02,"H.No. 90, Naik, Jalgaon-387063",Uttar Pradesh,India,2026-06-29
4870,Teerth,Balan,,7567022703,1995-01-07,"646, Sheth Nagar, Serampore-258120",Odisha,India,2026-06-18
4871,Jonathan,Chatterjee,jonathan.chatterjee4871@gmail.com,9137608709,2006-07-11,"64/34, Bedi Circle, Deoghar 105101",TELANGANA,India,2023-09-09
4872,Guneet,Bedi,guneet.bedi4872@yahoo.com,0081976604,1982-10-06,"154, Mitra Path, Latur 573122",Bihar,India,2026-01-11
4873,Ekbal,Mahajan,ekbal.mahajan4873@hotmail.com,2251408818,2005-04-19,"42, Patil Zila, Ahmedabad-756476",Madhya Pradesh,India,2026/03/03
4874,Diya,Nazareth,diya.nazareth4874@gmail.com,1650105867,1981-10-18,,Delhi,India,2026-05-19
4875,Avi,Chhabra,avi.chhabra4875@yahoo.com,3591643211,1987-03-05,"56/29, Mital Street, Sambalpur-882615",Karnataka,India,2024-04-16
4876,Warjas,Mann,warjas.mann4876@gmail.com,1201284508,1976-08-07,"20/92, Dave Path, Rohtak-453362",Odisha,India,2025-04-16
4877,Aditya,Bhattacharyya,aditya.bhattacharyya4877@gmail.com,4677433775,1990-11-15,"01/829, Bera Nagar, Bhiwani-909160",Uttar Pradesh,India,2025-07-03
4878,Sai,Lanka,sai.lanka4878@hotmail.com,7620928824,1988-06-27,"887, Biswas Ganj, Karawal Nagar-621058",Assam,India,2026-04-20
4879,Raksha,Bhardwaj,raksha.bhardwaj4879@yahoo.com,7216352068,1974-04-11,"34/018, Kumar Circle, Amritsar-753233",Maharashtra,India,2025-05-09
4880,Dipta,Mallick,dipta.mallick4880@hotmail.com,7601140971,1993-08-10,"H.No. 265, Warrior Path, Ichalkaranji 408808",Haryana,India,2025-11-15
4881,Saanvi,Talwar,saanvi.talwar4881@gmail.com,,1986-12-29,"430, Radhakrishnan Street, Alwar 185144",Maharashtra,India,2024-11-22
4882,Gautam,Chakraborty,gautam.chakraborty4882@yahoo.com,8735304228,2001-03-10,"H.No. 02, Kumar, Asansol-661080",Haryana,India,2024-03-06
4883,Girik,Narayanan,girik.narayanan4883@yahoo.com,3834145043,1987-09-25,"H.No. 745, Sekhon, Nagpur 776431",Telangana,India,2024-03-26
4884,Henry,Peri,henry.peri4884@gmail.com,2928505472,2006-08-02,"08/784, Manne Zila, Mango-626158",Uttar Pradesh,India,2023-03-29
4885,Ishwar,Dugal,ishwar.dugal4885@gmail.com,2364454977,1975-06-10,"353, Parekh, Panipat 149514",Haryana,India,2026-01-18
4886,Laban,Subramaniam,laban.subramaniam4886@yahoo.com,6410886430,1990-06-24,"98/942, Agarwal Street, Bikaner-559194",Telangana,India,2025-03-10
4887,Sara,Lala,sara.lala4887@yahoo.com,4685175495,1986-09-17,"H.No. 33, Karpe Road, Hajipur-609812",Assam,India,2023-01-29
4888,Vrishti,Nayak,vrishti.nayak4888@hotmail.com,1752666858,1994-05-02,"72/18, Shanker Zila, Mysore-027664",Rajasthan,India,2025-12-27
4889,Bakhshi,Bains,bakhshi.bains4889@yahoo.com,2683895071,1974-01-19,"53/37, Tara Circle, Silchar-479458",Uttar Pradesh,India,2024-07-09
4890,Charles,Wadhwa,charles.wadhwa4890@hotmail.com,2417419099,1990-08-28,"H.No. 333, Das Circle, Bangalore-785156",Assam,India,2026-02-08
4891,Abeer,Wason,abeer.wason4891@yahoo.com,7092049609,1972-09-18,"H.No. 282, Ghose Circle, Nizamabad 532835",West Bengal,India,2026-06-08
4892,Triya,Narula,triya.narula4892@yahoo.com,5210805427,1986-05-01,"51, Bansal Marg, Bardhaman 952710",Odisha,India,2023-05-22
4893,Aarav,Behl,aarav.behl4893@gmail.com,5949267762,1983-11-16,"97/66, Krish Circle, Etawah-579358",Madhya Pradesh,India,2023-10-13
4894,Jagrati,Dhar,jagrati.dhar4894@gmail.com,5592489034,2000-01-27,"H.No. 006, Golla Chowk, Imphal 790956",Gujarat,India,2026-07-28
4895,Wridesh,Dada,wridesh.dada4895@hotmail.com,4494055001,1982-02-02,"H.No. 415, Vala, Visakhapatnam-134474",West Bengal,India,2024-09-10
4896,Rushil,Gupta,rushil.gupta4896@gmail.com,7654278551,1985-06-08,"53/11, Bhatnagar Road, Hyderabad-382818",RAJASTHAN,India,2024-01-08
4897,Wridesh,Ranganathan,wridesh.ranganathan4897@gmail.com,8612668167,1973-02-02,"407, Mall Zila, Bangalore 497489",Delhi,India,2024-02-21
4898,Tripti,Ranganathan,tripti.ranganathan4898@gmail.com,+91-3539090861,1973-01-29,"H.No. 98, Lall Circle, Silchar-563697",Bihar,India,2023-06-06
4899,Anjali,Khatri,anjali.khatri4899@hotmail.com,9788214391,1996-08-24,,Assam,India,2023-07-15
4900,Nicholas,Grewal,nicholas.grewal4900@hotmail.com,9905828428,2006-12-19,"H.No. 66, Karnik Street, Warangal-050038",Gujarat,India,2023-10-07
4901,Triveni,Soni,triveni.soni4901@hotmail.com,3133749569,2005-08-22,"H.No. 060, Bora Path, Siliguri-804292",Delhi,India,2023-03-19
4902,Dev,Mani,,4382707604,1979-04-08,"H.No. 973, Sastry, Anantapuram-269024",Bihar,India,2025-05-02
4903,Faris,Bhattacharyya,faris.bhattacharyya4903@yahoo.com,3355478188,2005-08-03,"H.No. 02, Krishnan Path, Nizamabad-812780",Rajasthan,India,05 Feb 2026
4904,Dhriti,Sha,dhriti.sha4904@gmail.com,3082150315,1988-06-16,"48/945, Dyal Street, Khandwa 696609",Maharashtra,India,2025-10-06
4905,Kamala,Pal,kamala.pal4905@gmail.com,6870762012,1996-10-18,"12, Gour Circle, Jodhpur 364212",Maharashtra,India,2024-08-31
4906,Wakeeta,Saini,wakeeta.saini4906@gmail.com,5953127757,1973-02-26,"H.No. 803, Ghosh Zila, Akola 295395",Kerala,India,11-09-2023
4907,  Azaan  ,Sachdeva,azaan.sachdeva4907@yahoo.com,8856459467,2007-10-27,"11, Tella Chowk, Ajmer 643691",Odisha,India,2026-01-07
4908,Zansi,Sampath,zansi.sampath4908@gmail.com,0298062967,1974-04-14,"774, Lal Chowk, Pali-311350",Delhi,India,2024-08-24
4909,Unni,Lalla,unni.lalla4909@yahoo.com,3739127478,1974-06-12,"203, Datta Marg, Mira-Bhayandar-788210",Tamil Nadu,India,2025-03-29
4910,  Wakeeta  ,Gandhi,wakeeta.gandhi4910@hotmail.com,8806958913,1976-02-11,"832, Mann Marg, Ongole 418349",Assam,India,2024-07-13
4911,Krisha,Sampath,krisha.sampath4911@hotmail.com,9662672064,1972-05-04,"941, Sundaram Road, Amravati-267300",Gujarat,India,2026-07-19
4912,Yahvi,Dayal,yahvi.dayal4912@hotmail.com,4473831390,1991-08-05,"58/187, Babu Ganj, Bhavnagar 213045",Telangana,India,2023-05-10
4913,Devansh,Madan,devansh.madan4913@yahoo.com,0301279996,1976-07-17,"H.No. 47, Bera Nagar, Sri Ganganagar-629714",Tamil Nadu,India,2026-02-27
4914,Kiaan,Dey,kiaan.dey4914@gmail.com,4976322801,1986-09-01,"H.No. 36, Sheth Nagar, Kalyan-Dombivli 737177",Karnataka,India,2025-10-08
4915,Wazir,Pradhan,wazir.pradhan4915@gmail.com,8895837112,1998-03-12,,Punjab,India,2025-01-04
4916,Aarnav,Singhal,aarnav.singhal4916@yahoo.com,7535112655,1972-12-14,"57/692, Nayak Road, Aizawl 578210",West Bengal,India,2024-01-28
4917,Raagini,Kar,,8139879644,2000-09-21,,West Bengal,India,2026-06-04
4918,Raagini,Merchant,raagini.merchant4918@hotmail.com,3289598278,1985-04-10,"86/14, Devi Road, Etawah 155461",Madhya Pradesh,India,2024-03-14
4919,Wahab,Sethi,,1106009461,1995-06-10,"H.No. 99, Venkatesh Nagar, Jaunpur-243564",Telangana,India,2023-06-25
4920,Unni,Natarajan,unni.natarajan4920@yahoo.com,7516853968,1977-02-04,"H.No. 51, Narasimhan Street, Gudivada 776869",Maharashtra,India,2026-03-14
4921,Aayush,Ben,aayush.ben4921@gmail.com,9624087364,2003-08-03,"142, Krishna Nagar, Karimnagar 970081",Odisha,India,2025-06-06
4922,Chakradhar,Char,,1992507836,1999-07-19,"229, Sarma Street, Satna-293265",Madhya Pradesh,India,2026-08-31
4923,Riya,Kota,riya.kota4923@yahoo.com,6912066944,1994-07-01,"82/40, Dhingra Zila, Latur 021298",Bihar,India,2025-04-17
4924,Ayaan,Karnik,,5839461556,1991-06-05,"30, Thaman Circle, Saharsa-518887",Uttar Pradesh,India,2025-06-30
4925,Indira,Barad,indira.barad4925@hotmail.com,9226444277,2001-06-15,"04/59, Dash Marg, Vadodara-367272",Odisha,India,2026-08-29
4926,Hredhaan,Dhingra,hredhaan.dhingra4926@gmail.com,8644425455,1989-10-20,"39/590, Choudhary Nagar, Dhule-019962",Maharashtra,India,2025-06-03
4927,Hemal,Biswas,hemal.biswas4927@hotmail.com,8793764349,2005-06-10,"59, Basu Zila, Amaravati 139095",Haryana,India,2026-03-10
4928,Forum,Din,forum.din4928@hotmail.com,2021229070,1974-12-21,"53/172, Nagy Ganj, Kolkata 644072",Haryana,India,2026-07-03
4929,Garima,Dhingra,garima.dhingra4929@hotmail.com,8602535778,2008-02-08,"H.No. 839, Singh Road, Kirari Suleman Nagar 774107",Tamil Nadu,India,2023-01-19
4930,Victor,Chopra,victor.chopra4930@gmail.com,8541768691,1987-01-17,"H.No. 97, Ghose Path, Nandyal 501727",Karnataka,India,2025-02-26
4931,Sanya,Kota,sanya.kota4931@gmail.com,6389395149,1974-03-17,"723, Ray Zila, Gurgaon-046004",Madhya Pradesh,India,2024-08-08
4932,Nihal,Sarna,nihal.sarna4932@yahoo.com,1908107229,1984-08-11,"73/055, Gandhi Circle, Sikar-945673",Bihar,India,2026-05-27
4933,Upasna,Char,upasna.char4933@gmail.com,1203648762,1994-01-04,"04, Choudhury Path, Bellary-280534",Bihar,India,2024-10-11
4934,Damyanti,Goswami,damyanti.goswami4934@yahoo.com,2107122014,1983-07-19,"H.No. 52, Bhagat Chowk, Buxar-571274",Delhi,India,2023-08-26
4935,Gaurav,Shenoy,gaurav.shenoy4935@gmail.com,6483695550,1981-02-12,"130, Saxena Zila, Berhampur 113250",Punjab,India,2026-09-14
4936,Krisha,Hora,krisha.hora4936@gmail.com,9720794313,1970-11-28,"42, Gandhi Path, Delhi 975333",Uttar Pradesh,India,2025-01-13
4937,Charles,Parmer,charles.parmer4937@yahoo.com,7577370681,1987-08-20,"116, Pradhan, Tiruchirappalli-868741",Karnataka,India,2025-12-03
4938,Janya,Sethi,janya.sethi4938@gmail.com,5715920933,1980-07-07,"21/376, Varty Ganj, Kolkata 135827",Assam,India,2026-02-26
4939,Samuel,Purohit,samuel.purohit4939@hotmail.com,5719962137,1973-10-18,"64, Pradhan, Dharmavaram 371104",Bihar,India,2024/10/17
4940,Jason,Krishnan,jason.krishnan4940@hotmail.com,6786700176,1971-04-25,"24/150, Bawa Road, Jalandhar 957162",Rajasthan,India,2024-01-26
4941,Guneet,Shukla,guneet.shukla4941@gmail.com,1920568573,2005-12-09,"429, Agate Zila, Ludhiana-823467",Rajasthan,India,2024-11-16
4942,Omya,Peri,omya.peri4942@yahoo.com,8858215123,1988-08-08,"50/66, Bhalla Street, Ranchi 036399",Telangana,India,2026-04-28
4943,Frederick,Bir,frederick.bir4943@hotmail.com,5689128981,2006-01-03,"302, Sethi Path, Pallavaram 433609",Delhi,India,05/19/2025
4944,Jack,Savant,jack.savant4944@gmail.com,2588043475,1987-07-04,"365, Brahmbhatt Zila, Vasai-Virar 987701",Bihar,India,2025-03-02
4945,Ira,Issac,,1424830791,2005-03-06,"H.No. 93, Basak Nagar, Karnal 749268",Maharashtra,India,2024-08-09
4946,Naksh,Sawhney,naksh.sawhney4946@hotmail.com,4666667701,1980-12-25,"178, Thakkar Street, Vadodara-986554",Assam,India,2024-03-26
4947,Tripti,Mukhopadhyay,tripti.mukhopadhyay4947@hotmail.com,5272353293,1972-10-13,"H.No. 12, Comar Zila, Ballia 164193",Haryana,India,17 Mar 2025
4948,Kavya,Koshy,kavya.koshy4948@gmail.com,1576014650,1990-10-08,"07/02, Varkey Marg, Tadepalligudem 550345",Rajasthan,India,2026-01-01
4949,Indira,Balan,indira.balan4949@hotmail.com,2793118979,2003-12-28,"H.No. 98, Rama Road, Gandhidham-948821",Madhya Pradesh,India,2023-01-11
4950,Chandresh,Upadhyay,chandresh.upadhyay4950@hotmail.com,3249679383,2006-05-29,"H.No. 785, Loyal Chowk, Ichalkaranji-069891",Madhya Pradesh,India,2024-05-29
4951,Adweta,Panchal,adweta.panchal4951@yahoo.com,8859205570,1971-12-25,"H.No. 374, Mishra Chowk, Kakinada-314501",Maharashtra,India,2025-10-31
4952,Girik,Sachdev,girik.sachdev4952@gmail.com,1260147184,2006-03-13,"H.No. 955, Mangal, Narasaraopet 987607",Karnataka,India,2023-09-24
4953,Qarin,Sachdeva,qarin.sachdeva4953@gmail.com,0169846578,1978-10-08,"63/099, Mistry Street, Amritsar-554886",Maharashtra,India,2023-03-02
4954,Dev,Chaudhari,dev.chaudhari4954@yahoo.com,2754327373,1988-03-20,"H.No. 297, Garde Street, Bellary-530994",West Bengal,India,2023-02-17
4955,Wyatt,Sanghvi,wyatt.sanghvi4955@hotmail.com,1239303518,1998-01-23,"808, Gulati Street, Bareilly 323009",RAJASTHAN,India,2026-03-13
4956,Gaurang,Muni,gaurang.muni4956@gmail.com,9878184556,1996-03-22,"30/876, Gole, Malda-676286",Delhi,India,2026-08-24
4957,Gabriel,Chhabra,,9219269455,1998-10-30,"H.No. 757, Wali Marg, Madanapalle 275752",Kerala,India,2024-10-04
4958,Azad,Karpe,azad.karpe4958@gmail.com,9916980701,1987-09-09,"H.No. 586, Setty, Tumkur-909590",Bihar,India,2024-02-12
4959,Abhimanyu,Naidu,abhimanyu.naidu4959@yahoo.com,1657543354,1976-10-15,"50, Wason Circle, Loni-249642",Delhi,India,13-05-2025
4960,Yagnesh,Barman,yagnesh.barman4960@yahoo.com,2818513795,1974-07-17,"H.No. 565, Keer, Phagwara-470439",Telangana,India,2023-11-02
4961,Nisha,Dhar,nisha.dhar4961@gmail.com,2693228030,2008-09-08,"H.No. 31, Patla Chowk, Rampur-654711",Tamil Nadu,India,2025-05-08
4962,Darsh,Doshi,darsh.doshi4962@hotmail.com,1565447727,1982-10-18,"290, Batra Marg, Morena 928296",Karnataka,India,2026-05-06
4963,Samaksh,Aggarwal,samaksh.aggarwal4963@gmail.com,6360483682,2002-05-25,"40, Rege Zila, Visakhapatnam 421932",Haryana,India,2026-02-13
4964,Owen,Choudhary,owen.choudhary4964@gmail.com,1754623418,1977-02-24,"767, Nagi Ganj, Karimnagar 409728",Punjab,India,2025-06-18
4965,Dayita,Chawla,dayita.chawla4965@yahoo.com,7100764758,1971-06-12,"H.No. 754, Das Road, Mysore-406420",Telangana,India,2024-01-10
4966,Chatura,Arya,chatura.arya4966@gmail.com,1224764337,1994-03-26,"80, Swamy Circle, Bharatpur 313785",Rajasthan,India,2026-01-07
4967,Damyanti,Kar,,0478142345,1986-11-02,"H.No. 62, Banerjee, Bhiwani 829154",Bihar,India,2024-05-02
4968,Shravya,Sunder,shravya.sunder4968@yahoo.com,6453427369,1986-01-28,"H.No. 250, Bhagat, Amaravati 732596",Telangana,India,2023-06-14
4969,Aahana,Pant,aahana.pant4969@gmail.com,1904899174,1993-04-10,,Madhya Pradesh,India,2024-12-26
4970,Eshana,Thakkar,eshana.thakkar4970@yahoo.com,3140976663,1996-12-12,"11, Bala Nagar, Kolhapur-246019",Tamil Nadu,India,2025-03-17
4971,Qushi,Devan,qushi.devan4971@hotmail.com,2954956350,1993-07-09,"52/15, Sandhu Path, Siwan-229848",Maharashtra,India,2023-03-12
4972,Omya,Sahota,omya.sahota4972@hotmail.com,4470705304,2000-11-23,"90, Pathak Road, South Dumdum-774079",West Bengal,India,2026-02-16
4973,Dhriti,Nayar,dhriti.nayar4973@hotmail.com,0125671039,1982-02-12,"099, Chawla Nagar, Mango-051862",Punjab,India,2026-04-24
4974,  Sarthak  ,Kunda,sarthak.kunda4974@gmail.com,9853310154,1988-06-29,"H.No. 090, Sodhi Ganj, Proddatur-273081",Madhya Pradesh,India,2026-03-18
4975,Leena,Mishra,leena.mishra4975@gmail.com,8025932349,1979-09-11,"H.No. 309, Batta Ganj, Delhi 582946",Karnataka,India,2023-09-29
4976,Hemang,Menon,hemang.menon4976@gmail.com,1468763422,1973-10-14,"29/51, Kade Nagar, Surendranagar Dudhrej 763248",West Bengal,India,2025-12-19
4977,Bina,Lala,bina.lala4977@gmail.com,3799944021,1983-08-24,"88, Ganesan Zila, Bhiwandi 921101",Rajasthan,India,2025-07-03
4978,Anamika,Shere,anamika.shere4978@hotmail.com,1693514919,1990-07-31,"18/961, Doctor Zila, Aizawl 799070",Uttar Pradesh,India,2025-03-23
4979,Urvashi,Ahluwalia,urvashi.ahluwalia4979@yahoo.com,2326674900,2002-03-25,"03, Hans Ganj, Raiganj 532958",Punjab,India,2024-08-20
4980,Aashi,Dixit,aashi.dixit4980@gmail.com,1877081537,1986-09-28,"H.No. 28, Shanker Road, Tiruppur-316325",West Bengal,India,2023-11-14
4981,Barkha,Bandi,barkha.bandi4981@hotmail.com,0673809745,1972-10-23,"H.No. 63, Sidhu, Dehri 832169",Tamil Nadu,India,2025-06-19
4982,William,Sha,william.sha4982@hotmail.com,98194-41059,1993-03-03,"53/208, Rege Chowk, Jaipur 317922",Kerala,India,02/05/2025
4983,Kevin,Mani,kevin.mani4983@yahoo.com,7723570554,1985-07-03,"H.No. 97, Bava Circle, Mathura-447870",Madhya Pradesh,India,2024-01-10
4984,Aarini,Thaman,aarini.thaman4984@hotmail.com,0567462990,1994-08-25,"H.No. 80, Mannan Marg, Nadiad-866291",Gujarat,India,2023-01-17
4985,Vasatika,Sarna,vasatika.sarna4985@gmail.com,2836452032,1985-06-23,"26/541, Pandit Road, Jehanabad-742205",Maharashtra,India,2024-05-15
4986,Osha,Bora,osha.bora4986@gmail.com,7913799317,2003-05-25,"914, Pau Chowk, Loni-342172",West Bengal,India,2023-03-07
4987,Thomas,Khalsa,thomas.khalsa4987@yahoo.com,4754553870,2006-01-08,"H.No. 33, Dada Nagar, Uluberia 967442",Gujarat,India,2025-01-16
4988,Ronith,Garde,ronith.garde4988@gmail.com,4742115385,1999-10-11,"H.No. 744, Mohan Ganj, Kulti-472183",Bihar,India,2024-03-06
4989,Vasatika,Gupta,vasatika.gupta4989@hotmail.com,8234954935,1990-07-22,"22/28, Mann Circle, Salem 643572",Telangana,India,2023-02-15
4990,Bina,Bhargava,bina.bhargava4990@yahoo.com,6099699577,1990-05-04,"H.No. 908, Oza Marg, Mangalore-618528",Bihar,India,2026-07-11
4991,Andrew,Bassi,andrew.bassi4991@gmail.com,4611851959,1972-04-16,"522, Samra Chowk, Bellary-100359",Telangana,India,2025-06-16
4992,Samesh,Wali,samesh.wali4992@yahoo.com,6619914093,1997-04-22,"609, Walia Path, Rampur-822251",Punjab,India,2024-01-24
4993,Ganga,Bajaj,ganga.bajaj4993@gmail.com,8733548251,1998-03-06,"636, Narula Marg, Chittoor-887126",Bihar,India,2025-03-15
4994,Zayan,Rama,zayan.rama4994@gmail.com,9761081548,1999-04-10,"19/838, Peri Ganj, Guwahati-039230",Maharashtra,India,2026-06-03
4995,Qadim,Chahal,qadim.chahal4995@yahoo.com,9767272850,1978-10-24,"701, Kumar Street, Kadapa-725547",Maharashtra,India,2023-02-15
4996,Yagnesh,Walia,yagnesh.walia4996@hotmail.com,0391643452,1989-12-25,"72/44, Swaminathan Marg, Panchkula 598689",Punjab,India,2024-11-16
4997,Yasti,Bandi,yasti.bandi4997@hotmail.com,7376127705,1994-12-17,"394, Kapoor Nagar, Guna-864230",Haryana,India,2025-03-18
4998,Sai,Deshmukh,sai.deshmukh4998@yahoo.com,1758510207,1974-08-19,"755, Sur Circle, Phusro-679888",Bihar,India,2025-08-04
4999,Unni,Bala,unni.bala4999@hotmail.com,7543007957,1993-11-12,"H.No. 173, Mandal Street, Nagpur-433564",Tamil Nadu,India,2025-03-25
5000,Chanakya,Sem,chanakya.sem5000@gmail.com,5463122179,1998-02-28,"24, Chahal Ganj, New Delhi-504554",Gujarat,India,2026-03-06
5001,Advika,Magar,advika.magar5001@yahoo.com,35095-27551,1991-10-31,"H.No. 74, Parsa Marg, Guwahati 282887",Bihar,India,2024-01-02
5002,Janaki,Patla,janaki.patla5002@hotmail.com,1238943682,1983-04-21,"470, Ganesan Chowk, Bidar-041427",Madhya Pradesh,India,2026-07-18
5003,Patrick,Goyal,patrick.goyal5003@yahoo.com,1139284979,1983-05-14,"12, Chakraborty Marg, Etawah 305090",Karnataka,India,2026-03-08
5004,Nathaniel,Bali,nathaniel.bali5004@yahoo.com,3603881617,1980-01-07,"004, Tandon Path, Patna 420246",Bihar,India,2026-08-15
5005,Vritti,Memon,vritti.memon5005@yahoo.com,3037525291,1970-09-28,"77/491, Mandal Marg, Latur 893088",Telangana,India,2026-08-15
5006,  Avni  ,Kuruvilla,avni.kuruvilla5006@gmail.com,4104929626,1999-02-24,"18/56, Shukla Chowk, Gwalior 062325",Karnataka,India,2026-05-31
5007,Pushti,Shah,pushti.shah5007@hotmail.com,1841952588,1997-10-11,"H.No. 76, Murty Chowk, Chinsurah-894412",Rajasthan,India,2025-10-24
5008,Falguni,Batta,falguni.batta5008@hotmail.com,7875638823,2006-03-02,"H.No. 68, Ganesh Road, Sikar 065057",Tamil Nadu,India,2024-01-19
5009,Mohammed,Chandra,mohammed.chandra5009@gmail.com,9300913297,2004-06-25,"H.No. 654, Vasa Nagar, Mangalore-182357",Assam,India,2026-06-05
5010,Geetika,Chaudry,geetika.chaudry5010@gmail.com,9742349989,1997-10-19,"66, Palan Street, Bhopal-367869",Kerala,India,16 Mar 2026
5011,Krisha,Dani,krisha.dani5011@yahoo.com,8751843749,1989-02-23,"90/391, Venkatesh Path, Madhyamgram 143151",Punjab,India,2026-04-18
5012,Jagat,Apte,jagat.apte5012@gmail.com,0574762924,1978-11-28,"10/37, Bahl Street, Kozhikode 089923",Tamil Nadu,India,2026-07-13
5013,Faraj,Ratti,faraj.ratti5013@gmail.com,2493239019,1985-11-13,"H.No. 64, Tripathi Nagar, Guna 214827",Bihar,India,2024-06-21
5014,Unnati,Soman,unnati.soman5014@yahoo.com,3963791595,1999-06-06,"H.No. 925, Prasad Chowk, Navi Mumbai-021501",Telangana,India,2026-07-02
5015,Geetika,Sengupta,geetika.sengupta5015@yahoo.com,7019819326,1985-08-03,"765, Dara Road, Bally-832923",Madhya Pradesh,India,2025-03-30
5016,Yagnesh,Sule,yagnesh.sule5016@hotmail.com,0244194860,2006-02-01,"78/90, Baral Street, Pallavaram 983079",Karnataka,India,2025-05-22
5017,Maanas,Sen,maanas.sen5017@gmail.com,1131118981,1974-07-14,"57, Master Nagar, Tumkur-948668",Assam,India,2026-02-21
5018,Sai,Guha,sai.guha5018@yahoo.com,7406370140,1974-02-05,"12, Nori Circle, Gwalior 846959",Odisha,India,2026-02-11
5019,Barkha,Chand,barkha.chand5019@hotmail.com,4236330714,1988-06-06,"564, Kumar Path, Rourkela 044291",Punjab,India,2024-12-08
5020,Ekbal,Brar,ekbal.brar5020@gmail.com,1853915857,1989-12-01,"H.No. 76, Chanda Zila, Vadodara-814742",Punjab,India,2024-12-12
5021,Avni,Sachdeva,avni.sachdeva5021@hotmail.com,8368893252,2002-10-01,"36/71, Sandhu Marg, Panvel 122932",Karnataka,India,2025-09-15
5022,Jeremiah,Prabhakar,jeremiah.prabhakar5022@gmail.com,9177055612,2008-05-22,"636, Butala Marg, Saharsa-359305",Bihar,India,2025-05-22
5023,Lucky,Khare,lucky.khare5023@yahoo.com,9749978233,1985-03-05,"H.No. 296, Mangal Marg, Shimla 985829",Maharashtra,India,2025-07-27
5024,Timothy,Tara,timothy.tara5024@hotmail.com,2644556044,1994-01-11,"H.No. 567, Nayak, Akola 011443",Delhi,India,2024-02-20
5025,Yashawini,Gopal,yashawini.gopal5025@gmail.com,3724649874,1975-12-21,"476, Sandal Street, Katni-994423",Haryana,India,2024-03-23
5026,Ekavir,Kaul,ekavir.kaul5026@hotmail.com,4094215051,2008-08-06,"191, Purohit Marg, Bhiwandi 877689",Karnataka,India,2024-12-02
5027,Fariq,Balay,fariq.balay5027@gmail.com,6705885649,1976-04-27,"89/33, Oommen Nagar, Dindigul 388661",Maharashtra,India,2026-04-06
5028,Ishaan,Vaidya,ishaan.vaidya5028@yahoo.com,4082998057,1997-05-05,"H.No. 97, Rastogi, Kamarhati-645815",Bihar,India,2023-07-25
5029,Chanakya,Pillai,chanakya.pillai5029@hotmail.com,2626584948,2006-11-30,"09, Mangal Circle, North Dumdum-234873",Tamil Nadu,India,2023-05-03
5030,Ekani,Babu,ekani.babu5030@yahoo.com,6404898699,2003-09-11,"70, Barad Chowk, Hosur 771411",Delhi,India,2026-07-17
5031,Krishna,Nagar,krishna.nagar5031@yahoo.com,8377438697,1971-11-26,"83/50, Sura Chowk, Shimoga-818359",Rajasthan,India,2024-02-01
5032,Hamsini,Dubey,hamsini.dubey5032@yahoo.com,+91-0557346083,2004-09-16,"H.No. 46, Ranganathan Circle, Ahmedabad 033763",Delhi,India,2023-08-17
5033,Wazir,Nayar,wazir.nayar5033@yahoo.com,3974102350,1977-12-27,"16/552, Shah, Karnal-332347",Maharashtra,India,2023-05-22
5034,Mohini,Mutti,mohini.mutti5034@yahoo.com,5274605304,1987-06-27,"H.No. 975, Mitra Path, Guna-678573",Uttar Pradesh,India,2024-08-31
5035,Pranit,Apte,pranit.apte5035@yahoo.com,5872618620,1984-05-17,"23, Cheema Street, Siliguri-290706",Tamil Nadu,India,2023-12-20
5036,Onkar,Ramanathan,onkar.ramanathan5036@hotmail.com,+91-6827416111,2005-07-01,"020, Bahri Chowk, Hyderabad 724556",Bihar,India,2025-08-27
5037,Varenya,Wason,varenya.wason5037@yahoo.com,9773847789,1976-05-14,"177, Dhingra Path, Amaravati 582697",Madhya Pradesh,India,2023-02-23
5038,Tristan,Manne,,,1975-10-05,"H.No. 49, Gala Ganj, Bhagalpur 061125",Haryana,India,2026-03-21
5039,Diya,Gole,diya.gole5039@yahoo.com,4166590161,1990-08-31,"56/94, Bhalla Path, Navi Mumbai 632648",Delhi,India,2025-11-12
5040,Yash,Kala,yash.kala5040@hotmail.com,4251504708,1995-04-07,"29/817, Luthra Ganj, Agra 565968",Punjab,India,2026-05-13
5041,Nathan,Morar,nathan.morar5041@yahoo.com,1424598300,1976-06-02,"14/65, Dewan Marg, Karawal Nagar-912443",Kerala,India,2026-08-27
5042,Vedant,Boase,vedant.boase5042@yahoo.com,4844826894,1978-11-24,"762, Garg Path, Vijayawada-169519",Karnataka,India,2026-01-05
5043,  Darika  ,Gala,darika.gala5043@hotmail.com,0781804112,1990-06-25,"285, Mutti Street, Pali 831316",Kerala,India,2024-08-12
5044,Yashoda,Bajaj,yashoda.bajaj5044@hotmail.com,9587735503,1982-04-26,"04/74, Sharma Zila, Raurkela Industrial Township 008292",Assam,India,2025-12-28
5045,Damini,Nagi,damini.nagi5045@yahoo.com,6846742055,1973-06-29,"H.No. 186, Walia Nagar, Loni-315495",Maharashtra,India,2026-08-16
5046,Rehaan,Divan,rehaan.divan5046@hotmail.com,0899394091,1996-02-07,"45/160, Rastogi, Noida 162125",Delhi,India,2025-08-28
5047,Vivaan,Bhasin,vivaan.bhasin5047@yahoo.com,4525366248,1999-01-10,"95/605, Kara Marg, Latur-600410",Bihar,India,2026-08-28
5048,Mahika,Rajagopal,mahika.rajagopal5048@yahoo.com,,2004-02-10,"H.No. 94, Patel, Chennai 915753",Tamil Nadu,India,2023-01-15
5049,Suhani,Arora,suhani.arora5049@hotmail.com,0549749547,1980-07-30,"H.No. 39, Choudhry Circle, Raurkela Industrial Township 438827",West Bengal,India,2026-08-29
5050,Yatan,Mishra,yatan.mishra5050@yahoo.com,4313987198,1996-01-19,"H.No. 16, Parmar Chowk, Bhatpara 626759",Madhya Pradesh,India,14-04-2023
5051,Reyansh,Mital,reyansh.mital5051@hotmail.com,3540208546,1985-03-22,"853, Kakar Road, Faridabad 900791",Rajasthan,India,2024-09-08
5052,Sai,Khalsa,sai.khalsa5052@hotmail.com,3529098145,1989-07-13,"H.No. 635, Kala Circle, Aizawl-745967",Bihar,India,2025-04-27
5053,Damyanti,Gola,damyanti.gola5053@hotmail.com,5491615585,1985-10-16,,MAHARASHTRA,India,2025-02-24
5054,Dipta,Bir,dipta.bir5054@hotmail.com,0727200745,1993-04-16,"594, Patla Marg, Ballia 638446",Haryana,India,2024-05-26
5055,Ekalinga,Mitra,ekalinga.mitra5055@hotmail.com,1270228267,1993-05-31,"290, Ben Road, Durgapur 419586",Delhi,India,2026-08-27
5056,Arunima,Kapur,,5438860329,1986-06-30,"67/30, Doctor Chowk, Hajipur-630974",Punjab,India,2023-11-30
5057,Vyanjana,Hayer,vyanjana.hayer5057@yahoo.com,0342509918,1976-07-16,"000, Hegde Ganj, Shimoga 178453",Madhya Pradesh,India,2024-03-10
5058,Theodore,Narula,theodore.narula5058@gmail.com,6928520651,1991-02-09,"H.No. 973, Sahota Nagar, Aurangabad 237619",Tamil Nadu,India,2026-03-25
5059,Finn,Tak,finn.tak5059@yahoo.com,8686932381,1970-12-22,"85/42, Shukla Chowk, Shimla 642191",Madhya Pradesh,India,2024-01-20
5060,Zinal,Jayaraman,zinal.jayaraman5060@gmail.com,0026810634,2003-03-15,"11/257, Soni Circle, Asansol 026128",Odisha,India,15 Jul 2025
5061,Tanveer,Mand,tanveer.mand5061@hotmail.com,6101381548,1994-09-14,"25, Vig Zila, Agartala 081689",Madhya Pradesh,India,2024-12-07
5062,Qabil,Chatterjee,qabil.chatterjee5062@yahoo.com,0277160787,1971-05-03,"43, Munshi, Siwan-517928",tamil nadu,India,2026-07-02
5063,Akshay,Vala,akshay.vala5063@gmail.com,3479730578,1987-05-04,"15/736, Grewal Street, Bally-348451",West Bengal,India,2024-07-05
5064,Aradhana,Sharma,aradhana.sharma5064@yahoo.com,1259437036,1977-05-03,"26/80, Bhagat Nagar, Ahmedabad 651977",Bihar,India,2023-01-29
5065,Nikita,Palan,nikita.palan5065@hotmail.com,1700325313,1984-02-03,,Maharashtra,India,2026-03-16
5066,Jeevika,Mane,jeevika.mane5066@yahoo.com,2447872799,1974-12-16,"270, Virk Nagar, Hosur-387724",Haryana,India,2025-01-05
5067,Ira,Johal,ira.johal5067@yahoo.com,8610503392,1984-09-23,"H.No. 210, Sahni Road, Bongaigaon-224787",Telangana,India,2023-11-29
5068,Advay,Dhingra,advay.dhingra5068@yahoo.com,1356763990,1991-07-12,"H.No. 576, Bawa Ganj, Ambattur-349232",Rajasthan,India,2026-03-22
5069,Kamya,Prashad,kamya.prashad5069@yahoo.com,9291584454,1972-09-26,"53, Rao Nagar, Nellore-058906",Uttar Pradesh,India,2026-02-27
5070,Divya,Rao,divya.rao5070@gmail.com,+91-0389128607,1983-06-26,"07/20, Shere Marg, Purnia-681684",Punjab,India,2025-05-28
5071,Upkaar,Naik,upkaar.naik5071@gmail.com,7639703144,2003-07-30,"28/94, Chandran Nagar, Salem 813318",Punjab,India,2025-04-23
5072,Samesh,Bakshi,samesh.bakshi5072@yahoo.com,,1981-08-27,"634, Dave Street, Varanasi 792753",Karnataka,India,2026-08-06
5073,Bishakha,Pau,bishakha.pau5073@gmail.com,9328086726,1980-08-06,"38/588, Bhat Street, Rewa-772233",Delhi,India,2026-06-11
5074,Vyanjana,Wagle,vyanjana.wagle5074@hotmail.com,2781843316,1972-02-18,"H.No. 075, Mitter Path, Tezpur-557239",Madhya Pradesh,India,2023-07-08
5075,Mason,Choudhury,mason.choudhury5075@yahoo.com,0200795288,2007-12-12,"644, Puri Ganj, Ratlam 144509",Madhya Pradesh,India,2025-07-06
5076,Madhav,Sunder,madhav.sunder5076@yahoo.com,9440259346,1981-05-20,"70, Dada Street, Bijapur 504813",Uttar Pradesh,India,2025-07-26
5077,Advika,Randhawa,advika.randhawa5077@gmail.com,3050569642,1978-01-07,"51, Dugar Ganj, Sri Ganganagar 180731",Uttar Pradesh,India,2024-11-10
5078,Ekapad,Natarajan,ekapad.natarajan5078@yahoo.com,0904611855,1989-09-12,"54, Vora Zila, Bangalore 180652",Kerala,India,2024-02-16
5079,Dev,Trivedi,dev.trivedi5079@hotmail.com,16671-55614,1985-11-28,"H.No. 25, Chander Chowk, Sangli-Miraj & Kupwad 134896",Telangana,India,2023-03-02
5080,Zayyan,Sandal,zayyan.sandal5080@gmail.com,9076433071,1980-12-28,"23, Raja Path, Guntakal 512970",West Bengal,India,2026-08-04
5081,Nirja,Tak,nirja.tak5081@gmail.com,7076373176,1996-04-09,"H.No. 883, Hans Street, Eluru 645805",Tamil Nadu,India,2025-10-27
5082,Onveer,Sabharwal,onveer.sabharwal5082@yahoo.com,0536232199,1992-10-24,,Kerala,India,2024-05-06
5083,Meghana,Goyal,meghana.goyal5083@yahoo.com,6603075048,2003-11-25,"H.No. 052, Shankar Marg, Haldia 418112",Karnataka,India,2026-02-26
5084,Abeer,Boase,abeer.boase5084@gmail.com,,1974-01-15,"868, Din Chowk, Tirunelveli 156739",Tamil Nadu,India,2026-09-10
5085,Urvi,Varkey,urvi.varkey5085@gmail.com,2312582556,1982-10-30,"14/17, Gade Street, Latur-644249",Assam,India,2023-10-31
5086,Yashasvi,Rajagopal,yashasvi.rajagopal5086@hotmail.com,1510149350,1989-07-13,"85, Raman Nagar, Gorakhpur-360308",West Bengal,India,2025-06-24
5087,Ranveer,Sane,ranveer.sane5087@gmail.com,5081469655,1988-02-28,"63, Datta Ganj, Bhalswa Jahangir Pur 131927",Odisha,India,2024-11-23
5088,Balvan,Prabhu,balvan.prabhu5088@gmail.com,8937656710,1991-04-01,"H.No. 51, Modi Chowk, Kavali-989187",Punjab,India,2024-07-15
5089,Ayush,Bhatti,,2727643489,1985-02-20,"14/552, Yadav Street, Lucknow-859749",Haryana,India,2026-08-11
5090,Rachit,Krishnan,rachit.krishnan5090@hotmail.com,,1987-01-07,,ODISHA,India,2026-08-05
5091,Samaksh,Gaba,samaksh.gaba5091@yahoo.com,9707463246,1990-01-25,"H.No. 876, Gala Circle, Vijayawada-981763",Tamil Nadu,India,2023-07-03
5092,Chandresh,Mander,chandresh.mander5092@hotmail.com,4406845657,2002-07-07,"42, Patla Chowk, Howrah-272645",Odisha,India,2023-04-15
5093,Anjali,Jha,anjali.jha5093@yahoo.com,8903724247,1982-04-23,"36/40, Sule Marg, Jalna 876740",Assam,India,2023-07-16
5094,Tara,Agarwal,tara.agarwal5094@gmail.com,9689885291,1999-09-01,"59/78, Hora Street, Medininagar 428003",Assam,India,2025-11-25
5095,Ranveer,Nath,ranveer.nath5095@yahoo.com,3224035163,2002-02-02,"H.No. 89, Korpal Zila, Howrah-244288",Assam,India,2025-02-01
5096,Amruta,Raval,amruta.raval5096@yahoo.com,5040992794,1993-08-25,"625, Date Ganj, Davanagere-298803",Gujarat,India,2024-04-26
5097,Vedika,Malhotra,vedika.malhotra5097@gmail.com,1825949493,1991-08-24,"69, Kala Nagar, Chapra 018744",Punjab,India,2026-06-01
5098,Benjamin,Shanker,benjamin.shanker5098@yahoo.com,6184696459,1986-12-30,"11/16, Kadakia Circle, Alwar-463013",Gujarat,India,2025-06-16
5099,Eesha,Wason,eesha.wason5099@yahoo.com,6531114483,1999-06-03,"38/638, Som Road, Parbhani 294699",Kerala,India,2024-03-23
5100,Gavin,Aggarwal,gavin.aggarwal5100@hotmail.com,2009932953,1977-08-30,"36/809, Shenoy Circle, Chapra-686743",Madhya Pradesh,India,2024-07-20
5101,Wakeeta,Ramakrishnan,wakeeta.ramakrishnan5101@gmail.com,5504519851,1984-02-20,,Punjab,India,2026-08-19
5102,Vansha,Sheth,vansha.sheth5102@gmail.com,0955101453,2003-03-30,"610, Gour Path, Nellore 252138",Telangana,India,2026-08-18
5103,Kala,Uppal,kala.uppal5103@gmail.com,0128087611,1975-03-20,"H.No. 89, Dugal Zila, Silchar-145814",Madhya Pradesh,India,2023-08-17
5104,Rohan,Goyal,rohan.goyal5104@yahoo.com,3338921816,1994-03-18,"31/44, Lala Street, Amroha 405952",Karnataka,India,2025-03-15
5105,Aayush,Kade,aayush.kade5105@yahoo.com,2472093831,1999-02-21,"H.No. 233, Kannan Street, Mira-Bhayandar-298130",Rajasthan,India,2026-04-16
5106,Karan,Bhatnagar,karan.bhatnagar5106@hotmail.com,4670476523,1988-09-02,"92/03, Rajagopal Nagar, Fatehpur-968452",west bengal,India,07/25/2026
5107,Jeevika,Ravel,jeevika.ravel5107@yahoo.com,9600137548,1997-06-09,"83/862, Dass Zila, Thoothukudi-675224",Bihar,India,2024-03-05
5108,Tanmayi,Prabhakar,tanmayi.prabhakar5108@hotmail.com,9965598153,1986-11-30,"30, Memon Chowk, Bijapur 811407",Bihar,India,2026-09-01
5109,Sai,Mangat,sai.mangat5109@yahoo.com,6838945973,1982-09-29,"H.No. 563, Saran Path, Jehanabad 526330",Madhya Pradesh,India,2026-01-16
5110,Harshil,Contractor,,7865798734,1994-01-20,"85/603, Kamdar Road, Nadiad 368167",Kerala,India,2025-04-30
5111,Bhavika,Jha,bhavika.jha5111@hotmail.com,7151404303,1974-02-09,"859, Sarraf Ganj, Haridwar-620872",Haryana,India,2026-05-01
5112,Brinda,Kunda,brinda.kunda5112@gmail.com,2448248961,1985-08-12,"57, Dhingra Nagar, Sirsa 555013",Bihar,India,2026-03-16
5113,Niharika,Rajagopal,niharika.rajagopal5113@yahoo.com,0085696080,1994-06-12,"55, Krishna Nagar, Katihar-876736",Odisha,India,2026-06-17
5114,Ranveer,Pai,ranveer.pai5114@hotmail.com,6948100810,1984-11-12,"33, Deshpande, Srinagar 204403",Kerala,India,2025-05-12
5115,Samesh,Taneja,samesh.taneja5115@yahoo.com,8238319834,1979-10-13,"87, Master Path, Phusro-896617",Bihar,India,2024-12-01
5116,Logan,Kar,logan.kar5116@gmail.com,3760906275,2003-06-18,"H.No. 433, Devan Street, Kalyan-Dombivli-779666",Odisha,India,2025-08-31
5117,Shravya,Natarajan,shravya.natarajan5117@hotmail.com,5025491577,2005-11-06,"H.No. 625, Dar Nagar, Rajpur Sonarpur 160426",Gujarat,India,2025-06-23
5118,  Robert  ,Baral,robert.baral5118@yahoo.com,3742742474,1979-06-24,"19, Kale Path, Barasat-455198",Maharashtra,India,2025-02-09
5119,Faraj,Dass,faraj.dass5119@yahoo.com,1938458435,1978-04-26,,Gujarat,India,2024-09-26
5120,Sachi,Rao,sachi.rao5120@hotmail.com,5514284157,1999-07-05,"378, Bhalla Nagar, Avadi-008728",West Bengal,India,2025-07-26
5121,Ridhi,Dora,ridhi.dora5121@yahoo.com,2943980919,1977-09-20,"H.No. 904, Narain Street, Lucknow 418271",Gujarat,India,2025-04-16
5122,Niharika,Manne,niharika.manne5122@hotmail.com,9380534435,1982-08-01,"12/588, Keer Zila, Faridabad-852905",Tamil Nadu,India,2024-11-25
5123,Ekta,Bhandari,ekta.bhandari5123@yahoo.com,6551803363,1986-10-26,"19/493, Sarin Ganj, Bhimavaram-036185",Haryana,India,2023-02-08
5124,Unnati,Vyas,unnati.vyas5124@yahoo.com,5505678449,1982-05-31,"73, Swaminathan Ganj, Rourkela-831926",Tamil Nadu,India,2025-09-08
5125,Jason,Thaker,jason.thaker5125@gmail.com,5674170290,1977-08-30,"39/51, Bhatia Ganj, Guntur-080070",Delhi,India,2026-02-24
5126,Rachana,Handa,rachana.handa5126@yahoo.com,2905315518,1974-08-28,"H.No. 35, Dhaliwal Road, Nellore-567657",Haryana,India,2026/03/22
5127,Manan,Rai,manan.rai5127@gmail.com,6725172641,1979-04-03,"H.No. 77, Desai Zila, Meerut-950967",Madhya Pradesh,India,2023-05-18
5128,Urishilla,Brar,urishilla.brar5128@hotmail.com,3355354317,2003-07-02,"24, Kadakia Marg, Proddatur-180548",Gujarat,India,2025-04-30
5129,Tanay,Joshi,tanay.joshi5129@yahoo.com,7573130051,1989-03-26,"H.No. 09, Gala Nagar, Ozhukarai-749037",Maharashtra,India,06-08-2026
5130,Tanvi,Uppal,tanvi.uppal5130@yahoo.com,2102342855,1972-10-11,"08/686, Bhasin Marg, Bahraich 893662",Gujarat,India,2024-04-01
5131,Adweta,Vyas,adweta.vyas5131@hotmail.com,1694608809,1992-11-09,"99, Munshi, Aurangabad-394658",Telangana,India,2026-01-08
5132,Balhaar,Manda,balhaar.manda5132@gmail.com,4063660712,1984-01-16,"03/605, Malhotra Road, Bhagalpur-663385",Karnataka,India,2024-07-22
5133,Nitara,Patla,nitara.patla5133@gmail.com,9231913108,1986-03-16,"45/645, Chadha Marg, Yamunanagar 074507",Karnataka,India,2023-10-07
5134,Krish,Dixit,krish.dixit5134@hotmail.com,0115552709,1990-04-12,"335, Taneja Road, Erode-020452",Karnataka,India,2025-01-10
5135,Yadavi,Chakraborty,yadavi.chakraborty5135@hotmail.com,4369978010,1985-09-20,"676, Koshy Path, Giridih 477994",Delhi,India,2025-04-10
5136,Azad,Sandhu,azad.sandhu5136@gmail.com,5346249710,2004-08-08,"79/42, Swamy Street, Salem-766566",Punjab,India,2026-01-06
5137,Ansh,Karnik,ansh.karnik5137@gmail.com,,1974-05-16,"11, Luthra Nagar, Muzaffarnagar-112480",Odisha,India,2025-04-17
5138,Harish,Borah,,4366864643,1982-11-12,"820, Rajagopalan Street, Parbhani 080477",Uttar Pradesh,India,2024-05-23
5139,Logan,Bera,logan.bera5139@hotmail.com,6144754088,2001-08-28,"47, Dora Marg, Mangalore 781830",Telangana,India,2026-08-14
5140,Jagdish,Sahni,jagdish.sahni5140@hotmail.com,1605545757,2008-04-16,"646, Ahuja Chowk, Bally-231865",Maharashtra,India,2026-08-10
5141,Amruta,Kari,amruta.kari5141@hotmail.com,4610094409,2005-08-08,"H.No. 688, Bhalla Ganj, Danapur 858994",Madhya Pradesh,India,2025-10-16
5142,Gabriel,Patil,gabriel.patil5142@hotmail.com,6283990437,1975-01-25,"H.No. 524, Deo Road, Gopalpur 995281",Gujarat,India,2026-06-16
5143,Isaiah,Malhotra,isaiah.malhotra5143@yahoo.com,3080612998,1998-07-27,"H.No. 81, Pandya Marg, Raipur 501962",Uttar Pradesh,India,2026-06-16
5144,Kai,Chauhan,kai.chauhan5144@yahoo.com,9493676861,1978-07-26,"86/438, Arora Street, Cuttack 435620",Gujarat,India,2026-04-26
5145,Pallavi,Dyal,pallavi.dyal5145@yahoo.com,1476754531,1974-10-25,"98/18, Wadhwa Street, Ramagundam-006329",Karnataka,India,2026-09-10
5146,Vedant,Luthra,vedant.luthra5146@gmail.com,8136752124,1996-05-23,"026, Khalsa Path, Morbi 731610",Madhya Pradesh,India,2024-10-20
5147,Urmi,Atwal,urmi.atwal5147@gmail.com,9353712800,1975-09-01,"25/35, Nazareth Marg, Buxar-036880",Bihar,India,2024-11-29
5148,Pratyush,Nagarajan,pratyush.nagarajan5148@hotmail.com,1618323004,1991-12-01,"H.No. 623, Deep Chowk, Surat-890766",ODISHA,India,08/09/2023
5149,Sai,Oza,sai.oza5149@hotmail.com,2839823102,1981-10-07,"27/85, Mani Chowk, Kanpur 184610",Odisha,India,2024-06-18
5150,Baghyawati,Boase,baghyawati.boase5150@gmail.com,4225548325,1997-11-28,"H.No. 74, Deep Path, Vasai-Virar-756822",Rajasthan,India,2026-06-05
5151,Nikita,Varkey,nikita.varkey5151@gmail.com,,1979-04-03,"31/805, Parikh, Gopalpur 185734",Haryana,India,2025-05-16
5152,Chakradhar,Mody,chakradhar.mody5152@gmail.com,0971800258,2005-09-08,"49/788, Natt Chowk, Parbhani-458931",Bihar,India,2023-01-01
5153,Pranav,Saha,pranav.saha5153@hotmail.com,5201195530,1988-01-13,"H.No. 99, Hayer Road, Rourkela-694816",Assam,India,2024-01-02
5154,Ijaya,Bedi,ijaya.bedi5154@hotmail.com,9327891119,1972-11-20,"H.No. 430, Gade Ganj, Karawal Nagar 157693",Maharashtra,India,2026-07-31
5155,Hema,Khatri,,1703557820,1995-09-12,"59/430, Mukhopadhyay Marg, Phusro 507973",Tamil Nadu,India,2024/10/06
5156,Henry,Jayaraman,henry.jayaraman5156@gmail.com,5418288580,2002-07-18,"07, Sanghvi Nagar, Dharmavaram-242616",Gujarat,India,2025-03-29
5157,Indali,Nair,indali.nair5157@yahoo.com,8117924807,2001-12-26,"82/464, Hayer Zila, Dehri-132176",Punjab,India,2024-02-09
5158,Chaitaly,Datta,chaitaly.datta5158@gmail.com,08548122738,1987-10-17,"996, Nagar, Loni 078058",Telangana,India,2026-05-02
5159,  Yamini  ,Toor,yamini.toor5159@hotmail.com,4113362535,1976-01-12,"80/34, Badami, Panihati-770520",Uttar Pradesh,India,2024-10-20
5160,Rajata,Sem,rajata.sem5160@gmail.com,8544285250,1976-12-17,"498, Hayer Path, Aligarh-418809",Rajasthan,India,2024-03-21
5161,Jagat,Zacharia,jagat.zacharia5161@hotmail.com,2833752647,1974-03-10,"79/067, Sastry, Muzaffarnagar-101361",Gujarat,India,2024-03-29
5162,Zaid,Brahmbhatt,zaid.brahmbhatt5162@gmail.com,4029073806,1979-09-21,"017, Mani Ganj, Amaravati 445085",HARYANA,India,2024-02-04
5163,Qarin,Suri,qarin.suri5163@gmail.com,7516076694,2005-01-12,"H.No. 39, Dua Street, Maheshtala-317976",Delhi,India,2026-06-19
5164,Samar,Solanki,samar.solanki5164@yahoo.com,1034634661,1981-10-05,"79/753, Chada Ganj, Pune 861678",Punjab,India,2023-04-26
5165,Sachi,Rout,sachi.rout5165@hotmail.com,4715714993,1973-11-03,"929, Kaur Street, Aurangabad 926547",Uttar Pradesh,India,2024-12-15
5166,Luke,Tara,,7823476304,1993-10-06,"08, Kalita Street, Bhavnagar-357489",Rajasthan,India,2026-05-26
5167,Saanvi,Sachar,saanvi.sachar5167@yahoo.com,8859630462,2007-05-30,"H.No. 326, Dube Nagar, Mirzapur-661108",gujarat,India,2025-05-06
5168,Indali,Naidu,indali.naidu5168@hotmail.com,0637032586,2001-11-13,,Gujarat,India,2024-05-06
5169,Omkaar,Bhardwaj,omkaar.bhardwaj5169@gmail.com,9253057361,2007-01-10,"H.No. 318, Pall Marg, Buxar 614038",Maharashtra,India,2025-03-09
5170,Kashvi,Dar,kashvi.dar5170@hotmail.com,1049034638,2008-05-02,"84/924, Samra Ganj, Noida-082371",Uttar Pradesh,India,2024-10-02
5171,Eiravati,Nanda,eiravati.nanda5171@gmail.com,4136503719,1985-08-14,"048, Master Nagar, Dhanbad 058734",Karnataka,India,2023-05-18
5172,Vyanjana,Pandey,vyanjana.pandey5172@yahoo.com,3308507097,2001-09-29,"88, Behl, Nanded 716407",Kerala,India,2024-10-23
5173,Frederick,Sabharwal,frederick.sabharwal5173@gmail.com,5179296668,2007-05-31,"53, Nadkarni Nagar, Motihari 419701",West Bengal,India,2026-07-21
5174,Warjas,Mahal,warjas.mahal5174@hotmail.com,8276216764,1997-07-17,"71/33, Chaudhary Ganj, Muzaffarnagar 796795",Assam,India,2026-03-02
5175,Dev,Amble,dev.amble5175@gmail.com,3912165629,2007-01-21,"H.No. 65, Rout Street, Bangalore 417780",Punjab,India,2025-02-08
5176,Abeer,Hayre,abeer.hayre5176@gmail.com,2358390240,1981-08-16,"393, Bera, Cuttack 380755",Maharashtra,India,2025-05-23
5177,Kashvi,Balay,kashvi.balay5177@hotmail.com,5393352111,1985-03-10,"632, Gopal Street, Bellary 831915",Telangana,India,2024-10-31
5178,Yochana,Sura,yochana.sura5178@gmail.com,6242406783,1993-02-03,"22/72, Kanda Marg, Bilaspur-449389",Odisha,India,2025-10-17
5179,Shivani,Kurian,shivani.kurian5179@yahoo.com,8272012542,1988-08-01,"H.No. 88, Goyal Zila, Bhind-544579",Gujarat,India,2024/02/20
5180,Bhanumati,Andra,bhanumati.andra5180@gmail.com,7223923801,1981-04-16,"H.No. 08, Savant, Hospet 885131",Tamil Nadu,India,2024-02-08
5181,Harish,Kunda,harish.kunda5181@yahoo.com,3445508594,2005-10-21,"53, Gopal Zila, Dewas 826045",West Bengal,India,2025-04-29
5182,Upadhriti,Chad,upadhriti.chad5182@hotmail.com,9219062116,1971-05-06,,West Bengal,India,2026-05-21
5183,Omaja,Sankaran,omaja.sankaran5183@hotmail.com,8807292323,2001-11-24,"H.No. 124, Sethi Circle, Mirzapur 638015",Madhya Pradesh,India,2025-09-18
5184,Omaja,Raval,omaja.raval5184@yahoo.com,1682119419,1998-07-27,"H.No. 044, Sibal, Navi Mumbai-072570",West Bengal,India,2024-02-22
5185,Quincy,Chopra,quincy.chopra5185@gmail.com,5363952468,1986-11-17,"30/707, Mohan Road, Asansol 161642",Uttar Pradesh,India,2026-08-06
5186,Abhimanyu,Hans,abhimanyu.hans5186@gmail.com,1495009317,1986-08-07,"72/74, Balay Road, Ujjain-336887",Telangana,India,2023-10-20
5187,Garima,Varghese,garima.varghese5187@gmail.com,4580264348,2003-06-07,"41/906, Gandhi, Karnal 978791",Rajasthan,India,2024-03-11
5188,Oliver,Dyal,oliver.dyal5188@hotmail.com,1845931946,2006-10-24,"H.No. 14, Wali Road, Mysore 941067",Uttar Pradesh,India,2024-02-24
5189,  Osha  ,Gera,osha.gera5189@gmail.com,8036745878,1980-12-20,"78, Brar Ganj, Nadiad-418755",Tamil Nadu,India,2026-07-01
5190,Unni,Desai,unni.desai5190@yahoo.com,8967900478,1977-05-07,"H.No. 34, Muni Chowk, Berhampur 908351",TAMIL NADU,India,2024-03-12
5191,Yashasvi,Raj,,2673348535,1988-01-01,"67/021, Khare Zila, Amravati-513021",Odisha,India,2024-12-07
5192,Qasim,Pant,qasim.pant5192@yahoo.com,4923936749,1987-06-23,"H.No. 696, Narayan Nagar, Haldia 225584",West Bengal,India,2025-10-30
5193,Jagat,Srinivasan,jagat.srinivasan5193@gmail.com,,1981-02-09,"29, Mander Chowk, Nandyal 686500",Haryana,India,2024-11-05
5194,  Vasatika  ,Dara,vasatika.dara5194@yahoo.com,4997939065,1972-09-21,"82, Basak Road, Salem-295601",West Bengal,India,2025-05-09
5195,Frado,Gade,frado.gade5195@hotmail.com,4062132104,1989-03-25,"H.No. 492, Kalla Marg, Berhampore-774640",Telangana,India,2026-09-14
5196,Nandini,Gopal,nandini.gopal5196@gmail.com,3639625593,1986-01-09,"63/545, Konda Street, Chittoor-868362",Tamil Nadu,India,2025-12-12
5197,Lohit,Bansal,,7207203570,2007-05-19,"13/374, Kala Zila, Rewa 565493",Assam,India,2025-01-04
5198,Chaitaly,Chadha,chaitaly.chadha5198@yahoo.com,1561122352,1981-01-24,"60/42, Dhaliwal Road, Rampur 477917",Madhya Pradesh,India,2025-08-09
5199,Alka,Bhatt,alka.bhatt5199@gmail.com,4338234988,1981-10-07,"26/845, Gaba Chowk, Nangloi Jat 054004",Uttar Pradesh,India,12-04-2026
5200,Ladli,Devi,ladli.devi5200@hotmail.com,6798463665,1984-07-26,"133, Ganesan Street, Patna 324894",Haryana,India,2026-08-09
5201,Reyansh,Rajagopalan,reyansh.rajagopalan5201@gmail.com,,2005-12-28,"761, Thaker Ganj, Sagar-594456",Odisha,India,2026-01-30
5202,George,Ray,george.ray5202@yahoo.com,0645229712,2005-03-21,"86/38, Shankar Road, Pali-918505",Telangana,India,2026-05-29
5203,Tanveer,Kaur,tanveer.kaur5203@hotmail.com,6130706559,2005-03-22,"H.No. 494, Bandi Ganj, Yamunanagar-641727",Haryana,India,2023-09-24
5204,Raghav,Ahuja,raghav.ahuja5204@hotmail.com,9309430299,1976-03-31,"H.No. 20, Guha, Karawal Nagar-455870",Gujarat,India,2026-04-09
5205,Arunima,Chatterjee,arunima.chatterjee5205@yahoo.com,1564706632,1995-07-01,"68/280, Ravi Street, Asansol-685382",Assam,India,2026-06-14
5206,Triveni,Pai,triveni.pai5206@gmail.com,1222086404,1991-02-17,"H.No. 121, Deol Path, Rourkela 340613",Telangana,India,2023-03-30
5207,Jagvi,Yohannan,jagvi.yohannan5207@hotmail.com,5712898630,1992-08-19,"87, Lall Marg, Rampur 909869",Gujarat,India,2024-03-05
5208,Ranveer,Kala,ranveer.kala5208@yahoo.com,5678493720,1993-05-01,"35, Grover Circle, Panipat 017470",Kerala,India,2024-04-20
5209,  Kamya  ,Ganesh,kamya.ganesh5209@gmail.com,3621881023,1997-08-11,"416, Viswanathan Marg, Thoothukudi-772805",Madhya Pradesh,India,2026-02-11
5210,Dayita,Tella,dayita.tella5210@hotmail.com,2339879490,1976-09-20,"H.No. 30, Nanda Path, Maheshtala-067546",Haryana,India,2024-03-22
5211,Oviya,Wali,oviya.wali5211@gmail.com,1801421610,1992-08-20,"H.No. 40, Soni Zila, Kishanganj 225442",Haryana,India,2023-02-24
5212,Qasim,Pall,qasim.pall5212@gmail.com,8643582823,1997-11-17,"H.No. 25, Parmar Marg, Silchar 827821",Punjab,India,2026-07-27
5213,Wazir,Basu,wazir.basu5213@gmail.com,4914650939,1977-07-23,"446, Behl Circle, Bharatpur 188449",Telangana,India,2025-10-10
5214,Gautam,Amble,gautam.amble5214@hotmail.com,9632040563,1980-08-19,"94, Barad Chowk, Varanasi 386220",Gujarat,India,2026-01-07
5215,Kritika,Prasad,kritika.prasad5215@hotmail.com,,1970-09-17,"95, Comar Street, Pune 872898",Karnataka,India,2026-05-06
5216,Utkarsh,Sharaf,utkarsh.sharaf5216@yahoo.com,8579435586,1992-10-12,"51/706, Dalal Nagar, Serampore-859294",Maharashtra,India,2024-10-20
5217,Jason,Pillai,jason.pillai5217@yahoo.com,5140749886,1973-01-18,"41/59, Loyal Street, Phagwara 709201",Odisha,India,2026-08-02
5218,Vinaya,Sani,vinaya.sani5218@gmail.com,3350740874,1997-08-07,"H.No. 067, Shankar Road, Kadapa 326286",TELANGANA,India,2023-07-29
5219,Aarna,Dhawan,aarna.dhawan5219@gmail.com,2512697834,1999-06-09,"81, Ahuja Zila, Machilipatnam 594813",Delhi,India,2026-06-25
5220,Vidhi,Sinha,vidhi.sinha5220@yahoo.com,8246081449,1993-01-26,"51/294, Atwal Street, Surat 545221",Gujarat,India,2026-07-04
5221,Devansh,Chada,devansh.chada5221@gmail.com,5438297799,2003-09-03,"H.No. 212, Desai Ganj, Silchar-098697",Maharashtra,India,2023-05-26
5222,Champak,Batta,champak.batta5222@hotmail.com,2046306827,2000-11-11,"H.No. 11, Kara Ganj, Nellore-732991",Karnataka,India,2026-02-08
5223,Edhitha,Zacharia,edhitha.zacharia5223@yahoo.com,8724338790,1982-09-30,"91/88, Arora Chowk, Berhampur 191353",Rajasthan,India,2025-05-06
5224,Gaurangi,Shankar,gaurangi.shankar5224@hotmail.com,0620101524,1972-02-05,"474, Raman Path, Parbhani-163909",Punjab,India,2025-04-01
5225,Kashish,Balan,kashish.balan5225@gmail.com,4714223576,1975-12-20,,Uttar Pradesh,India,2026-02-17
5226,Peter,Dani,peter.dani5226@gmail.com,5380692981,1983-01-23,"455, Sabharwal Road, Nashik 194729",Bihar,India,2024-01-03
5227,Frado,Madan,frado.madan5227@gmail.com,0796520617,1994-09-18,"39, Koshy Marg, Hajipur 224596",Delhi,India,2026-03-15
5228,Omkaar,Andra,omkaar.andra5228@yahoo.com,6725519211,1978-07-17,"H.No. 840, Bhatia Ganj, Jalandhar 661890",Bihar,India,2024-05-23
5229,Ganga,Parmer,ganga.parmer5229@yahoo.com,1789174553,1991-03-31,"H.No. 79, Basu Path, Pali-193150",Bihar,India,2026-01-29
5230,  Udant  ,Mand,udant.mand5230@yahoo.com,6502482843,1981-06-05,"864, Tailor Path, Panihati 653170",Haryana,India,2026-07-20
5231,Ria,Khalsa,ria.khalsa5231@gmail.com,9935057006,1995-10-25,"038, Ramachandran Ganj, Vellore-822502",Odisha,India,2023-10-21
5232,Aadi,Sachar,aadi.sachar5232@yahoo.com,7783898508,1992-04-19,"418, Thaman Ganj, Orai 078064",Odisha,India,2024-05-18
5233,Widisha,Bassi,widisha.bassi5233@gmail.com,3286515242,1978-10-21,"H.No. 12, Agrawal Road, Serampore 144662",Tamil Nadu,India,2026-03-17
5234,  Adweta  ,Bhardwaj,adweta.bhardwaj5234@hotmail.com,0222505395,1987-07-19,,Tamil Nadu,India,2024-04-11
5235,Damyanti,Sachdev,damyanti.sachdev5235@gmail.com,8198936512,1996-11-27,"37, Sodhi Ganj, Dhanbad-025303",Karnataka,India,2023-11-13
5236,Lucky,Wason,lucky.wason5236@gmail.com,0761457632,1980-03-29,"03/94, Dixit Street, Loni-543864",rajasthan,India,2026-06-03
5237,Forum,Mani,forum.mani5237@yahoo.com,2573962636,1989-02-24,"90/706, Suresh Marg, Siwan 133755",Punjab,India,2026-07-19
5238,Bhavini,Kumar,,9871136752,2006-10-19,"H.No. 42, Mane Chowk, Dhule 846272",Odisha,India,2023-04-11
5239,Ekanta,Bedi,ekanta.bedi5239@hotmail.com,7712022839,2001-02-14,"314, Narain Nagar, Bellary 571459",Assam,India,2025-07-18
5240,Irya,Dar,irya.dar5240@gmail.com,0198097976,2000-12-18,"12/37, Doshi Nagar, Motihari 711418",Rajasthan,India,2026-01-17
5241,Fitan,Wason,fitan.wason5241@hotmail.com,5262833367,1993-07-09,"H.No. 100, Kumer Street, Tiruchirappalli 797111",Delhi,India,2026-05-30
5242,Sai,Ramesh,sai.ramesh5242@yahoo.com,8836037174,1996-07-15,"H.No. 165, Bal, Gwalior 246704",Assam,India,2026-08-08
5243,Hemani,Subramaniam,hemani.subramaniam5243@hotmail.com,2305098723,2002-06-26,"H.No. 14, Raj Circle, Ramagundam 976044",Odisha,India,2024-06-23
5244,Bishakha,D’Alia,bishakha.d’alia5244@yahoo.com,,1985-09-01,"11/30, Din Chowk, Kishanganj 424574",Assam,India,2023-02-14
5245,Siddharth,Bali,siddharth.bali5245@hotmail.com,7112086659,1986-07-23,"H.No. 742, Mishra Circle, Loni 544316",Punjab,India,2025-10-17
5246,Charan,Khalsa,charan.khalsa5246@gmail.com,7314031266,2006-02-20,"H.No. 056, Bhasin Nagar, Burhanpur-991343",Punjab,India,2025-01-22
5247,Shivani,Varkey,shivani.varkey5247@hotmail.com,5378187164,1980-03-16,"89/888, Goyal, Pondicherry-846132",Telangana,India,2025-08-16
5248,Indrajit,Purohit,indrajit.purohit5248@gmail.com,1688100847,1971-08-05,"683, Lad Nagar, Burhanpur-974250",Telangana,India,2023-09-12
5249,Rehaan,Bhatia,rehaan.bhatia5249@yahoo.com,3245841179,1972-12-27,"19/556, Menon Chowk, Morbi 489470",Madhya Pradesh,India,2024-06-20
5250,Anmol,Srivastava,anmol.srivastava5250@hotmail.com,+91-9399996374,1983-05-23,"065, Aggarwal Marg, Malda-828140",Maharashtra,India,2025-08-18
5251,Sai,Bir,sai.bir5251@hotmail.com,0315226128,2007-02-23,"63, Kalita Road, Raichur-299993",Haryana,India,2024-05-30
5252,Hemang,Ramakrishnan,hemang.ramakrishnan5252@hotmail.com,9992104382,2004-10-24,"981, Buch Road, Nangloi Jat-458442",West Bengal,India,2026-07-13
5253,Yamini,Pingle,yamini.pingle5253@gmail.com,5489015484,2003-07-22,"560, Sastry Zila, Lucknow 289504",Odisha,India,2025-10-18
5254,  Qasim  ,Jain,qasim.jain5254@gmail.com,8895524110,1993-03-25,"H.No. 287, Bera Path, Anantapur-754562",Telangana,India,09/21/2024
5255,Nathan,Mangat,nathan.mangat5255@gmail.com,,1984-08-07,"68, Kothari Marg, Coimbatore-953870",Maharashtra,India,2023-01-07
5256,Lajita,Upadhyay,lajita.upadhyay5256@yahoo.com,3625692041,1991-09-29,"H.No. 30, Chad Path, Gandhinagar-212770",Kerala,India,2025-04-27
5257,Pallavi,Mohanty,pallavi.mohanty5257@yahoo.com,1060644126,1972-04-06,"238, Amble Chowk, Chandrapur 388645",Telangana,India,2025-06-10
5258,Daksh,D’Alia,daksh.d’alia5258@gmail.com,+91-4259369807,1988-04-07,,Uttar Pradesh,India,2024-07-19
5259,Krisha,Mani,krisha.mani5259@hotmail.com,9226848161,1984-09-25,"12/29, Kala Circle, Bhubaneswar 624979",Delhi,India,2024-10-29
5260,Januja,Dora,januja.dora5260@yahoo.com,0430380805,2000-08-10,"H.No. 33, Gill Road, Vasai-Virar-871319",Karnataka,India,2025-04-23
5261,Pooja,Dara,pooja.dara5261@hotmail.com,0235411436,1994-07-10,"H.No. 560, Rastogi Marg, Bhalswa Jahangir Pur-609509",Assam,India,2024-08-06
5262,Kalpit,De,kalpit.de5262@gmail.com,7934007037,2000-10-04,"H.No. 183, Raghavan Zila, Rohtak-042361",Punjab,India,2026-07-30
5263,Kevin,Taneja,kevin.taneja5263@hotmail.com,1198664949,1973-11-15,"41/83, Bahri Road, Nizamabad 263409",Telangana,India,09/15/2024
5264,  Mitali  ,Keer,mitali.keer5264@gmail.com,3514997464,2003-11-13,"97/222, Mander Ganj, Unnao-534336",Madhya Pradesh,India,2024-08-22
5265,Chanakya,Karpe,chanakya.karpe5265@gmail.com,8223435240,2003-11-03,"79, Krishna Zila, Buxar-425717",Haryana,India,2023-08-20
5266,Vasana,Dhar,vasana.dhar5266@yahoo.com,0563070680,1984-06-23,"H.No. 205, Sathe Circle, Mumbai 192835",Odisha,India,2026-05-12
5267,Rayaan,Kale,rayaan.kale5267@yahoo.com,7497906924,1975-05-15,"15/38, Madan Marg, Varanasi-840281",Madhya Pradesh,India,2023-07-18
5268,Bachittar,Chauhan,bachittar.chauhan5268@hotmail.com,4969597847,1979-01-19,"95/682, Maharaj Marg, Surat-331105",Punjab,India,2025-02-04
5269,Yadavi,Misra,yadavi.misra5269@yahoo.com,6871439849,1990-10-26,"27, Pal Zila, Kottayam-753835",Delhi,India,2026-02-14
5270,Ishaan,Rege,ishaan.rege5270@gmail.com,4341428849,1985-12-02,"63/497, Randhawa Street, Durgapur-916739",Gujarat,India,2026-03-18
5271,Niharika,Ramachandran,niharika.ramachandran5271@yahoo.com,0849666004,1972-01-18,"23/870, Lata Chowk, Gorakhpur-799555",Punjab,India,2025-02-26
5272,Abhiram,Zachariah,abhiram.zachariah5272@hotmail.com,3804077280,1978-11-18,"39, Nori Path, Gandhinagar 483995",Madhya Pradesh,India,2024-12-23
5273,Brinda,Venkataraman,brinda.venkataraman5273@gmail.com,0403709968,1989-10-14,"71/53, Sarin Road, Rampur 736282",Bihar,India,2023-05-01
5274,Baljiwan,Bhargava,baljiwan.bhargava5274@hotmail.com,7318615529,1976-12-23,"54/712, Zacharia Zila, Sangli-Miraj & Kupwad 261290",Uttar Pradesh,India,2023-01-19
5275,Qabil,Chada,qabil.chada5275@gmail.com,0249678186,2004-03-21,"90, Srinivasan Marg, Motihari-261452",Uttar Pradesh,India,2025-08-06
5276,Ishaan,Shere,ishaan.shere5276@gmail.com,0336376562,1996-03-12,"00/44, Kumer, Firozabad 121542",Odisha,India,2024-07-21
5277,Tristan,Saha,tristan.saha5277@hotmail.com,8167549271,1992-02-22,"H.No. 65, Sekhon Path, Nanded-275863",Assam,India,2025-01-12
5278,Devika,Khanna,devika.khanna5278@yahoo.com,9875686623,2005-02-10,"H.No. 97, Chatterjee Path, Navi Mumbai-249095",West Bengal,India,2026-03-03
5279,Arjun,Gade,arjun.gade5279@hotmail.com,8674001575,1992-04-20,"47/548, Om, Mango-674004",Assam,India,2024-04-03
5280,Chakrika,Borde,chakrika.borde5280@yahoo.com,9770241156,1976-12-12,"H.No. 090, Shanker Road, Bharatpur 732898",Maharashtra,India,2026-05-24
5281,Kai,Warrior,kai.warrior5281@yahoo.com,3946088291,1995-07-30,"H.No. 875, Srinivasan Circle, Imphal 308503",bihar,India,2026-08-20
5282,Rayaan,Mahajan,,1047961025,2002-07-22,"H.No. 44, Nagi Circle, Lucknow 850021",Delhi,India,2024-09-14
5283,Luke,Kurian,luke.kurian5283@hotmail.com,0762235874,1972-04-23,"51/422, Butala Path, Raichur 849605",Rajasthan,India,2024-04-15
5284,Zarna,Dhar,zarna.dhar5284@hotmail.com,6117876926,1982-08-11,"H.No. 671, Misra Circle, Bokaro-929247",Assam,India,2024-03-27
5285,Quincy,Magar,quincy.magar5285@hotmail.com,0069910893,1996-07-05,"62/25, Ramaswamy Circle, Gandhinagar-860940",KERALA,India,13 Jan 2026
5286,Meghana,Chandran,meghana.chandran5286@gmail.com,1267237810,1978-08-12,"33, Dara Chowk, Satna-529476",Punjab,India,2026-06-15
5287,Tristan,Chad,tristan.chad5287@gmail.com,,1995-05-11,"H.No. 97, Dube Path, Delhi 099052",Odisha,India,2025-03-13
5288,Pranav,Varma,pranav.varma5288@yahoo.com,8314649265,1978-02-21,"07/39, Tak Chowk, Hazaribagh-776100",Bihar,India,2023-11-28
5289,Anmol,Sodhi,anmol.sodhi5289@hotmail.com,2568403219,1972-02-18,"H.No. 853, Ramaswamy Road, Haridwar 301413",MADHYA PRADESH,India,2026-02-09
5290,Anika,Som,anika.som5290@hotmail.com,00454650761,1982-07-21,"H.No. 723, Ravi Ganj, Navi Mumbai 398917",Madhya Pradesh,India,2025-08-15
5291,Garima,Sehgal,garima.sehgal5291@hotmail.com,0151402960,1990-10-13,"97/35, Ratti Chowk, Ballia 828159",Madhya Pradesh,India,2024-02-01
5292,  Amruta  ,Shere,amruta.shere5292@gmail.com,4139208876,1972-02-06,"88/898, Vora Circle, Dewas-469934",Gujarat,India,2026-01-08
5293,Wakeeta,Misra,wakeeta.misra5293@hotmail.com,4668484210,1979-12-19,"H.No. 61, Agrawal Chowk, Dehri 094049",Gujarat,India,2026-02-11
5294,Jagat,Agarwal,jagat.agarwal5294@gmail.com,6229594889,1979-10-02,"037, Ravi Nagar, Cuttack 615073",Kerala,India,2025-10-15
5295,Kritika,Pradhan,kritika.pradhan5295@yahoo.com,3573587922,1992-08-12,"63/13, Ahluwalia Nagar, Haridwar 336118",Uttar Pradesh,India,2026-04-15
5296,Tanvi,Sha,tanvi.sha5296@hotmail.com,,1989-01-08,"970, Rana Street, New Delhi 329886",Maharashtra,India,2025-08-23
5297,Dalbir,Prakash,dalbir.prakash5297@yahoo.com,8275053141,1984-12-18,"69/53, Sule Marg, Sikar-109798",Gujarat,India,2025-06-07
5298,Chanakya,Koshy,chanakya.koshy5298@hotmail.com,5013274984,1990-08-07,"341, Babu Marg, Raichur 851059",Rajasthan,India,2025-05-30
5299,Gavin,Gaba,gavin.gaba5299@gmail.com,8618647192,1976-12-04,"72/55, Prabhu Zila, Serampore-223952",Karnataka,India,2026-05-01
5300,Dominic,Purohit,dominic.purohit5300@hotmail.com,7260581446,1987-06-20,"H.No. 231, Baria Road, Kottayam-003441",Punjab,India,2025-05-02
5301,Arunima,Sant,arunima.sant5301@hotmail.com,2086167332,1979-09-17,"605, Tandon Chowk, Panchkula-320155",Maharashtra,India,2025-11-24
5302,Upasna,Roy,upasna.roy5302@gmail.com,,2000-12-13,"00, Radhakrishnan Chowk, Amravati 622111",Bihar,India,2023-07-03
5303,Faraj,Narain,faraj.narain5303@hotmail.com,8732438212,1983-10-16,"17/171, Chand Zila, Kalyan-Dombivli 885563",Karnataka,India,2025-07-14
5304,Lekha,Pradhan,lekha.pradhan5304@gmail.com,2324056104,2003-12-12,,Maharashtra,India,2025-10-03
5305,Mitesh,Sani,mitesh.sani5305@hotmail.com,0362132967,1993-07-05,"19, Arora Nagar, Vellore-387480",Telangana,India,2024-11-06
5306,Aadhya,Chana,aadhya.chana5306@yahoo.com,7841663589,1991-04-24,"24, Goswami Road, Panihati-820213",Telangana,India,2024-09-19
5307,Triveni,Patel,triveni.patel5307@hotmail.com,3164349057,2003-07-31,"H.No. 421, Suri Circle, Jehanabad 469696",West Bengal,India,2025-05-06
5308,Ishita,Shankar,ishita.shankar5308@gmail.com,,2004-12-23,"41/52, Morar Zila, Dindigul 479006",Tamil Nadu,India,2026-02-08
5309,Alka,Goswami,alka.goswami5309@gmail.com,3593867670,2004-08-19,"99/876, Sarkar Chowk, Hapur-585029",Maharashtra,India,2025-09-15
5310,Vasana,Keer,vasana.keer5310@hotmail.com,4956208661,1976-07-04,"55/811, Deep Path, Durgapur 406678",Telangana,India,2024-07-11
5311,Eta,Deo,eta.deo5311@hotmail.com,7335294850,1987-08-17,"97/20, Oak Street, Saharanpur-420993",Delhi,India,2025-12-14
5312,Lucky,Char,lucky.char5312@yahoo.com,7188629660,1976-09-30,"76, Swaminathan Marg, Erode 391121",West Bengal,India,2023/11/30
5313,Arjun,Pandya,arjun.pandya5313@gmail.com,7459913762,1989-12-23,"157, Devi Chowk, Tiruppur-544819",Rajasthan,India,2026-02-17
5314,Chaman,Dey,chaman.dey5314@hotmail.com,1202983412,1980-09-30,"560, Sharaf Street, Kurnool-111292",Delhi,India,2026-01-24
5315,Ansh,Deshpande,ansh.deshpande5315@hotmail.com,3558254804,1982-09-19,"412, Chawla Ganj, Aurangabad 924742",Punjab,India,2026-03-21
5316,Azaan,Dave,azaan.dave5316@hotmail.com,0470258601,1994-06-19,"98/829, Deep Nagar, Fatehpur 576117",Delhi,India,2023-01-25
5317,Indali,Bora,indali.bora5317@hotmail.com,3241012781,1982-05-05,"92/288, Borra, Shahjahanpur 797818",Madhya Pradesh,India,2025-02-03
5318,Wriddhish,Sachdeva,wriddhish.sachdeva5318@gmail.com,3501916171,1973-12-13,"73/545, Tank Road, Thiruvananthapuram-399049",Bihar,India,2024-03-25
5319,Ridhi,Thakkar,ridhi.thakkar5319@hotmail.com,1338067083,1997-05-24,"30, Chandran Circle, Bhiwandi 832005",Punjab,India,2025-11-30
5320,Aditya,Dube,aditya.dube5320@yahoo.com,3686399937,1987-09-30,"32, Chaudry Path, Begusarai-716853",Maharashtra,India,2026-06-17
5321,Krish,Sankaran,krish.sankaran5321@yahoo.com,2558363234,1981-06-01,"944, Gade Path, Nagpur 816172",Kerala,India,2025-01-10
5322,Rachit,Iyengar,rachit.iyengar5322@gmail.com,7174235987,2006-06-12,"H.No. 076, Chaudhary Marg, Siliguri-152207",Odisha,India,2026-04-05
5323,Zaitra,Solanki,zaitra.solanki5323@hotmail.com,1181881083,1987-10-04,"46/105, Banerjee Nagar, Kulti-475589",Maharashtra,India,2025-02-15
5324,Darsh,Pai,darsh.pai5324@yahoo.com,09517169219,1983-10-05,"H.No. 660, Karan Path, Navi Mumbai-619218",Madhya Pradesh,India,2025-10-31
5325,Vritti,Narang,vritti.narang5325@gmail.com,2424649465,1988-02-28,"45, Jha Chowk, Khora -838270",Madhya Pradesh,India,2026-03-29
5326,Rohan,Sane,rohan.sane5326@gmail.com,3129917699,1990-04-19,"H.No. 511, Bora Ganj, Pudukkottai 127445",West Bengal,India,2024-01-08
5327,Jacob,Jhaveri,jacob.jhaveri5327@hotmail.com,1590574702,1970-10-24,"69/927, Reddy Ganj, Jorhat 305871",Odisha,India,2026-05-03
5328,Ekavir,Dara,ekavir.dara5328@hotmail.com,3323187197,1971-01-23,"357, Agrawal Road, Bokaro-712978",Bihar,India,2023-03-31
5329,Aadi,Kunda,aadi.kunda5329@yahoo.com,5174671258,1988-09-06,"H.No. 262, Raman Ganj, Kulti 205125",Rajasthan,India,2024-05-15
5330,Anusha,Pandit,anusha.pandit5330@gmail.com,3050807353,1979-11-29,"85, Ratti Ganj, Jalgaon-129501",Gujarat,India,2024-10-31
5331,Bhavna,Lalla,bhavna.lalla5331@hotmail.com,8247519837,1992-11-04,"032, Narain Street, Mangalore-565243",Assam,India,2025-06-21
5332,Lakshmi,Atwal,lakshmi.atwal5332@gmail.com,1271057663,1995-03-25,"H.No. 557, Ganesan Circle, Patna 455427",Punjab,India,2026-02-11
5333,Pushti,Sundaram,pushti.sundaram5333@yahoo.com,9686169286,1985-02-05,"23, Dhingra Circle, Haldia 631945",Haryana,India,2026-03-15
5334,Mohini,Goyal,mohini.goyal5334@yahoo.com,3391308916,1992-11-09,"54, Iyer Nagar, Bidar 300993",Karnataka,India,2024-11-01
5335,Jonathan,Rama,jonathan.rama5335@yahoo.com,9204631237,1979-09-27,"12, Vohra Zila, Thanjavur-361082",Odisha,India,2026-03-21
5336,Yagnesh,Menon,,0338613675,1995-09-11,"54, Subramaniam Marg, Gaya-389830",Telangana,India,2024-01-05
5337,Anjali,Jhaveri,anjali.jhaveri5337@hotmail.com,3539829775,1976-12-28,"44, Thakur Path, Karaikudi-966183",Delhi,India,2025-07-27
5338,Chatresh,Rai,chatresh.rai5338@gmail.com,8171999972,1983-05-05,"44/10, Murty Path, Chennai 209233",Odisha,India,2024-07-11
5339,Harrison,Behl,harrison.behl5339@hotmail.com,6258122589,1978-02-02,"209, Comar Path, Pimpri-Chinchwad-764748",Kerala,India,2023-05-31
5340,Lakshit,Vala,lakshit.vala5340@yahoo.com,9928062389,1995-01-03,"188, Jayaraman Street, Purnia-532103",Haryana,India,2023-12-20
5341,  Raagini  ,Chander,raagini.chander5341@hotmail.com,6594720007,1983-11-12,"H.No. 820, Mammen Marg, Khandwa 039552",Telangana,India,2024-12-23
5342,Waida,Parikh,waida.parikh5342@hotmail.com,3526727814,1980-07-20,"753, Wagle Circle, Raebareli-832759",Odisha,India,2025-02-10
5343,Utkarsh,Peri,utkarsh.peri5343@hotmail.com,0372310725,2000-10-20,"21/888, Ben Road, Thiruvananthapuram 702244",Uttar Pradesh,India,2026-05-23
5344,Samarth,Sachdeva,samarth.sachdeva5344@gmail.com,8285002533,1989-07-18,"H.No. 097, Dhar Chowk, Farrukhabad 605084",West Bengal,India,2026-05-20
5345,Sudiksha,Naik,sudiksha.naik5345@yahoo.com,5752238659,2005-01-29,"H.No. 33, Bal Ganj, Akola-282286",Assam,India,2023-10-19
5346,Wishi,Dasgupta,wishi.dasgupta5346@hotmail.com,9290077177,1982-08-03,"H.No. 388, Sen Marg, Adoni 133213",Madhya Pradesh,India,2024-07-08
5347,Yadavi,Chana,yadavi.chana5347@gmail.com,3734594825,1999-09-20,"H.No. 10, Rama Chowk, Bhusawal-673320",Uttar Pradesh,India,2025-04-12
5348,Hemangini,Chaudry,hemangini.chaudry5348@gmail.com,97432-84095,2006-03-30,"H.No. 370, Dhar, Morena-025788",Odisha,India,2025-07-15
5349,Aishani,Dutta,aishani.dutta5349@gmail.com,8245727699,1996-02-13,"H.No. 22, Murty, Haldia-499421",Bihar,India,2025-11-16
5350,Finn,Dubey,finn.dubey5350@gmail.com,9612222154,1984-02-28,"H.No. 111, Divan Road, Motihari 124279",Punjab,India,2024-02-07
5351,Priya,Brahmbhatt,priya.brahmbhatt5351@yahoo.com,6074161941,1971-12-18,"71, Nagar Road, Chinsurah 310549",Gujarat,India,2025-09-06
5352,Jeet,Nagar,jeet.nagar5352@yahoo.com,2426974966,1977-08-29,"114, Tripathi Chowk, Dewas-591852",Gujarat,India,2023-01-26
5353,Fitan,Sarraf,fitan.sarraf5353@gmail.com,2633844287,1991-04-21,"H.No. 194, Parsa Zila, Thanjavur 350708",Bihar,India,2025-07-18
5354,Turvi,Baral,turvi.baral5354@yahoo.com,3912950343,1993-11-18,"H.No. 750, Bhavsar Path, Nellore 635500",Bihar,India,2025-03-07
5355,Unni,Brar,unni.brar5355@yahoo.com,0564945160,2002-12-18,"68/31, Salvi, Darbhanga-191850",Bihar,India,2024-08-20
5356,  Liam  ,Bahri,liam.bahri5356@gmail.com,0624942421,1981-10-05,"H.No. 859, Kurian Nagar, Muzaffarnagar-455978",West Bengal,India,2024-06-25
5357,Luke,Joshi,luke.joshi5357@yahoo.com,9762046726,2005-01-27,"138, Doctor Street, Ratlam-606404",Uttar Pradesh,India,2025-11-05
5358,Aishani,Modi,aishani.modi5358@hotmail.com,1194470029,1984-11-25,"298, Boase Street, Tirunelveli-462495",Madhya Pradesh,India,2024-10-10
5359,Ria,Pandit,ria.pandit5359@yahoo.com,2320572272,1986-02-17,"670, Batta Zila, Madurai-810250",Odisha,India,2025-08-26
5360,Qabil,Dua,qabil.dua5360@hotmail.com,,1980-05-04,"87/727, Dora Chowk, Vasai-Virar 605725",Bihar,India,2025-07-10
5361,Liam,Panchal,liam.panchal5361@yahoo.com,4411203142,1982-10-26,"450, Wable Ganj, Kharagpur-816094",Gujarat,India,2023-03-04
5362,Yatin,Bose,yatin.bose5362@yahoo.com,1480251257,1999-08-26,"199, Johal, Shimla-524535",Uttar Pradesh,India,2023-05-09
5363,Nidhi,Sathe,nidhi.sathe5363@gmail.com,9920145701,1987-08-30,"631, Grewal Road, Ambattur 243023",Rajasthan,India,2023-04-13
5364,Ekapad,Rama,ekapad.rama5364@hotmail.com,2069364923,1983-07-28,"36, Bansal Circle, Bhusawal 557483",West Bengal,India,2026-02-13
5365,Deepa,Agrawal,deepa.agrawal5365@hotmail.com,8491422902,1988-06-25,"H.No. 22, Rattan Chowk, Jehanabad-998941",Karnataka,India,2025-01-16
5366,  Qabil  ,Deshmukh,qabil.deshmukh5366@gmail.com,2592106431,1996-07-30,"H.No. 00, Andra Marg, Dibrugarh-418714",Odisha,India,2024-01-26
5367,Vidhi,Sem,vidhi.sem5367@gmail.com,9596809164,2008-02-28,"09/559, Soni Circle, Berhampore-468669",Karnataka,India,2026-03-17
5368,Zinal,Dixit,zinal.dixit5368@gmail.com,5927311809,1985-04-11,"H.No. 715, Char Zila, North Dumdum-949243",Uttar Pradesh,India,2026-06-06
5369,Harrison,Rana,harrison.rana5369@yahoo.com,3717568162,1999-12-21,"90/997, Bawa Path, Mathura-847349",Karnataka,India,2026-05-26
5370,Kashvi,Padmanabhan,kashvi.padmanabhan5370@yahoo.com,1355051280,1978-06-07,"H.No. 113, Gokhale Ganj, Kota 572050",Assam,India,2024-03-01
5371,Christopher,Bains,christopher.bains5371@hotmail.com,2414920406,2007-06-21,"H.No. 704, Chandra Nagar, Serampore 215024",Assam,India,2024-11-21
5372,Triya,Patel,triya.patel5372@yahoo.com,4521369727,2001-09-24,"H.No. 396, Batra, Khora -169025",Bihar,India,2023-10-30
5373,Balvan,Bava,balvan.bava5373@hotmail.com,1385740066,1973-01-23,"H.No. 601, Suri Chowk, Muzaffarnagar 529026",Gujarat,India,2025-12-10
5374,Raksha,Khurana,raksha.khurana5374@gmail.com,5662170477,1995-08-13,,Maharashtra,India,2026-03-11
5375,Avni,Lal,avni.lal5375@gmail.com,7760571298,1985-02-24,"H.No. 69, Sane Nagar, Deoghar-582647",Delhi,India,2024-12-29
5376,Harita,Balan,harita.balan5376@hotmail.com,8712318815,1989-02-17,"26, Johal Road, Fatehpur 015711",Uttar Pradesh,India,2025-04-30
5377,Omaja,Menon,omaja.menon5377@gmail.com,6252211392,1975-07-04,,Bihar,India,2023-09-06
5378,Wriddhish,Chad,wriddhish.chad5378@hotmail.com,37559-24186,1970-12-19,"H.No. 89, Chandra Nagar, Bally-839378",Telangana,India,2025-02-22
5379,Ekbal,Dugar,ekbal.dugar5379@gmail.com,4920683465,1994-10-20,"H.No. 153, Kumer Path, Serampore-912443",Delhi,India,2025-11-14
5380,Oscar,Bera,oscar.bera5380@gmail.com,4434446169,1988-07-15,"70, Upadhyay Path, Singrauli-886827",West Bengal,India,2025-07-09
5381,Tanay,Chakrabarti,tanay.chakrabarti5381@yahoo.com,7588713182,1998-10-31,"63/53, Gala Path, Uluberia-146587",Haryana,India,2026-02-13
5382,Upasna,Raj,upasna.raj5382@yahoo.com,1241031640,1971-04-19,"31/294, Banik Ganj, Kulti 306640",Bihar,India,2024-01-02
5383,Lila,Nagi,lila.nagi5383@gmail.com,9397001935,1984-12-15,"61/622, Bassi Road, Dharmavaram-646578",kerala,India,2025-09-27
5384,Wridesh,Sankar,wridesh.sankar5384@yahoo.com,0840316013,1991-05-09,"H.No. 810, Nazareth, Shahjahanpur 668652",Punjab,India,2026-03-20
5385,Neha,Bumb,neha.bumb5385@hotmail.com,1764204403,1987-07-29,"H.No. 158, Pandya Zila, Rewa-858585",Punjab,India,2026-01-04
5386,Vyanjana,Bajwa,vyanjana.bajwa5386@hotmail.com,2848896035,2008-04-19,"62/490, Bahl Zila, Indore-405917",Kerala,India,2025-03-03
5387,Madhavi,Ben,madhavi.ben5387@yahoo.com,8075248900,1977-01-10,"H.No. 04, Madan Nagar, Bellary-454742",Assam,India,2024-02-07
5388,Robert,Dua,robert.dua5388@hotmail.com,4520821923,1981-04-24,"734, Datta Street, Shimoga-451092",Tamil Nadu,India,2025-06-11
5389,Edhitha,Nadig,edhitha.nadig5389@yahoo.com,7640260886,2001-12-14,"H.No. 965, Narasimhan Path, Morbi-332735",Rajasthan,India,2023-09-12
5390,Agastya,Krishnamurthy,agastya.krishnamurthy5390@yahoo.com,2025457151,1972-02-14,"H.No. 210, Krish Chowk, Haridwar-001046",HARYANA,India,2025-02-07
5391,Ridhi,D’Alia,ridhi.d’alia5391@yahoo.com,7735471981,1982-05-30,"H.No. 41, Bala Nagar, Barasat 605052",Gujarat,India,2023-08-03
5392,Krish,Wali,krish.wali5392@hotmail.com,9579802391,1984-03-10,"H.No. 08, Cheema Ganj, Nanded 304657",Karnataka,India,2026-03-17
5393,Nakul,Gandhi,nakul.gandhi5393@gmail.com,4042255901,1999-10-28,"72/95, Wadhwa Road, Tenali-292979",Rajasthan,India,2025-09-22
5394,Jacob,Dixit,jacob.dixit5394@hotmail.com,0158213307,1974-11-11,"97/29, Samra Marg, Aurangabad-535552",Gujarat,India,2025-04-08
5395,Rehaan,Thaker,rehaan.thaker5395@hotmail.com,9998418733,2006-12-21,"H.No. 73, Pandey Circle, Kharagpur-226843",Odisha,India,2026-06-08
5396,Divya,Nazareth,divya.nazareth5396@gmail.com,,1987-04-09,"H.No. 580, Choudhary Circle, Hosur 935031",Telangana,India,2024-11-07
5397,Chanchal,Saha,chanchal.saha5397@gmail.com,2082841031,1997-05-28,"91/15, Chowdhury Zila, Orai-694977",Bihar,India,2025-01-14
5398,Shivansh,Vasa,shivansh.vasa5398@yahoo.com,3411237050,1970-10-02,"88, Tailor Zila, Ghaziabad 926371",Karnataka,India,2026-04-26
5399,Bhanumati,Sehgal,bhanumati.sehgal5399@hotmail.com,5024695651,1994-07-01,"67/05, Arya, Hindupur 996370",Assam,India,2026-01-03
5400,Kalpit,Malhotra,kalpit.malhotra5400@yahoo.com,8083884987,1974-05-24,"H.No. 077, Basak Road, Bangalore 196281",Karnataka,India,2025-02-09
5401,Upma,Loke,upma.loke5401@yahoo.com,3262071894,1982-10-14,"45/35, Ramaswamy Ganj, Farrukhabad 174466",Haryana,India,2026-01-18
5402,Urvashi,Sarraf,urvashi.sarraf5402@hotmail.com,0933244507,1994-06-07,"64, Natarajan Street, Khora -418854",Gujarat,India,2023-12-22
5403,Rehaan,Khatri,rehaan.khatri5403@gmail.com,9874948466,1985-08-28,"H.No. 856, Nagar Nagar, Firozabad-619488",Haryana,India,06/27/2026
5404,Widisha,Nayar,widisha.nayar5404@hotmail.com,1591697232,2005-08-20,"H.No. 475, Chawla Circle, Ballia 050332",Karnataka,India,2024-05-10
5405,Damyanti,Mahajan,,9728995029,1979-08-19,"905, Setty Street, Gorakhpur 368466",Haryana,India,2025-07-01
5406,  Ucchal  ,Hayre,ucchal.hayre5406@hotmail.com,3910866286,1971-06-02,"H.No. 544, Narasimhan Circle, Udaipur 214893",Tamil Nadu,India,2024-02-10
5407,Abeer,Halder,abeer.halder5407@gmail.com,8422938268,1987-12-12,"714, Borra Circle, Coimbatore-956099",Madhya Pradesh,India,2024-08-19
5408,Caleb,Mital,caleb.mital5408@yahoo.com,9166958286,2000-10-01,"172, Prabhu Road, Pondicherry-055604",Tamil Nadu,India,2025-05-08
5409,Bhavani,Srinivasan,bhavani.srinivasan5409@gmail.com,7072054415,2006-09-05,"H.No. 128, Sharma Road, Mango 789274",Assam,India,2026-01-25
5410,Fariq,Joshi,fariq.joshi5410@yahoo.com,3908250071,1973-07-18,"80/213, Khosla Nagar, Gaya 150275",Uttar Pradesh,India,2023-05-26
5411,Hamsini,Dixit,hamsini.dixit5411@yahoo.com,4021539922,1985-06-15,"H.No. 62, Gandhi Nagar, Madanapalle 300996",Kerala,India,2026-01-07
5412,Rajata,Sood,rajata.sood5412@gmail.com,5947662536,1978-11-14,"086, Krish Road, Raebareli 972085",Maharashtra,India,2026-03-02
5413,Leena,Nair,leena.nair5413@yahoo.com,4464376066,1972-12-21,"63/98, Munshi, Gaya-517414",West Bengal,India,2026-05-08
5414,Akshay,Sharma,akshay.sharma5414@hotmail.com,0901888680,2007-02-09,"H.No. 535, Saxena Ganj, Thiruvananthapuram 372688",rajasthan,India,2024-10-03
5415,Faris,Balan,faris.balan5415@hotmail.com,5171466037,1978-08-11,"H.No. 11, Srivastava Circle, Ludhiana-188051",Delhi,India,2025-07-21
5416,Maanas,Khalsa,maanas.khalsa5416@gmail.com,4543483947,1998-05-19,"89/54, Saha Nagar, Rampur 128256",Madhya Pradesh,India,2024-07-09
5417,Deepa,Sama,deepa.sama5417@gmail.com,4177762345,1987-04-21,"26/87, Gaba Marg, Farrukhabad 732500",Maharashtra,India,2025-05-23
5418,Vansha,Joshi,vansha.joshi5418@yahoo.com,9373142514,1977-08-03,"16/02, Salvi Marg, Bihar Sharif-908473",West Bengal,India,2025-10-01
5419,Chasmum,Walla,chasmum.walla5419@yahoo.com,1298952045,1970-12-01,"31/364, Borra Road, Arrah-931589",Kerala,India,2024-03-21
5420,Mugdha,Shere,mugdha.shere5420@yahoo.com,8241220571,2007-04-05,"194, Rattan Circle, Rajpur Sonarpur 901293",Bihar,India,2023-07-15
5421,Charita,Kothari,charita.kothari5421@hotmail.com,6268489051,2003-11-16,"98/71, Balakrishnan Street, Shimla 984746",Uttar Pradesh,India,2026-04-16
5422,Janya,Dhar,janya.dhar5422@yahoo.com,7317785976,1991-06-28,"H.No. 070, Deep Ganj, New Delhi-920836",Delhi,India,2024-08-01
5423,Leela,Deol,leela.deol5423@gmail.com,9943680290,1984-05-01,"87/60, Sethi Circle, Muzaffarnagar 189014",Maharashtra,India,2026-08-28
5424,Farhan,Rajan,farhan.rajan5424@hotmail.com,3555857063,1981-12-12,"385, Oza Zila, Nangloi Jat-468381",Bihar,India,2025-09-17
5425,Kabir,Kadakia,kabir.kadakia5425@hotmail.com,6794392849,2002-03-22,"H.No. 12, Apte Street, Tiruvottiyur-177380",Assam,India,2025-09-16
5426,Harshil,Datta,harshil.datta5426@hotmail.com,6390839699,2003-04-27,"H.No. 612, Om Nagar, Jalna-221686",Delhi,India,2026-01-22
5427,Nikita,Dubey,,2666822192,1993-05-21,"957, Keer Ganj, Pudukkottai 881344",Karnataka,India,2026-03-02
5428,Amaira,Singh,amaira.singh5428@yahoo.com,3713937259,1989-11-13,"18/022, Barman Circle, Bhiwani-500459",Punjab,India,21-12-2025
5429,Bhavani,Gara,bhavani.gara5429@gmail.com,9681349584,1978-07-31,"H.No. 35, Kari Road, Pali-585478",West Bengal,India,10-02-2026
5430,Quincy,Garde,quincy.garde5430@yahoo.com,5863148234,1986-04-14,"H.No. 12, Seth, Satara 310065",Kerala,India,2026-07-13
5431,Max,Butala,max.butala5431@gmail.com,3509661668,1985-09-05,,Delhi,India,2025-10-11
5432,Advay,Puri,advay.puri5432@hotmail.com,9533331867,2003-01-19,"23/69, Menon Chowk, Vadodara 950660",Tamil Nadu,India,2024-07-23
5433,Janya,Oza,janya.oza5433@gmail.com,1241466844,1985-11-08,"H.No. 231, Guha Path, Deoghar-838220",Punjab,India,2023-12-02
5434,Isha,Rout,isha.rout5434@hotmail.com,5767404372,1995-10-10,"H.No. 913, Kapoor Circle, Imphal 229631",Kerala,India,2026-03-23
5435,Lopa,Grover,lopa.grover5435@yahoo.com,3197510358,2008-04-22,"H.No. 89, Ghose Zila, Gaya 416823",Assam,India,2024-08-28
5436,Baghyawati,De,baghyawati.de5436@hotmail.com,0834763495,1970-11-10,"H.No. 41, Bhattacharyya Street, Bhimavaram-187857",Telangana,India,2025-05-20
5437,Hemal,Parmer,hemal.parmer5437@yahoo.com,0018333194,1976-10-21,"H.No. 662, Rama Marg, Bilaspur 692442",Delhi,India,2024-12-23
5438,Wridesh,Pradhan,wridesh.pradhan5438@yahoo.com,6583415008,1993-03-24,,Rajasthan,India,2026-03-12
5439,Zansi,Nagarajan,zansi.nagarajan5439@gmail.com,5086480661,1998-07-30,"H.No. 075, Ram Ganj, Kollam-539420",Karnataka,India,2023-02-02
5440,Samuel,Ray,samuel.ray5440@hotmail.com,6370000756,1982-02-21,"657, Master Zila, Surat 011632",Telangana,India,2026-06-23
5441,Gagan,Desai,gagan.desai5441@hotmail.com,8181528042,1975-09-28,"47, Divan Street, Navi Mumbai 613714",Bihar,India,2025-09-06
5442,  Ishani  ,Ranganathan,ishani.ranganathan5442@gmail.com,9436093223,1988-03-14,"94, Char, Sasaram 198805",Kerala,India,2023-07-28
5443,Ikbal,Dhingra,ikbal.dhingra5443@hotmail.com,2143387004,2006-02-15,"H.No. 606, Zacharia Zila, Gandhidham 950006",Haryana,India,07/12/2026
5444,Isha,Wadhwa,isha.wadhwa5444@hotmail.com,5182207707,1988-04-09,"H.No. 109, Nagi, Arrah 852106",Madhya Pradesh,India,2024/01/07
5445,Ojasvi,Balan,ojasvi.balan5445@hotmail.com,4022979042,1984-05-05,"44/428, Pathak Chowk, Dharmavaram 834246",West Bengal,India,2023-10-01
5446,Wridesh,Nagi,wridesh.nagi5446@gmail.com,9368602830,1994-05-13,"617, Vora Nagar, Maheshtala-133940",Maharashtra,India,2024-10-11
5447,Theodore,Gole,theodore.gole5447@yahoo.com,0942405989,2000-07-24,"H.No. 31, Parmar Ganj, Morbi 159472",Delhi,India,2024-07-17
5448,Qadim,Swamy,qadim.swamy5448@yahoo.com,8345633073,1982-01-11,"59/46, Basak Chowk, Bhind 695768",Delhi,India,2024-01-27
5449,Luke,Deshmukh,luke.deshmukh5449@hotmail.com,3747391311,1999-05-03,"28, Kota Ganj, Bhubaneswar 828902",Maharashtra,India,2024-05-02
5450,Zilmil,Sangha,zilmil.sangha5450@hotmail.com,9083971252,1977-11-05,"H.No. 217, Ratta Path, Nizamabad 334680",Karnataka,India,2024-03-07
5451,Chatura,Dasgupta,chatura.dasgupta5451@gmail.com,,1982-03-11,"761, Bahri Nagar, Kollam-377587",Maharashtra,India,2025-08-08
5452,Rushil,Iyengar,,1106928381,1972-12-16,"H.No. 55, Nath Path, Nizamabad-829840",Rajasthan,India,2025-10-28
5453,Victor,Naidu,,0411834986,1992-12-03,"85/27, Taneja Circle, Navi Mumbai 869129",Gujarat,India,2025-10-31
5454,Mitali,Kanda,mitali.kanda5454@gmail.com,1737840334,1999-02-05,"65/933, Rau Road, Durgapur 837565",West Bengal,India,2023-05-02
5455,Zehaan,Dass,zehaan.dass5455@yahoo.com,4468262124,1994-07-18,"424, Ramanathan Path, Karimnagar 690157",Kerala,India,2024-01-12
5456,Banjeet,Goswami,banjeet.goswami5456@gmail.com,6541343684,2005-11-09,"23/855, Sharaf, Mira-Bhayandar-640244",Odisha,India,2024-04-12
5457,Darsh,Mall,darsh.mall5457@gmail.com,5370296474,2001-05-20,"63/223, Chopra Road, Phagwara-174570",Haryana,India,2026-08-28
5458,Shivansh,Chowdhury,shivansh.chowdhury5458@gmail.com,8986541632,1983-09-30,"H.No. 92, Khare Marg, Bhatpara-458186",Gujarat,India,2024-02-27
5459,Manan,Parsa,manan.parsa5459@yahoo.com,6642428086,2001-05-15,"020, Rao Path, Cuttack 381650",Bihar,India,2026-01-22
5460,Tanmayi,Dugar,tanmayi.dugar5460@hotmail.com,0816310695,2007-09-30,"36/522, Narang Ganj, Anantapur 330579",Assam,India,2023-08-26
5461,Lajita,Bakshi,lajita.bakshi5461@gmail.com,7682363398,1982-06-02,"42/488, Dhar Circle, Srikakulam 057842",Telangana,India,2026-06-14
5462,Ekta,Singhal,ekta.singhal5462@yahoo.com,8907740607,1971-12-31,"H.No. 58, Mody Path, Agra-497215",Punjab,India,2026-03-12
5463,Girindra,Char,girindra.char5463@hotmail.com,9257019354,2007-03-02,"90/42, Chadha Marg, Sambhal 460587",Kerala,India,2026-05-25
5464,Zehaan,Chokshi,zehaan.chokshi5464@yahoo.com,0976947971,1987-08-04,"40/53, Sha Path, Jehanabad-685458",Maharashtra,India,2024-02-16
5465,Ganga,Bassi,ganga.bassi5465@gmail.com,1354258992,2008-07-21,"522, Swaminathan Ganj, Tadipatri-821183",Madhya Pradesh,India,2025-03-03
5466,Krishna,Singh,krishna.singh5466@yahoo.com,7315586694,1988-03-31,"83, Hayre Road, Guwahati-127430",Punjab,India,2024-06-28
5467,Reyansh,Golla,reyansh.golla5467@gmail.com,1076211723,2001-02-05,"H.No. 36, Dyal Nagar, Kadapa-680925",Madhya Pradesh,India,2026-05-25
5468,Guneet,Vig,guneet.vig5468@yahoo.com,0209166304,1998-10-13,"82/40, Gaba Nagar, Guntakal 533729",Haryana,India,2026-03-22
5469,Mohini,Gandhi,mohini.gandhi5469@yahoo.com,3266473633,1978-05-31,"89/763, Kumer Chowk, Kurnool 698132",Delhi,India,2023-09-10
5470,Anirudh,Maharaj,,3035700632,2005-04-30,"H.No. 24, Doctor Road, Meerut 469547",Uttar Pradesh,India,2024-07-27
5471,Abeer,Devi,abeer.devi5471@hotmail.com,4341712446,2001-05-11,"79, Memon Circle, Bhusawal 686830",Bihar,India,2026-07-29
5472,Manya,Narain,manya.narain5472@yahoo.com,5646553859,1988-07-16,"89/47, Shanker Ganj, Bhusawal-019603",Maharashtra,India,2026-06-08
5473,Nikita,Doshi,nikita.doshi5473@hotmail.com,7304517938,1981-11-06,"H.No. 13, Dhillon, Bharatpur 510573",West Bengal,India,2025-06-01
5474,Idika,Gill,idika.gill5474@yahoo.com,1780307625,1990-07-27,"11, Lalla, Kulti-099734",Rajasthan,India,2026-07-27
5475,Udant,Mukherjee,udant.mukherjee5475@hotmail.com,6507863664,1994-02-07,"H.No. 84, Shere Road, Patiala 893782",Haryana,India,2024-02-02
5476,Oeshi,Bahl,oeshi.bahl5476@hotmail.com,6735239505,1976-08-26,"531, Murty Road, Vijayanagaram-600078",Maharashtra,India,2023-07-11
5477,Ranveer,Grover,ranveer.grover5477@yahoo.com,2567256818,2004-08-13,"27/455, Bir Ganj, Panipat 311645",Karnataka,India,2023-04-28
5478,Riya,Choudhury,riya.choudhury5478@gmail.com,4911845128,1993-12-23,"599, Chauhan Ganj, Hazaribagh 212185",Delhi,India,2025-02-18
5479,Harrison,Keer,harrison.keer5479@gmail.com,1399225785,1993-09-11,"07/27, Soni Path, Narasaraopet-627513",Haryana,India,2024-08-13
5480,Vrishti,Kadakia,vrishti.kadakia5480@gmail.com,9904494863,2002-10-30,"H.No. 72, Nayar, Panchkula 390789",Rajasthan,India,2023-05-11
5481,Ganga,Thaman,ganga.thaman5481@yahoo.com,8119751679,1994-11-09,"H.No. 665, Krishna Chowk, Raichur 055299",Telangana,India,2024-06-16
5482,Jagdish,Bahl,jagdish.bahl5482@hotmail.com,2033970794,1988-05-09,"32/241, Kadakia Circle, Karaikudi-231429",Haryana,India,2023-07-12
5483,Nisha,Madan,nisha.madan5483@hotmail.com,9310592731,1970-09-21,"51/33, Sunder Nagar, Gulbarga 890944",Odisha,India,2024-12-14
5484,Falguni,Khanna,falguni.khanna5484@hotmail.com,5285776552,1989-01-05,"88/683, Memon Zila, Malda-207102",Tamil Nadu,India,2025-06-13
5485,Urvashi,Saha,urvashi.saha5485@yahoo.com,3954846431,2006-02-19,"78/262, Bora Path, Nandyal 867518",Madhya Pradesh,India,2025-02-10
5486,Timothy,Raghavan,timothy.raghavan5486@gmail.com,2900730337,1994-02-13,"25/64, Patla Path, Nizamabad 785750",Madhya Pradesh,India,2025-06-03
5487,  Netra  ,Ahuja,netra.ahuja5487@hotmail.com,7400930215,1982-07-16,"35/30, Balasubramanian Zila, Chinsurah-533011",Tamil Nadu,India,2025-08-08
5488,Nikita,De,nikita.de5488@yahoo.com,8423471857,1994-12-06,"241, Parmer Nagar, Eluru 092739",Assam,India,2025-04-10
5489,Aayush,Saini,aayush.saini5489@hotmail.com,9757877462,2003-08-06,"644, Patla Road, Gudivada-995415",Madhya Pradesh,India,2024-12-09
5490,Sai,Varughese,sai.varughese5490@gmail.com,4286054541,1994-08-29,"28, Bhargava Zila, Ozhukarai 922989",Odisha,India,2025-01-04
5491,Rehaan,Pathak,rehaan.pathak5491@hotmail.com,1442429100,2000-10-07,"88, Madan Nagar, Mangalore 504288",Assam,India,2023-04-06
5492,Jeevika,Sen,jeevika.sen5492@gmail.com,6547592291,1988-09-21,"012, Desai Zila, Ahmedabad-653291",Uttar Pradesh,India,2026-02-15
5493,Laban,Mitra,laban.mitra5493@hotmail.com,3610214613,1978-11-03,"116, Yadav Ganj, Bhatpara 174871",Gujarat,India,2026-02-21
5494,Isaac,Prasad,isaac.prasad5494@hotmail.com,6142005201,1977-12-16,"H.No. 89, Acharya Chowk, Shimla 856004",Uttar Pradesh,India,2023-07-04
5495,Avi,Upadhyay,avi.upadhyay5495@yahoo.com,1030605587,1997-02-28,"H.No. 714, Bhattacharyya Zila, Kozhikode 644587",Assam,India,2024/03/14
5496,Baljiwan,Sridhar,baljiwan.sridhar5496@hotmail.com,6905201913,1970-11-20,"H.No. 277, Buch Marg, Jorhat-208289",Madhya Pradesh,India,2024-12-15
5497,Barkha,Bhattacharyya,barkha.bhattacharyya5497@hotmail.com,8069217726,1987-03-14,"H.No. 96, Devan, Aizawl 865843",West Bengal,India,2024-01-21
5498,Jalsa,Radhakrishnan,jalsa.radhakrishnan5498@gmail.com,9827353726,1971-04-05,"H.No. 90, D’Alia Nagar, Maheshtala-042351",Odisha,India,2024-03-24
5499,Unni,Thakkar,unni.thakkar5499@yahoo.com,3148774286,1996-04-03,"14/68, Kale, Ramagundam-586181",Telangana,India,10/30/2024
5500,Mugdha,Koshy,mugdha.koshy5500@yahoo.com,,1985-12-13,"85/271, Issac Circle, Gandhidham-643801",Gujarat,India,2024-08-30
5501,Rachana,Bal,rachana.bal407@gmail.com,0514607455,2006-06-07,"H.No. 74, Kadakia Street, Rewa-271559",Maharashtra,India,2025-04-24
5502,Suhani,Gour,suhani.gour4381@yahoo.com,0015836204,1998-12-04,"027, Brar Path, Chennai 497341",West Bengal,India,2023-07-12
5503,Chatura,Dasgupta,chatura.dasgupta5451@gmail.com,,1982-03-11,"761, Bahri Nagar, Kollam-377587",Maharashtra,India,2025-08-08
5504,Darsh,Pai,darsh.pai5324@yahoo.com,09517169219,1983-10-05,"H.No. 660, Karan Path, Navi Mumbai-619218",Madhya Pradesh,India,2025-10-31
5505,Kamala,Kota,kamala.kota3265@yahoo.com,0515134907,1988-08-22,"14/690, Chander Marg, Patiala 996133",West Bengal,India,2026-01-29
5506,Rajeshri,Krishnamurthy,rajeshri.krishnamurthy4423@yahoo.com,9787555155,1993-12-01,"H.No. 691, Khare Street, Unnao-760776",DELHI,India,2023-09-21
5507,Radha,Bakshi,radha.bakshi2449@hotmail.com,9027699904,1980-03-24,,Gujarat,India,2026-08-23
5508,Jeevika,Ravel,jeevika.ravel5107@yahoo.com,9600137548,1997-06-09,"83/862, Dass Zila, Thoothukudi-675224",Bihar,India,2024-03-05
5509,Nidhi,Soman,nidhi.soman2171@gmail.com,3671999465,1987-07-06,"82, Hegde Street, Pudukkottai-083406",Madhya Pradesh,India,2025-04-26
5510,Janya,Dhar,janya.dhar5422@yahoo.com,7317785976,1991-06-28,"H.No. 070, Deep Ganj, New Delhi-920836",Delhi,India,2024-08-01
5511,Veer,Raman,veer.raman1977@yahoo.com,+91-8370470237,1999-03-23,"21/20, Pillai Ganj, New Delhi 951962",Tamil Nadu,India,2026-03-13
5512,Ekantika,Sathe,ekantika.sathe4563@yahoo.com,2309431866,1980-03-03,"49/124, Puri Road, Yamunanagar 962599",Rajasthan,India,2023-09-02
5513,Wriddhish,Varughese,wriddhish.varughese146@hotmail.com,4846312241,1986-10-01,"502, Warrior Nagar, Gaya 442703",Kerala,India,2026-01-31
5514,Suhani,Savant,suhani.savant1148@gmail.com,8290183205,1987-07-01,,Gujarat,India,06/15/2023
5515,Madhav,Vig,madhav.vig2620@gmail.com,,1996-10-15,"H.No. 92, Chandra Street, Ozhukarai-121999",Karnataka,India,2026-01-11
5516,Xiti,Nagarajan,xiti.nagarajan2351@hotmail.com,3572231526,2002-08-28,"H.No. 75, Dar Circle, Vadodara 544751",Gujarat,India,2025-07-14
5517,Anvi,Nadig,anvi.nadig319@yahoo.com,1857906477,1998-03-10,"002, Naidu Zila, Kamarhati 135800",West Bengal,India,2024-08-13
5518,Finn,Dara,finn.dara1303@hotmail.com,5264259931,1997-01-01,"56/75, Dada, Dindigul-396704",Kerala,India,2026-07-19
5519,Atharv,Setty,atharv.setty248@hotmail.com,9311091939,1974-07-21,"97, Kibe Street, Varanasi 249685",Telangana,India,2025-09-12
5520,Ayush,Walla,ayush.walla910@gmail.com,6978999514,1990-04-21,"14, Srivastava Marg, Phusro-668867",Maharashtra,India,2025-03-08
5521,Tristan,Shroff,tristan.shroff1768@gmail.com,7564403148,1985-06-25,"H.No. 72, Palan Nagar, Imphal 216855",Rajasthan,India,2025-09-10
5522,Naveen,Karan,naveen.karan3281@hotmail.com,0319102654,1976-05-08,"16, Srinivasan Road, Tadipatri-393842",Punjab,India,2024-03-18
5523,Nikita,Joshi,nikita.joshi1998@yahoo.com,3004362569,1997-05-05,"H.No. 81, Tata Circle, Dehradun-046610",West Bengal,India,2026-03-01
5524,Umang,Kanda,umang.kanda3543@yahoo.com,6370044641,1994-01-13,"43, Ganguly, Vasai-Virar 133091",Bihar,India,2025-06-17
5525,Ishaan,Rege,ishaan.rege5270@gmail.com,4341428849,1985-12-02,"63/497, Randhawa Street, Durgapur-916739",Gujarat,India,2026-03-18
5526,Upma,Kata,upma.kata1206@hotmail.com,1717400345,1981-09-07,"H.No. 73, Memon Chowk, Khora  660723",Gujarat,India,2026-03-02
5527,Balendra,Chatterjee,balendra.chatterjee425@gmail.com,0005155323,2006-02-28,"52, Mitter Road, Kishanganj 226189",Delhi,India,2024-02-11
5528,Geetika,Kala,geetika.kala1568@yahoo.com,9213501134,1987-02-23,"29/18, Trivedi Road, Raurkela Industrial Township 949725",Gujarat,India,2026-08-25
5529,Upasna,Banerjee,upasna.banerjee449@yahoo.com,8739610290,1979-11-17,"H.No. 96, Bava Circle, Bhimavaram-872742",Maharashtra,India,2025-06-16
5530,Sudiksha,Barad,sudiksha.barad2572@gmail.com,8445767631,2002-04-07,"93/22, Mistry Ganj, Deoghar 005067",Karnataka,India,2026-04-04
5531,Benjamin,D’Alia,benjamin.d’alia2718@hotmail.com,0287833206,1992-12-30,"03/128, Chad Marg, Ajmer-475252",Telangana,India,24-12-2024
5532,Falak,Warrior,falak.warrior641@gmail.com,0450243736,1972-12-12,"62, Brar Chowk, Karnal-933539",Uttar Pradesh,India,2024-06-11
5533,Vedant,Kalla,vedant.kalla1628@gmail.com,3740624261,2006-10-16,"77/36, Chopra Path, Medininagar-986613",Gujarat,India,2023-12-05
5534,Indira,Dar,indira.dar1671@yahoo.com,,2003-04-11,"879, Raval Path, Aizawl-096615",Rajasthan,India,2024-03-11
5535,Maanas,Chaudhary,maanas.chaudhary1863@yahoo.com,8340289740,1979-05-13,"64/79, Patla Ganj, Udupi-621542",Maharashtra,India,2023-12-19
5536,Ekbal,Sastry,ekbal.sastry638@hotmail.com,8912488397,1977-07-06,"H.No. 51, Jhaveri Road, Mehsana 868112",Gujarat,India,2026-07-02
5537,Aahana,Bhardwaj,aahana.bhardwaj4770@gmail.com,7827556467,1979-07-02,"85/06, Bera Path, Gorakhpur 655783",Karnataka,India,2024-12-03
5538,Manbir,Deshpande,manbir.deshpande3551@yahoo.com,5177630493,1989-07-04,"H.No. 12, Keer Ganj, Chittoor 836428",Telangana,India,2024-06-19
5539,Mekhala,Kala,mekhala.kala2032@gmail.com,5586171106,1982-06-25,"24/96, Karan Street, Anantapuram-692851",Gujarat,India,2024-02-18
5540,Anusha,Pandit,anusha.pandit5330@gmail.com,3050807353,1979-11-29,"85, Ratti Ganj, Jalgaon-129501",Gujarat,India,2024-10-31
5541,Dhruv,Bath,dhruv.bath112@yahoo.com,7898562575,1982-05-03,"230, Thaman, Amravati 064890",Tamil Nadu,India,2026-06-04
5542,Samarth,Rout,samarth.rout1986@hotmail.com,6069456847,1988-08-18,"99, Narayanan Marg, Bokaro 944949",Odisha,India,2023-02-14
5543,Yochana,Palla,yochana.palla1850@gmail.com,+91-0629258099,1984-05-25,"33, Bhavsar Ganj, Srikakulam 865568",Karnataka,India,2026-08-25
5544,  Yashawini  ,Peri,yashawini.peri2278@yahoo.com,8028521200,1999-09-16,"15/596, Zachariah Road, Patna 218703",Delhi,India,2025-09-15
5545,Anusha,Kadakia,anusha.kadakia111@gmail.com,7129666676,1970-11-19,"H.No. 583, Agrawal Nagar, Kamarhati-421689",Odisha,India,2026-04-24
5546,Gopal,Vasa,gopal.vasa4350@hotmail.com,9442708021,2001-01-18,"95/384, Sampath Zila, Jalandhar 510803",Madhya Pradesh,India,2026-02-07
5547,Liam,Sabharwal,liam.sabharwal2672@hotmail.com,4655173723,1985-08-30,"92/56, Krishnan Path, Nadiad-768287",Maharashtra,India,2026-08-31
5548,Ayaan,Doctor,ayaan.doctor1277@hotmail.com,8671066560,1995-06-27,"H.No. 77, Mani Chowk, Barasat-571753",PUNJAB,India,2023-08-26
5549,Faraj,Bajwa,faraj.bajwa2781@yahoo.com,1288916940,2003-11-20,"H.No. 08, Dugar Circle, Tiruppur-186090",Gujarat,India,2024-08-11
5550,Aadi,Swaminathan,aadi.swaminathan1356@hotmail.com,6293096150,1976-12-21,"H.No. 690, Sant Ganj, Howrah-904117",Tamil Nadu,India,2025-01-31
5551,Ryan,Kale,ryan.kale391@hotmail.com,4113257970,1983-01-30,"H.No. 105, Yogi Road, Bahraich 172156",Madhya Pradesh,India,2025-07-29
5552,Hema,Khatri,,1703557820,1995-09-12,"59/430, Mukhopadhyay Marg, Phusro 507973",Tamil Nadu,India,2024/10/06
5553,Wazir,Pradhan,wazir.pradhan4915@gmail.com,8895837112,1998-03-12,,Punjab,India,2025-01-04
5554,Shivani,Varkey,shivani.varkey5247@hotmail.com,5378187164,1980-03-16,"89/888, Goyal, Pondicherry-846132",Telangana,India,2025-08-16
5555,Qabil,Ganesh,qabil.ganesh4367@hotmail.com,4071016639,1974-03-30,"23/20, Dutta Ganj, Chapra 638553",West Bengal,India,2024-08-25
