return_id,order_details_id,return_reason,return_amount,return_status,return_date
1,17,Not as described,528.18,Approved,2025-11-12
2,31,Size too large,2270.49,Approved,2026-08-24
3,34,Size issue,654.38,Approved,08/27/2026
4,36,Changed mind,4978.8,Approved,2026-09-15
5,60,Fabric quality poor,3021.33,Approved,2024-11-15
6,61,Changed mind,389.69,Approved,2025-10-31
7,79,Product damaged,434.65,Approved,2025-08-03
8,84,Uncomfortable fit,1287.64,Approved,2025-11-29
9,86,Uncomfortable fit,2972.8,Approved,2025-11-30
10,87,Shade mismatch,1087.25,Approved,2025-12-17
11,88,Shade mismatch,823.09,Approved,2025-12-15
12,117,size too large,782.44,Approved,2026-06-01
13,128,Changed mind,823.09,Approved,2024-11-14
14,141,Changed mind,3970.76,Approved,2026-01-31
15,143,Size too large,1477.93,Approved,2026-03-21
16,159,Uncomfortable fit,2419.78,Pending,2025-11-01
17,162,Changed mind,1916.95,Approved,2025-11-10
18,163,Color mismatch,1488.07,Approved,2025-11-08
19,172,Allergic reaction,846.15,Approved,2025-12-15
20,173,Shade mismatch,695.64,Approved,2025-12-11
21,182,Uncomfortable fit,3346.68,Approved,2026-01-14
22,192,Color mismatch,2761.13,Approved,2026-05-04
23,195,allergic reaction,1293.67,Approved,2026-06-04
24,199,Product damaged,2481.06,Rejected,2026-07-06
25,210,Size too large,922.42,Approved,2026-03-07
26,211,Size too large,893.75,Approved,2026-03-06
27,217,Shade mismatch,1303.95,Approved,2025-12-22
28,228,Changed mind,1787.5,Pending,2026-01-09
29,231,Changed mind,3970.76,Approved,2026-01-10
30,233,Size too large,5956.14,Pending,2026-01-09
31,236,Not as described,988.73,Approved,2026-01-10
32,245,Fabric quality poor,2681.25,Approved,2026-06-25
33,254,Changed mind,3021.33,Approved,2025-06-15
34,262,Not as described,205.29,Approved,2025-06-10
35,276,Product damaged,2587.34,Approved,2025-06-15
36,280,Changed mind,1303.95,Approved,2025-06-18
37,287,Product damaged,1293.67,Approved,2025-06-11
38,290,Wrong size,2419.78,Approved,2025-10-09
39,297,Wrong size,4839.56,Approved,2025-02-03
40,302,Color mismatch,2909.4,Approved,2024-10-12
41,316,Changed mind,377.09,Pending,2026-04-21
42,317,Not as described,776.2,Rejected,2026-04-19
43,323,Product damaged,389.69,Approved,2024-05-26
44,325,Color mismatch,5487.12,Approved,2024-09-07
45,335,Size issue,669.38,Approved,2025-03-17
46,337,Wrong size,4464.21,Approved,2025-07-24
47,346,Sole damage,3833.9,Approved,2026-05-10
48,348,Not as described,751.5,Approved,2025-07-08
49,383,Wrong size,2419.78,Rejected,2024-03-14
50,385,Sole damage,2972.8,Approved,2024-03-19
51,386,Uncomfortable fit,1916.95,Approved,2024-03-31
52,394,Sole damage,2743.56,Approved,2025-01-08
53,395,Changed mind,1564.88,Pending,2025-09-05
54,396,Color mismatch,1477.04,Rejected,2025-09-05
55,398,Product damaged,1328.9,Approved,2026-02-12
56,401,Wrong size,3346.68,Approved,2026-05-06
57,416,Changed mind,264.09,Approved,2026-07-22
58,429,Fabric quality poor,6042.66,Rejected,2025-06-01
59,439,Changed mind,772.4,Approved,2025-11-11
60,453,Changed mind,776.2,Rejected,2026-05-31
61,457,Shade mismatch,664.45,Approved,2026-07-16
62,493,Changed mind,804.47,Approved,2026-03-15
63,494,Changed mind,776.2,Approved,2026-03-11
64,506,Sole damage,2575.28,Approved,2026-08-31
65,544,Shade mismatch,823.09,Approved,2025-09-02
66,552,Color mismatch,2972.8,Approved,2025-09-04
67,560,Changed mind,386.2,Approved,2026-07-26
68,575,Wrong size,4348.88,Approved,2026-01-20
69,579,Changed mind,205.29,Approved,2026-01-30
70,594,Uncomfortable fit,2231.12,Approved,2024-06-08
71,595,Size too large,969.8,Approved,2024-09-02
72,596,Changed mind,3021.33,Approved,2024-09-09
73,601,Wrong size,2972.8,Rejected,2025-08-27
74,610,Size too large,1477.04,Approved,2025-11-29
75,623,Not as described,1051.82,Approved,2026/03/28
76,646,Allergic reaction,823.09,Approved,2023-08-13
77,647,Product damaged,550.26,Approved,2023-08-07
78,653,Changed mind,2972.8,Approved,2024-01-22
79,659,Changed mind,2174.44,Approved,2024-02-29
80,697,Changed mind,205.29,Approved,2025-11-01
81,701,Changed mind,2489.4,Approved,2026-01-06
82,702,Changed mind,2955.86,Approved,13 Jan 2026
83,719,Uncomfortable fit,4348.88,Approved,2025-12-06
84,743,Size issue,1338.76,Approved,2024-05-28
85,746,Uncomfortable fit,1916.95,Rejected,2024-06-07
86,793,Sole damage,1916.95,Approved,2026-01-23
87,801,Changed mind,1564.88,Pending,2024-04-15
88,803,Wrong size,1287.64,Rejected,2024-04-21
89,806,Allergic reaction,1293.67,Pending,2024-06-24
90,811,Size issue,716.49,Rejected,2024-09-30
91,824,Uncomfortable fit,1287.64,Approved,2025-01-25
92,826,Color mismatch,1477.04,Approved,2025-01-31
93,842,Allergic reaction,825.39,Approved,2025-11-05
94,843,Changed mind,2419.78,Approved,2025-12-19
95,848,Size too large,1985.38,Rejected,2025-12-23
96,864,Sole damage,5487.12,Rejected,2026-04-06
97,869,Color mismatch,1834.35,Approved,2026-05-15
98,871,Sole damage,2575.28,Pending,2026-05-16
99,874,Not as described,1608.94,Approved,2026-06-24
100,886,Fabric quality poor,969.8,Approved,2025-09-10
101,892,Sole damage,2972.8,Approved,2025-05-15
102,896,Changed mind,1564.88,Approved,2026-08-27
103,916,size too small,6811.47,Approved,2026-08-29
104,917,Size too large,893.75,Approved,2026-09-05
105,919,Size too small,2955.86,Approved,2026-09-03
106,928,SHADE MISMATCH,2469.27,Approved,2026-09-03
107,983,Not as described,389.69,Approved,2025-07-03
108,992,Changed mind,654.36,Approved,2026-09-01
109,994,Size too small,2761.13,Approved,2023-05-07
110,1032,Fabric quality poor,1844.84,Approved,2026-05-24
111,1035,Shade mismatch,275.13,Approved,2026-06-03
112,1044,Uncomfortable fit,4839.56,Approved,2026-06-05
113,1057,Color mismatch,2743.56,Approved,2024-09-20
114,1093,Sole damage,1287.64,Pending,2026-06-03
115,1094,Wrong size,2174.44,Approved,2026-05-24
116,1096,Not as described,301.02,Approved,2026-07-21
117,1148,Sole damage,2575.28,Approved,2025-09-05
118,1150,Changed mind,275.13,Approved,2025-08-29
119,1156,Shade mismatch,1692.3,Approved,2025-10-11
120,1159,Wrong size,1916.95,Approved,2025-10-26
121,1163,Color mismatch,6264.66,Approved,2025-11-01
122,1164,Sole damage,7259.34,Approved,2025-11-04
123,1166,Fabric quality poor,3021.33,Approved,2025-12-31
124,1167,Size too small,2489.4,Approved,2025-12-20
125,1170,Changed mind,1087.25,Pending,2025-12-22
126,1177,Sole damage,8230.68,Approved,2026-01-23
127,1207,Wrong size,5503.05,Approved,2026-09-04
128,1261,Not as described,776.2,Approved,2025-12-28
129,1271,Wrong size,2743.56,Approved,2026-04-03
130,1275,Changed mind,844.84,Approved,2026-06-28
131,1280,Uncomfortable fit,1916.95,Approved,2026-09-02
132,1319,Allergic reaction,562.47,Approved,2025-10-30
133,1324,Fabric quality poor,2761.13,Approved,2025-10-27
134,1339,Size too small,2761.13,Approved,2024-07-11
135,1343,Uncomfortable fit,4176.44,Approved,2024-11-23
136,1353,Color mismatch,5956.14,Approved,03/30/2025
137,1356,Changed mind,922.42,Approved,2025-03-31
138,1362,Changed mind,3881.01,Approved,2025-06-20
139,1365,Changed mind,1916.95,Approved,2025-07-26
140,1392,Changed mind,2088.22,Approved,2026-05-13
141,1395,Fabric quality poor,1477.04,Approved,2025-10-15
142,1401,Not as described,669.38,Approved,2025-10-21
143,1403,Uncomfortable fit,4464.21,Pending,2025-11-06
144,1404,Changed mind,562.47,Approved,2025-11-07
145,1429,Size issue,1353.12,Approved,2026-02-19
146,1431,SHADE MISMATCH,434.65,Approved,2026-03-11
147,1432,Not as described,716.49,Approved,2026-03-19
148,1433,Not as described,2029.68,Pending,2026-03-08
149,1436,Changed mind,1488.07,Approved,2026-03-23
150,1437,Sole damage,2231.12,Approved,2026-03-17
151,1438,Fabric quality poor,893.75,Approved,2026-03-21
152,1441,Product damaged,434.65,Approved,2026-04-03
153,1444,Changed mind,782.44,Approved,2023-08-22
154,1445,Changed mind,2270.49,Approved,2023-09-27
155,1448,Product damaged,1087.25,Approved,2023-11-11
156,1452,Uncomfortable fit,5750.85,Approved,2024-01-03
157,1457,Allergic reaction,1293.67,Approved,2024-02-28
158,1460,Size too small,1477.93,Approved,2024-03-22
159,1473,Shade mismatch,434.65,Approved,2025-02-07
160,1480,Color mismatch,2972.8,Approved,2025-11-06
161,1482,Uncomfortable fit,1115.56,Approved,2025-11-30
162,1484,Changed mind,1084.05,Approved,2025-12-09
163,1486,Sole damage,1916.95,Approved,2025-12-21
164,1496,Shade mismatch,1124.94,Approved,2025-10-11
165,1514,Uncomfortable fit,2575.28,Rejected,2026-05-23
166,1518,Sole damage,2088.22,Approved,2026-06-09
167,1521,Size too small,1477.04,Rejected,2026-06-06
168,1541,Wrong size,2743.56,Approved,2026-07-16
169,1559,Sole damage,1916.95,Approved,2026-08-29
170,1563,Product damaged,1646.18,Approved,2026-08-29
171,1566,Size issue,716.49,Approved,2026-09-11
172,1576,Uncomfortable fit,4839.56,Approved,2024-10-21
173,1582,Wrong size,5487.12,Approved,2024-11-15
174,1596,Allergic reaction,823.09,Approved,2025-01-18
175,1603,Allergic reaction,434.65,Approved,2025-02-06
176,1607,Color mismatch,2743.56,Rejected,2025-03-09
177,1610,Wrong size,2534.52,Pending,2025-03-22
178,1616,Product damaged,562.47,Approved,2025-03-27
179,1628,Allergic reaction,1293.67,Approved,2025-11-06
180,1629,Size too large,969.8,Approved,2025-11-15
181,1632,Color mismatch,1844.84,Approved,2026-01-04
182,1637,Color mismatch,2743.56,Approved,2026-02-20
183,1719,Wrong size,1916.95,Approved,2024-09-07
184,1722,Size too small,3970.76,Pending,2024-09-19
185,1725,PRODUCT DAMAGED,1293.67,Pending,2024-10-25
186,1729,Product damaged,434.65,Approved,2025-06-14
187,1730,wrong size,1115.56,Approved,2025-11-30
188,1731,Uncomfortable fit,2972.8,Approved,2025-12-03
189,1747,Not as described,525.91,Pending,2025-11-29
190,1759,Wrong size,5945.6,Approved,2025-11-24
191,1760,Product damaged,1293.67,Approved,2025-11-25
192,1764,Not as described,525.91,Approved,2025-11-28
193,1781,Changed mind,1985.38,Rejected,2026-01-26
194,1785,Allergic reaction,1087.25,Approved,2026-02-05
195,1790,Allergic reaction,1087.25,Pending,2024-02-02
196,1825,Size too large,1787.5,Approved,2025-10-05
197,1830,Fabric quality poor,4978.8,Approved,2026-03-25
198,1833,Size issue,1308.72,Approved,2026-06-24
199,1843,Size too large,782.44,Approved,2026-09-15
200,1856,Changed mind,1353.12,Approved,2026-09-13
201,1893,Not as described,301.02,Approved,2026-07-26
202,1896,Product damaged,562.47,Approved,2026-07-27
203,1913,Changed mind,2270.49,Approved,2026-08-28
204,1921,Changed mind,525.91,Pending,2026-08-31
205,1955,Changed mind,1287.64,Pending,2026-07-30
206,1959,CHANGED MIND,776.2,Approved,2026-08-08
207,1982,Shade mismatch,562.47,Approved,2026-08-13
208,1984,Fabric quality poor,2761.13,Approved,2026-08-19
209,1995,Size issue,654.38,Approved,2026-08-30
210,2005,Product damaged,1240.53,Approved,2026-09-02
211,2008,Changed mind,1124.94,Approved,2026-09-04
212,2025,Allergic reaction,664.45,Approved,2025-12-18
213,2026,Allergic reaction,434.65,Approved,2025-12-27
214,2030,Color mismatch,1287.64,Approved,2025-12-17
215,2038,Sole damage,1287.64,Pending,2026-01-08
216,2097,Not as described,716.49,Approved,2026-05-18
217,2101,Sole damage,1287.64,Approved,2026-06-25
218,2110,Allergic reaction,1087.25,Approved,2026-08-01
219,2127,Changed mind,782.44,Pending,2026-05-04
220,2131,Uncomfortable fit,4839.56,Approved,2026-05-01
221,2136,Color mismatch,3021.33,Approved,2026-05-05
222,2142,Changed mind,922.42,Approved,2026-05-06
223,2145,Changed mind,1240.53,Approved,2026-06-07
224,2148,Shade mismatch,846.15,Approved,2026-06-15
225,2151,Not as described,243.4,Pending,16-06-2026
226,2156,Sole damage,1115.56,Approved,2026-06-21
227,2159,Changed mind,1477.04,Approved,2026-06-27
228,2162,Size issue,776.2,Approved,2026-07-17
229,2180,Size too large,4433.79,Approved,2026-09-06
230,2187,Size too large,1985.38,Approved,2026-02-21
231,2188,Shade mismatch,825.39,Approved,2023-07-04
232,2210,Size too large,2347.32,Approved,2024-12-24
233,2222,Uncomfortable fit,3668.7,Rejected,2025-05-08
234,2249,Product damaged,275.13,Approved,2026-04-05
235,2265,Color mismatch,1477.93,Approved,2025-01-10
236,2269,Color mismatch,5522.26,Pending,2025-03-24
237,2284,Size too small,782.44,Approved,2026-07-03
238,2292,Size issue,375.75,Approved,2025-05-14
239,2293,Size issue,804.47,Approved,2025-05-13
240,2302,Size too small,2761.13,Approved,2025-08-31
241,2312,Product damaged,562.47,Approved,2025-10-31
242,2323,Color mismatch,2972.8,Approved,2025-12-29
243,2332,Sole damage,2972.8,Approved,2026-05-16
244,2337,Color mismatch,7259.34,Approved,2026-06-20
245,2350,Changed mind,969.8,Approved,2026-08-16
246,2357,Fabric quality poor,2909.4,Approved,2026-08-18
247,2386,Changed mind,4348.88,Approved,2026-09-07
248,2387,Wrong size,2419.78,Approved,2026-09-08
249,2431,Shade mismatch,893.22,Approved,2024-10-08
250,2439,Color mismatch,2174.44,Pending,2025-06-18
251,2453,Size too large,2489.4,Pending,2026-02-02
252,2456,Changed mind,434.65,Approved,2026-06-28
253,2463,Changed mind,243.4,Approved,2023-07-16
254,2464,Wrong size,844.84,Approved,2023-10-30
255,2476,Changed mind,782.44,Rejected,2024-04-28
256,2478,Uncomfortable fit,2174.44,Rejected,2024-09-19
257,2484,Fabric quality poor,922.42,Rejected,2025-04-08
258,2489,Changed mind,893.75,Approved,2025-08-18
259,2524,Changed mind,1488.07,Approved,2026-05-16
260,2525,Uncomfortable fit,844.84,Approved,2026-05-14
261,2531,Changed mind,823.09,Approved,2026-05-25
262,2533,Size issue,716.49,Approved,2025-11-03
263,2544,COLOR MISMATCH,3021.33,Approved,2025-08-21
264,2557,Changed mind,4978.8,Approved,2026-01-31
265,2559,Not as described,377.09,Approved,2026-02-13
266,2568,Product damaged,1293.67,Approved,2026-05-23
267,2570,Shade mismatch,893.22,Approved,2026-06-14
268,2581,Uncomfortable fit,2088.22,Approved,2026-08-28
269,2582,Product damaged,389.69,Approved,2026-08-26
270,2604,Uncomfortable fit,1916.95,Pending,2026-08-26
271,2608,Size too small,8283.39,Approved,2026-08-30
272,2614,Fabric quality poor,1787.5,Rejected,2026-09-03
273,2615,Size too small,2270.49,Pending,2026-09-07
274,2627,Color mismatch,2270.49,Approved,2025-12-30
275,2628,Changed mind,722.7,Pending,2026-02-13
276,2653,Not as described,776.2,Approved,2025-11-11
277,2663,Not as described,776.2,Approved,2026-08-30
278,2675,Size issue,988.73,Approved,2025-10-28
279,2683,Product damaged,2469.27,Pending,2026-03-24
280,2692,Shade mismatch,893.22,Approved,2023-10-27
281,2695,Product damaged,893.22,Approved,2024-02-17
282,2721,Uncomfortable fit,1916.95,Approved,2025-08-20
283,2745,Changed mind,1552.4,Approved,2026-05-07
284,2758,Allergic reaction,2086.92,Approved,2026-05-29
285,2759,Allergic reaction,893.22,Approved,2026-05-31
286,2774,Sole damage,2088.22,Approved,2026-07-25
287,2779,Fabric quality poor,6811.47,Approved,2026-08-29
288,2783,Size too small,2489.4,Pending,2026-08-31
289,2798,Not as described,716.49,Approved,2026-03-12
290,2870,Allergic reaction,562.47,Approved,2026-02-16
291,2889,Size too large,1939.6,Approved,2023-11-29
292,2901,Allergic reaction,562.47,Approved,2025-12-02
293,2904,Sole damage,4839.56,Approved,2026-07-27
294,2913,Allergic reaction,2587.34,Approved,2026-07-22
295,2936,Uncomfortable fit,1287.64,Rejected,2026-06-22
296,2937,Size issue,654.38,Approved,2026-06-19
297,2952,Wrong size,4176.44,Approved,2026-08-29
298,2964,Not as described,525.91,Approved,2025-08-19
299,2978,Changed mind,1115.56,Approved,2026-06-08
300,2979,Wrong size,2972.8,Pending,2026-06-06
301,2980,Product damaged,1087.25,Approved,2026-06-21
302,2985,Changed mind,5487.12,Approved,2026-09-05
303,2997,shade mismatch,823.09,Approved,2025-11-12
304,3028,Shade mismatch,823.09,Pending,2026-03-26
305,3031,Product damaged,1391.28,Approved,2026-03-20
306,3040,Changed mind,2174.44,Pending,2026-03-28
307,3049,Sole damage,2972.8,Pending,2026-03-25
308,3068,Uncomfortable fit,4348.88,Approved,2026-02-23
309,3072,Product damaged,275.13,Pending,2026-03-23
310,3091,Not as described,145.44,Approved,2026-07-08
311,3109,Size issue,377.09,Approved,2025-12-09
312,3122,Changed mind,2270.49,Approved,2025-07-05
313,3134,Changed mind,844.84,Rejected,2026-07-08
314,3157,Color mismatch,2972.8,Approved,2025-10-06
315,3160,Sole damage,1115.56,Approved,2025-10-23
316,3173,Product damaged,205.29,Approved,2025-12-02
317,3175,Fabric quality poor,2761.13,Approved,2026-01-02
318,3181,Sole damage,2972.8,Approved,2026-01-08
319,3192,Wrong size,2575.28,Approved,2026-06-19
320,3195,Product damaged,243.4,Rejected,2026-08-19
321,3206,Changed mind,922.42,Approved,2026-09-11
322,3241,Not as described,525.91,Approved,2026-02-22
323,3261,Color mismatch,2270.49,Approved,2026-01-22
324,3263,Size too small,2347.32,Approved,2026-01-21
325,3269,Changed mind,467.16,Rejected,2026-04-04
326,3282,Uncomfortable fit,4348.88,Approved,2026-08-22
327,3286,Size too large,1477.04,Approved,2026-09-01
328,3297,Wrong size,2088.22,Approved,2026-02-15
329,3299,Color mismatch,2743.56,Approved,2026-03-15
330,3308,Size too large,4978.8,Approved,2026-07-08
331,3315,Not as described,1051.82,Pending,2026-01-08
332,3323,Changed mind,2489.4,Approved,2026-07-09
333,3327,Fabric quality poor,969.8,Pending,2025-08-07
334,3358,Product damaged,3261.75,Rejected,2025-11-09
335,3365,Changed mind,1338.76,Approved,2025-12-30
336,3377,Color mismatch,1985.38,Approved,2026-06-29
337,3382,Wrong size,3833.9,Approved,2026-07-09
338,3401,Size too small,782.44,Approved,2026-01-26
339,3432,Fabric quality poor,1477.93,Approved,2025-11-14
340,3452,Product damaged,1240.53,Approved,2026-01-10
341,3465,Changed mind,893.75,Approved,2026-03-26
342,3469,Size too small,969.8,Pending,2026-03-18
343,3481,Changed mind,1977.46,Approved,2026-07-09
344,3486,Fabric quality poor,1985.38,Approved,2026-08-14
345,3499,Changed mind,2489.4,Approved,2026-08-30
346,3501,Sole damage,2976.14,Rejected,2026/09/04
347,3503,Uncomfortable fit,1834.35,Approved,2026-08-31
348,3523,Changed mind,2909.4,Approved,2024-08-30
349,3524,color mismatch,3021.33,Approved,2024-09-12
350,3539,Size too large,782.44,Rejected,2026-01-24
351,3547,Color mismatch,1488.07,Approved,2026-03-29
352,3548,Shade mismatch,1087.25,Approved,2026-06-21
353,3563,Wrong size,1287.64,Approved,2025-12-30
354,3571,CHANGED MIND,2088.22,Pending,2025-01-11
355,3575,Color mismatch,1985.38,Rejected,2025-01-18
356,3580,Size issue,754.18,Rejected,2025-12-12
357,3598,Uncomfortable fit,1115.56,Approved,2025-01-07
358,3613,Not as described,394.6,Approved,2025-06-20
359,3614,Size too large,2954.08,Approved,2025-06-27
360,3626,Uncomfortable fit,1916.95,Approved,2025-09-07
361,3634,Changed mind,1488.07,Approved,2024-01-11
362,3639,Uncomfortable fit,844.84,Approved,2024-03-26
363,3648,Changed mind,1916.95,Approved,2024-08-06
364,3662,Changed mind,654.38,Approved,2025-01-11
365,3672,Changed mind,1477.04,Approved,2025-04-10
366,3687,Changed mind,1985.38,Pending,2026-02-01
367,3692,Product damaged,361.35,Approved,2026-03-15
368,3695,Fabric quality poor,1985.38,Approved,2026-03-22
369,3716,NOT AS DESCRIBED,716.49,Rejected,2025-12-23
370,3757,Wrong size,1287.64,Approved,2026-02-18
371,3759,Uncomfortable fit,1916.95,Approved,2026-02-17
372,3763,Uncomfortable fit,2972.8,Approved,2026-03-24
373,3764,Sole damage,3833.9,Approved,04/01/2026
374,3771,Color mismatch,2761.13,Approved,2026-03-25
375,3774,Product damaged,893.22,Approved,2026-04-21
376,3780,Size too large,1985.38,Approved,2026-07-08
377,3781,Color mismatch,4978.8,Approved,2026-07-09
378,3784,Sole damage,3833.9,Approved,2026-08-07
379,3806,Changed mind,1308.76,Rejected,06/23/2024
380,3807,Not as described,804.47,Approved,2024-06-28
381,3809,Changed mind,2489.4,Approved,2024-08-17
382,3821,Sole damage,2972.8,Approved,2024-12-01
383,3822,Color mismatch,922.42,Approved,2024-12-10
384,3829,Not as described,716.49,Pending,2025-04-10
385,3838,Changed mind,1308.76,Rejected,2025-06-30
386,3854,Fabric quality poor,2761.13,Approved,2026-07-08
387,3855,Size too small,2681.25,Approved,2026-09-04
388,3861,Changed mind,804.47,Approved,2026-09-07
389,3863,Changed mind,1308.72,Approved,2026-09-04
390,3878,Changed mind,6042.66,Approved,2025-03-03
391,3884,Size too small,1985.38,Approved,2025-09-27
392,3904,Changed mind,389.69,Approved,2025-12-24
393,3909,Changed mind,2088.22,Approved,2026-01-20
394,3916,Sole damage,1488.07,Approved,2026-02-13
395,3933,Sole damage,1834.35,Approved,2025-02-01
396,3956,Changed mind,200.78,Approved,2026-06-02
397,3964,Allergic reaction,562.47,Approved,2026-06-25
398,3970,Changed mind,1985.38,Approved,2026-07-04
399,3996,Wrong size,844.84,Rejected,2025-06-12
400,3998,Color mismatch,2088.22,Approved,2025-08-22
401,4011,Wrong size,1287.64,Approved,2026-09-15
402,4036,Changed mind,3970.76,Approved,2026-09-05
403,4037,Fabric quality poor,1477.93,Approved,2026-08-30
404,4041,Color mismatch,893.75,Approved,2026-02-15
405,4052,Wrong size,1115.56,Approved,2026-04-04
406,4055,Changed mind,654.36,Approved,2026-04-28
407,4060,Color mismatch,1834.35,Rejected,2026-06-12
408,4081,Uncomfortable fit,844.84,Approved,2026-09-03
409,4094,Changed mind,2743.56,Approved,2026-09-05
410,4099,Product damaged,1087.25,Approved,2026-01-30
411,4120,Fabric quality poor,922.42,Approved,2026-04-04
412,4122,FABRIC QUALITY POOR,2489.4,Approved,2026-04-22
413,4142,Fabric quality poor,922.42,Approved,2026-06-22
414,4145,Product damaged,1087.25,Pending,2026-06-29
415,4148,Changed mind,869.3,Approved,2026-07-07
416,4172,Color mismatch,782.44,Approved,2026-08-27
417,4189,product damaged,1087.25,Approved,2026-07-11
418,4190,Changed mind,264.09,Approved,2026-07-10
419,4198,Changed mind,1477.93,Approved,2026-07-07
420,4203,Color mismatch,2972.8,Approved,2026-07-12
421,4205,Changed mind,4839.56,Pending,2026-07-05
422,4222,Color mismatch,922.42,Approved,2026-07-11
423,4229,Changed mind,654.36,Approved,2026-07-12
424,4236,Allergic reaction,664.45,Approved,2026-07-05
425,4243,Product damaged,2481.06,Approved,2026-07-14
426,4247,Changed mind,1993.35,Approved,2024-01-06
427,4252,Size too large,922.42,Pending,2026-06-26
428,4253,Size too large,969.8,Pending,2026-07-02
429,4256,Sole damage,1834.35,Approved,2026-06-24
430,4260,Size too large,922.42,Approved,2026-06-29
431,4269,Sole damage,1488.07,Approved,2026-07-02
432,4274,Changed mind,1240.53,Approved,2026-07-05
433,4283,Color mismatch,2972.8,Approved,2024-07-27
434,4302,Wrong size,844.84,Approved,2025-02-05
435,4311,Product damaged,562.47,Approved,2026-09-07
436,4320,Product damaged,823.09,Approved,2026-06-14
437,4335,Not as described,375.75,Approved,2025-01-05
438,4343,Fabric quality poor,893.75,Approved,2025-03-02
439,4358,Wrong size,844.84,Approved,2023-11-13
440,4364,Changed mind,2489.4,Rejected,2024-12-20
441,4367,Wrong size,2972.8,Approved,2026-06-09
442,4378,Changed mind,5487.12,Approved,2024-08-31
443,4382,Sole damage,1488.07,Approved,2024-10-22
444,4395,Size too large,3970.76,Approved,2026-05-06
445,4407,Changed mind,1916.95,Approved,2025-10-16
446,4412,Changed mind,1293.67,Approved,2025-12-27
447,4423,changed mind,2954.08,Approved,2026-05-29
448,4425,COLOR MISMATCH,9063.99,Approved,2026-05-29
449,4428,Fabric quality poor,2955.86,Approved,2026-06-09
450,4432,Size too large,1985.38,Approved,2026-07-19
451,4433,Size too small,3021.33,Approved,2026-07-18
452,4453,size too large,1985.38,Rejected,08/29/2026
453,4459,Changed mind,1115.56,Approved,2026-09-05
454,4460,Changed mind,2575.28,Approved,2026-09-03
455,4469,Size too large,8283.39,Approved,2026-09-14
456,4472,Shade mismatch,275.13,Approved,2026-09-15
457,4477,Size issue,776.2,Approved,2026-09-09
458,4483,Color mismatch,2174.44,Approved,2026-09-09
459,4485,Uncomfortable fit,2419.78,Approved,2026-09-13
460,4519,Uncomfortable fit,844.84,Rejected,2024-03-24
461,4540,Changed mind,776.2,Approved,2025-12-18
462,4543,Changed mind,676.56,Pending,26 Jan 2026
463,4550,PRODUCT DAMAGED,386.2,Approved,2026-07-27
464,4566,Wrong size,2972.8,Approved,2026-08-06
465,4569,Color mismatch,1287.64,Approved,2026-08-14
466,4582,Size too small,3970.76,Approved,2026-08-19
467,4586,Changed mind,4433.79,Approved,2026-08-23
468,4600,Product damaged,233.58,Rejected,2026-09-06
469,4606,sole damage,7259.34,Rejected,2026-09-08
470,4609,Fabric quality poor,2761.13,Approved,2026-09-01
471,4610,Size too large,3021.33,Approved,2026-09-11
472,4615,Color mismatch,6042.66,Approved,2026-09-09
473,4618,Changed mind,654.36,Rejected,2026-09-12
474,4636,Color mismatch,2743.56,Approved,2026-02-08
475,4641,Changed mind,5750.85,Pending,2026-02-07
476,4662,Color mismatch,2270.49,Approved,2026-03-29
477,4666,Shade mismatch,1124.94,Approved,2026-04-13
478,4672,Size too large,1939.6,Approved,2026-05-23
479,4674,FABRIC QUALITY POOR,2955.86,Approved,2026-05-22
480,4690,Wrong size,3833.9,Rejected,2026-08-27
481,4702,Sole damage,4348.88,Approved,2026-08-15
482,4714,Changed mind,386.2,Approved,2026-01-11
483,4720,Size issue,669.38,Approved,2024-12-21
484,4721,Fabric quality poor,893.75,Approved,2025-01-31
485,4750,Wrong size,1834.35,Rejected,2026-07-09
486,4771,Wrong size,2419.78,Approved,2025-02-05
487,4791,Fabric quality poor,2270.49,Approved,2026-01-01
488,4793,Size too small,1939.6,Approved,2026-01-11
489,4797,Changed mind,2270.49,Approved,2026-05-08
490,4804,Product damaged,200.78,Approved,2025-05-31
491,4821,Allergic reaction,869.3,Approved,2025-09-19
492,4826,Not as described,301.02,Approved,19 Oct 2025
493,4829,Allergic reaction,275.13,Approved,2025-12-13
494,4847,Color mismatch,2088.22,Approved,2026-03-25
495,4852,Sole damage,1488.07,Pending,2026-04-06
496,4858,Color mismatch,1287.64,Approved,2026-04-29
497,4862,Uncomfortable fit,2231.12,Approved,2026-04-25
498,4874,Color mismatch,2088.22,Approved,2026-08-14
499,4896,Wrong size,2972.8,Approved,2025-02-01
500,4897,Uncomfortable fit,2174.44,Approved,2025-01-30
501,4898,Changed mind,4839.56,Pending,2025-01-28
502,4907,Changed mind,4978.8,Approved,2025-07-01
503,4913,Changed mind,2538.45,Approved,2026-07-18
504,4924,Product damaged,2481.06,Rejected,2024-03-21
505,4947,Wrong size,1916.95,Pending,2025-09-17
506,4950,Changed mind,844.84,Approved,2025-10-21
507,4956,Size too large,2761.13,Approved,2026-01-07
508,4958,Size too small,2489.4,Approved,2025-02-14
509,4963,Changed mind,2270.49,Approved,2025-03-26
510,4964,Color mismatch,969.8,Approved,2025-03-30
511,4972,Color mismatch,1287.64,Rejected,2026-06-23
512,4988,Changed mind,4839.56,Approved,2026-08-25
513,4996,Fabric quality poor,1564.88,Approved,2025-09-25
514,4999,Changed mind,275.13,Approved,2025-10-14
515,5003,Fabric quality poor,2681.25,Pending,2025-10-21
516,5014,Wrong size,2972.8,Approved,2025-11-15
517,5019,Changed mind,275.13,Approved,2025-12-18
518,5021,Allergic reaction,1087.25,Approved,2026-01-10
519,5030,Size too small,969.8,Approved,2026-02-13
520,5049,Shade mismatch,1087.25,Approved,2026-05-05
521,5053,Size issue,654.36,Approved,2026-07-22
522,5054,Color mismatch,2419.78,Rejected,2026-07-26
523,5058,Changed mind,1391.28,Rejected,2026-08-23
524,5072,Product damaged,1328.9,Approved,2023-12-08
525,5081,Color mismatch,922.42,Approved,2024-10-05
526,5090,Changed mind,375.75,Approved,2026-03-04
527,5095,Changed mind,2174.44,Rejected,2025-11-05
528,5096,Wrong size,2088.22,Approved,2025-10-28
529,5104,Shade mismatch,1087.25,Approved,2024-01-15
530,5117,Changed mind,4176.44,Approved,2024-06-20
531,5122,Changed mind,301.02,Approved,2024-09-02
532,5129,Color mismatch,2761.13,Approved,2024-09-04
533,5140,Changed mind,716.49,Approved,2024-10-26
534,5149,Changed mind,695.64,Approved,2025-07-15
535,5156,Size too large,1985.38,Rejected,2025-11-15
536,5159,Size too large,2270.49,Approved,2026-01-14
537,5160,Changed mind,4431.12,Rejected,2026-01-09
538,5162,Changed mind,5522.26,Approved,2026-04-19
539,5164,Changed mind,969.8,Approved,2026-04-29
540,5169,Size too large,1844.84,Approved,2026-08-24
541,5171,Allergic reaction,695.64,Approved,2026-09-04
542,5176,Color mismatch,4348.88,Approved,2025-08-23
543,5185,Color mismatch,5487.12,Pending,2025-08-26
544,5203,Color mismatch,5945.6,Approved,2025-09-13
545,5206,Color mismatch,1488.07,Approved,2025-10-12
546,5207,Color mismatch,2231.12,Approved,2025-10-02
547,5210,Size too large,1477.04,Approved,2025-10-16
548,5214,Not as described,243.4,Approved,2023-11-09
549,5221,Fabric quality poor,6042.66,Approved,2024-09-24
550,5223,Color mismatch,1564.88,Approved,2024-11-15
551,5230,Color mismatch,844.84,Approved,2025-09-30
552,5240,SIZE TOO SMALL,782.44,Approved,2026-08-25
553,5255,Allergic reaction,275.13,Approved,2023-09-03
554,5285,Fabric quality poor,782.44,Approved,2026/03/14
555,5291,Wrong size,2419.78,Approved,2025-09-02
556,5292,Color mismatch,3862.92,Approved,2025-09-08
557,5303,Not as described,525.91,Approved,2025-04-25
558,5310,Color mismatch,2954.08,Approved,2025-10-17
559,5319,Wrong size,2088.22,Approved,2026-03-29
560,5333,Changed mind,2481.06,Rejected,2026-02-08
561,5335,Shade mismatch,823.09,Approved,2026-03-29
562,5338,Allergic reaction,1087.25,Approved,2026-04-06
563,5339,Not as described,988.73,Pending,2026-04-16
564,5373,Not as described,751.5,Approved,2025-10-29
565,5418,Size too large,782.44,Pending,2025-09-06
566,5420,Shade mismatch,562.47,Approved,2025-09-30
567,5424,Changed mind,804.47,Approved,2024-07-04
568,5436,Shade mismatch,664.45,Approved,2025-07-06
569,5439,Product damaged,2587.34,Approved,2025-06-28
570,5444,Changed mind,1087.25,Approved,2026-01-23
571,5448,Wrong size,2534.52,Approved,2026-09-02
572,5469,Changed mind,669.38,Approved,2026-08-07
573,5470,Not as described,2413.41,Approved,2026-08-08
574,5471,Changed mind,562.47,Approved,2026-08-02
575,5483,Color mismatch,1939.6,Approved,2026-08-30
576,5490,Wrong size,5487.12,Approved,2026-08-27
577,5493,Changed mind,669.38,Approved,2026-09-08
578,5502,Changed mind,233.58,Approved,2026-08-03
579,5515,Changed mind,233.58,Approved,2025-03-02
580,5522,Color mismatch,4978.8,Approved,2025-06-01
581,5527,Size too large,1985.38,Approved,2025-06-23
582,5529,Size too large,893.75,Approved,2025-06-30
583,5535,Changed mind,562.47,Approved,2025-09-28
584,5539,Not as described,301.02,Approved,2026-01-02
585,5543,Changed mind,361.35,Approved,11-01-2026
586,5558,Changed mind,525.91,Approved,2026-03-29
587,5563,Sole damage,2231.12,Approved,2026-07-03
588,5564,Color mismatch,1287.64,Approved,2026-07-06
589,5570,Size issue,776.2,Approved,2026-05-09
590,5588,Size too large,969.8,Approved,2026-09-10
591,5590,Color mismatch,2088.22,Approved,2024-02-11
592,5592,Fabric quality poor,2761.13,Approved,2024-04-19
593,5596,Wrong size,1916.95,Rejected,2024-07-27
594,5597,Color mismatch,2767.26,Approved,2024-08-26
595,5598,Product damaged,1240.53,Approved,2025-03-10
596,5609,SIZE TOO LARGE,2270.49,Rejected,2023-09-15
597,5612,Fabric quality poor,5522.26,Approved,2023-09-20
598,5614,Size too large,1787.5,Approved,2023-09-28
599,5615,Wrong size,4464.21,Approved,2023-11-04
600,5651,Color mismatch,7468.2,Approved,2026-08-23
601,5660,Size too large,4540.98,Approved,2026-03-07
602,5669,Size too small,922.42,Approved,2025-12-26
603,5702,Shade mismatch,695.64,Rejected,2024-09-02
604,5704,Changed mind,1308.76,Approved,2025-03-11
605,5713,Sole damage,3346.68,Approved,2025-05-12
606,5715,Allergic reaction,2587.34,Rejected,2025-10-12
607,5730,Changed mind,525.91,Approved,2025-09-25
608,5733,Color mismatch,2743.56,Approved,2025-10-08
609,5740,Shade mismatch,562.47,Approved,2025-10-14
610,5754,Shade mismatch,434.65,Approved,2025-11-05
611,5755,Allergic reaction,550.26,Pending,2025-11-06
612,5756,Size too large,2270.49,Pending,2025-11-01
613,5757,Color mismatch,1985.38,Approved,2025-11-09
614,5758,Size too large,1477.93,Approved,2025-11-08
615,5763,Changed mind,2761.13,Rejected,2026-06-15
616,5769,Not as described,145.44,Approved,05 Jan 2026
617,5804,Color mismatch,1834.35,Approved,2026-05-13
618,5806,Size issue,804.47,Approved,2026-06-27
619,5808,Color mismatch,1916.95,Approved,2026-07-17
620,5822,Not as described,1308.76,Approved,2026-04-20
621,5840,Size too small,4540.98,Approved,04/25/2026
622,5841,Changed mind,782.44,Approved,2026-04-26
623,5851,Changed mind,4348.88,Approved,2026-05-16
624,5864,Size too large,2489.4,Approved,2025-04-10
625,5872,Changed mind,4540.98,Pending,2026-01-09
626,5894,Not as described,233.58,Approved,2026-03-29
627,5898,Sole damage,1834.35,Approved,2025-04-13
628,5901,Changed mind,2419.78,Approved,2025-05-03
629,5919,Size too large,2761.13,Approved,2025-07-11
630,5927,Changed mind,1985.38,Approved,2025-08-13
631,5929,Color mismatch,2954.08,Pending,2025-08-25
632,5937,Fabric quality poor,2761.13,Approved,2025-09-27
633,5939,Wrong size,1916.95,Approved,2025-09-22
634,5946,Product damaged,394.6,Approved,2025-11-14
635,5957,Sole damage,2088.22,Approved,2026-01-12
636,5958,Color mismatch,922.42,Approved,2026-01-26
637,5968,Not as described,654.36,Approved,2025-05-22
638,5976,Fabric quality poor,6042.66,Pending,2025-07-08
639,5977,Color mismatch,2174.44,Approved,2025-07-26
640,5988,Changed mind,200.78,Rejected,2025-12-29
641,6019,Not as described,1552.4,Approved,2026-09-02
642,6029,Size too small,1787.5,Approved,2026-06-11
643,6034,Uncomfortable fit,2976.14,Approved,2026-07-03
644,6042,Wrong size,2419.78,Approved,2026-08-09
645,6056,Changed mind,1051.82,Approved,2024-11-16
646,6074,changed mind,8230.68,Approved,2025-08-31
647,6084,Fabric quality poor,2761.13,Pending,2026-02-11
648,6105,Changed mind,716.49,Approved,2026-08-18
649,6114,Product damaged,846.15,Approved,2026-08-27
650,6131,Shade mismatch,1087.25,Approved,2024-06-09
651,6152,Product damaged,1240.53,Approved,2025-02-03
652,6158,Fabric quality poor,969.8,Approved,2025-06-09
653,6160,Product damaged,1328.9,Approved,2025-07-08
654,6164,Not as described,988.73,Approved,2025-06-28
655,6170,Size too large,1985.38,Approved,2025-09-23
656,6178,Changed mind,1692.3,Approved,2026-01-14
657,6186,Size too small,2270.49,Rejected,2026-06-02
658,6188,Fabric quality poor,1477.93,Approved,2026-06-14
659,6208,Color mismatch,2743.56,Rejected,2026-03-07
660,6210,Changed mind,525.91,Approved,2026-04-01
661,6216,Allergic reaction,1692.3,Approved,2026-04-13
662,6219,Color mismatch,922.42,Approved,2026-06-15
663,6221,Size too small,3970.76,Approved,2026-06-05
664,6228,Shade mismatch,1993.35,Approved,2024-04-19
665,6233,Changed mind,1115.56,Approved,2024-08-27
666,6260,Color mismatch,1115.56,Approved,2025-08-26
667,6296,Changed mind,2743.56,Approved,2026-07-09
668,6299,Size issue,669.38,Approved,2026-03-13
669,6307,Fabric quality poor,5522.26,Approved,2026-07-10
670,6319,Changed mind,2954.08,Approved,2024-01-17
671,6335,Uncomfortable fit,1115.56,Approved,2025-01-30
672,6336,Sole damage,5487.12,Approved,2025-02-05
673,6347,Uncomfortable fit,2419.78,Pending,2026-01-30
674,6350,Fabric quality poor,1477.93,Pending,2026-09-08
675,6353,Fabric quality poor,3021.33,Approved,2026-09-05
676,6355,Changed mind,1087.25,Approved,2026-03-28
677,6361,Color mismatch,1844.84,Approved,2026-06-08
678,6381,Color mismatch,2909.4,Approved,2026-06-21
679,6400,Size too large,1844.84,Approved,2025-04-24
680,6414,Changed mind,2972.8,Approved,2025-10-11
681,6415,Wrong size,2231.12,Approved,2025-10-02
682,6417,Fabric quality poor,1844.84,Pending,2025-11-05
683,6418,Changed mind,1477.93,Pending,2025-11-16
684,6424,Wrong size,2174.44,Approved,2025-12-24
685,6439,product damaged,893.22,Pending,2026-08-31
686,6440,Shade mismatch,1293.67,Approved,2026-09-09
687,6450,CHANGED MIND,2174.44,Approved,2025-09-03
688,6451,Sole damage,1834.35,Pending,2025-09-16
689,6458,Wrong size,2174.44,Approved,2025-11-12
690,6460,Changed mind,2088.22,Approved,2025-11-14
691,6463,Sole damage,1488.07,Pending,2025-11-14
692,6464,Changed mind,4176.44,Approved,2025-11-15
693,6480,Size issue,1308.72,Approved,2026-01-03
694,6486,Changed mind,695.64,Approved,2026-04-23
695,6493,Changed mind,2972.8,Approved,2026-07-07
696,6526,Uncomfortable fit,7259.34,Rejected,2026-06-25
697,6535,Wrong size,4839.56,Pending,2026-07-14
698,6540,Sole damage,2088.22,Pending,2026-08-04
699,6545,Size too small,1477.93,Pending,2026-08-11
700,6546,Fabric quality poor,969.8,Approved,2026-08-14
701,6547,Color mismatch,2489.4,Pending,2026-08-11
702,6548,Fabric quality poor,1477.93,Approved,2026-08-11
703,6554,Uncomfortable fit,2976.14,Approved,2026-08-23
704,6580,Changed mind,264.09,Approved,2026-03-23
705,6608,Not as described,669.38,Approved,2026-08-28
706,6623,Changed mind,525.91,Pending,2026-09-03
707,6661,Changed mind,1087.25,Pending,2024-08-16
708,6672,Shade mismatch,434.65,Rejected,2025-06-18
709,6673,Allergic reaction,823.09,Rejected,2025-06-18
710,6690,Size issue,669.38,Approved,2025-11-11
711,6691,Wrong size,8230.68,Rejected,2026/01/05
712,6692,Product damaged,275.13,Approved,2026-02-02
713,6704,Changed mind,654.36,Pending,2026-02-07
714,6709,Changed mind,1087.25,Approved,2026-02-25
715,6719,Allergic reaction,1328.9,Approved,2026-07-15
716,6731,Changed mind,1432.98,Approved,2025-11-14
717,6732,Shade mismatch,1328.9,Approved,2025-12-26
718,6735,Color mismatch,6811.47,Approved,2024-04-30
719,6739,fabric quality poor,1477.93,Approved,2026-08-19
720,6748,Color mismatch,2955.86,Rejected,2026-05-25
721,6749,Size too small,782.44,Approved,2026-05-23
722,6755,Size too small,893.75,Approved,2026-06-01
723,6767,Size too large,782.44,Approved,2026-08-13
724,6768,Uncomfortable fit,1488.07,Pending,2026-08-21
725,6778,Color mismatch,2489.4,Approved,2025-10-10
726,6780,Color mismatch,1689.68,Approved,2025-10-14
727,6792,Changed mind,1127.25,Approved,2023-06-28
728,6798,Size too small,782.44,Approved,2024-01-06
729,6801,Size issue,654.38,Approved,2024-07-04
730,6812,Size too large,5956.14,Pending,2025-02-13
731,6814,Changed mind,2481.06,Approved,2025-03-18
732,6820,NOT AS DESCRIBED,1353.12,Approved,2025/05/16
733,6830,Not as described,200.78,Approved,2025-12-17
734,6833,Size too small,782.44,Approved,2025-12-31
735,6834,Fabric quality poor,9063.99,Approved,2025-12-31
736,6852,Changed mind,1477.93,Approved,2024-06-06
737,6863,Allergic reaction,434.65,Approved,2025-01-01
738,6865,Allergic reaction,275.13,Approved,2025-01-31
739,6872,Shade mismatch,1303.95,Pending,2025-07-17
740,6876,Color mismatch,1834.35,Rejected,2025-11-06
741,6889,Shade mismatch,893.22,Pending,2023-08-06
742,6920,Wrong size,1834.35,Approved,2026-03-02
743,6929,Allergic reaction,893.22,Approved,2026-03-18
744,6938,Changed mind,1477.93,Approved,2026-04-14
745,6940,Allergic reaction,2587.34,Approved,2026-04-25
746,6944,Not as described,528.18,Approved,2026-05-24
747,6951,Not as described,290.88,Approved,2026-06-30
748,6952,Fabric quality poor,6042.66,Approved,2026-07-08
749,6965,Uncomfortable fit,3833.9,Approved,2026-08-28
750,6970,Size issue,1308.72,Approved,2026-08-26
751,6976,Not as described,2149.47,Approved,2026-09-04
752,6994,Changed mind,6042.66,Approved,2025-08-23
753,6995,Product damaged,664.45,Rejected,2025-11-23
754,6998,Sole damage,2743.56,Approved,2026-02-28
755,7004,Size too small,1477.93,Approved,2025-10-05
756,7015,UNCOMFORTABLE FIT,1287.64,Approved,2026-01-17
757,7024,Uncomfortable fit,2743.56,Approved,2026-09-08
758,7026,Size too large,1985.38,Approved,2026-09-07
759,7033,Color mismatch,3833.9,Approved,2026-09-13
760,7038,Size issue,776.2,Approved,2026-09-14
761,7055,Size too large,2489.4,Pending,2025-02-14
762,7062,Allergic reaction,695.64,Approved,2025-09-09
763,7076,Changed mind,5750.85,Approved,2025-12-25
764,7083,Color mismatch,2489.4,Approved,2026-06-20
765,7090,Fabric quality poor,2909.4,Approved,2025-01-30
766,7091,Fabric quality poor,922.42,Approved,2025-01-27
767,7095,Sole damage,2174.44,Pending,2025-12-29
768,7097,Sole damage,7259.34,Approved,2025-12-25
769,7104,Changed mind,695.64,Approved,2025-12-24
770,7109,Sole damage,8918.4,Approved,2025-12-16
771,7110,Wrong size,3668.7,Approved,2025-12-19
772,7112,Size too small,1985.38,Rejected,2025-12-25
773,7114,Changed mind,2270.49,Approved,2025-12-23
774,7143,Shade mismatch,562.47,Approved,2025-10-06
775,7147,Product damaged,893.22,Approved,2025-11-02
776,7162,Sole damage,5487.12,Approved,2024-10-06
777,7163,Changed mind,1786.44,Rejected,2024-10-07
778,7186,Allergic reaction,1087.25,Approved,2026-01-05
779,7190,Wrong size,1834.35,Approved,18 Mar 2026
780,7198,Allergic reaction,1240.53,Approved,2026-06-24
781,7201,Product damaged,1240.53,Approved,2026-07-14
782,7202,Allergic reaction,275.13,Approved,2026-07-16
783,7204,Size too small,1477.93,Approved,2026-08-10
784,7206,CHANGED MIND,2761.13,Approved,2026-08-23
785,7209,Changed mind,2481.06,Approved,2026-08-23
786,7221,Product damaged,602.04,Approved,2026-07-31
787,7230,Sole damage,844.84,Pending,2026-08-20
788,7241,Wrong size,5945.6,Approved,2026-09-08
789,7270,Size too large,782.44,Approved,2026-08-20
790,7278,Changed mind,716.49,Approved,2026-08-16
791,7279,Not as described,669.38,Rejected,2026-08-14
792,7282,Uncomfortable fit,2174.44,Approved,2026-08-27
793,7287,Changed mind,2972.8,Approved,2026-08-23
794,7288,Uncomfortable fit,2575.28,Rejected,2026-08-20
795,7289,Wrong size,1115.56,Approved,2026-08-18
796,7290,Color mismatch,4464.21,Approved,2026-08-28
797,7294,Changed mind,200.78,Approved,25 Aug 2026
798,7299,Sole damage,5945.6,Rejected,2026-08-29
799,7302,Changed mind,1834.35,Approved,2026-09-01
800,7334,Not as described,361.35,Approved,2026-08-14
801,7338,Sole damage,2575.28,Approved,2024-07-07
802,7343,product damaged,550.26,Approved,2024-08-25
803,7362,Sole damage,1115.56,Pending,2026-09-01
804,7366,Color mismatch,2270.49,Approved,2026-08-24
805,7374,Shade mismatch,893.22,Pending,25 Jan 2026
806,7380,Shade mismatch,823.09,Approved,2024-07-13
807,7400,Size too large,1985.38,Approved,2025-09-01
808,7426,Shade mismatch,2174.5,Approved,06-09-2026
809,7430,Size too small,3021.33,Approved,2026-09-11
810,7431,Sole damage,1488.07,Approved,2026-09-09
811,7474,Wrong size,844.84,Rejected,2025-05-24
812,7488,Not as described,676.56,Rejected,2025-04-18
813,7510,Fabric quality poor,2761.13,Pending,2026-03-27
814,7513,Wrong size,2972.8,Rejected,2024-12-18
815,7514,Sole damage,2976.14,Approved,2024-12-17
816,7553,Changed mind,525.91,Pending,2026-04-06
817,7571,Size issue,988.73,Approved,2026-08-28
818,7574,PRODUCT DAMAGED,264.09,Pending,2023-11-07
819,7579,Size too small,922.42,Pending,2024-06-15
820,7593,Changed mind,1977.46,Approved,2026-09-15
821,7615,Changed mind,4348.88,Approved,2026-02-01
822,7630,Changed mind,922.42,Approved,2026-03-23
823,7642,Size issue,654.36,Approved,2025-11-30
824,7653,Size too large,969.8,Approved,2026-07-06
825,7656,Size too large,2489.4,Approved,2026-07-02
826,7666,Size too large,969.8,Approved,2024-10-23
827,7669,Changed mind,676.56,Approved,2024-11-04
828,7671,Size too small,6042.66,Approved,2024-11-04
829,7689,Product damaged,562.47,Approved,2025-03-21
830,7691,Product damaged,846.15,Approved,2025-03-26
831,7697,Not as described,486.8,Rejected,2025-07-18
832,7698,Changed mind,804.47,Approved,2025-09-05
833,7709,Changed mind,969.8,Approved,2026-02-03
834,7711,Changed mind,3833.9,Approved,2026-03-14
835,7712,Color mismatch,4839.56,Approved,2026-04-20
836,7713,Color mismatch,922.42,Approved,2026-06-27
837,7714,Fabric quality poor,969.8,Approved,2026-06-26
838,7724,Shade mismatch,2587.34,Approved,2026-09-05
839,7735,Fabric quality poor,3021.33,Approved,2024-11-18
840,7756,Product damaged,394.6,Approved,2025-09-26
841,7772,Changed mind,922.42,Approved,2026-02-10
842,7776,Not as described,377.09,Rejected,2026-03-16
843,7784,Changed mind,2481.06,Approved,2026-06-04
844,7797,Color mismatch,4978.8,Approved,2025-04-01
845,7810,Changed mind,846.15,Approved,07/06/2025
846,7813,Size too large,3021.33,Approved,18 Aug 2025
847,7814,Color mismatch,2489.4,Approved,2025-08-11
848,7824,Changed mind,1477.04,Approved,2025-10-06
849,7838,shade mismatch,1240.53,Rejected,2026-01-01
850,7865,Changed mind,1477.93,Approved,2026-07-06
851,7878,Not as described,669.38,Pending,2025-11-13
852,7884,Color mismatch,2174.44,Approved,2026-04-01
853,7889,Size too large,922.42,Approved,2026-05-22
854,7897,Product damaged,301.02,Approved,2026-07-12
855,7901,Shade mismatch,1240.53,Approved,2025-06-26
856,7902,Shade mismatch,1293.67,Rejected,2025-06-23
857,7903,Shade mismatch,893.22,Approved,2025-06-29
858,7905,Wrong size,2976.14,Approved,2024-03-05
859,7908,Uncomfortable fit,6264.66,Approved,2024-03-09
860,7909,Wrong size,2976.14,Approved,2024-03-04
861,7929,Size issue,1338.76,Pending,2024-01-04
862,7932,Size too small,2909.4,Approved,2024-01-10
863,7938,Changed mind,695.64,Pending,2025-04-05
864,7940,Fabric quality poor,1985.38,Approved,2025-08-11
865,7942,Changed mind,1564.88,Approved,2025-12-21
866,7950,Changed mind,2174.44,Approved,2026-05-16
867,7974,Product damaged,562.47,Approved,2025-07-08
868,7975,Shade mismatch,2587.34,Approved,2025-07-08
869,7976,Product damaged,361.35,Approved,2026-01-14
870,7978,Changed mind,2086.92,Approved,2026-01-05
871,7991,Color mismatch,1477.93,Approved,2025-09-16
872,7997,Color mismatch,1834.35,Approved,2025-12-21
873,8010,Fabric quality poor,782.44,Approved,2026-03-26
874,8019,Color mismatch,2231.12,Approved,2026-08-12
875,8020,Color mismatch,2489.4,Approved,2026-08-22
876,8027,Changed mind,2743.56,Approved,2024-08-11
877,8042,Not as described,2149.47,Approved,2024-12-13
878,8043,Not as described,776.2,Approved,2024-12-15
879,8046,Product damaged,275.13,Approved,2025-01-11
880,8061,Not as described,779.38,Approved,2025-06-09
881,8070,Not as described,233.58,Approved,2024-11-01
882,8071,Fabric quality poor,1477.04,Pending,2024-10-31
883,8074,Wrong size,2972.8,Approved,2025-02-09
884,8080,Color mismatch,1985.38,Approved,2025-12-20
885,8089,Product damaged,823.09,Approved,2025-10-05
886,8092,Product damaged,389.69,Approved,2025-10-24
887,8097,Sole damage,2231.12,Approved,2025-12-22
888,8101,Uncomfortable fit,2174.44,Approved,2025-12-24
889,8114,Fabric quality poor,5522.26,Approved,2025-08-21
890,8133,Fabric quality poor,922.42,Approved,2026-01-31
891,8146,Color mismatch,4433.79,Approved,2026-05-13
892,8153,Product damaged,1293.67,Approved,2026-06-25
893,8162,Changed mind,2231.12,Approved,2026-09-09
894,8198,Size too large,4978.8,Approved,2026-07-28
895,8203,shade mismatch,1087.25,Approved,2024-06-18
896,8206,Allergic reaction,562.47,Approved,2024-07-20
897,8222,SOLE DAMAGE,2419.78,Approved,2025-09-27
898,8226,Changed mind,2270.49,Approved,2025-10-16
899,8231,Changed mind,1115.56,Approved,2026-05-27
900,8236,Changed mind,1477.04,Approved,2024-02-04
901,8241,Shade mismatch,2587.34,Approved,2025-10-23
902,8246,Shade mismatch,2481.06,Approved,2025-08-24
903,8255,Fabric quality poor,5522.26,Approved,2025-09-19
904,8259,Shade mismatch,664.45,Pending,2025-11-21
905,8266,Product damaged,823.09,Approved,2026-01-03
906,8268,Color mismatch,5522.26,Approved,2026-01-03
907,8274,Allergic reaction,434.65,Approved,2026-02-03
908,8293,Fabric quality poor,893.75,Approved,2025-01-09
909,8306,Allergic reaction,1293.67,Approved,2025-10-15
910,8314,Color mismatch,1916.95,Approved,2026-02-08
911,8333,Changed mind,1564.88,Approved,2026-08-05
912,8359,Changed mind,5487.12,Approved,2026-03-29
913,8369,Size too large,893.75,Approved,2026-03-25
914,8374,Changed mind,2419.78,Approved,2026-03-18
915,8387,Changed mind,782.44,Pending,2024-07-09
916,8388,Shade mismatch,1293.67,Approved,2024-09-24
917,8391,Product damaged,823.09,Pending,2024-10-02
918,8394,Product damaged,1303.95,Approved,2025-08-12
919,8420,Changed mind,1293.67,Approved,2026-01-19
920,8449,Color mismatch,3021.33,Approved,2025-07-25
921,8452,Size issue,676.56,Rejected,2025-08-20
922,8458,Color mismatch,2681.25,Approved,2026-06-03
923,8459,Size too large,2761.13,Approved,2026-06-20
924,8478,Size too small,2270.49,Approved,2026-03-15
925,8483,Fabric quality poor,782.44,Approved,2026-03-31
926,8487,Size too small,782.44,Rejected,2026-06-27
927,8505,Color mismatch,969.8,Approved,2025-03-21
928,8533,Changed mind,1293.67,Approved,2026-04-23
929,8552,Wrong size,2088.22,Approved,2025-08-31
930,8567,Not as described,654.38,Approved,2025-09-11
931,8572,Allergic reaction,275.13,Approved,2024-12-17
932,8574,Changed mind,3021.33,Approved,2024-12-21
933,8601,Size too large,922.42,Rejected,2025-07-19
934,8602,Shade mismatch,434.65,Approved,2025-08-14
935,8610,Color mismatch,2743.56,Approved,2025-04-11
936,8618,Changed mind,676.56,Approved,13 Apr 2025
937,8622,Changed mind,4540.98,Approved,2025-04-27
938,8630,Size too large,1477.93,Approved,2025-05-01
939,8659,Size too large,6042.66,Approved,2025-05-24
940,8670,Fabric quality poor,4978.8,Approved,2025-01-13
941,8685,Fabric quality poor,2270.49,Approved,2026-02-03
942,8691,Product damaged,2587.34,Approved,2026-04-10
943,8708,Not as described,1608.94,Approved,2026-02-08
944,8723,Shade mismatch,434.65,Approved,2026-07-06
945,8726,Size too large,4978.8,Approved,2026-02-21
946,8728,Shade mismatch,893.22,Approved,2026-03-08
947,8731,Changed mind,776.2,Approved,2026-03-25
948,8734,Uncomfortable fit,2174.44,Approved,2026-03-19
949,8738,Uncomfortable fit,2743.56,Approved,2026-04-11
950,8745,Color mismatch,2976.14,Rejected,2026-06-28
951,8754,SIZE TOO SMALL,3021.33,Approved,2026-08-23
952,8757,Size too small,1985.38,Approved,2026-09-11
953,8773,Product damaged,1087.25,Approved,2026-07-10
954,8782,Allergic reaction,1240.53,Approved,2024-08-31
955,8790,Fabric quality poor,4540.98,Approved,2025-08-12
956,8798,Fabric quality poor,1787.5,Approved,2026-05-03
957,8812,Sole damage,2534.52,Pending,2026-08-10
958,8816,Not as described,525.91,Approved,2026-08-21
959,8817,Product damaged,2481.06,Approved,2026-08-21
960,8819,Changed mind,1293.67,Approved,2026-08-23
961,8824,Changed mind,669.38,Approved,2026-08-26
962,8852,Changed mind,823.09,Approved,2026-05-19
963,8853,Changed mind,1985.38,Approved,2026-05-09
964,8855,Changed mind,654.38,Rejected,2026-08-25
965,8860,Uncomfortable fit,3668.7,Rejected,2025-06-24
966,8861,Uncomfortable fit,4348.88,Rejected,2025-06-26
967,8871,Changed mind,2231.12,Approved,2026-07-23
968,8882,Color mismatch,1916.95,Pending,2026-07-30
969,8904,Uncomfortable fit,2231.12,Approved,2026-09-02
970,8912,Shade mismatch,562.47,Approved,2026-09-08
971,8926,Color mismatch,2347.32,Approved,2026-09-15
972,8935,Allergic reaction,695.64,Pending,2023-03-31
973,8940,Sole damage,2088.22,Approved,2024-03-22
974,8943,Sole damage,2743.56,Approved,2024-12-25
975,8945,Shade mismatch,562.47,Approved,2025-10-26
976,8968,Wrong size,5487.12,Pending,2026-07-08
977,8970,Sole damage,1115.56,Approved,2026-06-11
978,8971,Color mismatch,4176.44,Approved,2026-06-05
979,8973,Changed mind,823.09,Approved,2024-09-25
980,8978,Changed mind,823.09,Approved,2025-10-14
981,8980,Changed mind,486.8,Pending,2025-07-13
982,8983,Size too small,4431.12,Approved,2025-08-26
983,8987,Fabric quality poor,782.44,Approved,2025-08-30
984,8996,Color mismatch,969.8,Approved,2024-02-02
985,8997,Size too large,2954.08,Approved,2024-02-04
986,9006,Wrong size,1916.95,Approved,2025-12-26
987,9021,WRONG SIZE,1834.35,Approved,2026-05-21
988,9034,Changed mind,2270.49,Approved,2026-06-30
989,9047,Changed mind,5522.26,Approved,2025-10-23
990,9048,Size too small,2270.49,Approved,2025-10-23
991,9049,Changed mind,2489.4,Approved,2025-10-27
992,9050,Product damaged,722.7,Rejected,2026-02-01
993,9053,Color mismatch,1477.93,Approved,2026-02-11
994,9077,Shade mismatch,846.15,Approved,2025-10-27
995,9085,Changed mind,1985.38,Approved,2026-02-01
996,9088,Changed mind,1477.93,Approved,2026-06-14
997,9090,Color mismatch,922.42,Approved,2026-06-17
998,9102,Changed mind,200.78,Approved,2025-08-11
999,9118,Wrong size,2972.8,Approved,2026-06-01
1000,9126,Wrong size,2174.44,Approved,2026-08-15
1001,9128,Size too large,893.75,Approved,2026-08-19
1002,9142,Wrong size,4176.44,Approved,2026-03-18
1003,9167,Not as described,375.75,Approved,2024-03-23
1004,9170,Color mismatch,5945.6,Approved,2025-10-02
1005,9177,Product damaged,243.4,Approved,2025-09-25
1006,9193,Color mismatch,844.84,Approved,2026-08-27
1007,9195,Color mismatch,1834.35,Rejected,2024-09-01
1008,9213,Size too large,1985.38,Approved,2025-02-07
1009,9240,Uncomfortable fit,1916.95,Approved,2025-11-30
1010,9298,Shade mismatch,695.64,Rejected,2025-07-09
1011,9299,Changed mind,434.65,Approved,2025-07-15
1012,9301,Changed mind,3721.59,Approved,2025-07-13
1013,9303,Fabric quality poor,893.75,Approved,2025-07-14
1014,9304,Fabric quality poor,1477.04,Approved,2025-07-22
1015,9317,Shade mismatch,2587.34,Approved,2026-01-09
1016,9319,Wrong size,2972.8,Approved,2026-02-02
1017,9320,Sole damage,1834.35,Pending,2026-03-23
1018,9323,Sole damage,1916.95,Approved,2026-08-09
1019,9336,Changed mind,1844.84,Pending,2026-06-16
1020,9346,Product damaged,550.26,Approved,2026-02-24
1021,9359,Wrong size,2575.28,Approved,2026-06-09
1022,9360,Wrong size,3346.68,Approved,2026-06-15
1023,9370,Not as described,525.91,Approved,2026-07-23
1024,9383,FABRIC QUALITY POOR,2489.4,Rejected,2026-08-25
1025,9384,Size too small,782.44,Approved,2026-08-29
1026,9385,Size too large,922.42,Rejected,2026-08-29
1027,9398,Not as described,377.09,Approved,2026-07-09
1028,9404,Changed mind,695.64,Approved,2026-08-28
1029,9414,CHANGED MIND,1646.18,Approved,2026-06-05
1030,9427,Wrong size,2174.44,Approved,2026-07-12
1031,9428,Uncomfortable fit,1287.64,Pending,2026-07-15
1032,9437,Changed mind,654.36,Approved,2026-08-25
1033,9441,Changed mind,782.44,Approved,2026-08-24
1034,9444,Color mismatch,1477.93,Approved,2026-08-30
1035,9445,Size too large,2909.4,Approved,2026-09-04
1036,9448,Not as described,988.73,Approved,2026-09-03
1037,9451,Size too small,2489.4,Pending,2026-09-07
1038,9462,Uncomfortable fit,3833.9,Approved,2026-01-08
1039,9486,Color mismatch,4978.8,Approved,2026-05-20
1040,9518,Size too small,1844.84,Approved,2026-06-27
1041,9526,Wrong size,2743.56,Approved,2026-07-07
1042,9533,Not as described,1338.76,Approved,2026-09-01
1043,9540,Changed mind,1477.04,Pending,2026-01-07
1044,9559,Size too small,922.42,Pending,2025-06-12
1045,9563,Sole damage,1834.35,Approved,2023-12-31
1046,9566,Changed mind,893.75,Approved,2025-04-04
1047,9578,Changed mind,6042.66,Approved,2026-01-27
1048,9581,Size too large,1844.84,Approved,2026-01-06
1049,9582,Allergic reaction,846.15,Approved,2026-01-08
1050,9585,Allergic reaction,562.47,Approved,2025-12-28
1051,9619,Uncomfortable fit,2088.22,Approved,2025-04-16
1052,9632,Size too small,2270.49,Approved,2026-09-02
1053,9637,Shade mismatch,1087.25,Approved,2026-09-08
1054,9642,Uncomfortable fit,1287.64,Pending,2023-09-27
1055,9648,Size too small,3021.33,Approved,2023-10-31
1056,9653,Sole damage,1488.07,Approved,2023-11-23
1057,9656,Sole damage,2972.8,Approved,2023-12-18
1058,9666,Not as described,290.88,Approved,2024-05-24
1059,9668,Product damaged,205.29,Approved,2024-05-20
1060,9692,Wrong size,2419.78,Approved,2025-01-02
1061,9698,Product damaged,467.16,Approved,2025-03-14
1062,9723,Changed mind,4978.8,Approved,2024-12-20
1063,9728,Sole damage,1115.56,Approved,2026-07-27
1064,9732,Product damaged,1240.53,Approved,2025-06-09
1065,9736,Changed mind,2954.08,Rejected,2025-06-06
1066,9738,Fabric quality poor,5522.26,Approved,2025-08-09
1067,9753,Fabric quality poor,782.44,Rejected,2026-08-18
1068,9758,Not as described,654.36,Approved,2026-08-30
1069,9763,Color mismatch,8283.39,Approved,2026-09-01
1070,9778,PRODUCT DAMAGED,823.09,Pending,2026-09-07
1071,9788,Sole damage,4176.44,Approved,2026-09-10
1072,9812,Size too large,1844.84,Approved,2026-09-15
1073,9826,Not as described,2008.14,Approved,2026-04-26
1074,9836,Changed mind,3021.33,Approved,2026-01-16
1075,9872,Size too small,6042.66,Approved,2025-05-08
1076,9874,Fabric quality poor,1477.04,Approved,2024-05-04
1077,9878,Changed mind,844.84,Approved,2024-08-30
1078,9887,Changed mind,2413.41,Approved,2024-11-13
1079,9888,Not as described,2149.47,Approved,2024-11-08
1080,9889,Fabric quality poor,1985.38,Approved,2024-11-12
1081,9894,Size too large,1477.04,Approved,09-07-2025
1082,9913,Changed mind,434.65,Approved,2025-03-27
1083,9924,Color mismatch,2270.49,Pending,2025-07-02
1084,9928,Changed mind,825.39,Approved,2025-07-12
1085,9929,Wrong size,1287.64,Rejected,2025-08-05
1086,9930,Color mismatch,2743.56,Approved,2025/08/01
1087,9933,Fabric quality poor,893.75,Approved,2025-08-09
1088,9940,Fabric quality poor,2954.08,Approved,2026-01-11
1089,9944,Product damaged,233.58,Approved,02/11/2026
1090,9952,Color mismatch,1834.35,Rejected,2026-06-25
1091,9959,Changed mind,1115.56,Approved,2026-08-07
1092,9968,Color mismatch,2743.56,Pending,2024-09-08
1093,9986,Changed mind,869.3,Approved,2026-08-06
1094,9989,Color mismatch,2743.56,Approved,2026-05-17
1095,10011,Color mismatch,1287.64,Pending,2026-03-22
1096,10047,Not as described,804.47,Rejected,2026-03-31
1097,10053,Size too large,782.44,Approved,2026-07-05
1098,10064,SIZE TOO SMALL,2489.4,Approved,2023-03-27
1099,10068,SIZE TOO SMALL,3021.33,Approved,08 Jun 2023
1100,10088,Product damaged,301.02,Rejected,2025-03-19
1101,10097,Product damaged,664.45,Approved,08/23/2025
1102,10102,Wrong size,1916.95,Approved,2025-10-15
1103,10107,Uncomfortable fit,1115.56,Approved,2025-11-11
1104,10128,Sole damage,1916.95,Approved,2025-08-27
1105,10135,Color mismatch,844.84,Approved,2024-07-01
1106,10143,Allergic reaction,1646.18,Approved,2025-02-03
1107,10145,Changed mind,1240.53,Approved,2025-02-05
1108,10148,Changed mind,1240.53,Approved,2025-02-04
1109,10155,Allergic reaction,893.22,Approved,2025-11-03
1110,10176,Not as described,361.35,Approved,2026-05-17
1111,10186,Allergic reaction,1087.25,Approved,2026-06-30
1112,10201,Product damaged,145.44,Rejected,2026-08-24
1113,10208,Fabric quality poor,969.8,Pending,2025-12-11
1114,10219,Changed mind,562.47,Approved,2025-07-16
1115,10224,Color mismatch,2088.22,Rejected,2026-01-25
1116,10241,Fabric quality poor,893.75,Approved,2024-08-25
1117,10242,Size too small,1939.6,Pending,2024-08-16
1118,10244,Size too small,2489.4,Approved,2024-08-13
1119,10248,Size issue,669.38,Approved,2025-02-03
1120,10259,Color mismatch,2972.8,Approved,2026/05/23
1121,10262,Color mismatch,2088.22,Approved,2026-05-17
1122,10272,Changed mind,5945.6,Approved,2026-04-03
1123,10273,Uncomfortable fit,2174.44,Approved,2026-04-03
1124,10277,Wrong size,2575.28,Approved,2024-04-24
1125,10280,Not as described,377.09,Rejected,2024-08-19
1126,10285,Changed mind,1127.25,Approved,2025-08-14
1127,10299,Shade mismatch,664.45,Approved,2026-05-21
1128,10309,allergic reaction,1124.94,Approved,2026-03-16
1129,10311,COLOR MISMATCH,1287.64,Approved,2026-03-16
1130,10316,Color mismatch,2489.4,Approved,2026-04-04
1131,10322,Changed mind,654.38,Approved,2026-05-11
1132,10329,Size issue,654.38,Approved,2026-06-13
1133,10339,Not as described,751.5,Rejected,2026-07-21
1134,10371,Fabric quality poor,922.42,Approved,2023-07-19
1135,10377,Fabric quality poor,782.44,Rejected,2024-01-31
1136,10387,Changed mind,1477.04,Approved,2026-05-01
1137,10398,Fabric quality poor,6042.66,Approved,2026-06-26
1138,10402,Allergic reaction,562.47,Approved,2026-08-07
1139,10410,Fabric quality poor,1985.38,Approved,2025-12-25
1140,10412,Color mismatch,3021.33,Pending,2025-12-31
1141,10435,Not as described,776.2,Approved,2026-01-04
1142,10440,Changed mind,5945.6,Approved,2025-12-26
1143,10441,Size too large,2761.13,Approved,2025-12-26
1144,10443,Fabric quality poor,4978.8,Approved,2025-12-31
1145,10444,Fabric quality poor,782.44,Approved,2026-01-07
1146,10453,Color mismatch,3833.9,Approved,2025-12-27
1147,10457,Changed mind,1115.56,Approved,2025-12-25
1148,10466,Changed mind,434.65,Approved,2025-03-09
1149,10467,Changed mind,1240.53,Approved,2025-03-08
1150,10471,Not as described,779.38,Pending,2023-11-14
1151,10475,Size issue,669.38,Approved,2024-08-05
1152,10498,Wrong size,2419.78,Approved,2025-08-24
1153,10534,Color mismatch,2419.78,Approved,2025-06-14
1154,10552,Changed mind,1564.88,Rejected,2025-10-04
1155,10567,Changed mind,969.8,Approved,2025-12-04
1156,10575,Sole damage,2976.14,Pending,2025-12-28
1157,10577,Color mismatch,2174.44,Rejected,2026-01-13
1158,10579,Shade mismatch,275.13,Approved,2026-01-18
1159,10587,Color mismatch,5945.6,Approved,2026-03-18
1160,10590,Not as described,1127.25,Approved,2026-03-19
1161,10591,Size issue,804.47,Rejected,2026-03-21
1162,10599,Uncomfortable fit,1916.95,Pending,2026-06-15
1163,10614,Changed mind,1183.8,Rejected,2026-08-14
1164,10616,Changed mind,1985.38,Pending,2026-08-13
1165,10617,Changed mind,922.42,Approved,2026-08-18
1166,10632,Sole damage,8918.4,Pending,2026-09-02
1167,10636,Changed mind,2743.56,Approved,2026-09-02
1168,10645,Product damaged,664.45,Approved,2025-11-11
1169,10671,Not as described,1338.76,Approved,2026-06-08
1170,10677,Color mismatch,844.84,Approved,2025-07-28
1171,10680,Changed mind,2270.49,Pending,2026-08-31
1172,10682,Allergic reaction,695.64,Pending,2026-03-16
1173,10684,Changed mind,1087.25,Approved,2026-03-25
1174,10710,Color mismatch,5945.6,Pending,2025-02-27
1175,10713,Changed mind,1477.04,Approved,2025-11-07
1176,10720,Changed mind,200.78,Approved,2025-11-28
1177,10726,Size too large,969.8,Approved,2026-02-05
1178,10729,Size too large,6811.47,Approved,2026-06-10
1179,10737,Color mismatch,1834.35,Approved,2025-01-27
1180,10764,Size too small,922.42,Approved,2025-07-26
1181,10773,Sole damage,2174.44,Pending,2025-12-27
1182,10785,Changed mind,2743.56,Pending,2026-04-06
1183,10789,Product damaged,846.15,Approved,2026-06-15
1184,10801,Fabric quality poor,2270.49,Approved,2026-08-29
1185,10804,Shade mismatch,823.09,Approved,2026-09-09
1186,10811,Changed mind,2270.49,Approved,2025-07-21
1187,10814,Allergic reaction,434.65,Approved,2025-08-25
1188,10823,Wrong size,2972.8,Rejected,2025-08-28
1189,10840,Changed mind,2174.44,Approved,2025-12-01
1190,10869,Uncomfortable fit,2972.8,Approved,2026-03-23
1191,10875,Fabric quality poor,3970.76,Rejected,2026-04-03
1192,10885,Color mismatch,782.44,Approved,2026-06-30
1193,10909,Shade mismatch,664.45,Approved,2026-02-22
1194,10918,Changed mind,903.06,Approved,2026-02-26
1195,10941,Sole damage,2972.8,Approved,2026-02-23
1196,10973,Changed mind,988.73,Approved,2026-02-24
1197,10980,Wrong size,1834.35,Pending,2026-08-23
1198,10988,Allergic reaction,2469.27,Approved,2025-11-22
1199,10994,Changed mind,1115.56,Approved,2026-07-05
1200,11001,Not as described,264.09,Approved,2024-09-05
1201,11004,Fabric quality poor,3021.33,Approved,2024-09-29
1202,11008,Not as described,716.49,Approved,2024-10-01
1203,11054,Changed mind,2743.56,Approved,2025-04-02
1204,11055,Sole damage,2976.14,Approved,2025-03-24
1205,11062,Changed mind,377.09,Approved,2025-05-05
1206,11072,Color mismatch,1985.38,Approved,2025-07-02
1207,11093,Fabric quality poor,9063.99,Approved,2025-02-25
1208,11104,Changed mind,654.36,Approved,2025-12-19
1209,11105,Changed mind,1240.53,Approved,2026-02-04
1210,11108,Wrong size,2972.8,Approved,2026-02-02
1211,11129,Uncomfortable fit,2088.22,Pending,2026-09-01
1212,11130,Allergic reaction,1328.9,Approved,2026/09/03
1213,11139,Changed mind,1051.82,Approved,2025-12-12
1214,11154,Product damaged,823.09,Approved,2025-11-11
1215,11158,Product damaged,846.15,Approved,2025-11-14
1216,11160,changed mind,1844.84,Approved,25-11-2025
1217,11168,Size too small,2347.32,Approved,2025-12-23
1218,11170,Fabric quality poor,1564.88,Approved,2026-01-11
1219,11173,Color mismatch,2270.49,Rejected,2026-01-22
1220,11183,Sole damage,2231.12,Approved,2026-03-01
1221,11210,Not as described,804.47,Pending,2026-07-10
1222,11212,Color mismatch,1287.64,Pending,2026-07-09
1223,11213,Changed mind,2955.86,Approved,2026-07-18
1224,11220,Fabric quality poor,5956.14,Rejected,2026-08-22
1225,11223,Product damaged,789.2,Approved,2026-08-23
1226,11234,Changed mind,1916.95,Approved,2026-09-04
1227,11237,Uncomfortable fit,2088.22,Approved,2026-09-14
1228,11240,Changed mind,375.75,Approved,2025-08-28
1229,11243,Size issue,654.38,Approved,2026-09-10
1230,11284,Sole damage,2419.78,Pending,2026-07-09
1231,11288,Sole damage,2174.44,Approved,2026-07-12
1232,11295,Wrong size,1834.35,Approved,2026-07-10
1233,11309,Product damaged,290.88,Approved,2026-07-14
1234,11323,Color mismatch,1115.56,Approved,2026-07-13
1235,11324,Wrong size,1834.35,Approved,2026-07-10
1236,11338,Changed mind,1287.64,Rejected,2026-07-09
1237,11341,Wrong size,2743.56,Approved,2026-07-14
1238,11343,Color mismatch,4464.21,Pending,2026-07-10
1239,11354,Shade mismatch,664.45,Approved,2026-02-06
1240,11369,Changed mind,823.09,Approved,2026-08-17
1241,11373,Product damaged,389.69,Approved,2026/08/22
1242,11380,Size issue,654.36,Approved,2024-09-09
1243,11383,Uncomfortable fit,2231.12,Approved,2024-10-14
1244,11384,Color mismatch,2743.56,Rejected,2024-10-14
1245,11394,Not as described,361.35,Approved,2024-12-29
1246,11400,Changed mind,2419.78,Approved,2025-01-01
1247,11406,Color mismatch,969.8,Approved,2025-01-20
1248,11408,Changed mind,233.58,Approved,2025-01-11
1249,11436,Fabric quality poor,1477.04,Approved,2026-02-09
1250,11439,Size too large,3021.33,Pending,2026-05-14
1251,11443,Changed mind,361.35,Approved,2026-07-13
1252,11456,Sole damage,1287.64,Pending,2026-08-24
1253,11459,Size too small,2270.49,Approved,2026-08-26
1254,11488,Product damaged,1124.94,Approved,2024-09-05
1255,11493,Size too large,2489.4,Approved,2024-09-07
1256,11507,Color mismatch,6811.47,Approved,2025-03-28
1257,11512,Allergic reaction,1328.9,Pending,2025-06-16
1258,11519,Changed mind,823.09,Approved,2025-08-07
1259,11520,Shade mismatch,664.45,Approved,2025-08-08
1260,11523,Fabric quality poor,2270.49,Approved,2025-08-18
1261,11545,Color mismatch,4978.8,Approved,2026-03-01
1262,11549,Changed mind,5945.6,Approved,2026-09-15
1263,11567,Product damaged,1293.67,Approved,2026-09-03
1264,11569,Shade mismatch,434.65,Approved,2026-07-24
1265,11583,Shade mismatch,1087.25,Approved,2026-08-16
1266,11585,Changed mind,5522.26,Approved,2026-08-25
1267,11586,Product damaged,205.29,Approved,2026-08-25
1268,11594,Color mismatch,1689.68,Approved,2026-08-30
1269,11608,Not as described,779.38,Pending,2026-09-02
1270,11616,Uncomfortable fit,2972.8,Approved,2026-09-01
1271,11625,Uncomfortable fit,2088.22,Approved,2026-09-13
1272,11638,Not as described,1169.07,Pending,2024-06-20
1273,11644,Uncomfortable fit,3668.7,Approved,2025-01-16
1274,11652,Changed mind,1916.95,Approved,2025-04-26
1275,11671,PRODUCT DAMAGED,3881.01,Approved,2026-01-15
1276,11673,Size too large,1477.04,Approved,2026-04-15
1277,11678,Sole damage,2972.8,Rejected,2026-05-22
1278,11682,Sole damage,1115.56,Approved,2026-06-29
1279,11683,Color mismatch,844.84,Pending,2026-06-23
1280,11689,Size too small,1985.38,Pending,2025-03-04
1281,11690,Size too small,1844.84,Approved,2025-03-14
1282,11693,Sole damage,4839.56,Pending,18 Mar 2025
1283,11698,Changed mind,893.22,Approved,2025-05-03
1284,11710,Wrong size,2972.8,Rejected,2025-08-26
1285,11711,Product damaged,562.47,Rejected,2025-09-01
1286,11712,Color mismatch,2270.49,Approved,2025-09-02
1287,11721,Size issue,988.73,Rejected,2025-11-22
1288,11725,Sole damage,8230.68,Approved,2025-11-24
1289,11726,Size too small,893.75,Approved,2025-12-19
1290,11736,Changed mind,922.42,Approved,2026-01-25
1291,11747,Color mismatch,1477.93,Approved,2026-05-12
1292,11752,Changed mind,969.8,Approved,18 May 2026
1293,11757,Size too small,2954.08,Approved,2026-06-18
1294,11758,Size too small,3021.33,Approved,2026-06-28
1295,11759,Size too large,922.42,Approved,2026-06-18
1296,11764,Uncomfortable fit,2972.8,Approved,2026-01-02
1297,11766,Sole damage,1689.68,Approved,2026-01-05
1298,11778,Fabric quality poor,1787.5,Approved,2025-11-01
1299,11794,Size issue,2966.19,Approved,2024-04-02
1300,11799,Color mismatch,3668.7,Approved,2024-08-24
1301,11806,Shade mismatch,434.65,Approved,2025-02-12
1302,11814,Allergic reaction,1087.25,Approved,22 Aug 2025
1303,11822,Color mismatch,2681.25,Approved,2025-12-25
1304,11824,Fabric quality poor,1939.6,Approved,2026-01-04
1305,11829,Size too small,893.75,Pending,2026-01-11
1306,11838,Changed mind,550.26,Approved,2024-10-08
1307,11843,Changed mind,1646.18,Approved,2024-10-30
1308,11852,Size too small,2761.13,Approved,2025-01-13
1309,11865,Allergic reaction,1293.67,Approved,2025-07-22
1310,11899,Changed mind,2743.56,Approved,2026-04-06
1311,11920,Color mismatch,1939.6,Approved,2025-11-15
1312,11921,Not as described,528.18,Approved,2025-11-23
1313,11933,Sole damage,4348.88,Pending,2024-06-12
1314,11943,Changed mind,3833.9,Approved,2025-01-31
1315,11946,Changed mind,846.15,Approved,2025-07-03
1316,11957,Color mismatch,1787.5,Approved,2026-02-15
1317,11958,changed mind,654.38,Approved,2026-07-09
1318,11983,Size too small,782.44,Approved,2023-10-07
1319,11986,Size too large,782.44,Approved,2023-12-20
1320,11989,color mismatch,1985.38,Approved,2023-12-28
1321,12007,Shade mismatch,1293.67,Approved,2025-02-02
1322,12060,Changed mind,782.44,Approved,2026-08-27
1323,12066,Changed mind,2489.4,Approved,2026-09-03
1324,12068,Changed mind,1240.53,Approved,2026-08-29
1325,12078,Not as described,389.69,Approved,2026-08-30
1326,12083,Product damaged,233.58,Approved,2026-09-06
1327,12084,Size too large,893.75,Approved,2026-09-05
1328,12087,Not as described,525.91,Approved,2026-09-12
1329,12088,Not as described,804.47,Approved,2026-09-15
1330,12102,Color mismatch,2955.86,Pending,2024-09-01
1331,12111,Product damaged,893.22,Approved,2025-05-22
1332,12138,Not as described,243.4,Approved,2025-03-23
1333,12143,Color mismatch,2270.49,Approved,2025-12-22
1334,12149,Changed mind,233.58,Approved,2026-05-05
1335,12158,SIZE ISSUE,1051.82,Approved,2024-08-19
1336,12198,Color mismatch,782.44,Approved,2026-09-01
1337,12205,Size too large,1985.38,Approved,2026-08-16
1338,12215,Uncomfortable fit,2231.12,Pending,2026-08-08
1339,12221,Product damaged,2481.06,Pending,2026-08-17
1340,12223,Color mismatch,1115.56,Approved,2026-08-17
1341,12240,Color mismatch,1287.64,Approved,09-08-2026
1342,12246,Wrong size,1916.95,Approved,2026-08-18
1343,12250,Allergic reaction,823.09,Approved,2026-08-13
1344,12260,Product damaged,3721.59,Approved,2025-05-30
1345,12266,Not as described,1338.76,Approved,2024-08-19
1346,12272,Changed mind,2972.8,Approved,2025-07-09
1347,12315,Allergic reaction,2587.34,Rejected,2026-09-03
1348,12316,Product damaged,301.02,Pending,2026-09-04
1349,12320,Sole damage,1916.95,Pending,2026-09-09
1350,12332,Color mismatch,1287.64,Rejected,2026-09-12
1351,12348,Not as described,205.29,Approved,2026-09-12
1352,12367,Size too small,1985.38,Approved,2026-03-03
1353,12373,Sole damage,3668.7,Approved,2026-03-17
1354,12375,Changed mind,1916.95,Approved,2026-03-10
1355,12383,Changed mind,2954.08,Approved,2026-05-09
1356,12401,Changed mind,782.44,Approved,2026-09-04
1357,12402,Color mismatch,922.42,Approved,2026-08-31
1358,12420,Product damaged,1786.44,Approved,2026-03-06
1359,12421,Wrong size,2743.56,Rejected,2026-03-12
1360,12432,Changed mind,386.2,Approved,2026-05-30
1361,12434,Size too large,2270.49,Pending,2026-06-04
1362,12448,Not as described,1308.72,Approved,2024-03-24
1363,12450,Changed mind,2174.44,Approved,2024-11-05
1364,12452,Size too small,1477.93,Approved,2024-12-02
1365,12468,Changed mind,2088.22,Approved,2026-06-02
1366,12476,Changed mind,2955.86,Approved,2026-05-27
1367,12497,Product damaged,434.65,Approved,2026-05-21
1368,12521,Fabric quality poor,2489.4,Approved,2024-08-03
1369,12530,Color mismatch,2761.13,Approved,2026-03-05
1370,12535,Size issue,377.09,Approved,2026-03-04
1371,12545,Size too large,922.42,Approved,2026-02-23
1372,12556,Size too large,2954.08,Approved,2026-03-01
1373,12561,Wrong size,8918.4,Pending,2026-02-25
1374,12563,Color mismatch,4978.8,Approved,2026-03-02
1375,12567,Uncomfortable fit,1834.35,Approved,2026-02-23
1376,12583,Color mismatch,3021.33,Approved,2023-12-26
1377,12584,Color mismatch,893.75,Pending,2023-12-24
1378,12590,Changed mind,893.75,Rejected,2024-10-22
1379,12594,Not as described,375.75,Approved,2025-05-02
1380,12601,Changed mind,695.64,Approved,2025-08-13
1381,12606,Not as described,772.4,Rejected,2024-08-30
1382,12629,Allergic reaction,2469.27,Approved,2026-02-16
1383,12634,Not as described,205.29,Approved,2026-06-27
1384,12637,Product damaged,361.35,Approved,2026-06-28
1385,12645,Fabric quality poor,1477.04,Approved,2024-10-03
1386,12655,Uncomfortable fit,844.84,Approved,2025-05-23
1387,12695,Changed mind,3668.7,Approved,08 Aug 2026
1388,12736,ALLERGIC REACTION,2679.66,Pending,2026-07-19
1389,12744,Fabric quality poor,922.42,Approved,2026-09-11
1390,12748,Color mismatch,1115.56,Approved,2025-12-27
1391,12754,Size too large,1477.93,Approved,2026-01-06
1392,12759,Product damaged,3881.01,Approved,01 Feb 2026
1393,12775,Size too small,2489.4,Approved,2026-03-29
1394,12782,Wrong size,2419.78,Approved,2026-04-16
1395,12811,Color mismatch,3833.9,Approved,2026-08-29
1396,12816,Product damaged,664.45,Rejected,2026-08-29
1397,12826,Size issue,754.18,Approved,2025-01-20
1398,12834,Uncomfortable fit,1916.95,Approved,2026-03-02
1399,12840,Color mismatch,4431.12,Rejected,2026-09-13
1400,12842,Color mismatch,2088.22,Approved,2026-09-11
1401,12851,Changed mind,2088.22,Approved,2024-06-28
1402,12854,Wrong size,844.84,Approved,2024-10-25
1403,12859,Shade mismatch,695.64,Rejected,2025-08-23
1404,12880,Uncomfortable fit,1115.56,Approved,2025-12-20
1405,12883,Size issue,804.47,Rejected,2025-10-11
1406,12889,Size too small,4540.98,Approved,2026-01-04
1407,12892,Color mismatch,844.84,Pending,2026-04-24
1408,12899,Size too large,782.44,Approved,2026-09-13
1409,12901,Changed mind,2489.4,Approved,2024-12-24
1410,12910,Size too small,3970.76,Approved,2025-04-22
1411,12916,Color mismatch,3021.33,Approved,2026-06-03
1412,12940,Changed mind,401.56,Approved,2024-10-17
1413,12950,Size too small,1477.04,Rejected,2025-11-14
1414,12951,Size too large,782.44,Approved,2026-01-21
1415,12955,Changed mind,6042.66,Approved,2026-04-01
1416,12962,Not as described,722.7,Pending,2026-08-15
1417,12964,Shade mismatch,1087.25,Approved,2025-03-25
1418,12965,Changed mind,2767.26,Approved,2025-11-12
1419,12975,Changed mind,823.09,Rejected,2026-01-31
1420,12985,Changed mind,2489.4,Pending,2026-04-03
1421,13002,CHANGED MIND,562.47,Pending,2025-10-09
1422,13028,Product damaged,1293.67,Approved,2025-08-24
1423,13030,Fabric quality poor,1985.38,Rejected,2025-09-08
1424,13031,Changed mind,434.65,Approved,2025-10-11
1425,13033,Changed mind,389.69,Rejected,2025-11-08
1426,13040,Size issue,754.18,Approved,2026-05-27
1427,13047,Color mismatch,922.42,Approved,2026-07-31
1428,13048,Size too small,2489.4,Approved,2026-07-31
1429,13053,Size issue,525.91,Approved,2026-07-29
1430,13056,Product damaged,664.45,Approved,2026-08-01
1431,13059,Uncomfortable fit,5487.12,Approved,2026-08-07
1432,13145,Uncomfortable fit,2174.44,Approved,2025-11-22
1433,13178,Product damaged,1328.9,Approved,2026-04-13
1434,13179,Product damaged,1391.28,Approved,2026-04-25
1435,13196,Not as described,654.36,Rejected,2026-07-01
1436,13205,Color mismatch,893.75,Pending,2026-08-26
1437,13220,Size too large,782.44,Approved,2026-07-18
1438,13229,Not as described,205.29,Approved,08-04-2026
1439,13237,Changed mind,654.36,Rejected,2026-04-09
1440,13242,Changed mind,893.75,Approved,2024-01-16
1441,13249,Shade mismatch,1786.44,Rejected,2024-07-14
1442,13250,Product damaged,550.26,Approved,2024-10-16
1443,13256,Changed mind,776.2,Rejected,2025-02-07
1444,13258,Changed mind,2270.49,Rejected,2025-06-18
1445,13259,Color mismatch,2231.12,Approved,2025-06-21
1446,13262,Color mismatch,782.44,Approved,2026-03-29
1447,13263,Size too small,4540.98,Rejected,2026-07-12
1448,13265,Changed mind,844.84,Approved,2026-07-18
1449,13283,Wrong size,3833.9,Approved,2026-03-20
1450,13314,Uncomfortable fit,5487.12,Approved,2023-08-24
1451,13321,Changed mind,2489.4,Rejected,2024-08-16
1452,13356,Changed mind,375.75,Approved,2025-05-04
1453,13372,Color mismatch,2909.4,Rejected,2024-07-10
1454,13376,Wrong size,1115.56,Approved,2024-08-30
1455,13378,Color mismatch,5487.12,Approved,2024-09-04
1456,13392,changed mind,844.84,Approved,2025-06-20
1457,13394,Product damaged,301.02,Approved,2025-08-21
1458,13396,Size issue,804.47,Pending,2025-08-23
1459,13430,WRONG SIZE,1287.64,Approved,2025-11-23
1460,13441,Size too small,1477.04,Approved,2026-03-24
1461,13442,Color mismatch,2489.4,Approved,2026-03-28
1462,13443,Changed mind,375.75,Approved,2026-03-26
1463,13444,Wrong size,2088.22,Approved,2026-03-28
1464,13446,Sole damage,5750.85,Approved,2026-04-06
1465,13449,Size issue,1338.76,Approved,2026-05-19
1466,13451,Size issue,377.09,Approved,2026-05-29
1467,13454,Changed mind,562.47,Approved,2026-07-07
1468,13457,Color mismatch,1477.04,Approved,2026-08-26
1469,13469,Size issue,1308.72,Approved,2024-03-15
1470,13472,Size too large,893.75,Pending,2024-08-29
1471,13482,Changed mind,2270.49,Approved,2026-08-13
1472,13491,Not as described,290.88,Approved,2025-10-31
1473,13495,Shade mismatch,275.13,Rejected,2026-01-02
1474,13550,Product damaged,1293.67,Approved,2025-11-03
1475,13567,Size too small,893.75,Approved,2026-05-17
1476,13574,Color mismatch,2972.8,Approved,2026-06-10
1477,13583,Changed mind,200.78,Approved,2023-11-30
1478,13585,Wrong size,4348.88,Approved,2025-06-06
1479,13591,UNCOMFORTABLE FIT,8230.68,Approved,2025-01-25
1480,13600,Size too small,8283.39,Pending,2025-04-11
1481,13603,Allergic reaction,275.13,Approved,2025-06-30
1482,13606,Shade mismatch,434.65,Approved,2025-09-28
1483,13616,Sole damage,1115.56,Approved,2026-09-10
1484,13642,Shade mismatch,664.45,Approved,2026-04-11
1485,13660,Color mismatch,2231.12,Approved,2024-04-25
1486,13662,Size issue,776.2,Approved,2024-05-05
1487,13677,Product damaged,434.65,Approved,2023-08-24
1488,13686,Product damaged,361.35,Approved,2023-12-20
1489,13688,Shade mismatch,1240.53,Approved,2024-01-14
1490,13691,Changed mind,695.64,Approved,2024-02-07
1491,13693,Changed mind,2587.34,Approved,2024-02-06
1492,13702,Size too small,2955.86,Approved,2024-06-19
1493,13744,Size too large,1477.93,Approved,2026-02-05
1494,13761,size too large,2909.4,Approved,2026-04-10
1495,13765,Size too large,1985.38,Rejected,2026-05-06
1496,13771,Uncomfortable fit,2174.44,Approved,2026-06-09
1497,13784,Size too large,7468.2,Approved,2026-07-21
1498,13785,Changed mind,2270.49,Approved,2026-07-21
1499,13786,Size too small,969.8,Approved,2026-07-14
1500,13822,Changed mind,375.75,Approved,2023-09-19
1501,13862,Sole damage,4464.21,Pending,2025-06-22
1502,13875,color mismatch,1115.56,Approved,2026-06-09
1503,13877,Uncomfortable fit,2972.8,Approved,2026-06-08
1504,13881,Fabric quality poor,3021.33,Approved,2026-06-15
1505,13883,Changed mind,1115.56,Approved,2026-06-19
1506,13884,Wrong size,1834.35,Approved,2026-06-24
1507,13886,Wrong size,2174.44,Approved,2026-06-20
1508,13895,Size too large,1844.84,Approved,2026-07-19
1509,13896,Color mismatch,3668.7,Approved,2026-07-16
1510,13918,Size too small,1939.6,Approved,2026-08-28
1511,13919,Size issue,804.47,Rejected,2026-08-30
1512,13933,Changed mind,654.36,Rejected,2026-09-12
1513,13938,Size too small,3970.76,Approved,2025-10-09
1514,13961,Size too small,3970.76,Approved,2026-05-06
1515,13962,Size too large,893.75,Approved,2026-05-07
1516,13965,Size too large,1477.93,Pending,2026-07-18
1517,13972,Not as described,669.38,Approved,2024-11-05
1518,13978,Sole damage,3668.7,Approved,2026-06-10
1519,13979,Changed mind,550.26,Approved,2026-06-17
1520,13990,Color mismatch,2489.4,Rejected,2025-04-08
1521,13991,Changed mind,1477.93,Approved,2025-04-05
1522,13992,Changed mind,654.36,Approved,2025-08-28
1523,13994,Sole damage,5487.12,Approved,2024-09-07
1524,14018,Shade mismatch,1692.3,Approved,2026-01-15
1525,14026,Size too large,4540.98,Approved,2026-07-10
1526,14039,Uncomfortable fit,1287.64,Approved,2026-08-10
1527,14077,Changed mind,386.2,Approved,2024-06-27
1528,14084,Size too large,2270.49,Approved,2024-11-07
1529,14092,Size too small,2955.86,Approved,2025-03-23
1530,14109,Product damaged,1293.67,Rejected,2025-11-30
1531,14118,Changed mind,6042.66,Approved,2026-02-22
1532,14133,Color mismatch,782.44,Approved,2026-08-29
1533,14148,Changed mind,969.8,Pending,2024-09-28
1534,14154,Product damaged,1240.53,Approved,2025-01-10
1535,14169,Product damaged,361.35,Approved,2025-08-15
1536,14194,Changed mind,2270.49,Rejected,2026-04-25
1537,14196,Size too large,1564.88,Pending,2026-04-26
1538,14230,Changed mind,2761.13,Approved,2026-03-09
1539,14233,Size too small,3021.33,Approved,2024-09-01
1540,14236,Shade mismatch,550.26,Approved,2025-01-13
1541,14237,Size too small,3021.33,Approved,2025-09-03
1542,14245,Size too large,1844.84,Approved,2026-06-21
1543,14246,Changed mind,2347.32,Approved,2026-06-17
1544,14248,Color mismatch,4433.79,Pending,2026-06-13
1545,14249,Changed mind,1087.25,Approved,2026-06-23
1546,14265,Allergic reaction,2587.34,Approved,2026-08-03
1547,14266,Uncomfortable fit,1115.56,Approved,2026-08-06
1548,14267,Uncomfortable fit,2743.56,Approved,2026-08-16
1549,14269,Uncomfortable fit,4464.21,Approved,2026-08-06
1550,14280,Shade mismatch,1293.67,Approved,2026-08-23
1551,14304,Size issue,716.49,Rejected,2025-12-17
1552,14314,Size too small,1787.5,Approved,2026-01-16
1553,14336,Color mismatch,5487.12,Approved,2026-04-16
1554,14347,Size too large,3021.33,Approved,2026-07-30
1555,14351,Color mismatch,2681.25,Approved,2026-09-06
1556,14356,Size too small,4978.8,Approved,2026-04-29
1557,14370,Changed mind,1834.35,Approved,2026-05-07
1558,14378,Size too small,782.44,Approved,2026-05-05
1559,14382,Color mismatch,2972.8,Approved,2026-05-05
1560,14394,Product damaged,1391.28,Rejected,2026-01-16
1561,14401,Size too small,1985.38,Approved,2026-07-11
1562,14416,Size too small,893.75,Approved,2024-08-13
1563,14420,Color mismatch,1834.35,Approved,2025-01-11
1564,14443,Color mismatch,2954.08,Approved,2026-02-15
1565,14461,Changed mind,1287.64,Approved,2026-03-19
1566,14464,Changed mind,969.8,Approved,2026-03-13
1567,14470,Color mismatch,1488.07,Approved,2026-05-03
1568,14490,Size issue,754.18,Approved,2026-07-01
1569,14499,CHANGED MIND,1477.04,Pending,2025-11-16
1570,14505,Fabric quality poor,3021.33,Approved,2025-12-17
1571,14508,Size too large,969.8,Approved,2026-01-02
1572,14517,Changed mind,776.2,Approved,2026-01-31
1573,14529,Wrong size,2088.22,Approved,2026-03-27
1574,14533,Changed mind,716.49,Rejected,2026-03-28
1575,14560,Fabric quality poor,1985.38,Pending,2026-09-02
1576,14563,Changed mind,2489.4,Rejected,2026-08-28
1577,14568,Changed mind,844.84,Approved,2026-07-01
1578,14570,Product damaged,200.78,Approved,2025-10-12
1579,14575,Changed mind,782.44,Approved,2025-10-18
1580,14590,Size too small,1985.38,Approved,2026-01-29
1581,14591,Fabric quality poor,6811.47,Approved,2026-01-27
1582,14602,Size too small,782.44,Rejected,2026-07-10
1583,14613,Changed mind,669.38,Approved,2026-04-14
1584,14623,Changed mind,2270.49,Approved,2026-05-04
1585,14628,Uncomfortable fit,4176.44,Approved,2026-06-20
1586,14630,Changed mind,2972.8,Approved,2026-06-21
1587,14646,Size too small,922.42,Approved,2025-09-03
1588,14664,Changed mind,1287.64,Approved,2024-12-22
1589,14677,Wrong size,1115.56,Approved,2025-12-19
1590,14696,Shade mismatch,1293.67,Approved,2026-05-04
1591,14699,Uncomfortable fit,1488.07,Approved,2026-08-13
1592,14701,Size too large,893.75,Approved,2026-06-28
1593,14744,Size too large,5522.26,Approved,2026-03-22
1594,14745,Changed mind,1985.38,Approved,2026-03-23
1595,14758,Sole damage,1834.35,Approved,2026-03-21
1596,14763,Color mismatch,6042.66,Approved,2026-03-30
1597,14764,Color mismatch,1985.38,Pending,2026-04-06
1598,14804,Wrong size,2088.22,Approved,2026-08-06
1599,14814,Allergic reaction,275.13,Approved,2026-08-26
1600,14830,Fabric quality poor,1985.38,Approved,2026-05-12
1601,14831,Size too small,2270.49,Approved,2026-05-16
1602,14835,Changed mind,664.45,Approved,2026-07-12
1603,14849,Changed mind,3021.33,Approved,2026-03-12
1604,14866,Changed mind,1689.68,Approved,2025-06-10
1605,14899,Not as described,377.09,Pending,2025-01-07
1606,14904,Wrong size,1916.95,Approved,2026-08-17
1607,14933,NOT AS DESCRIBED,1308.76,Pending,2026-05-22
1608,14936,Size too small,893.75,Rejected,2026-07-29
1609,14938,Size too small,969.8,Rejected,2026-07-25
1610,14989,size too large,3021.33,Approved,2026-02-28
1611,14990,Size too large,8283.39,Rejected,2026-03-07
1612,14991,Wrong size,2976.14,Approved,2026-04-26
1613,15003,Uncomfortable fit,3346.68,Approved,2026-06-16
1614,15004,Color mismatch,1689.68,Approved,2026-06-22
1615,15041,Size too large,4978.8,Approved,2024-04-11
1616,15050,Size too large,2909.4,Approved,2025-01-21
1617,15061,Changed mind,2419.78,Approved,2025-09-01
1618,15068,Not as described,401.56,Approved,2026-01-17
1619,15071,Not as described,361.35,Pending,2026-03-23
1620,15075,Size issue,1552.4,Approved,2026-05-12
1621,15080,Wrong size,2972.8,Approved,2026-09-02
1622,15094,Size too large,5522.26,Approved,2025-11-29
1623,15129,Size issue,804.47,Approved,2026/06/29
1624,15135,Changed mind,823.09,Approved,2025-01-06
1625,15145,Changed mind,654.38,Approved,2025-06-06
1626,15154,Uncomfortable fit,3668.7,Rejected,2026-01-09
1627,15159,Changed mind,2489.4,Approved,2026-02-19
1628,15168,Changed mind,804.47,Approved,2025-06-16
1629,15175,Fabric quality poor,2761.13,Rejected,2025-09-17
1630,15188,Sole damage,1834.35,Approved,2026-01-07
1631,15189,Fabric quality poor,2761.13,Approved,2026-01-10
1632,15190,Color mismatch,782.44,Approved,2026-01-17
1633,15202,Uncomfortable fit,844.84,Approved,2026-03-29
1634,15225,Size issue,525.91,Approved,2024-05-23
1635,15226,Not as described,676.56,Rejected,2024-05-15
1636,15232,Wrong size,1287.64,Approved,2024-10-10
1637,15234,Allergic reaction,562.47,Pending,2024-11-19
1638,15241,Changed mind,893.22,Rejected,2025-02-20
1639,15253,Changed mind,205.29,Approved,2026-01-04
1640,15254,Uncomfortable fit,2419.78,Approved,2026-01-23
1641,15260,Changed mind,275.13,Approved,2026-02-22
1642,15277,Size too small,1985.38,Rejected,2026-05-26
1643,15279,Shade mismatch,695.64,Approved,2026-08-25
1644,15289,Not as described,789.2,Approved,2025-05-09
1645,15317,Color mismatch,2347.32,Approved,2026-01-01
1646,15318,Fabric quality poor,969.8,Rejected,2026/01/11
1647,15320,Color mismatch,3668.7,Approved,2026-01-14
1648,15338,Sole damage,3862.92,Approved,2026-07-08
1649,15341,Product damaged,233.58,Pending,2026-08-29
1650,15351,Color mismatch,4348.88,Approved,2025-06-30
1651,15356,Color mismatch,8283.39,Approved,2025-09-18
1652,15375,Wrong size,2174.44,Approved,2026-06-07
1653,15396,Changed mind,2174.44,Approved,18-11-2024
1654,15399,Size too small,2489.4,Approved,2026-08-12
1655,15401,Changed mind,5945.6,Rejected,2026-08-20
1656,15403,Sole damage,7259.34,Approved,2026-08-24
1657,15407,Allergic reaction,1328.9,Approved,2026-09-06
1658,15429,Size too large,782.44,Approved,2026-01-08
1659,15435,Size too small,4540.98,Approved,2026-02-08
1660,15443,Changed mind,1916.95,Pending,2026-06-20
1661,15454,Color mismatch,969.8,Approved,2026-03-03
1662,15455,Fabric quality poor,1477.04,Approved,2026-02-23
1663,15458,Color mismatch,8230.68,Approved,2026-03-03
1664,15469,Size too large,782.44,Approved,2026-05-13
1665,15498,Size issue,654.36,Approved,2026-06-22
1666,15506,Color mismatch,1787.5,Pending,2025/03/28
1667,15514,Shade mismatch,1240.53,Approved,2025-06-15
1668,15515,Product damaged,200.78,Approved,2025-06-14
1669,15537,Not as described,2029.68,Rejected,2026-04-14
1670,15539,Changed mind,5945.6,Rejected,30-04-2026
1671,15550,Changed mind,1488.07,Approved,2025-10-14
1672,15553,Color mismatch,1115.56,Approved,2026-02-02
1673,15558,Fabric quality poor,3021.33,Approved,2026-06-15
1674,15563,Changed mind,394.6,Approved,2024-12-16
1675,15573,Size too large,969.8,Rejected,2025-01-03
1676,15578,SIZE TOO LARGE,893.75,Approved,2025-01-08
1677,15590,Shade mismatch,2174.5,Approved,2025-02-10
1678,15592,Not as described,676.56,Pending,2025-02-16
1679,15593,SIZE ISSUE,654.36,Approved,2025-02-16
1680,15595,Size too small,782.44,Approved,2025-03-15
1681,15596,Color mismatch,5522.26,Approved,2025-03-19
1682,15597,Fabric quality poor,1477.04,Approved,2025-04-06
1683,15606,Product damaged,1124.94,Approved,2025-05-01
1684,15611,Product damaged,1293.67,Pending,2025-05-26
1685,15612,Size too small,782.44,Pending,2025-06-16
1686,15631,Color mismatch,2743.56,Pending,2025-08-05
1687,15635,Color mismatch,2489.4,Approved,22 Sep 2025
1688,15637,Product damaged,1646.18,Approved,2025-11-19
1689,15639,SIZE TOO LARGE,2954.08,Approved,2026-03-18
1690,15640,Changed mind,3021.33,Approved,2026-03-19
1691,15649,Size issue,2966.19,Approved,2024-08-04
1692,15652,Wrong size,2972.8,Approved,2024-10-11
1693,15653,Color mismatch,1488.07,Rejected,2024-10-13
1694,15665,Changed mind,695.64,Approved,2026-06-04
1695,15668,Changed mind,1916.95,Approved,2026-09-02
1696,15669,Changed mind,2174.44,Approved,2026-09-08
1697,15677,Color mismatch,1287.64,Approved,2026-09-09
1698,15693,Product damaged,389.69,Approved,2026-09-01
1699,15700,Color mismatch,2347.32,Approved,2026-09-05
1700,15721,Changed mind,1488.07,Approved,2024-06-29
1701,15729,Size issue,716.49,Approved,2025-02-01
1702,15735,Changed mind,1477.04,Approved,2026-09-14
1703,15750,Size too large,1939.6,Approved,2026-09-10
1704,15778,Not as described,205.29,Rejected,2026-09-14
1705,15790,Changed mind,2743.56,Approved,2026-02-19
1706,15794,Color mismatch,2743.56,Approved,2026-05-08
1707,15801,Changed mind,4176.44,Approved,04-09-2025
1708,15813,Color mismatch,2743.56,Approved,2026-01-04
1709,15822,Changed mind,264.09,Approved,2026-04-27
1710,15823,Not as described,1977.46,Approved,2026-06-02
1711,15826,Uncomfortable fit,2174.44,Pending,2025-04-22
1712,15834,CHANGED MIND,2419.78,Approved,2023-08-24
1713,15838,Wrong size,1488.07,Approved,2024-01-13
1714,15855,Not as described,789.2,Approved,2026-01-05
1715,15857,Color mismatch,1115.56,Approved,2026-01-01
1716,15861,Changed mind,2761.13,Approved,2026-01-12
1717,15866,Product damaged,562.47,Approved,2026-09-05
1718,15879,Color mismatch,1985.38,Approved,2026-04-23
1719,15883,size too large,2909.4,Approved,2026-04-29
1720,15885,Size too large,4540.98,Approved,2026-04-20
1721,15893,Changed mind,869.3,Approved,2026-06-26
1722,15895,Shade mismatch,2587.34,Approved,2026-06-21
1723,15897,Size too small,1477.04,Approved,2026-07-03
1724,15898,Fabric quality poor,4433.79,Approved,2026-06-26
1725,15909,Uncomfortable fit,4348.88,Approved,2026-07-23
1726,15934,Shade mismatch,1786.44,Approved,2025-04-20
1727,15938,Changed mind,844.84,Approved,07 Feb 2026
1728,15939,Changed mind,525.91,Approved,2026-02-18
1729,15943,Size too small,1844.84,Rejected,2026-02-20
1730,15944,Size too small,1477.04,Approved,2026-02-26
1731,15953,Color mismatch,2743.56,Approved,05/03/2026
1732,15972,Changed mind,2955.86,Approved,2026-08-30
1733,15974,Allergic reaction,1293.67,Approved,2026-05-09
1734,15977,Color mismatch,1488.07,Approved,2026-04-30
1735,15987,Changed mind,654.38,Approved,2026-07-05
1736,15993,Wrong size,2419.78,Approved,2026-08-09
1737,15994,Changed mind,3833.9,Approved,2026-08-03
1738,15995,Product damaged,1240.53,Approved,2026-08-20
1739,16000,Uncomfortable fit,5487.12,Approved,2026/08/17
1740,16001,Sole damage,4176.44,Approved,2026-08-12
1741,16021,Size too small,1985.38,Approved,2024-06-02
1742,16025,Product damaged,893.22,Approved,2024-06-11
1743,16037,Changed mind,275.13,Approved,2024-10-05
1744,16043,Sole damage,1916.95,Pending,2025-01-06
1745,16111,Fabric quality poor,2955.86,Approved,2025-01-01
1746,16114,Wrong size,1689.68,Approved,2025-02-04
1747,16120,Changed mind,1939.6,Approved,2025-03-20
1748,16132,Size issue,654.36,Pending,2026-05-06
1749,16135,Changed mind,5522.26,Approved,2026-05-21
1750,16141,Not as described,776.2,Approved,2026-03-21
1751,16143,Sole damage,2174.44,Approved,2026-03-28
1752,16149,Size too large,1985.38,Approved,2026-04-05
1753,16154,Product damaged,389.69,Approved,2025-11-04
1754,16167,Size too small,1477.04,Pending,2026-02-04
1755,16174,Sole damage,1834.35,Approved,2026-01-28
1756,16183,Size issue,669.38,Rejected,2026-02-10
1757,16188,Color mismatch,782.44,Approved,2026-03-24
1758,16189,Color mismatch,1787.5,Approved,2026-04-25
1759,16258,Color mismatch,2419.78,Approved,2024-09-30
1760,16259,Uncomfortable fit,3833.9,Approved,2024-09-27
1761,16260,Color mismatch,2270.49,Approved,2024-10-20
1762,16266,Changed mind,1787.5,Approved,2025-01-09
1763,16267,Fabric quality poor,4431.12,Approved,2025-03-22
1764,16279,Changed mind,5522.26,Approved,2025-06-29
1765,16294,Size issue,804.47,Approved,2025-10-08
1766,16299,Color mismatch,6264.66,Approved,2026-01-31
1767,16327,Changed mind,969.8,Pending,2026-08-23
1768,16337,Changed mind,145.44,Rejected,2026-09-08
1769,16346,Product damaged,205.29,Pending,2026-05-25
1770,16362,Sole damage,2743.56,Approved,2025-08-02
1771,16368,Size issue,988.73,Approved,2025-09-01
1772,16379,Shade mismatch,2587.34,Approved,2025-08-28
1773,16392,Changed mind,2743.56,Approved,2025-09-07
1774,16394,Sole damage,5945.6,Approved,2025-09-14
1775,16400,Color mismatch,2976.14,Rejected,2025-10-15
1776,16402,Uncomfortable fit,1115.56,Approved,2025-10-26
1777,16408,Not as described,716.49,Approved,2025-11-08
1778,16410,Shade mismatch,275.13,Approved,2025/11/25
1779,16412,Size too large,969.8,Approved,2025-11-24
1780,16426,Size too small,1985.38,Rejected,2025-10-30
1781,16435,Size too large,2270.49,Approved,2026-05-20
1782,16449,Color mismatch,1115.56,Approved,2026-08-17
1783,16460,Sole damage,2972.8,Approved,2025-09-15
1784,16465,Not as described,233.58,Approved,2025-09-30
1785,16472,Product damaged,275.13,Approved,2025-12-02
1786,16482,Size too small,6042.66,Approved,2026-01-27
1787,16488,Changed mind,3970.76,Approved,2026-03-15
1788,16495,Allergic reaction,869.3,Rejected,2026-05-17
1789,16496,Product damaged,1087.25,Approved,2026-05-24
1790,16497,Size too large,2955.86,Approved,2026-05-31
1791,16499,Size too small,1477.04,Rejected,2026-06-27
1792,16506,Changed mind,8918.4,Approved,2026-07-15
1793,16511,Color mismatch,5522.26,Approved,2026-08-20
1794,16512,Color mismatch,3021.33,Approved,2026-08-11
1795,16524,Not as described,375.75,Approved,2025-05-23
1796,16525,size too large,2761.13,Approved,2025-10-13
1797,16528,Changed mind,3021.33,Approved,2025-10-11
1798,16534,Allergic reaction,1087.25,Approved,2024-02-12
1799,16541,Fabric quality poor,1477.93,Approved,2025-02-05
1800,16542,Allergic reaction,275.13,Pending,2025-03-30
1801,16547,Allergic reaction,893.22,Approved,2025-08-18
1802,16548,ALLERGIC REACTION,550.26,Pending,2025-10-28
1803,16557,Sole damage,2972.8,Approved,2026-02-11
1804,16569,Changed mind,377.09,Pending,2026-08-25
1805,16633,Sole damage,4839.56,Rejected,2026-07-11
1806,16635,Size too small,2270.49,Approved,2026-07-15
1807,16656,Not as described,1308.72,Approved,2026-08-22
1808,16674,Product damaged,401.56,Approved,2026-09-02
1809,16692,Not as described,669.38,Pending,12/26/2025
1810,16700,Color mismatch,2088.22,Approved,2026-01-01
1811,16718,Size issue,1608.94,Approved,2026-04-30
1812,16720,Size issue,1338.76,Approved,2026-05-08
1813,16724,Size too small,2489.4,Approved,2026-06-20
1814,16737,Changed mind,2419.78,Pending,2026-09-08
1815,16742,Shade mismatch,434.65,Approved,2024-08-28
1816,16747,Color mismatch,2743.56,Approved,2024-09-13
1817,16761,Fabric quality poor,4540.98,Approved,2025-03-11
1818,16774,Size too small,782.44,Approved,2025-10-17
1819,16779,Not as described,776.2,Approved,2026-05-19
1820,16815,Sole damage,1834.35,Pending,2025-03-22
1821,16821,Color mismatch,2972.8,Approved,2025-04-03
1822,16826,Size too small,2270.49,Approved,2025-04-07
1823,16830,Color mismatch,6264.66,Pending,2025-05-01
1824,16846,Changed mind,2761.13,Approved,2025-06-18
1825,16868,Not as described,264.09,Approved,2025-06-30
1826,16870,Changed mind,4176.44,Approved,2025-06-25
1827,16875,Size too small,922.42,Approved,2025-07-05
1828,16882,Size too small,5956.14,Approved,2026-08-15
1829,16913,Uncomfortable fit,7259.34,Approved,2026-09-04
1830,16924,Color mismatch,2270.49,Approved,2026-02-15
1831,16932,Color mismatch,1477.04,Approved,2024-06-02
1832,16938,Color mismatch,4839.56,Pending,2025-02-13
1833,16940,Not as described,394.6,Approved,01 Mar 2025
1834,16949,Allergic reaction,562.47,Approved,2025-09-10
1835,16953,Allergic reaction,1240.53,Rejected,2025-12-21
1836,16959,Sole damage,1115.56,Rejected,2026-06-22
1837,16976,Uncomfortable fit,844.84,Approved,2026-03-26
1838,16978,Uncomfortable fit,2419.78,Rejected,2026-08-26
1839,16981,Not as described,654.36,Approved,2026-01-03
1840,16990,Sole damage,2174.44,Approved,2025-10-27
1841,16991,Uncomfortable fit,2972.8,Approved,2025-10-15
1842,16996,Color mismatch,782.44,Approved,2026-02-09
1843,17012,Changed mind,1391.28,Approved,2026-03-27
1844,17017,Color mismatch,1477.04,Approved,2026-06-12
1845,17027,Color mismatch,1488.07,Approved,2026-08-29
1846,17030,Changed mind,1488.07,Approved,2026-06-12
1847,17043,Changed mind,275.13,Approved,2025-08-25
1848,17068,Changed mind,243.4,Approved,2026-04-04
1849,17070,Not as described,301.02,Approved,2026-04-01
1850,17081,Size too large,893.75,Approved,2026-08-05
1851,17082,Fabric quality poor,1477.04,Approved,2026-08-10
1852,17085,Changed mind,1432.98,Approved,2026-08-22
1853,17108,Changed mind,1985.38,Approved,2026-04-25
1854,17130,Sole damage,1834.35,Pending,2026-09-05
1855,17142,Size too large,782.44,Approved,2024-03-23
1856,17145,Changed mind,525.91,Rejected,2024-06-27
1857,17148,Uncomfortable fit,5945.6,Approved,2024-09-04
1858,17151,Wrong size,2231.12,Approved,2024-09-02
1859,17180,Color mismatch,2743.56,Approved,2025-03-01
1860,17185,Changed mind,922.42,Approved,2025-06-18
1861,17192,SIZE TOO LARGE,2270.49,Rejected,2025/10/07
1862,17202,Size too large,3970.76,Approved,2026-08-04
1863,17210,Changed mind,922.42,Approved,2025-01-31
1864,17214,Size too small,1985.38,Approved,2025-10-17
1865,17218,Shade mismatch,1124.94,Approved,2026-03-19
1866,17224,Uncomfortable fit,2972.8,Approved,2026-07-06
1867,17227,Uncomfortable fit,1115.56,Approved,2026-08-20
1868,17229,Size too small,2955.86,Approved,2026-08-19
1869,17231,Color mismatch,922.42,Pending,2026-08-30
1870,17239,Fabric quality poor,1985.38,Approved,2026-09-03
1871,17249,Changed mind,2575.28,Approved,2026-07-13
1872,17253,Changed mind,844.84,Approved,2026-07-26
1873,17257,Fabric quality poor,1787.5,Approved,2026-08-18
1874,17278,Color mismatch,2231.12,Rejected,2026-03-27
1875,17279,SOLE DAMAGE,844.84,Approved,2026-03-22
1876,17283,Size too large,969.8,Approved,2025-07-21
1877,17284,Size too small,4431.12,Pending,2025-07-23
1878,17290,Color mismatch,2761.13,Approved,2025/09/07
1879,17295,Color mismatch,2972.8,Approved,2025-09-16
1880,17302,Size issue,654.38,Approved,2025-11-09
1881,17314,Product damaged,562.47,Rejected,2026-01-12
1882,17338,Changed mind,2743.56,Pending,2026-06-25
1883,17362,Product damaged,789.2,Approved,2026-08-13
1884,17376,Changed mind,525.91,Approved,2026-09-08
1885,17384,Fabric quality poor,2761.13,Approved,2025-08-26
1886,17414,Fabric quality poor,1477.04,Approved,2026-08-20
1887,17419,Not as described,772.4,Approved,2026-08-28
1888,17437,Color mismatch,4348.88,Approved,2026-01-09
1889,17443,Wrong size,844.84,Approved,2026-02-08
1890,17449,Changed mind,1183.8,Approved,2026-03-24
1891,17457,Size too large,3021.33,Approved,2026-07-01
1892,17460,Changed mind,389.69,Approved,2026-07-14
1893,17467,changed mind,8918.4,Pending,2026-08-17
1894,17471,Not as described,243.4,Approved,2026-09-05
1895,17481,Changed mind,562.47,Approved,29 Aug 2023
1896,17483,Shade mismatch,1293.67,Approved,2024-08-31
1897,17503,Changed mind,3721.59,Approved,2025-10-24
1898,17515,Wrong size,1834.35,Pending,2026-02-04
1899,17518,Not as described,804.47,Approved,2026-01-26
1900,17520,Fabric quality poor,2489.4,Approved,2026-01-31
1901,17522,Color mismatch,1477.04,Approved,2026-02-12
1902,17538,Not as described,804.47,Approved,2025-01-27
1903,17559,Size too small,2489.4,Approved,2026-09-01
1904,17566,Sole damage,4839.56,Pending,2025-08-21
1905,17604,Not as described,375.75,Approved,2025-11-07
1906,17606,Size too large,3021.33,Approved,2025-11-02
1907,17612,Fabric quality poor,6042.66,Approved,2025-11-12
1908,17630,Changed mind,1939.6,Approved,2025-12-29
1909,17643,Color mismatch,1477.93,Rejected,2026-02-07
1910,17647,Shade mismatch,1124.94,Approved,2026-02-08
1911,17650,Color mismatch,1916.95,Approved,2026-02-11
1912,17666,Size too large,2489.4,Approved,2026-02-22
1913,17681,Changed mind,1834.35,Approved,2025-03-22
1914,17703,Changed mind,1985.38,Pending,2026-09-04
1915,17709,Shade mismatch,1293.67,Approved,2026-08-31
1916,17716,Changed mind,893.75,Approved,2025-10-04
1917,17731,Shade mismatch,1087.25,Approved,2025-02-04
1918,17742,Sole damage,2231.12,Approved,2025-04-25
1919,17764,Size issue,669.38,Approved,2025-08-26
1920,17765,NOT AS DESCRIBED,776.2,Approved,2025-08-28
1921,17787,Allergic reaction,869.3,Approved,2026-02-09
1922,17796,Wrong size,5487.12,Approved,2026-04-02
1923,17797,Sole damage,2419.78,Approved,2026-04-02
1924,17813,Sole damage,1834.35,Approved,2025-08-22
1925,17832,Uncomfortable fit,3668.7,Approved,2024-08-24
1926,17852,Changed mind,3833.9,Approved,2026-07-28
1927,17870,Changed mind,2955.86,Pending,2026-06-30
1928,17871,Changed mind,654.36,Approved,2026-07-02
1929,17874,Changed mind,275.13,Approved,2024-01-02
1930,17875,Size too large,1477.04,Approved,2025-06-10
1931,17889,Color mismatch,2088.22,Approved,2026-09-11
1932,17903,Size too large,782.44,Approved,2026-01-07
1933,17918,Size too large,1477.93,Approved,2026-04-01
1934,17923,Fabric quality poor,1477.04,Approved,2024-02-24
1935,17929,Product damaged,394.6,Approved,2024-11-14
1936,17939,Changed mind,695.64,Pending,2025-11-02
1937,17941,Not as described,375.75,Approved,2025-12-18
1938,17956,Changed mind,2270.49,Rejected,2025-12-02
1939,17957,Size too small,1477.93,Approved,2025-12-08
1940,17970,Shade mismatch,1293.67,Rejected,2025-12-05
1941,17973,Size too small,2347.32,Approved,2025-12-04
1942,17974,Size too small,1985.38,Approved,2025-12-02
1943,17981,Sole damage,2088.22,Approved,2025-12-05
1944,17982,Color mismatch,1834.35,Approved,2025-12-04
1945,17986,Size too small,1985.38,Approved,2025-12-13
1946,18029,Changed mind,782.44,Approved,09/09/2026
1947,18034,Wrong size,4839.56,Approved,2026-09-10
1948,18078,Size too large,2489.4,Approved,2024-10-25
1949,18083,Changed mind,2231.12,Rejected,2024-11-22
1950,18086,Color mismatch,2174.44,Approved,2024-12-17
1951,18091,Uncomfortable fit,1488.07,Pending,2025-03-19
1952,18093,Color mismatch,5487.12,Approved,2025-03-25
1953,18099,Changed mind,5522.26,Rejected,2025-10-21
1954,18100,Fabric quality poor,2270.49,Approved,2025-10-20
1955,18105,Color mismatch,893.75,Pending,2026-07-25
1956,18108,Size too small,6042.66,Approved,2026-08-16
1957,18110,Changed mind,1916.95,Approved,2026-08-13
1958,18113,Size too small,893.75,Approved,2026-08-23
1959,18116,Uncomfortable fit,1834.35,Pending,2026-08-27
1960,18134,Product damaged,1240.53,Rejected,2025-08-20
1961,18156,Color mismatch,969.8,Approved,2025-12-18
1962,18177,Product damaged,1993.35,Approved,2026-06-18
1963,18183,Changed mind,1916.95,Approved,2026-08-05
1964,18203,Color mismatch,2761.13,Approved,2026-06-17
1965,18216,Changed mind,4839.56,Rejected,2026-07-21
1966,18219,Size too large,2761.13,Approved,2026-07-29
1967,18221,Changed mind,2029.68,Approved,2026-08-21
1968,18228,Color mismatch,1477.04,Pending,2026-08-29
1969,18247,Changed mind,2270.49,Pending,2024-10-17
1970,18249,changed mind,389.69,Approved,2026-08-09
1971,18266,changed mind,2174.44,Approved,2026-08-29
1972,18276,Color mismatch,969.8,Approved,2026-09-04
1973,18285,Changed mind,1240.53,Approved,15-09-2026
1974,18296,Allergic reaction,1692.3,Approved,2026-06-18
1975,18300,Uncomfortable fit,2972.8,Approved,2026-06-21
1976,18312,Color mismatch,6042.66,Approved,2026-06-30
1977,18319,Wrong size,844.84,Pending,2026-06-29
1978,18322,Changed mind,782.44,Rejected,2026-06-27
1979,18326,Wrong size,2972.8,Approved,2026-06-25
1980,18331,Not as described,200.78,Approved,2026-07-02
1981,18334,Changed mind,394.6,Approved,2026-06-24
1982,18337,Changed mind,361.35,Approved,2026-07-02
1983,18366,Size too small,1985.38,Approved,2026-02-07
1984,18370,SIZE TOO SMALL,2761.13,Approved,2026-03-24
1985,18410,Shade mismatch,3881.01,Approved,2026-08-31
1986,18412,Uncomfortable fit,2575.28,Approved,2026-09-09
1987,18432,Changed mind,1087.25,Approved,2026-01-14
1988,18449,Size too small,969.8,Approved,2026-08-31
1989,18465,Fabric quality poor,2767.26,Approved,2025-02-06
1990,18472,Changed mind,5487.12,Approved,2026-02-15
1991,18473,Uncomfortable fit,3668.7,Approved,2026-02-15
1992,18478,Size too small,1564.88,Rejected,2026-06-10
1993,18483,Fabric quality poor,1564.88,Approved,2026-09-08
1994,18487,Product damaged,789.2,Approved,2025-01-06
1995,18491,Product damaged,823.09,Approved,2026-07-18
1996,18525,Changed mind,4978.8,Approved,2026-06-28
1997,18531,Fabric quality poor,2489.4,Approved,2025-11-28
1998,18539,Sole damage,5487.12,Approved,2024-05-03
1999,18545,Wrong size,4839.56,Approved,2025-12-23
2000,18547,Changed mind,1115.56,Approved,2025-12-29
2001,18572,Product damaged,233.58,Approved,2025-08-01
2002,18577,Not as described,264.09,Rejected,2026-03-26
2003,18586,Changed mind,562.47,Approved,2025-01-09
2004,18588,Product damaged,1293.67,Rejected,2025-01-05
2005,18606,Changed mind,1834.35,Rejected,2024-05-21
2006,18615,Size too small,1477.04,Approved,2025-11-15
2007,18627,CHANGED MIND,2088.22,Approved,2025-01-02
2008,18634,Size too large,6042.66,Pending,2024-12-20
2009,18651,Size issue,776.2,Approved,2026-02-23
2010,18652,Not as described,1051.82,Approved,2026-02-27
2011,18657,uncomfortable fit,1287.64,Approved,2026-04-25
2012,18664,Fabric quality poor,1985.38,Approved,2026-09-11
2013,18666,Sole damage,844.84,Approved,2026-09-04
2014,18693,Color mismatch,2174.44,Rejected,2025-06-05
2015,18695,Color mismatch,1477.93,Approved,2026-09-07
2016,18697,Fabric quality poor,8283.39,Approved,2026-09-07
2017,18703,Color mismatch,1834.35,Approved,2025-11-15
2018,18710,Shade mismatch,434.65,Approved,2025-12-18
2019,18722,Color mismatch,2761.13,Approved,2025-12-26
2020,18723,Size too large,1985.38,Rejected,2025-12-22
2021,18736,Size too large,922.42,Approved,2025-12-25
2022,18748,Size too large,782.44,Approved,2025-12-25
2023,18752,Changed mind,804.47,Pending,2025-12-26
2024,18753,Changed mind,1985.38,Approved,2025-12-22
2025,18762,Fabric quality poor,7468.2,Approved,2024-09-30
2026,18767,Product damaged,664.45,Approved,2025-10-30
2027,18773,Changed mind,205.29,Approved,2026-06-14
2028,18774,Not as described,389.69,Approved,2026-06-16
2029,18778,Fabric quality poor,782.44,Approved,2026-09-03
2030,18783,Changed mind,2270.49,Approved,2026-09-07
2031,18795,Fabric quality poor,1477.93,Pending,2026-06-19
2032,18804,Product damaged,893.22,Approved,2026-06-26
2033,18815,Sole damage,1488.07,Approved,2026-07-22
2034,18829,CHANGED MIND,1689.68,Pending,2026-08-24
2035,18834,Changed mind,1488.07,Rejected,2026-08-29
2036,18836,Allergic reaction,3881.01,Approved,2026-08-28
2037,18850,Wrong size,1488.07,Approved,2026-08-30
2038,18890,Changed mind,1477.93,Approved,2026-09-07
2039,18910,Changed mind,2761.13,Approved,2026-09-07
2040,18914,Changed mind,2955.86,Pending,2025-10-12
2041,18927,Wrong size,3833.9,Pending,2025-02-09
2042,18934,Wrong size,4348.88,Approved,2025-06-27
2043,18939,Fabric quality poor,922.42,Approved,2026-08-15
2044,18948,Fabric quality poor,969.8,Approved,2026-08-21
2045,18950,Color mismatch,3021.33,Rejected,2026-08-23
2046,18959,Changed mind,467.16,Approved,2026-08-21
2047,18965,Changed mind,2088.22,Approved,2026-08-27
2048,18970,Wrong size,2575.28,Approved,2025-08-29
2049,18972,Sole damage,4839.56,Rejected,2025-08-28
2050,18973,Changed mind,2743.56,Rejected,2025-09-04
2051,18976,Wrong size,2743.56,Approved,2025-09-11
2052,19024,fabric quality poor,2270.49,Approved,2025-09-30
2053,19030,Changed mind,782.44,Approved,2026-04-21
2054,19044,Fabric quality poor,2347.32,Approved,2026-09-05
2055,19056,Changed mind,3833.9,Approved,2026-09-04
2056,19066,Changed mind,2534.52,Approved,2024-12-24
2057,19067,Changed mind,2743.56,Rejected,2024-12-22
2058,19071,Changed mind,1293.67,Approved,2025-09-30
2059,19079,Size too large,2270.49,Approved,2026-08-25
2060,19082,Color mismatch,9063.99,Approved,2026-08-22
2061,19092,Sole damage,1287.64,Approved,2026-09-01
2062,19106,Changed mind,893.75,Approved,2025-01-03
2063,19107,Fabric quality poor,6042.66,Approved,2025-01-04
2064,19124,Product damaged,301.02,Approved,2026-07-18
2065,19126,Product damaged,1293.67,Approved,2026-09-05
2066,19129,Color mismatch,1564.88,Approved,2025-03-24
2067,19160,Fabric quality poor,1985.38,Approved,08-10-2024
2068,19194,Changed mind,922.42,Approved,2025-09-10
2069,19195,Size too small,782.44,Pending,2025-09-07
2070,19203,Sole damage,3833.9,Rejected,2025-10-18
2071,19204,Changed mind,1115.56,Approved,2025-10-06
2072,19207,Size too small,1985.38,Rejected,2025-11-23
2073,19222,Size too small,969.8,Approved,2024-07-21
2074,19226,Size too small,969.8,Approved,06-06-2025
2075,19235,Fabric quality poor,1985.38,Approved,2023-06-08
2076,19237,Size too small,2489.4,Approved,2023-06-12
2077,19250,Changed mind,1240.53,Approved,2024-10-12
2078,19251,Product damaged,823.09,Approved,2024-10-01
2079,19253,Changed mind,2761.13,Approved,2024-10-27
2080,19275,Changed mind,8918.4,Approved,2026-02-02
2081,19277,Sole damage,2419.78,Rejected,2026-02-04
2082,19279,Size too small,1844.84,Approved,2026-02-13
2083,19293,Size too small,2681.25,Approved,2026-02-02
2084,19294,Changed mind,1477.04,Approved,2026-02-15
2085,19299,wrong size,2743.56,Approved,2026-02-11
2086,19304,Allergic reaction,1646.18,Approved,2026-02-15
2087,19318,Wrong size,2419.78,Approved,2025-09-07
2088,19323,Size too large,2955.86,Approved,2026-01-26
2089,19324,Color mismatch,893.75,Approved,2026-02-03
2090,19340,Allergic reaction,846.15,Approved,2025-06-08
2091,19345,Wrong size,1916.95,Pending,2026-08-17
2092,19348,Changed mind,1287.64,Approved,2026-08-19
2093,19353,Changed mind,716.49,Approved,2026-08-28
2094,19386,Product damaged,664.45,Approved,2026/07/31
2095,19401,Wrong size,2088.22,Approved,2026-06-17
2096,19414,Fabric quality poor,1564.88,Approved,2026-08-02
2097,19425,Product damaged,233.58,Approved,2026-06-25
2098,19437,Color mismatch,5487.12,Approved,2026-06-21
2099,19438,Not as described,377.09,Approved,2026-06-30
2100,19439,Changed mind,669.38,Approved,2026-06-27
2101,19452,Size too large,1787.5,Approved,2024-11-23
2102,19456,Color mismatch,2575.28,Approved,2025-01-13
2103,19458,Size too large,1844.84,Approved,2025-01-27
2104,19467,Color mismatch,8230.68,Approved,2025-05-09
2105,19473,Sole damage,1916.95,Approved,2025-08-22
2106,19500,Size too large,1477.04,Approved,2026-01-15
2107,19512,Color mismatch,2419.78,Approved,2026-06-18
2108,19516,Changed mind,1985.38,Approved,2026-08-24
2109,19517,Color mismatch,969.8,Pending,2026-08-24
2110,19541,Sole damage,2419.78,Approved,2023-09-02
2111,19546,Fabric quality poor,2955.86,Approved,2024-02-02
2112,19548,Shade mismatch,1124.94,Pending,2024-02-18
2113,19553,Color mismatch,3970.76,Approved,2024-03-23
2114,19554,Changed mind,5522.26,Rejected,2024-03-25
2115,19575,Allergic reaction,893.22,Approved,2025-05-10
2116,19576,Product damaged,846.15,Rejected,2025-05-04
2117,19590,Changed mind,2767.26,Approved,2026-09-03
2118,19602,Size too small,922.42,Approved,2025-07-30
2119,19603,Size too small,782.44,Approved,2025-07-25
2120,19605,Color mismatch,1488.07,Pending,11/08/2025
2121,19615,Fabric quality poor,1477.04,Approved,2026-08-23
2122,19636,Size too small,922.42,Approved,2023-10-13
2123,19637,Size too large,1564.88,Approved,2023-10-12
2124,19661,Size too large,2270.49,Approved,2025-11-13
2125,19682,Changed mind,205.29,Approved,2026-05-09
2126,19691,Changed mind,654.36,Approved,2026-05-24
2127,19699,Changed mind,2270.49,Approved,2026-07-03
2128,19703,Wrong size,1916.95,Approved,2026-08-12
2129,19719,Changed mind,1287.64,Approved,2026-09-06
2130,19722,Changed mind,716.49,Approved,2026-09-06
2131,19725,Wrong size,1287.64,Approved,2026-01-07
2132,19735,Not as described,776.2,Approved,2025-08-03
2133,19737,Uncomfortable fit,2174.44,Approved,2025-08-30
2134,19742,Size too large,922.42,Rejected,2025-10-24
2135,19743,Changed mind,893.75,Approved,2025-10-20
2136,19749,Size too large,782.44,Approved,2025-11-07
2137,19758,Size issue,1051.82,Pending,2026-06-12
2138,19765,Size too small,2954.08,Approved,2026-08-18
2139,19772,Size issue,751.5,Approved,2026-08-30
2140,19775,Size issue,669.38,Approved,2026-09-09
2141,19785,Product damaged,1169.07,Approved,2024-10-06
2142,19792,Sole damage,2743.56,Approved,2025-01-06
2143,19813,Changed mind,8230.68,Approved,2026-03-11
2144,19814,Changed mind,1488.07,Pending,2026-03-22
2145,19817,Color mismatch,1985.38,Approved,2026-03-17
2146,19831,Color mismatch,922.42,Approved,2026-03-20
2147,19863,Allergic reaction,1391.28,Approved,2024-09-11
2148,19868,Allergic reaction,1240.53,Approved,2025-11-02
2149,19870,Shade mismatch,2481.06,Approved,2026-01-27
2150,19883,Wrong size,2174.44,Approved,2026-05-05
2151,19902,Shade mismatch,1646.18,Approved,2026-08-23
2152,19914,Wrong size,1287.64,Approved,2026-09-10
2153,19915,Changed mind,695.64,Pending,2026-09-11
2154,19919,Fabric quality poor,2761.13,Approved,2026-09-14
2155,19920,Color mismatch,2681.25,Approved,2026-09-11
2156,19947,Product damaged,1328.9,Approved,2026-04-30
2157,19969,Changed mind,562.47,Rejected,2026-09-04
2158,19972,Wrong size,2174.44,Rejected,2024-01-08
2159,19974,Color mismatch,2976.14,Approved,2024-01-04
2160,19981,Changed mind,1985.38,Approved,2024-05-26
2161,19988,Product damaged,264.09,Approved,2024-08-28
2162,19994,Not as described,301.02,Approved,2024-09-25
2163,20007,Size too small,782.44,Approved,2025-11-28
2164,20019,Fabric quality poor,922.42,Approved,2026-03-19
2165,20027,Product damaged,2538.45,Approved,2026-07-08
2166,20032,Allergic reaction,550.26,Approved,2026-08-05
2167,20041,Color mismatch,2489.4,Approved,2026-09-06
2168,20053,Size too large,2347.32,Approved,2025-06-12
2169,20076,Size too large,1477.04,Pending,2026-08-18
2170,20077,Size too large,782.44,Approved,2026-08-16
2171,20078,Changed mind,804.47,Rejected,2024-08-21
2172,20118,Size too small,922.42,Approved,2026-09-12
2173,20128,Color mismatch,4978.8,Approved,2026-09-13
2174,20135,Sole damage,1834.35,Rejected,2026-09-14
2175,20139,Product damaged,434.65,Approved,2026-09-14
2176,20141,Size too large,782.44,Approved,2026-09-15
2177,20167,Color mismatch,2231.12,Approved,2024-10-23
2178,20183,Color mismatch,1287.64,Approved,2025-03-30
2179,20201,Changed mind,969.8,Pending,2025-07-23
2180,20214,Product damaged,869.3,Approved,31-12-2025
2181,20220,Changed mind,1115.56,Approved,2026-01-30
2182,20224,Not as described,200.78,Approved,2026-02-08
2183,20225,Color mismatch,3668.7,Approved,2026-03-11
2184,20230,Color mismatch,782.44,Approved,2026-03-22
2185,20235,Color mismatch,1287.64,Approved,2026-07-28
2186,20240,not as described,375.75,Approved,2026-08-24
2187,20264,Changed mind,2489.4,Rejected,2026-06-12
2188,20272,Changed mind,2972.8,Pending,2026-06-13
2189,20284,Allergic reaction,550.26,Pending,2026-06-30
2190,20285,Allergic reaction,893.22,Approved,2026-07-06
2191,20288,Uncomfortable fit,1115.56,Approved,2026-08-07
2192,20319,Wrong size,1287.64,Rejected,2026-05-05
2193,20327,Changed mind,1353.12,Approved,2025-12-21
2194,20355,Color mismatch,1834.35,Approved,2024-06-20
2195,20384,Changed mind,893.22,Approved,2025-11-18
2196,20385,Changed mind,654.38,Rejected,2026-01-08
2197,20404,Color mismatch,922.42,Approved,2026-02-13
2198,20405,Changed mind,2419.78,Approved,2026-08-29
2199,20409,Color mismatch,2270.49,Approved,2024-06-05
2200,20420,Product damaged,264.09,Approved,2025-08-19
2201,20422,Allergic reaction,893.22,Approved,2025-12-19
2202,20424,NOT AS DESCRIBED,264.09,Approved,2026-08-02
2203,20433,Changed mind,361.35,Approved,2026-08-14
2204,20437,Product damaged,846.15,Approved,2026-08-27
2205,20465,Uncomfortable fit,1115.56,Approved,2026-09-03
2206,20476,Size too large,4540.98,Rejected,2026-08-26
2207,20479,Changed mind,969.8,Rejected,2026-09-04
2208,20492,WRONG SIZE,2743.56,Approved,2026-09-06
2209,20496,Changed mind,2270.49,Pending,2026/09/05
2210,20497,Color mismatch,782.44,Approved,2026-09-10
2211,20498,Size too large,1985.38,Approved,2026-09-12
2212,20508,Sole damage,3668.7,Approved,12 Dec 2025
2213,20513,Size issue,654.38,Rejected,12/21/2025
2214,20514,Not as described,525.91,Approved,2025-12-14
2215,20517,Size too large,782.44,Approved,2025-12-18
2216,20544,Fabric quality poor,2761.13,Approved,2026-01-10
2217,20555,Color mismatch,8230.68,Approved,2026-01-06
2218,20578,Sole damage,5487.12,Pending,2026-01-13
2219,20583,Fabric quality poor,2761.13,Approved,2026-01-21
2220,20593,Changed mind,922.42,Approved,2024-11-01
2221,20607,Changed mind,264.09,Approved,2025-08-02
2222,20626,Size too large,4978.8,Approved,2025-07-26
2223,20638,Fabric quality poor,922.42,Approved,2025-12-10
2224,20664,Size too small,4978.8,Approved,2026-09-12
2225,20669,Color mismatch,1689.68,Approved,2026-09-04
2226,20674,Size issue,1963.08,Approved,2023-07-07
2227,20703,Color mismatch,969.8,Approved,06-01-2026
2228,20709,Uncomfortable fit,2174.44,Approved,2026-06-13
2229,20711,Uncomfortable fit,3668.7,Approved,2026-06-19
2230,20719,Not as described,1308.76,Approved,01/21/2025
2231,20721,Uncomfortable fit,1488.07,Approved,2025-02-01
2232,20722,Uncomfortable fit,844.84,Approved,2025-02-04
2233,20724,Uncomfortable fit,1287.64,Approved,2025-03-16
2234,20725,Changed mind,2231.12,Approved,2025-03-25
2235,20753,changed mind,1985.38,Approved,2025-10-23
2236,20772,Color mismatch,1834.35,Approved,2026-03-29
2237,20774,Product damaged,1240.53,Approved,2026-04-18
2238,20776,Product damaged,1328.9,Approved,2026-04-15
2239,20778,Product damaged,434.65,Approved,2026-04-29
2240,20798,Color mismatch,4348.88,Approved,2026-09-13
2241,20799,Not as described,394.6,Approved,2023-09-02
2242,20806,Changed mind,779.38,Approved,2024-02-08
2243,20820,Size too large,2954.08,Approved,2025-02-04
2244,20821,Fabric quality poor,2270.49,Approved,2025-02-09
2245,20827,Shade mismatch,893.22,Approved,2025-05-21
2246,20838,Product damaged,394.6,Approved,2026-01-08
2247,20840,Shade mismatch,1240.53,Approved,2026-01-04
2248,20842,Color mismatch,2088.22,Pending,2026-01-14
2249,20845,Changed mind,2419.78,Pending,2026/01/14
2250,20847,sole damage,1916.95,Pending,2026-03-16
2251,20849,Sole damage,1834.35,Pending,2026-03-23
2252,20850,Sole damage,1488.07,Approved,2026-03-17
2253,20858,Fabric quality poor,1477.04,Approved,2026-08-25
2254,20894,Size too large,782.44,Approved,2026-01-12
2255,20897,Not as described,654.36,Approved,2026-01-20
2256,20912,Wrong size,2743.56,Approved,2026-07-01
2257,20919,Changed mind,1985.38,Approved,2026-08-22
2258,20925,Changed mind,823.09,Approved,2025-08-29
2259,20932,Product damaged,1293.67,Approved,2025-11-21
2260,20944,Changed mind,1787.5,Approved,2026-08-17
2261,20946,Color mismatch,969.8,Approved,2026-08-25
2262,20957,Size issue,751.5,Rejected,2026-08-31
2263,20981,Changed mind,301.02,Approved,2026-07-17
2264,20990,Color mismatch,8230.68,Approved,2026-06-11
2265,21010,Changed mind,3833.9,Pending,2024-10-03
2266,21016,Size too small,2489.4,Approved,2024-11-19
2267,21017,Allergic reaction,1293.67,Approved,2025-02-03
2268,21018,Shade mismatch,823.09,Approved,2025-02-04
2269,21026,Fabric quality poor,922.42,Approved,2026-03-22
2270,21048,Changed mind,264.09,Approved,2025-05-18
2271,21082,Changed mind,969.8,Approved,2026-06-10
2272,21091,Wrong size,3346.68,Approved,2026-08-30
2273,21100,Size too large,969.8,Approved,2025-03-07
2274,21103,Not as described,654.38,Approved,2025-05-30
2275,21104,SIZE ISSUE,2008.14,Approved,2026-03-08
2276,21105,Shade mismatch,434.65,Approved,2026-09-05
2277,21108,Allergic reaction,2174.5,Approved,2026-01-07
2278,21112,Product damaged,145.44,Approved,2026-01-08
2279,21141,Changed mind,869.3,Rejected,2026-06-10
2280,21148,Size too small,8283.39,Approved,2026-07-22
2281,21150,Sole damage,1689.68,Approved,2026-07-25
2282,21159,Changed mind,782.44,Approved,2026-09-06
2283,21176,Changed mind,434.65,Approved,2024-02-21
2284,21179,Changed mind,205.29,Approved,2024-03-25
2285,21181,Color mismatch,1787.5,Approved,2024-08-30
2286,21206,Color mismatch,893.75,Approved,2026-07-03
2287,21209,Fabric quality poor,782.44,Approved,2026-07-14
2288,21213,Color mismatch,1477.93,Approved,2023-06-16
2289,21215,Fabric quality poor,2270.49,Approved,2023-06-24
2290,21220,Shade mismatch,1087.25,Approved,2023-10-31
2291,21235,Changed mind,1985.38,Approved,2024-08-13
2292,21237,Color mismatch,2347.32,Approved,2025-02-15
2293,21239,Uncomfortable fit,2743.56,Rejected,2025-02-21
2294,21248,Changed mind,792.27,Approved,2025-07-21
2295,21256,Changed mind,3021.33,Approved,2026-01-07
2296,21258,Uncomfortable fit,1834.35,Approved,2026-02-06
2297,21268,Not as described,716.49,Approved,2026-06-09
2298,21277,Shade mismatch,275.13,Approved,2025-08-27
2299,21279,Not as described,1308.76,Approved,2025-09-16
2300,21298,Fabric quality poor,8283.39,Approved,2026-06-24
2301,21311,Changed mind,1488.07,Approved,2026-01-21
2302,21346,Changed mind,6042.66,Approved,2023-12-15
2303,21365,Changed mind,1939.6,Rejected,2024-09-01
2304,21366,Size too large,893.75,Approved,2024-09-07
2305,21372,Shade mismatch,1687.41,Pending,2024-10-16
2306,21373,Changed mind,1240.53,Approved,2024-10-16
2307,21379,Changed mind,2972.8,Approved,2025-04-07
2308,21382,Changed mind,1124.94,Approved,2025-04-26
2309,21396,Changed mind,2587.34,Approved,2025-11-29
2310,21400,Not as described,1977.46,Approved,2026-06-10
2311,21420,Wrong size,2088.22,Approved,2023-06-25
2312,21454,Size too small,2270.49,Approved,2026-04-03
2313,21455,Changed mind,1477.04,Approved,2026-04-06
2314,21464,Not as described,776.2,Approved,2026-06-01
2315,21479,Size too small,3970.76,Approved,2026-09-01
2316,21498,Wrong size,2743.56,Approved,2026-07-18
2317,21500,Color mismatch,2681.25,Approved,2026-07-06
2318,21544,Shade mismatch,2174.5,Pending,2026-07-16
2319,21554,Changed mind,1308.72,Approved,2026-09-05
2320,21557,Product damaged,467.16,Approved,2026-08-15
2321,21559,Size too large,1477.93,Approved,2026-08-20
2322,21564,WRONG SIZE,2575.28,Approved,2026-08-25
2323,21565,Not as described,1338.76,Approved,2026-08-27
2324,21592,Size too large,893.75,Approved,2026-01-06
2325,21601,Changed mind,1087.25,Approved,2026-01-30
2326,21604,Not as described,1308.72,Approved,2026-05-04
2327,21605,Uncomfortable fit,7259.34,Approved,2026-06-19
2328,21620,Not as described,1353.12,Approved,2026-03-24
2329,21648,Size too large,1985.38,Approved,2025-06-28
2330,21660,Sole damage,844.84,Approved,2025-08-28
2331,21661,Color mismatch,4839.56,Rejected,2025-09-05
2332,21662,Changed mind,2743.56,Approved,2025-09-03
2333,21698,Allergic reaction,1293.67,Approved,2025-09-08
2334,21712,Sole damage,4464.21,Approved,2025-05-19
2335,21713,Product damaged,846.15,Approved,2025-06-09
2336,21717,Sole damage,1834.35,Approved,2025-08-05
2337,21720,Changed mind,2575.28,Approved,2025-10-27
2338,21722,Size too small,1985.38,Approved,2025-12-25
2339,21728,Wrong size,844.84,Rejected,2026-03-05
2340,21730,Sole damage,2088.22,Approved,2026-02-24
2341,21731,Color mismatch,1115.56,Approved,2026-03-09
2342,21751,Sole damage,1689.68,Approved,2026-06-05
2343,21761,Product damaged,550.26,Pending,2026-09-10
2344,21774,Product damaged,434.65,Rejected,2026-09-11
2345,21783,Uncomfortable fit,2231.12,Approved,2026-09-09
2346,21805,Shade mismatch,2086.92,Approved,2026-09-14
2347,21819,Changed mind,988.73,Approved,11 Jan 2026
2348,21837,Color mismatch,2976.14,Approved,2026-05-17
2349,21844,Product damaged,1687.41,Approved,2026-09-10
2350,21861,Size too small,1985.38,Approved,2026-07-24
2351,21869,Sole damage,1916.95,Pending,2025-01-05
2352,21873,Size too large,1939.6,Approved,2024-12-31
2353,21879,Uncomfortable fit,4464.21,Pending,2025-01-20
2354,21881,Size too large,3021.33,Pending,2025-03-23
2355,21887,Size too large,1787.5,Rejected,2026-01-03
2356,21905,Changed mind,2681.25,Approved,2026-06-16
2357,21912,Size too large,2761.13,Rejected,2026/07/01
2358,21913,Sole damage,4348.88,Approved,2026-07-17
2359,21916,Wrong size,1916.95,Rejected,2026-07-15
2360,21917,Sole damage,2972.8,Approved,2026-07-20
2361,21919,Wrong size,2231.12,Approved,2026-07-17
2362,21924,Sole damage,3833.9,Rejected,2026-08-09
2363,21931,Color mismatch,2270.49,Approved,2026-09-12
2364,21934,Not as described,654.38,Approved,2026-05-31
2365,21945,Changed mind,2954.08,Approved,2026-07-16
2366,21954,Uncomfortable fit,1287.64,Approved,2026-05-08
2367,21963,Size issue,654.36,Pending,2026-06-15
2368,21969,Shade mismatch,893.22,Approved,2026-06-23
2369,21972,Changed mind,1293.67,Approved,2026-06-25
2370,21982,Color mismatch,1115.56,Approved,2026-08-23
2371,22001,SIZE TOO SMALL,893.75,Approved,2025-09-23
2372,22007,Changed mind,1240.53,Approved,2025-11-04
2373,22010,Size too small,3021.33,Approved,2025-11-09
2374,22015,Wrong size,1115.56,Approved,2025-11-22
2375,22016,Not as described,200.78,Approved,2025-12-12
2376,22022,Sole damage,2231.12,Approved,2025-12-23
2377,22023,Uncomfortable fit,4176.44,Approved,2025-12-19
2378,22025,Product damaged,2174.5,Approved,2025-12-24
2379,22049,Color mismatch,2976.14,Approved,2026-07-26
2380,22065,Wrong size,1834.35,Approved,2026-09-14
2381,22069,Changed mind,2743.56,Approved,2024-11-08
2382,22077,Fabric quality poor,5522.26,Rejected,2025-09-18
2383,22084,Fabric quality poor,1477.93,Pending,2026-06-19
2384,22093,Not as described,776.2,Approved,2026-05-18
2385,22127,Allergic reaction,823.09,Approved,2024-04-13
2386,22128,Shade mismatch,869.3,Rejected,2024-04-08
2387,22146,Changed mind,4540.98,Approved,2025-06-29
2388,22164,Shade mismatch,275.13,Approved,2026-02-16
2389,22168,Fabric quality poor,922.42,Approved,2026-06-18
2390,22191,Changed mind,2743.56,Approved,2024-04-11
2391,22192,Size too large,2955.86,Approved,2024-04-18
2392,22193,Size too large,6811.47,Approved,2024-04-18
2393,22194,SIZE TOO SMALL,2761.13,Approved,2024-04-16
2394,22206,wrong size,5750.85,Pending,2024-08-22
2395,22219,not as described,525.91,Approved,2025-01-04
2396,22222,Allergic reaction,869.3,Rejected,2025-03-20
2397,22232,Changed mind,200.78,Approved,2025-08-23
2398,22240,Changed mind,301.02,Approved,2025-10-25
2399,22254,Color mismatch,2270.49,Approved,2025-06-02
2400,22267,Not as described,205.29,Approved,2024/08/30
2401,22274,Not as described,467.16,Approved,2025-02-12
2402,22283,Size too large,1477.04,Approved,13-07-2025
2403,22287,Color mismatch,3021.33,Rejected,2024-07-24
2404,22294,Size issue,1432.98,Approved,2024/12/03
2405,22304,Wrong size,1488.07,Approved,2026-08-17
2406,22324,Fabric quality poor,922.42,Approved,2026-02-25
2407,22326,Shade mismatch,695.64,Approved,2026-02-26
2408,22330,NOT AS DESCRIBED,525.91,Approved,2026-03-25
2409,22334,Product damaged,846.15,Approved,2026-04-06
2410,22335,Changed mind,1577.73,Approved,2026-04-01
2411,22345,Size too small,2489.4,Approved,2026-05-22
2412,22346,Fabric quality poor,2761.13,Approved,2026-05-25
2413,22384,Color mismatch,844.84,Approved,2026-08-17
2414,22385,Color mismatch,1916.95,Pending,2026-08-19
2415,22406,Not as described,669.38,Approved,2025-08-30
2416,22407,Allergic reaction,846.15,Rejected,2025-09-17
2417,22416,Uncomfortable fit,2743.56,Approved,2025-11-15
2418,22423,Allergic reaction,3881.01,Approved,2026-06-12
2419,22426,Product damaged,695.64,Approved,2026-07-28
2420,22446,Product damaged,846.15,Rejected,2025-03-07
2421,22457,Product damaged,2587.34,Approved,2026-07-17
2422,22459,Fabric quality poor,2270.49,Pending,2026-08-13
2423,22477,Changed mind,1916.95,Approved,07/14/2026
2424,22499,Wrong size,3833.9,Approved,2026-09-02
2425,22510,Changed mind,1308.72,Approved,2025-11-22
2426,22529,Size issue,669.38,Approved,2026-08-10
2427,22531,Allergic reaction,1293.67,Approved,2025-03-18
2428,22546,Not as described,205.29,Approved,2025-06-24
2429,22549,Changed mind,2743.56,Approved,2024-06-17
2430,22554,Sole damage,1916.95,Approved,2024-12-11
2431,22559,Changed mind,2681.25,Approved,2025-10-19
2432,22560,Size too small,2270.49,Approved,2025-10-28
2433,22563,Color mismatch,1477.93,Approved,2025-01-14
2434,22580,CHANGED MIND,434.65,Pending,2026-05-02
2435,22606,Shade mismatch,695.64,Approved,2025-07-28
2436,22613,Color mismatch,1834.35,Pending,2025-08-29
2437,22620,Size too large,2270.49,Approved,2024-06-15
2438,22626,Changed mind,695.64,Approved,2024-12-26
2439,22627,Not as described,1432.98,Approved,2025-01-20
2440,22635,Changed mind,2088.22,Rejected,2025-07-19
2441,22639,Color mismatch,3668.7,Rejected,2025-09-02
2442,22641,Wrong size,2743.56,Approved,2025-08-31
2443,22646,Changed mind,695.64,Rejected,2025-12-18
2444,22654,Color mismatch,844.84,Approved,2026-04-15
2445,22661,Size too small,893.75,Approved,2026-05-09
2446,22662,Size too large,2270.49,Approved,2026-05-09
2447,22666,Uncomfortable fit,4348.88,Approved,2026-05-31
2448,22669,Uncomfortable fit,1488.07,Approved,2026/06/15
2449,22675,Size too small,2489.4,Approved,2026-07-07
2450,22686,SIZE TOO SMALL,3970.76,Pending,2026-08-16
2451,22689,Color mismatch,2419.78,Approved,2026-08-26
2452,22690,Size too large,1939.6,Pending,2026-08-29
2453,22695,Product damaged,386.2,Pending,2026-08-28
2454,22703,Shade mismatch,1087.25,Pending,2026-09-10
2455,22712,Changed mind,1477.93,Approved,2026-01-30
2456,22730,Sole damage,4176.44,Rejected,2024-01-17
2457,22746,Not as described,676.56,Approved,2025-03-23
2458,22755,Changed mind,2976.14,Approved,2024-02-07
2459,22760,Sole damage,1916.95,Approved,2024-07-05
2460,22769,Not as described,804.47,Approved,2025-01-12
2461,22782,Changed mind,4348.88,Approved,2025-12-18
2462,22784,Fabric quality poor,2489.4,Approved,2026-01-05
2463,22803,Sole damage,1834.35,Approved,2026-02-04
2464,22833,Color mismatch,6264.66,Approved,2026/08/15
2465,22834,Color mismatch,4540.98,Approved,2026-08-14
2466,22852,Fabric quality poor,1477.93,Approved,2026-08-31
2467,22857,Size too small,3970.76,Pending,2026-09-01
2468,22860,Size too small,2270.49,Approved,2026-09-08
2469,22861,Size too large,2909.4,Approved,2026-09-09
2470,22864,Color mismatch,2174.44,Approved,2025-09-17
2471,22875,Color mismatch,782.44,Approved,2026-08-26
2472,22877,Not as described,669.38,Approved,2026-08-30
2473,22888,Fabric quality poor,1477.93,Approved,2025-10-29
2474,22892,Fabric quality poor,1844.84,Approved,2025-12-24
2475,22900,Size issue,1963.14,Approved,2026-02-22
2476,22911,Changed mind,389.69,Approved,2026-08-04
2477,22916,Size too large,6042.66,Approved,2026-09-03
2478,22924,Color mismatch,1985.38,Approved,2025-08-25
2479,22929,Changed mind,776.2,Approved,2025-09-08
2480,22933,Shade mismatch,1240.53,Approved,2026-08-16
2481,22941,Wrong size,2575.28,Approved,2026-08-31
2482,22953,Size too large,2954.08,Pending,2026-09-11
2483,22955,Allergic reaction,275.13,Rejected,08-09-2026
2484,22980,Changed mind,893.75,Approved,2026-09-14
2485,23011,Color mismatch,2419.78,Approved,2025-10-02
2486,23019,Sole damage,1834.35,Approved,2026-02-23
2487,23030,Changed mind,1834.35,Approved,2025-11-08
2488,23038,Changed mind,1087.25,Rejected,2026-01-26
2489,23047,Color mismatch,2909.4,Approved,2026-02-10
2490,23048,Changed mind,2972.8,Approved,2026-02-18
2491,23064,Allergic reaction,2587.34,Approved,2025-09-10
2492,23092,Fabric quality poor,3021.33,Approved,2025-12-24
2493,23093,Fabric quality poor,6811.47,Approved,2025-12-30
2494,23098,Changed mind,1087.25,Approved,2026-01-13
2495,23104,Fabric quality poor,3021.33,Approved,2026-02-13
2496,23106,Size too small,4433.79,Approved,2026-02-04
2497,23116,Color mismatch,2767.26,Approved,2026-03-20
2498,23119,Size too large,1477.93,Pending,2026-03-13
2499,23124,Sole damage,5503.05,Approved,2026-03-30
2500,23126,Changed mind,1916.95,Approved,2026-03-24
2501,23135,Size too large,6811.47,Approved,2026-05-13
2502,23147,Shade mismatch,434.65,Approved,2025-11-08
2503,23153,Size too large,1477.04,Approved,2025-12-22
2504,23156,Fabric quality poor,1477.04,Pending,2026-01-26
2505,23158,Color mismatch,3021.33,Approved,2026-02-02
2506,23159,Changed mind,436.32,Approved,2025-12-11
2507,23163,Size too large,2761.13,Approved,2026-02-22
2508,23164,Size too large,4978.8,Approved,2026-02-23
2509,23165,Color mismatch,2270.49,Approved,2026-03-01
2510,23186,Size too large,3970.76,Approved,2025-08-23
2511,23195,Product damaged,664.45,Approved,2026-08-26
2512,23203,Wrong size,1115.56,Pending,2026-09-01
2513,23205,Size too large,2489.4,Approved,2025-11-02
2514,23223,shade mismatch,275.13,Approved,2026-02-11
2515,23225,Size issue,776.2,Approved,2026-03-06
2516,23228,Allergic reaction,893.22,Approved,2024-10-08
2517,23240,Changed mind,844.84,Approved,2025-10-11
2518,23250,Color mismatch,1477.93,Approved,2025-10-10
2519,23261,Color mismatch,1477.04,Pending,2025-10-10
2520,23288,Changed mind,893.22,Rejected,2025-10-14
2521,23292,Color mismatch,1488.07,Approved,2025-10-02
2522,23301,Fabric quality poor,4978.8,Approved,2025-10-03
2523,23322,Color mismatch,1488.07,Approved,2026-08-30
2524,23340,Not as described,1131.27,Approved,2026-06-16
2525,23355,Fabric quality poor,969.8,Approved,2025-10-17
2526,23364,Sole damage,2231.12,Pending,2024-04-05
2527,23381,Size too small,893.75,Approved,2026-08-23
2528,23393,Allergic reaction,1087.25,Approved,2026-08-21
2529,23400,Changed mind,2966.19,Approved,2024-07-10
2530,23404,SIZE TOO LARGE,8283.39,Approved,2024-08-05
2531,23419,Size issue,2413.41,Pending,2025-03-12
2532,23427,Fabric quality poor,5522.26,Approved,2025-05-04
2533,23445,Size too small,922.42,Approved,2024-05-18
2534,23446,Changed mind,1787.5,Approved,2024-06-29
2535,23449,Not as described,1084.05,Approved,2025-04-03
2536,23468,Not as described,145.44,Approved,2026-09-04
2537,23474,Changed mind,2174.44,Approved,2026-08-30
2538,23481,Product damaged,2587.34,Rejected,2025-02-03
2539,23498,Changed mind,2174.5,Approved,03/22/2026
2540,23517,Size issue,1552.4,Approved,2026-07-25
2541,23519,Wrong size,1834.35,Rejected,2026-08-11
2542,23522,Product damaged,695.64,Rejected,2026-08-23
2543,23536,Changed mind,1115.56,Approved,2026-07-06
2544,23537,Changed mind,2174.5,Approved,2026-09-02
2545,23544,Changed mind,1916.95,Approved,2025-03-05
2546,23549,Changed mind,5487.12,Approved,2025-05-05
2547,23564,Changed mind,1834.35,Approved,2025-12-13
2548,23565,Not as described,205.29,Pending,2026-01-05
2549,23593,WRONG SIZE,4839.56,Approved,2026-06-12
2550,23595,Wrong size,1287.64,Rejected,2026-06-05
2551,23600,Uncomfortable fit,844.84,Pending,2026-06-12
2552,23613,Size too small,1477.04,Approved,2026-08-02
2553,23622,Color mismatch,1488.07,Approved,2026-08-29
2554,23652,Changed mind,716.49,Approved,2025-06-18
2555,23654,Uncomfortable fit,2972.8,Approved,2025-06-16
2556,23662,Wrong size,844.84,Approved,2025-08-23
2557,23663,Product damaged,722.7,Approved,2025-10-11
2558,23667,Changed mind,1985.38,Approved,2025-10-27
2559,23669,Fabric quality poor,1477.93,Approved,2025-11-01
2560,23701,Changed mind,5522.26,Approved,2026-04-10
2561,23711,Wrong size,4348.88,Approved,2026-06-24
2562,23719,Product damaged,1646.18,Approved,2026-08-02
2563,23736,Uncomfortable fit,844.84,Approved,2026-09-01
2564,23741,Changed mind,1477.04,Rejected,2026-09-01
2565,23742,Fabric quality poor,3021.33,Rejected,2026-09-07
2566,23743,Size too small,2270.49,Approved,2026-09-06
2567,23749,Shade mismatch,1087.25,Approved,2026-03-11
2568,23750,Product damaged,869.3,Approved,2026-03-13
2569,23752,Color mismatch,2955.86,Rejected,2026-03-08
2570,23753,Not as described,776.2,Approved,2026-03-15
2571,23758,Shade mismatch,550.26,Approved,2026-08-15
2572,23787,Changed mind,2972.8,Approved,2026-09-13
2573,23793,Size too large,6042.66,Approved,2025-05-01
2574,23794,Fabric quality poor,1985.38,Rejected,2025-05-01
2575,23797,Changed mind,1287.64,Pending,2025-12-30
2576,23798,Color mismatch,3833.9,Approved,2026-08-30
2577,23803,Size too small,2270.49,Rejected,2023-11-05
2578,23822,Product damaged,846.15,Approved,2024-08-20
2579,23827,Color mismatch,1916.95,Approved,2024-10-04
2580,23828,Changed mind,2419.78,Approved,2024-11-06
2581,23837,Changed mind,1115.56,Approved,2025-03-23
2582,23851,Uncomfortable fit,1916.95,Rejected,2026-02-24
2583,23859,Color mismatch,2174.44,Approved,2025-06-12
2584,23861,Changed mind,1834.35,Approved,2025-06-19
2585,23870,Uncomfortable fit,4176.44,Approved,2026-06-01
2586,23891,Changed mind,893.75,Approved,2026-06-09
2587,23894,Changed mind,1844.84,Approved,2025-08-04
2588,23909,Not as described,394.6,Approved,2025-12-28
2589,23929,Size too large,3021.33,Approved,2025-06-15
2590,23930,size too small,893.75,Approved,2025-06-25
2591,23934,Allergic reaction,3721.59,Approved,2025-08-27
2592,23945,Color mismatch,2761.13,Approved,2026-01-13
2593,23950,Uncomfortable fit,2976.14,Approved,2026-06-16
2594,23967,Wrong size,2575.28,Approved,2026-08-23
2595,23998,Size too small,6042.66,Approved,2026-04-13
2596,24001,Size too small,1844.84,Approved,2026-06-29
2597,24004,Size too large,1477.04,Approved,2026-09-07
2598,24021,Uncomfortable fit,2088.22,Approved,2025-10-30
2599,24022,Wrong size,1287.64,Rejected,2025-10-20
2600,24034,Uncomfortable fit,2174.44,Approved,2026-01-18
2601,24038,Shade mismatch,562.47,Rejected,2026-02-04
2602,24048,Size too large,969.8,Approved,2026-04-05
2603,24069,Changed mind,779.38,Approved,2026-08-18
2604,24070,Color mismatch,922.42,Approved,2026-08-28
2605,24076,Not as described,525.91,Pending,2023-09-07
2606,24084,Shade mismatch,1293.67,Approved,2025-10-07
2607,24099,Changed mind,716.49,Pending,2026-01-14
2608,24119,Product damaged,275.13,Approved,2026-07-02
2609,24122,Wrong size,2088.22,Approved,2026-06-25
2610,24130,Changed mind,3721.59,Pending,2026-08-27
2611,24131,Shade mismatch,1786.44,Approved,2026-08-20
2612,24138,Changed mind,1115.56,Approved,2026-09-08
2613,24140,Uncomfortable fit,4176.44,Approved,2026-09-07
2614,24147,Allergic reaction,2481.06,Approved,2026-09-04
2615,24151,Changed mind,7468.2,Approved,2026-09-13
2616,24166,Size too large,2270.49,Approved,2026-05-24
2617,24224,Fabric quality poor,2909.4,Approved,2026-08-07
2618,24228,Size too large,3021.33,Approved,2026-09-03
2619,24233,Color mismatch,2743.56,Approved,2025-06-25
2620,24245,Fabric quality poor,2761.13,Approved,2025-12-23
2621,24246,Color mismatch,2489.4,Approved,2026-01-02
2622,24258,Sole damage,4348.88,Pending,2026-08-28
2623,24282,Uncomfortable fit,844.84,Approved,2026-02-07
2624,24286,Shade mismatch,893.22,Approved,2026-03-23
2625,24291,Sole damage,2575.28,Approved,2026-03-27
2626,24292,Wrong size,1834.35,Approved,2026-03-21
2627,24341,Product damaged,1124.94,Approved,2024-10-18
2628,24343,Fabric quality poor,2761.13,Approved,2024-12-09
2629,24372,Shade mismatch,1240.53,Pending,2026-07-26
2630,24376,Size too large,1985.38,Approved,2026-06-07
2631,24377,Size too large,1477.93,Rejected,2026-06-01
2632,24386,Changed mind,922.42,Pending,2025-03-27
2633,24387,Size issue,1977.46,Approved,2025-04-18
2634,24395,Uncomfortable fit,1115.56,Approved,2025-03-09
2635,24415,Color mismatch,2419.78,Approved,2026-06-21
2636,24439,Uncomfortable fit,2088.22,Approved,2023-12-17
2637,24441,Uncomfortable fit,2419.78,Pending,2023-12-28
2638,24454,Sole damage,1287.64,Approved,2025-03-16
2639,24460,Not as described,776.2,Approved,2025-10-21
2640,24481,Size issue,377.09,Pending,2025-11-03
2641,24492,not as described,2008.14,Approved,2025-10-02
2642,24510,Fabric quality poor,3021.33,Approved,2024-03-15
2643,24536,Color mismatch,3970.76,Approved,2025-12-10
2644,24554,Changed mind,2174.44,Approved,2026-02-25
2645,24557,Changed mind,776.2,Approved,2023-08-31
2646,24561,Wrong size,5487.12,Approved,2023-12-11
2647,24563,Changed mind,2088.22,Pending,2024-01-20
2648,24566,Allergic reaction,1328.9,Approved,2024-04-28
2649,24595,Allergic reaction,275.13,Approved,2026-03-16
2650,24596,Shade mismatch,1240.53,Rejected,2026-03-11
2651,24601,Changed mind,275.13,Rejected,2026-04-26
2652,24610,Color mismatch,2270.49,Pending,2026-06-06
2653,24612,Changed mind,1477.04,Rejected,2026-05-31
2654,24613,Color mismatch,2489.4,Approved,2026-05-30
2655,24635,Color mismatch,4978.8,Approved,2026-05-23
2656,24636,Size too small,893.75,Approved,2026-06-19
2657,24637,Fabric quality poor,2761.13,Approved,2026-06-25
2658,24642,Wrong size,2174.44,Rejected,2026-08-27
2659,24646,Shade mismatch,1124.94,Pending,2025-11-16
2660,24656,Not as described,205.29,Approved,2025-10-22
2661,24661,Changed mind,2954.08,Approved,2024-10-30
2662,24663,Color mismatch,1844.84,Approved,2024-11-02
2663,24665,Changed mind,2761.13,Approved,2024-11-01
2664,24672,Changed mind,695.64,Approved,2025-10-07
2665,24679,Size issue,751.5,Approved,2026-05-03
2666,24682,Changed mind,1477.04,Pending,2026-05-13
2667,24688,Wrong size,1115.56,Approved,2025/05/30
2668,24705,Size too large,1477.93,Approved,2024-09-05
2669,24724,Size issue,776.2,Approved,2026-08-01
2670,24726,Not as described,804.47,Pending,2025-10-22
2671,24727,Color mismatch,7468.2,Approved,2025-11-18
2672,24729,Size too large,3970.76,Pending,2025-11-13
2673,24730,Wrong size,1488.07,Approved,2025-12-04
2674,24738,Product damaged,1328.9,Approved,2025-12-26
2675,24749,Allergic reaction,893.22,Approved,2026-01-25
2676,24755,Wrong size,1834.35,Approved,2026-03-18
2677,24765,Uncomfortable fit,2743.56,Approved,2026-07-01
2678,24767,Color mismatch,2972.8,Approved,2026-07-24
2679,24780,Not as described,394.6,Approved,2026-03-09
2680,24785,Color mismatch,782.44,Approved,2026-05-26
2681,24823,Size too small,922.42,Approved,2025-12-28
2682,24828,Changed mind,2489.4,Rejected,2026-01-07
2683,24837,Changed mind,5503.05,Pending,2026-01-17
2684,24854,Changed mind,676.56,Approved,2026-05-13
2685,24857,Changed mind,4839.56,Approved,2026-05-21
2686,24879,Changed mind,200.78,Approved,2026/02/04
2687,24893,Color mismatch,1916.95,Approved,2026-01-01
2688,24903,Product damaged,823.09,Pending,2026-01-07
2689,24918,Shade mismatch,1293.67,Approved,2025-05-13
2690,24924,Size too small,922.42,Approved,2025-10-08
2691,24933,Not as described,722.7,Approved,2025-12-31
2692,24938,Allergic reaction,825.39,Approved,2026-03-16
2693,24950,Allergic reaction,1646.18,Rejected,2026-07-02
2694,24958,Wrong size,1115.56,Rejected,2026-08-19
2695,24960,Color mismatch,2972.8,Approved,2026-08-23
2696,24977,Changed mind,1169.07,Approved,2024-09-26
2697,24998,Color mismatch,3833.9,Rejected,2026-01-29
2698,25009,UNCOMFORTABLE FIT,1916.95,Approved,2026-01-30
2699,25010,Product damaged,1240.53,Approved,2026-01-24
2700,25016,Wrong size,7259.34,Approved,2026-01-21
2701,25017,Fabric quality poor,782.44,Rejected,2026-01-24
2702,25030,Changed mind,4540.98,Approved,2026-01-27
2703,25036,Color mismatch,4433.79,Rejected,2026-08-16
2704,25038,Fabric quality poor,1985.38,Approved,2026-02-04
2705,25046,Size too large,969.8,Approved,2026-02-25
2706,25051,Uncomfortable fit,2743.56,Approved,2026-04-03
2707,25053,Changed mind,2088.22,Approved,2026-04-04
2708,25069,Size too small,2489.4,Approved,2026-08-25
2709,25085,Size issue,654.36,Approved,2025-08-04
2710,25086,Size too large,893.75,Approved,2025-09-05
2711,25087,Size too large,4540.98,Approved,2025-09-07
2712,25090,Changed mind,1916.95,Approved,2025-10-14
2713,25116,Allergic reaction,823.09,Rejected,2026-03-17
2714,25132,Changed mind,562.47,Approved,2026-07-15
2715,25143,Size issue,988.73,Approved,2026-08-27
2716,25151,Color mismatch,2174.44,Approved,2026-03-24
2717,25161,Not as described,375.75,Approved,2026-05-11
2718,25183,Shade mismatch,2469.27,Approved,2025-06-15
2719,25187,FABRIC QUALITY POOR,782.44,Pending,2026-05-01
2720,25188,Uncomfortable fit,5487.12,Approved,2026-05-10
2721,25190,Changed mind,1689.68,Approved,2026-04-30
2722,25198,Product damaged,145.44,Approved,2025-08-21
2723,25202,Shade mismatch,1646.18,Approved,2026-03-28
2724,25204,Color mismatch,5945.6,Rejected,16 Jun 2026
2725,25211,Changed mind,695.64,Approved,2025-11-24
2726,25212,Product damaged,823.09,Approved,2025-11-12
2727,25242,Changed mind,1293.67,Approved,2025-11-07
2728,25243,Not as described,467.16,Approved,19 Dec 2025
2729,25254,Changed mind,394.6,Approved,2026-09-05
2730,25259,Sole damage,5487.12,Approved,09/09/2026
2731,25275,Changed mind,1308.72,Approved,2026-06-08
2732,25279,Changed mind,394.6,Approved,2026-06-09
2733,25285,Color mismatch,2954.08,Pending,2026-06-04
2734,25296,Changed mind,1287.64,Approved,2026-06-10
2735,25304,Color mismatch,1787.5,Pending,2026-05-31
2736,25306,Size too small,1477.04,Approved,2026-06-02
2737,25309,Not as described,654.38,Approved,2026-06-06
2738,25319,Changed mind,654.38,Approved,2023-11-01
2739,25325,Changed mind,654.36,Approved,2025-08-06
2740,25338,Shade mismatch,1240.53,Approved,2025-12-02
2741,25358,Color mismatch,1985.38,Approved,2026-08-28
2742,25361,Size issue,2149.47,Approved,2026-09-09
2743,25363,Color mismatch,2489.4,Approved,2025-10-13
2744,25377,Product damaged,386.2,Approved,2026-06-22
2745,25379,Changed mind,233.58,Approved,2026-01-28
2746,25385,Shade mismatch,664.45,Pending,2025/08/21
2747,25399,Not as described,716.49,Approved,2025-10-10
2748,25412,Changed mind,2743.56,Approved,2025-04-13
2749,25421,Changed mind,3021.33,Approved,2025-11-29
2750,25424,Allergic reaction,3881.01,Approved,2026-08-16
2751,25434,Fabric quality poor,2270.49,Approved,2026-08-17
2752,25454,Shade mismatch,1786.44,Approved,2026-08-31
2753,25456,Sole damage,1488.07,Pending,2026-09-07
2754,25487,Changed mind,969.8,Approved,2026-06-26
2755,25488,Changed mind,893.75,Approved,2026-06-21
2756,25498,Shade mismatch,1692.3,Approved,2026-08-25
2757,25515,Sole damage,1287.64,Approved,2024-11-01
2758,25516,Uncomfortable fit,2174.44,Approved,2024-10-25
2759,25518,Changed mind,377.09,Approved,2025-02-23
2760,25523,Allergic reaction,695.64,Approved,2025-04-07
2761,25527,Size too small,1985.38,Rejected,2025-06-01
2762,25543,Changed mind,1834.35,Approved,2025-02-07
2763,25545,Uncomfortable fit,844.84,Approved,2025-02-09
2764,25554,Shade mismatch,275.13,Approved,2026-01-02
2765,25571,Sole damage,2231.12,Approved,2026-03-31
2766,25574,Product damaged,394.6,Approved,2026-07-07
2767,25578,Color mismatch,1477.93,Approved,2026-09-01
2768,25579,Changed mind,2954.08,Approved,2026-08-27
2769,25581,Fabric quality poor,3021.33,Approved,2026-09-02
2770,25583,Changed mind,823.09,Approved,2026-09-08
2771,25584,Allergic reaction,1391.28,Approved,2026-09-06
2772,25595,Size too large,922.42,Approved,2025-10-10
2773,25611,Fabric quality poor,1477.04,Approved,2025-12-30
2774,25623,Size too large,8283.39,Rejected,2026-03-11
2775,25631,Changed mind,2174.44,Rejected,2026-04-11
2776,25637,Changed mind,1488.07,Approved,2026-07-27
2777,25646,Fabric quality poor,969.8,Approved,2026-08-18
2778,25649,Changed mind,2270.49,Approved,2026-08-25
2779,25660,Sole damage,1916.95,Approved,2025-03-20
2780,25663,Color mismatch,2972.8,Approved,2025-11-17
2781,25667,Changed mind,664.45,Approved,2025-12-27
2782,25675,Changed mind,716.49,Approved,2026-02-22
2783,25678,Color mismatch,2419.78,Approved,2026-08-15
2784,25691,Changed mind,2972.8,Approved,2026-08-09
2785,25692,Color mismatch,1834.35,Approved,2026-08-05
2786,25702,Sole damage,1916.95,Pending,2024-10-02
2787,25712,Uncomfortable fit,1488.07,Approved,2024-12-29
2788,25726,Color mismatch,5522.26,Approved,2025-06-05
2789,25737,Changed mind,2481.06,Approved,2025-08-24
2790,25753,Product damaged,1293.67,Pending,2024-11-07
2791,25763,Not as described,205.29,Approved,2025-03-25
2792,25770,Shade mismatch,846.15,Approved,2025-05-30
2793,25795,Size issue,776.2,Rejected,2025-11-01
2794,25809,Uncomfortable fit,2088.22,Pending,2026-02-01
2795,25826,Size too small,922.42,Rejected,2026-03-30
2796,25830,Not as described,2966.19,Approved,2026-05-07
2797,25839,Wrong size,2419.78,Approved,2025-01-05
2798,25840,Changed mind,844.84,Approved,2025-01-06
2799,25846,Uncomfortable fit,2419.78,Approved,2026-01-27
2800,25847,Sole damage,1834.35,Approved,2026-02-05
2801,25849,Uncomfortable fit,1916.95,Approved,2026-05-09
2802,25853,Sole damage,2743.56,Approved,2023-12-04
2803,25862,Sole damage,2976.14,Pending,2024-01-06
2804,25864,Not as described,389.69,Approved,2024-01-06
2805,25897,Wrong size,2534.52,Approved,2024-11-08
2806,25912,Fabric quality poor,1477.04,Approved,2025-06-29
2807,25913,Size too small,2761.13,Approved,2025-06-27
2808,25943,Size too large,1985.38,Approved,2026-08-14
2809,25944,Color mismatch,2761.13,Pending,2026-08-31
2810,25946,Changed mind,922.42,Rejected,2025-08-26
2811,25948,Allergic reaction,846.15,Approved,2023-09-08
2812,25954,Product damaged,275.13,Pending,2024-03-15
2813,25955,Changed mind,528.18,Approved,2024-06-11
2814,25962,Changed mind,1787.5,Approved,2025-10-09
2815,25969,Size issue,804.47,Approved,29-12-2025
2816,25971,Fabric quality poor,782.44,Approved,2026-06-19
2817,25973,Size too large,2489.4,Approved,19 Jun 2026
2818,25992,Allergic reaction,434.65,Approved,2024-08-31
2819,25997,Fabric quality poor,3970.76,Approved,15-10-2024
2820,26018,Fabric quality poor,3021.33,Approved,2025-06-19
2821,26034,Color mismatch,3970.76,Approved,2025-08-27
2822,26037,Color mismatch,2174.44,Approved,2025-08-28
2823,26041,Changed mind,1916.95,Approved,2025-09-03
2824,26053,Changed mind,1552.4,Rejected,2024-01-04
2825,26062,Allergic reaction,1240.53,Approved,2024-02-17
2826,26064,Allergic reaction,562.47,Approved,2024-03-23
2827,26067,Size too small,893.75,Approved,2024-08-23
2828,26084,Fabric quality poor,1564.88,Pending,2025-02-03
2829,26090,Fabric quality poor,3021.33,Approved,2025-03-27
2830,26094,SIZE ISSUE,804.47,Approved,2025-05-30
2831,26115,Allergic reaction,550.26,Approved,2026-06-09
2832,26163,Sole damage,5945.6,Approved,2026-09-13
2833,26170,Changed mind,562.47,Approved,2026-09-09
2834,26175,Wrong size,2575.28,Approved,2026-09-11
2835,26200,Product damaged,602.04,Approved,2026-02-02
2836,26218,Uncomfortable fit,2419.78,Approved,2026-08-22
2837,26220,Changed mind,3881.01,Approved,2023-11-23
2838,26244,Shade mismatch,1391.28,Rejected,2023-12-20
2839,26245,Allergic reaction,1124.94,Approved,2023-12-26
2840,26256,Shade mismatch,1328.9,Approved,2026-06-09
2841,26269,Sole damage,2972.8,Approved,2025-01-31
2842,26273,Product damaged,205.29,Approved,2026-09-07
2843,26279,Size issue,654.38,Approved,2025-11-22
2844,26282,Changed mind,2761.13,Approved,2025-12-20
2845,26306,Product damaged,205.29,Pending,2023-12-22
2846,26322,Color mismatch,2174.44,Approved,2024-12-27
2847,26363,Allergic reaction,823.09,Approved,2023-10-25
2848,26364,Wrong size,1287.64,Approved,2024-01-01
2849,26368,Size too small,3970.76,Approved,2025-03-21
2850,26370,Not as described,988.73,Rejected,2025-05-14
2851,26371,Wrong size,1115.56,Approved,2025-06-10
2852,26372,Wrong size,5750.85,Approved,2025-06-11
2853,26374,Changed mind,243.4,Rejected,2026-08-06
2854,26376,Changed mind,676.56,Approved,2026-08-08
2855,26394,Size too large,1477.04,Approved,2026/06/06
2856,26396,Changed mind,844.84,Approved,04 Jun 2026
2857,26398,Size issue,988.73,Pending,2026/06/03
2858,26404,Size issue,377.09,Approved,2026-06-11
2859,26409,Wrong size,5945.6,Pending,2026-06-05
2860,26414,Changed mind,386.2,Approved,2026-06-14
2861,26416,Changed mind,275.13,Approved,2026-06-10
2862,26430,Sole damage,1115.56,Approved,2026-07-01
2863,26435,Changed mind,1787.5,Approved,2026-06-28
2864,26449,Changed mind,602.04,Approved,2024-12-05
2865,26466,Changed mind,2575.28,Approved,2025-10-14
2866,26473,Changed mind,2088.22,Approved,2025-06-20
2867,26477,Shade mismatch,893.22,Rejected,2025-07-01
2868,26478,Changed mind,893.22,Approved,2025-08-21
2869,26479,Size issue,377.09,Approved,2025-09-04
2870,26500,Product damaged,264.09,Approved,2026-04-03
2871,26507,Shade mismatch,275.13,Approved,2026-07-01
2872,26521,Size too small,782.44,Approved,05 Feb 2026
2873,26526,Not as described,654.38,Approved,2026-02-05
2874,26540,Allergic reaction,1240.53,Approved,2026-03-11
2875,26542,Size too large,2489.4,Approved,2026-04-08
2876,26558,Color mismatch,3668.7,Approved,2026-07-02
2877,26571,Changed mind,1985.38,Approved,08/30/2026
2878,26575,Uncomfortable fit,1115.56,Approved,2026-09-01
2879,26576,Sole damage,2088.22,Approved,2026-09-01
2880,26582,Size too small,3021.33,Approved,2026-09-07
2881,26584,Size too large,8283.39,Approved,2026-09-04
2882,26591,Product damaged,145.44,Approved,2025-09-30
2883,26613,Not as described,1977.46,Approved,2025-07-17
2884,26620,Color mismatch,1477.04,Approved,2025-10-10
2885,26621,Product damaged,275.13,Rejected,2026-09-12
2886,26625,Product damaged,1240.53,Approved,2026-09-09
2887,26628,Fabric quality poor,2270.49,Approved,2026-09-15
2888,26639,Color mismatch,3021.33,Rejected,2026-09-07
2889,26642,Product damaged,3261.75,Approved,2026-09-06
2890,26646,Changed mind,2174.44,Approved,2026-09-07
2891,26663,Size issue,751.5,Approved,2026-09-07
2892,26664,Size too large,1477.93,Approved,2026-09-10
2893,26665,Changed mind,2954.08,Approved,2026-09-14
2894,26669,Product damaged,846.15,Approved,2026-09-12
2895,26670,Size too large,3970.76,Approved,2026-09-09
2896,26688,Uncomfortable fit,1834.35,Approved,2025-11-27
2897,26695,Product damaged,825.39,Approved,2026-03-15
2898,26714,Changed mind,804.47,Approved,2025-02-06
2899,26725,Product damaged,434.65,Approved,2026-07-28
2900,26728,Changed mind,782.44,Approved,2024-11-12
2901,26729,Color mismatch,2270.49,Approved,2024-11-09
2902,26733,Changed mind,3668.7,Approved,2025-07-18
2903,26750,Color mismatch,1115.56,Approved,2024-03-13
2904,26756,Fabric quality poor,1939.6,Approved,2025-11-14
2905,26770,Fabric quality poor,2761.13,Approved,2026-05-30
2906,26780,Color mismatch,4431.12,Approved,2026-05-27
2907,26791,Size too small,2270.49,Approved,2025-08-18
2908,26792,Color mismatch,1834.35,Approved,2025-09-11
2909,26794,Uncomfortable fit,2088.22,Approved,2025-11-13
2910,26808,Sole damage,4348.88,Rejected,2026-03-03
2911,26812,Wrong size,1287.64,Approved,2023-12-23
2912,26817,Product damaged,2587.34,Approved,03/25/2024
2913,26818,Changed mind,4839.56,Approved,2025-12-15
2914,26843,Shade mismatch,664.45,Pending,2025-04-21
2915,26849,Shade mismatch,1087.25,Approved,2025-05-17
2916,26855,uncomfortable fit,2231.12,Approved,2025-10-18
2917,26871,Shade mismatch,434.65,Rejected,2026-09-10
2918,26872,Product damaged,2481.06,Pending,2026-09-08
2919,26874,Shade mismatch,846.15,Approved,2026-09-14
2920,26875,Uncomfortable fit,1488.07,Approved,2025-08-18
2921,26880,CHANGED MIND,751.5,Approved,2026-03-25
2922,26895,Sole damage,2575.28,Approved,2026-03-28
2923,26899,Uncomfortable fit,2174.44,Approved,2026-04-20
2924,26956,Size issue,654.36,Approved,2024-09-13
2925,26966,Color mismatch,893.75,Approved,2025-04-22
2926,26967,Size too large,1844.84,Approved,2025-06-03
2927,26980,Sole damage,2088.22,Approved,2026-01-20
2928,26990,COLOR MISMATCH,1477.04,Approved,2026-06-11
2929,27001,Changed mind,2174.5,Pending,2026-09-09
2930,27013,Uncomfortable fit,3668.7,Pending,2026-08-17
2931,27027,Size too small,2955.86,Approved,2026-01-26
2932,27059,Fabric quality poor,969.8,Approved,2025-06-11
2933,27069,Wrong size,1115.56,Rejected,2025-12-09
2934,27072,Size issue,375.75,Approved,2026-01-04
2935,27076,Size issue,676.56,Approved,2026-02-04
2936,27081,Changed mind,2088.22,Approved,2026-04-05
2937,27093,Not as described,654.36,Rejected,2026-09-07
2938,27101,Color mismatch,2976.14,Pending,2025-07-01
2939,27132,Allergic reaction,275.13,Approved,2026-01-25
2940,27134,Sole damage,5487.12,Pending,2026-01-22
2941,27137,Sole damage,4176.44,Rejected,2026-01-29
2942,27174,Size too small,6042.66,Pending,2025-11-02
2943,27193,Wrong size,2419.78,Approved,2026-08-23
2944,27204,Size too large,2270.49,Approved,2025-02-14
2945,27205,Size too large,5522.26,Approved,2025-02-21
2946,27220,Color mismatch,2489.4,Approved,2026-06-26
2947,27229,Size issue,1977.46,Pending,2026-03-20
2948,27237,Changed mind,669.38,Approved,2025-06-21
2949,27261,Fabric quality poor,2270.49,Approved,2025-07-09
2950,27266,Size too small,1477.93,Approved,2025-11-05
2951,27285,Allergic reaction,3721.59,Approved,2025-01-08
2952,27288,Not as described,602.04,Pending,2025-07-09
2953,27312,Shade mismatch,1293.67,Approved,2026-05-19
2954,27318,Uncomfortable fit,2174.44,Approved,2026-07-12
2955,27324,Changed mind,695.64,Approved,2025/10/14
2956,27329,Product damaged,695.64,Approved,2025-12-14
2957,27331,Allergic reaction,275.13,Approved,2025-12-12
2958,27333,Changed mind,2972.8,Approved,2025-12-19
2959,27337,Changed mind,2270.49,Rejected,2026-07-08
2960,27338,Size too large,893.75,Approved,2026-07-15
2961,27339,Sole damage,1916.95,Approved,2026-09-03
2962,27362,Changed mind,782.44,Approved,2025-07-04
2963,27366,Changed mind,5503.05,Approved,2025-06-16
2964,27374,Sole damage,844.84,Approved,2025-07-15
2965,27383,Changed mind,1131.27,Approved,2026-04-25
2966,27390,Changed mind,1353.12,Approved,2025-11-08
2967,27394,Size too small,2489.4,Approved,2025-11-15
2968,27398,Size too large,969.8,Approved,2026-01-05
2969,27399,Color mismatch,2489.4,Pending,2025-12-30
2970,27434,Product damaged,410.58,Approved,2026-07-01
2971,27435,Size too small,893.75,Approved,2026-07-11
2972,27448,Changed mind,1787.5,Approved,2026-08-25
2973,27454,Changed mind,1051.82,Approved,2024-11-08
2974,27456,Changed mind,3721.59,Approved,2025-05-03
2975,27462,Size too small,1844.84,Approved,2026-04-03
2976,27467,Color mismatch,2270.49,Pending,2026-08-31
2977,27485,Color mismatch,1787.5,Approved,2025-08-22
2978,27492,Color mismatch,1287.64,Approved,2025-11-22
2979,27496,Fabric quality poor,2761.13,Approved,2026-01-20
2980,27499,Changed mind,4978.8,Approved,2026-01-13
2981,27502,Changed mind,2419.78,Pending,2026-02-12
2982,27505,Fabric quality poor,893.75,Approved,2026-05-07
2983,27509,Changed mind,695.64,Approved,2026-08-20
2984,27524,Changed mind,751.5,Approved,2023-10-01
2985,27537,Allergic reaction,695.64,Approved,2025-01-04
2986,27544,Size too large,1939.6,Approved,2025-04-13
2987,27561,Not as described,386.2,Approved,2026-09-12
2988,27620,Sole damage,1916.95,Approved,2026-08-24
2989,27623,size too small,1477.93,Rejected,2026-08-24
2990,27627,Changed mind,1985.38,Pending,2026-08-25
2991,27629,Fabric quality poor,2489.4,Approved,2026-08-31
2992,27643,Sole damage,2174.44,Pending,2026-09-11
2993,27647,Changed mind,1687.41,Approved,2025-11-12
2994,27663,WRONG SIZE,4348.88,Approved,2026-02-14
2995,27688,Wrong size,2419.78,Approved,2026-07-25
2996,27702,Sole damage,2743.56,Approved,2026-09-01
2997,27703,ALLERGIC REACTION,1646.18,Approved,2026-09-05
2998,27713,Changed mind,1977.46,Approved,2026-05-16
2999,27722,Changed mind,988.73,Approved,2026-06-09
3000,27732,Size too small,922.42,Approved,2026-06-18
3001,27742,Sole damage,2174.44,Approved,2026-06-25
3002,27754,product damaged,695.64,Rejected,2026-07-12
3003,27782,Changed mind,389.69,Approved,2025-07-19
3004,27785,Changed mind,2088.22,Approved,2025-07-17
3005,27791,Changed mind,1916.95,Pending,07/27/2025
3006,27804,Size too small,2909.4,Approved,2025-09-02
3007,27814,Size too small,1939.6,Approved,2025-09-04
3008,27823,Color mismatch,893.75,Approved,2025-09-04
3009,27829,Changed mind,389.69,Approved,2025-08-11
3010,27834,Changed mind,2174.44,Pending,2025-08-23
3011,27841,Changed mind,2174.5,Approved,2025-10-10
3012,27842,Size too small,2761.13,Approved,2025-10-05
3013,27848,Color mismatch,2761.13,Approved,2024-09-10
3014,27850,Changed mind,1293.67,Approved,2025-01-08
3015,27851,Changed mind,1844.84,Approved,2026-03-26
3016,27852,Product damaged,243.4,Approved,2026-03-30
3017,27853,product damaged,361.35,Approved,2026-03-19
3018,27856,Changed mind,669.38,Rejected,2026-03-19
3019,27862,Shade mismatch,1124.94,Approved,2026-02-04
3020,27893,Size too large,2270.49,Approved,18-03-2026
3021,27894,Changed mind,893.75,Approved,2026-03-14
3022,27896,Size too small,782.44,Approved,2026-03-18
3023,27897,Size issue,654.36,Rejected,2026-03-18
3024,27904,Color mismatch,969.8,Approved,2026-04-25
3025,27905,Size too small,2954.08,Approved,2026-04-24
3026,27907,Not as described,1552.4,Approved,2026-05-28
3027,27912,Allergic reaction,1646.18,Approved,2026-07-27
3028,27924,Changed mind,776.2,Rejected,2025-04-08
3029,27933,Changed mind,4978.8,Rejected,2026-03-15
3030,27941,Fabric quality poor,782.44,Pending,2026-08-25
3031,27969,Color mismatch,5487.12,Approved,2024-11-28
3032,27973,Color mismatch,2419.78,Approved,2025-05-01
3033,27975,Size too small,922.42,Approved,2025-08-22
3034,27979,CHANGED MIND,3833.9,Approved,2025-11-27
3035,27992,Color mismatch,844.84,Approved,2026-02-27
3036,27993,Uncomfortable fit,1287.64,Approved,2026-02-24
3037,28001,Color mismatch,2575.28,Approved,2026-06-24
3038,28002,Changed mind,804.47,Approved,06/28/2026
3039,28004,Changed mind,988.73,Approved,2026-07-16
3040,28009,Wrong size,2743.56,Pending,2026-08-01
3041,28020,Color mismatch,922.42,Approved,2026-08-12
3042,28026,Wrong size,2231.12,Approved,2026-08-05
3043,28036,Changed mind,2489.4,Pending,2026-07-03
3044,28037,Fabric quality poor,1477.93,Approved,2026-07-05
3045,28052,Shade mismatch,434.65,Approved,2026-08-22
3046,28053,Size too large,3021.33,Approved,2026-08-25
3047,28055,Sole damage,2088.22,Pending,2026-08-18
3048,28062,Wrong size,1287.64,Approved,2026-08-25
3049,28063,Size too large,4431.12,Approved,2026-08-25
3050,28071,Uncomfortable fit,4464.21,Pending,2026-08-27
3051,28090,Changed mind,695.64,Approved,2025-10-11
3052,28119,Uncomfortable fit,2972.8,Approved,2026-07-01
3053,28124,Changed mind,1158.6,Approved,01 Sep 2026
3054,28128,Color mismatch,2761.13,Approved,2026-09-01
3055,28132,Changed mind,988.73,Approved,2025-02-26
3056,28150,Product damaged,301.02,Rejected,2025-10-06
3057,28198,Changed mind,264.09,Approved,2026-08-25
3058,28209,Allergic reaction,1646.18,Approved,2026-05-06
3059,28215,Changed mind,695.64,Rejected,2024-07-30
3060,28240,Size too large,6811.47,Approved,01/03/2025
3061,28246,Product damaged,1293.67,Approved,2025-02-04
3062,28270,Color mismatch,3833.9,Approved,2025-11-13
3063,28275,Sole damage,3668.7,Approved,2025-12-01
3064,28295,Size too large,3970.76,Rejected,2024-12-29
3065,28301,Changed mind,1240.53,Approved,2025-06-23
3066,28309,Size too small,1985.38,Approved,2026-02-25
3067,28313,Color mismatch,3021.33,Approved,2026-06-30
3068,28325,Allergic reaction,1391.28,Approved,2025-01-01
3069,28337,Allergic reaction,846.15,Approved,2024-08-20
3070,28341,Color mismatch,2088.22,Approved,2024-08-25
3071,28348,Uncomfortable fit,844.84,Approved,2024-09-06
3072,28355,Changed mind,700.74,Rejected,2024-10-16
3073,28359,fabric quality poor,1787.5,Approved,2024-11-14
3074,28360,Changed mind,2489.4,Approved,2024-11-04
3075,28361,Not as described,789.2,Approved,2024-11-11
3076,28380,Product damaged,200.78,Approved,2025-02-02
3077,28390,Not as described,243.4,Approved,2025-03-17
3078,28392,Uncomfortable fit,2743.56,Pending,26 Mar 2025
3079,28395,Allergic reaction,1293.67,Approved,2025-03-28
3080,28398,Not as described,1552.4,Rejected,2025-04-08
3081,28404,Color mismatch,1916.95,Approved,2025/04/19
3082,28405,Changed mind,2743.56,Approved,2025-04-13
3083,28418,Uncomfortable fit,3346.68,Approved,2026-06-06
3084,28428,size too large,2489.4,Approved,2026-06-06
3085,28436,Changed mind,846.15,Pending,2026-05-31
3086,28446,Not as described,716.49,Approved,2025-08-05
3087,28458,Size too large,2761.13,Rejected,2025-08-06
3088,28459,Changed mind,2681.25,Approved,08-08-2025
3089,28461,Product damaged,1124.94,Rejected,2025-08-04
3090,28470,Sole damage,2743.56,Approved,2026-09-03
3091,28483,Changed mind,893.75,Approved,2026-07-28
3092,28486,Changed mind,2231.12,Approved,2026-08-05
3093,28489,Changed mind,1240.53,Approved,2024-07-19
3094,28492,Color mismatch,2972.8,Approved,2026-07-01
3095,28529,Product damaged,846.15,Approved,2026-01-25
3096,28530,Color mismatch,1477.04,Approved,2026-02-08
3097,28531,SIZE ISSUE,1308.76,Approved,2026-08-16
3098,28544,Color mismatch,2743.56,Approved,2024-10-16
3099,28548,Changed mind,1477.93,Approved,2024-12-21
3100,28568,Product damaged,789.2,Rejected,2025-11-27
3101,28575,Uncomfortable fit,1287.64,Approved,2026-01-11
3102,28586,Changed mind,969.8,Approved,2026-04-17
3103,28597,Size too large,969.8,Approved,2026-08-22
3104,28603,Wrong size,1115.56,Approved,2023-08-27
3105,28614,Uncomfortable fit,1287.64,Approved,2024-06-10
3106,28623,Fabric quality poor,1564.88,Approved,2024-01-21
3107,28629,Color mismatch,1287.64,Approved,2025-02-06
3108,28633,Fabric quality poor,1985.38,Pending,2026-02-06
3109,28635,Fabric quality poor,782.44,Approved,2026-09-13
3110,28662,Uncomfortable fit,2972.8,Approved,2026-06-28
3111,28665,Fabric quality poor,2761.13,Approved,2026-08-02
3112,28667,Size too small,1564.88,Approved,2024-07-26
3113,28669,Color mismatch,4433.79,Approved,2025-05-02
3114,28675,Allergic reaction,434.65,Approved,2025-07-27
3115,28682,Changed mind,2743.56,Approved,2025-12-03
3116,28691,Product damaged,1240.53,Approved,2026-06-08
3117,28698,Fabric quality poor,1477.93,Approved,2025-11-29
3118,28700,Size too small,6042.66,Approved,2025-11-26
3119,28707,Size too small,1985.38,Approved,2026-01-04
3120,28708,Size too large,2270.49,Rejected,2026-01-04
3121,28711,Changed mind,375.75,Approved,2026-01-09
3122,28715,Allergic reaction,846.15,Rejected,13 Jan 2026
3123,28725,Size issue,804.47,Rejected,2026-05-15
3124,28777,Not as described,375.75,Approved,2026-06-05
3125,28799,Fabric quality poor,1564.88,Approved,09/01/2026
3126,28800,Color mismatch,2270.49,Approved,2026-09-06
3127,28824,Changed mind,695.64,Rejected,2025-06-12
3128,28828,Wrong size,1689.68,Approved,2025-08-20
3129,28831,Changed mind,804.47,Approved,2026-01-01
3130,28866,Size issue,676.56,Approved,2025-11-24
3131,28874,Not as described,233.58,Approved,2026-01-01
3132,28875,Color mismatch,1115.56,Approved,2026-01-28
3133,28878,Changed mind,205.29,Approved,2024-02-08
3134,28891,Color mismatch,1488.07,Rejected,2024/11/15
3135,28899,Sole damage,1287.64,Approved,2025-07-01
3136,28901,Changed mind,2972.8,Approved,2025-07-23
3137,28919,Uncomfortable fit,2088.22,Rejected,2025-04-19
3138,28925,Changed mind,2767.26,Approved,2025-06-04
3139,28942,Wrong size,6264.66,Approved,2026-06-04
3140,28967,changed mind,562.47,Approved,2026-03-20
3141,28974,Shade mismatch,695.64,Rejected,2026-08-07
3142,28982,Color mismatch,8230.68,Rejected,2026-06-10
3143,28992,Shade mismatch,893.22,Approved,2026-04-27
3144,28996,Uncomfortable fit,844.84,Approved,2025-11-28
3145,28998,Color mismatch,2743.56,Rejected,2025-11-23
3146,29004,Not as described,654.36,Approved,2026-01-26
3147,29015,Changed mind,386.2,Pending,2026-07-29
3148,29019,Size issue,716.49,Approved,2026-08-19
3149,29029,Product damaged,2679.66,Approved,2026-08-23
3150,29038,Product damaged,2679.66,Approved,2026-08-28
3151,29062,Changed mind,233.58,Approved,2026-05-08
3152,29065,Fabric quality poor,782.44,Rejected,2026-05-11
3153,29068,Product damaged,1293.67,Approved,2026-05-02
3154,29069,Size too large,1477.04,Approved,2026-05-06
3155,29074,COLOR MISMATCH,1287.64,Approved,2026-05-17
3156,29100,Color mismatch,2575.28,Pending,2025-10-15
3157,29102,Size too large,1564.88,Approved,2025-11-28
3158,29104,Size too small,893.75,Approved,2025-12-13
3159,29119,Changed mind,525.91,Approved,2026-04-28
3160,29145,Color mismatch,2088.22,Approved,2026-06-11
3161,29148,Sole damage,1115.56,Approved,2026-06-01
3162,29158,Fabric quality poor,1844.84,Approved,2024-07-10
3163,29165,Shade mismatch,893.22,Approved,2024-07-29
3164,29176,Allergic reaction,823.09,Approved,2025-10-31
3165,29189,Size issue,1432.98,Approved,2026-02-22
3166,29195,Color mismatch,1115.56,Rejected,2026-03-13
3167,29199,Size too large,1477.04,Approved,2026-05-16
3168,29217,Allergic reaction,893.22,Approved,2024-12-16
3169,29218,Size issue,1577.73,Approved,2024-12-28
3170,29219,Allergic reaction,823.09,Approved,2025-02-02
3171,29226,Sole damage,8918.4,Approved,2025-08-13
3172,29229,Shade mismatch,1692.3,Pending,2025-12-23
3173,29236,Color mismatch,4839.56,Approved,2025-11-26
3174,29246,Allergic reaction,695.64,Approved,2024-04-30
3175,29251,Changed mind,2575.28,Approved,2024-09-02
3176,29261,Color mismatch,4540.98,Approved,2026-02-05
3177,29266,Wrong size,2419.78,Approved,2026-03-24
3178,29271,Size too small,1477.04,Approved,2026-03-21
3179,29272,Shade mismatch,869.3,Rejected,2026-08-04
3180,29275,Changed mind,869.3,Approved,2026-04-21
3181,29278,Uncomfortable fit,1287.64,Pending,2023-07-10
3182,29279,Sole damage,1916.95,Approved,2023-07-06
3183,29283,Sole damage,5487.12,Approved,2025-09-14
3184,29301,Color mismatch,3668.7,Approved,2025-11-10
3185,29302,Changed mind,893.22,Approved,2025-12-17
3186,29321,Not as described,654.38,Approved,2026-03-29
3187,29328,Sole damage,1488.07,Approved,2026-06-08
3188,29330,Product damaged,275.13,Approved,2026-06-21
3189,29331,Product damaged,893.22,Approved,2026-06-17
3190,29340,CHANGED MIND,386.2,Approved,2026-08-16
3191,29397,Size too large,2489.4,Approved,2025-08-28
3192,29398,Shade mismatch,1391.28,Approved,2025-08-20
3193,29402,Changed mind,394.6,Rejected,2025-10-23
3194,29404,Size too small,1477.93,Approved,2025-11-03
3195,29428,Size too large,2909.4,Approved,2024-04-14
3196,29432,Color mismatch,1477.04,Pending,2024-07-21
3197,29441,Size too large,2954.08,Approved,2024-10-27
3198,29444,Size too small,1939.6,Approved,2024-12-17
3199,29451,Uncomfortable fit,1488.07,Approved,24 Jun 2025
3200,29466,Uncomfortable fit,844.84,Approved,2025-04-22
3201,29469,Size too small,4540.98,Approved,2025-04-27
3202,29470,Color mismatch,2088.22,Approved,2025-05-14
3203,29472,Uncomfortable fit,4839.56,Approved,2025-05-19
3204,29532,Size too small,2955.86,Approved,2026-03-04
3205,29537,Product damaged,846.15,Approved,2026-05-07
3206,29599,Changed mind,301.02,Approved,2026-07-30
3207,29608,Size issue,525.91,Approved,2026-08-02
3208,29632,Size too large,2767.26,Approved,2026-07-22
3209,29637,Sole damage,2174.44,Approved,2026-07-25
3210,29650,Changed mind,825.39,Approved,2026-07-27
3211,29659,Size issue,754.18,Approved,2026-04-19
3212,29675,Fabric quality poor,2954.08,Approved,2026-09-07
3213,29696,Size issue,654.36,Approved,2026-01-28
3214,29717,Sole damage,1834.35,Approved,2024-11-05
3215,29732,Size too large,1985.38,Approved,03/08/2026
3216,29750,Fabric quality poor,6811.47,Approved,2026-08-23
3217,29753,Uncomfortable fit,2743.56,Approved,2026-08-29
3218,29754,Changed mind,804.47,Approved,2026-09-02
3219,29779,Size too large,2270.49,Pending,2026-03-18
3220,29790,Allergic reaction,893.22,Approved,2026-06-24
3221,29804,Changed mind,804.47,Approved,2026-08-31
3222,29819,Changed mind,751.5,Approved,2026-03-07
3223,29833,Sole damage,844.84,Approved,2026-03-02
3224,29844,Sole damage,844.84,Pending,2026-03-25
3225,29845,Color mismatch,2088.22,Approved,2026-03-24
3226,29851,Changed mind,1477.93,Approved,2026-04-02
3227,29882,Changed mind,1293.67,Approved,2026-08-29
3228,29902,Changed mind,3346.68,Pending,2025-09-01
3229,29912,Size issue,654.38,Approved,2026-01-11
3230,29919,Changed mind,988.73,Approved,2026-03-21
3231,29934,Changed mind,1293.67,Approved,2026-05-16
3232,29951,Size too small,6811.47,Approved,2026-08-31
3233,29956,Sole damage,1287.64,Approved,2026-09-03
3234,29959,Size issue,716.49,Approved,2026-08-31
3235,29974,Color mismatch,1689.68,Approved,2026-09-09
3236,29975,Uncomfortable fit,4839.56,Approved,2026-09-09
3237,29990,Uncomfortable fit,3833.9,Approved,2025-11-07
3238,29998,Uncomfortable fit,2743.56,Rejected,2025-12-26
3239,30005,Color mismatch,1477.04,Approved,2025-01-25
3240,30008,Size too small,1939.6,Pending,2025-01-24
3241,30009,Fabric quality poor,3021.33,Approved,2023-10-16
3242,30020,Shade mismatch,1993.35,Approved,2024-03-01
3243,30025,Size too small,1477.93,Rejected,2024-08-07
3244,30081,Uncomfortable fit,1916.95,Approved,2026-08-26
3245,30102,Changed mind,776.2,Approved,2026-09-06
3246,30104,Changed mind,1985.38,Approved,2026-09-04
3247,30111,Not as described,1084.05,Approved,2026-08-30
3248,30134,Size too small,2955.86,Rejected,2026-09-02
3249,30153,Changed mind,1328.9,Approved,2026-08-28
3250,30159,Product damaged,550.26,Approved,02-09-2026
3251,30163,Color mismatch,2270.49,Approved,2026-09-07
3252,30171,Shade mismatch,275.13,Approved,2025-10-04
3253,30177,Size too large,3021.33,Approved,2026-03-24
3254,30186,Size issue,1308.72,Approved,2026-06-18
3255,30194,Changed mind,6264.66,Approved,2026-07-09
3256,30209,Changed mind,922.42,Approved,2026-09-02
3257,30221,Changed mind,654.36,Rejected,2026-09-04
3258,30224,Product damaged,264.09,Rejected,2026-06-20
3259,30227,Sole damage,2231.12,Approved,2026-07-10
3260,30228,Changed mind,1916.95,Approved,2026-06-29
3261,30229,Uncomfortable fit,2088.22,Approved,2026-06-29
3262,30245,Size issue,654.38,Pending,2026-06-22
3263,30271,Changed mind,2972.8,Approved,2026-08-02
3264,30287,Changed mind,1787.5,Approved,2026-08-20
3265,30288,Color mismatch,2743.56,Pending,2026-08-17
3266,30308,Fabric quality poor,2270.49,Approved,2026-09-09
3267,30312,Product damaged,1293.67,Approved,2026-04-19
3268,30315,Product damaged,145.44,Approved,2026-06-01
3269,30318,CHANGED MIND,233.58,Approved,02 Jun 2026
3270,30322,Not as described,1977.46,Approved,2026-07-08
3271,30347,Shade mismatch,846.15,Approved,2025-10-29
3272,30351,Product damaged,1240.53,Approved,2025/11/22
3273,30353,Fabric quality poor,922.42,Approved,2026-01-19
3274,30354,Size too small,1477.93,Approved,2026-01-12
3275,30361,Product damaged,602.34,Approved,2026-03-26
3276,30379,Fabric quality poor,1477.93,Approved,2026-09-01
3277,30394,Changed mind,1124.94,Rejected,2025-12-29
3278,30398,Changed mind,2761.13,Approved,2024-09-26
3279,30400,Changed mind,1985.38,Approved,2024-10-06
3280,30421,Sole damage,1115.56,Approved,2026-08-17
3281,30422,Changed mind,2174.44,Approved,2026-08-26
3282,30431,Changed mind,264.09,Approved,2023-12-26
3283,30433,Not as described,1183.8,Approved,2023-12-23
3284,30454,Color mismatch,6264.66,Approved,2024-10-18
3285,30456,Sole damage,1916.95,Approved,2024-10-16
3286,30466,Color mismatch,7259.34,Rejected,2024-12-27
3287,30477,Changed mind,922.42,Pending,2025-01-18
3288,30490,size too large,922.42,Approved,2025-05-01
3289,30492,Changed mind,1477.93,Approved,2025-04-27
3290,30499,Changed mind,550.26,Approved,13-06-2024
3291,30512,Changed mind,361.35,Rejected,2026-09-01
3292,30520,Size issue,1963.14,Approved,2026-01-13
3293,30547,Changed mind,844.84,Approved,2026-09-10
3294,30550,Color mismatch,6811.47,Rejected,2026-08-30
3295,30627,Fabric quality poor,4978.8,Rejected,2026-03-18
3296,30631,Size too small,2270.49,Approved,2026-03-31
3297,30636,Changed mind,233.58,Approved,2026-03-23
3298,30644,Wrong size,1488.07,Approved,2026-04-05
3299,30649,Changed mind,2469.27,Rejected,2026-04-26
3300,30655,Changed mind,1787.5,Approved,2026-06-13
3301,30668,Uncomfortable fit,2174.44,Pending,2026-08-23
3302,30672,Size issue,1308.72,Approved,2026-08-23
3303,30674,Allergic reaction,1692.3,Approved,2026-08-21
3304,30679,CHANGED MIND,434.65,Approved,2026-09-06
3305,30704,Uncomfortable fit,1115.56,Approved,2026-07-13
3306,30705,Wrong size,2743.56,Approved,2026-07-16
3307,30708,Uncomfortable fit,2743.56,Approved,2026-07-16
3308,30733,Sole damage,2419.78,Approved,2026-07-15
3309,30803,UNCOMFORTABLE FIT,1488.07,Pending,29-08-2024
3310,30806,Changed mind,2489.4,Approved,2024-08-25
3311,30817,Fabric quality poor,4433.79,Approved,2025-01-25
3312,30818,Changed mind,804.47,Rejected,2025-02-11
3313,30822,Uncomfortable fit,2743.56,Approved,2025-04-01
3314,30829,Changed mind,375.75,Approved,2025-10-06
3315,30830,Size too large,1477.93,Approved,2025-11-08
3316,30857,Color mismatch,782.44,Approved,2025-06-27
3317,30870,Changed mind,664.45,Approved,2025-06-30
3318,30872,Sole damage,1488.07,Approved,07/06/2025
3319,30877,Fabric quality poor,5956.14,Approved,2025-07-07
3320,30889,Product damaged,290.88,Pending,2026-03-20
3321,30910,Wrong size,4176.44,Approved,2024-09-06
3322,30915,Shade mismatch,1646.18,Approved,2024-11-25
3323,30922,Shade mismatch,434.65,Approved,2025-12-26
3324,30924,Size too small,5522.26,Approved,2026-01-08
3325,30934,Changed mind,1689.68,Approved,2026-04-01
3326,30946,Size too small,922.42,Approved,2026-08-26
3327,30952,Allergic reaction,1303.95,Approved,2026-09-02
3328,30958,Size issue,716.49,Approved,2026-08-27
3329,30980,Allergic reaction,1240.53,Approved,2026-01-18
3330,30986,Size too large,893.75,Approved,2025-06-23
3331,30992,Uncomfortable fit,1834.35,Rejected,2025-10-30
3332,31014,Uncomfortable fit,2174.44,Rejected,2026-03-28
3333,31024,Product damaged,1183.8,Approved,2026-06-19
3334,31030,Wrong size,1689.68,Approved,2026-06-21
3335,31042,Not as described,377.09,Approved,2026-09-03
3336,31062,Size too large,1477.04,Approved,2025-10-05
3337,31064,Changed mind,893.75,Approved,2025-09-29
3338,31067,Size too small,1477.04,Approved,2025-10-12
3339,31074,Not as described,1308.76,Pending,2025-11-08
3340,31077,Size too large,2955.86,Approved,2025-11-30
3341,31078,Changed mind,782.44,Approved,2025-11-26
3342,31079,Color mismatch,1477.04,Pending,2025-12-16
3343,31087,not as described,1432.98,Pending,2026-01-16
3344,31102,Size too large,3970.76,Approved,2026-04-07
3345,31115,Changed mind,1240.53,Approved,2024-11-05
3346,31138,Changed mind,3668.7,Approved,2025-05-08
3347,31166,Sole damage,5945.6,Rejected,2026-06-08
3348,31168,Size too large,4540.98,Approved,2026-06-04
3349,31169,Size too large,1939.6,Approved,2026-06-03
3350,31174,Sole damage,4176.44,Approved,2024-03-22
3351,31175,Changed mind,2231.12,Approved,2024-03-17
3352,31178,color mismatch,1287.64,Approved,2025-01-06
3353,31195,Changed mind,2270.49,Approved,2026-07-06
3354,31210,Changed mind,1834.35,Approved,2025-02-06
3355,31215,Product damaged,243.4,Approved,2025-10-22
3356,31219,Shade mismatch,562.47,Approved,2025-11-24
3357,31227,Shade mismatch,846.15,Pending,2026-06-15
3358,31236,Size too small,2270.49,Pending,2026-09-15
3359,31250,Changed mind,1834.35,Approved,2026-03-23
3360,31252,Sole damage,2743.56,Approved,2026-03-17
3361,31261,Size too small,3021.33,Approved,2026-08-17
3362,31265,Size too large,4433.79,Approved,2026-08-21
3363,31270,Color mismatch,2972.8,Approved,2026-08-20
3364,31275,Wrong size,5487.12,Rejected,2026-08-28
3365,31278,Color mismatch,1985.38,Approved,2026-08-27
3366,31293,PRODUCT DAMAGED,401.56,Approved,2026-09-11
3367,31301,Product damaged,264.09,Approved,2026-09-15
3368,31323,Size too small,922.42,Approved,2024-07-04
3369,31326,Color mismatch,1916.95,Approved,2024-08-28
3370,31327,Color mismatch,2174.44,Rejected,2024-09-03
3371,31337,Changed mind,969.8,Approved,2025-01-13
3372,31355,Fabric quality poor,969.8,Rejected,2025-11-10
3373,31364,Color mismatch,2489.4,Rejected,2025-12-23
3374,31384,Fabric quality poor,5956.14,Approved,2025-08-21
3375,31392,Shade mismatch,2587.34,Approved,2026-08-22
3376,31404,Changed mind,1115.56,Approved,2026-06-09
3377,31410,Size too large,2489.4,Approved,06 Dec 2025
3378,31422,Changed mind,1844.84,Approved,2026-06-30
3379,31423,Allergic reaction,1303.95,Rejected,2026-07-07
3380,31441,Changed mind,1985.38,Pending,2026-08-19
3381,31442,Color mismatch,3021.33,Approved,2026-08-14
3382,31444,Fabric quality poor,2489.4,Approved,2026-08-27
3383,31450,Allergic reaction,823.09,Approved,2026-08-28
3384,31451,Allergic reaction,562.47,Pending,2026-08-27
3385,31454,Not as described,988.73,Approved,2026-09-04
3386,31466,Color mismatch,2174.44,Approved,2025-09-04
3387,31469,Not as described,386.2,Approved,2025-10-02
3388,31473,Not as described,375.75,Approved,2025-12-12
3389,31474,Size issue,654.36,Approved,2025-12-07
3390,31478,Size too large,2909.4,Approved,2026-01-19
3391,31485,wrong size,1916.95,Approved,2026-03-28
3392,31490,Wrong size,1115.56,Pending,2026-03-26
3393,31498,Size issue,377.09,Approved,2026-06-05
3394,31500,Changed mind,669.38,Approved,2026-07-07
3395,31507,Wrong size,1287.64,Approved,2026-09-03
3396,31533,Size too small,8283.39,Approved,2025-06-30
3397,31535,Color mismatch,3346.68,Approved,2026-08-31
3398,31561,Color mismatch,3021.33,Approved,2025-08-19
3399,31562,Size too small,922.42,Pending,2025-08-24
3400,31570,Changed mind,1985.38,Approved,2026-06-22
3401,31571,Size issue,1432.98,Approved,2026-09-11
3402,31575,Changed mind,2761.13,Approved,2026-02-24
3403,31577,Shade mismatch,2469.27,Rejected,2026/02/21
3404,31581,Size issue,525.91,Approved,2026-02-21
3405,31584,Color mismatch,2088.22,Approved,2026-02-18
3406,31586,Shade mismatch,550.26,Approved,2026-02-21
3407,31601,Size too small,6042.66,Pending,2026-02-14
3408,31603,Size too small,1844.84,Approved,2026-02-20
3409,31605,Sole damage,1916.95,Approved,2026-02-23
3410,31612,Color mismatch,782.44,Pending,2025-12-22
3411,31614,Size too small,922.42,Approved,2025-12-16
3412,31615,Allergic reaction,846.15,Approved,2025-12-15
3413,31627,Wrong size,3668.7,Approved,2025-09-01
3414,31628,Color mismatch,893.75,Rejected,2025-10-21
3415,31634,Allergic reaction,434.65,Approved,2026-06-17
3416,31645,Uncomfortable fit,2743.56,Approved,2025-02-03
3417,31647,Uncomfortable fit,2419.78,Approved,2025-02-03
3418,31651,Not as described,233.58,Approved,2025-02-04
3419,31658,Not as described,145.44,Approved,2025-03-25
3420,31663,Changed mind,3970.76,Approved,2025-07-03
3421,31664,Color mismatch,6042.66,Approved,2025-07-07
3422,31665,Size too small,4978.8,Approved,2025-07-08
3423,31676,Color mismatch,4978.8,Approved,2025-08-18
3424,31679,Product damaged,275.13,Approved,2025-08-29
3425,31694,Not as described,1432.98,Approved,2025-12-11
3426,31709,Changed mind,1687.41,Approved,2026-06-02
3427,31714,Wrong size,2088.22,Approved,2026-06-20
3428,31721,Color mismatch,2419.78,Approved,2026-08-08
3429,31725,Changed mind,695.64,Approved,2026-08-21
3430,31732,Color mismatch,2972.8,Approved,2026-09-07
3431,31756,Color mismatch,1477.04,Pending,2025-01-27
3432,31762,Wrong size,1115.56,Approved,2025-02-15
3433,31769,Fabric quality poor,2909.4,Approved,2025-09-01
3434,31770,Changed mind,2909.4,Approved,2025-09-19
3435,31775,Changed mind,922.42,Approved,2026-01-13
3436,31776,Changed mind,2347.32,Pending,2026-01-06
3437,31777,Uncomfortable fit,2575.28,Approved,2026-01-10
3438,31779,Changed mind,1834.35,Approved,2026-01-25
3439,31781,Uncomfortable fit,6523.32,Approved,2026-02-02
3440,31784,Changed mind,1240.53,Rejected,2026-02-05
3441,31794,Size issue,654.36,Approved,2026-06-23
3442,31798,Color mismatch,2976.14,Pending,2026-09-02
3443,31800,Color mismatch,2743.56,Approved,2026-08-31
3444,31804,Product damaged,1124.94,Approved,2025-03-25
3445,31820,Allergic reaction,562.47,Pending,2026-01-20
3446,31835,Changed mind,1328.9,Approved,2024-11-16
3447,31844,Not as described,751.5,Approved,2025-10-19
3448,31852,Sole damage,1834.35,Approved,2025-10-19
3449,31855,Shade mismatch,823.09,Rejected,2025-10-30
3450,31860,Uncomfortable fit,1287.64,Approved,2025-10-20
3451,31871,Changed mind,4839.56,Approved,2025-10-20
3452,31880,Changed mind,5487.12,Approved,2025-10-20
3453,31881,Size issue,776.2,Approved,2023-04-18
3454,31885,Changed mind,922.42,Approved,2023-10-12
3455,31886,Changed mind,1477.93,Approved,2023-10-06
3456,31889,Size too large,2270.49,Approved,2024-06-14
3457,31891,Size too large,5522.26,Approved,2024-06-18
3458,31910,Changed mind,893.75,Approved,2026-08-28
3459,31922,Changed mind,1488.07,Approved,2025-01-08
3460,31934,Changed mind,4464.21,Approved,2025-06-26
3461,31935,Wrong size,3346.68,Approved,2025-06-29
3462,31953,Shade mismatch,664.45,Approved,2026-07-11
3463,31955,Allergic reaction,562.47,Approved,2026-07-07
3464,31959,Allergic reaction,550.26,Pending,2026-09-13
3465,31962,Size too small,5956.14,Approved,2026-08-20
3466,31963,Size too large,2761.13,Approved,2026-08-19
3467,31986,Changed mind,1608.94,Approved,2026-02-05
3468,31996,Allergic reaction,2538.45,Approved,2026-06-21
3469,32020,Product damaged,664.45,Approved,2026-05-18
3470,32024,Changed mind,1985.38,Approved,2026-05-22
3471,32026,Product damaged,722.7,Approved,2026-05-29
3472,32029,Size too large,1985.38,Approved,2026-06-16
3473,32040,Changed mind,1477.04,Approved,2026-08-06
3474,32045,Changed mind,1087.25,Approved,2026-08-23
3475,32079,Changed mind,1488.07,Approved,2026-05-21
3476,32083,Size too small,4540.98,Pending,2026-07-19
3477,32089,Product damaged,243.4,Approved,04/03/2025
3478,32091,Product damaged,275.13,Approved,2025-06-06
3479,32104,Allergic reaction,823.09,Approved,2026-02-05
3480,32106,Allergic reaction,2481.06,Pending,2026-02-02
3481,32121,Not as described,386.2,Approved,2026-02-04
3482,32128,Changed mind,844.84,Approved,2026-08-20
3483,32158,Product damaged,664.45,Rejected,2025-06-11
3484,32159,Color mismatch,2972.8,Rejected,2025-06-29
3485,32160,Changed mind,2743.56,Approved,2025-06-29
3486,32161,Changed mind,2174.44,Approved,2025-06-27
3487,32166,Wrong size,1115.56,Approved,2025-07-13
3488,32181,Changed mind,8283.39,Pending,2026-02-20
3489,32192,Changed mind,2761.13,Approved,2026-06-28
3490,32197,Shade mismatch,2481.06,Approved,2026-06-29
3491,32198,Size issue,716.49,Approved,2026-07-17
3492,32206,NOT AS DESCRIBED,389.69,Approved,2026-09-01
3493,32208,Uncomfortable fit,844.84,Approved,2025-09-03
3494,32213,Fabric quality poor,1787.5,Approved,2024-12-29
3495,32230,Fabric quality poor,969.8,Approved,2025-05-02
3496,32234,Shade mismatch,1293.67,Approved,2025-06-12
3497,32242,Uncomfortable fit,2231.12,Pending,2025-08-25
3498,32246,Changed mind,2086.92,Approved,2026-02-02
3499,32250,Color mismatch,1115.56,Approved,2026-06-21
3500,32258,Changed mind,2743.56,Approved,2025-10-27
3501,32263,Color mismatch,1477.93,Approved,2025-12-03
3502,32277,Changed mind,1051.82,Approved,2026-01-29
3503,32279,Shade mismatch,434.65,Approved,2024-12-19
3504,32282,Changed mind,695.64,Approved,2024-12-16
3505,32287,Uncomfortable fit,2972.8,Approved,2025-01-13
3506,32296,Changed mind,434.65,Approved,2025-02-07
3507,32300,Fabric quality poor,1564.88,Approved,2025-04-12
3508,32302,Fabric quality poor,2767.26,Approved,2025-04-26
3509,32327,Size too large,893.75,Approved,2026-03-19
3510,32328,Size too small,2270.49,Approved,2026-03-13
3511,32337,Fabric quality poor,2954.08,Approved,2025-01-11
3512,32345,Changed mind,1477.04,Approved,2026-03-09
3513,32380,Size too large,2954.08,Approved,2025-01-20
3514,32385,Color mismatch,969.8,Approved,2025-06-20
3515,32388,Uncomfortable fit,2575.28,Pending,2025-09-13
3516,32395,Color mismatch,2489.4,Pending,2026-01-06
3517,32402,Fabric quality poor,969.8,Approved,2025-12-25
3518,32404,Size too small,2270.49,Approved,2026-08-26
3519,32413,Color mismatch,4540.98,Rejected,2025-07-03
3520,32414,Fabric quality poor,8283.39,Approved,2025-06-24
3521,32415,Fabric quality poor,1477.93,Approved,2025-07-08
3522,32419,Color mismatch,1985.38,Approved,2025-08-20
3523,32425,Shade mismatch,1240.53,Approved,2026-01-02
3524,32428,Color mismatch,1477.04,Approved,2026-01-25
3525,32432,Color mismatch,782.44,Approved,2026-02-01
3526,32433,Fabric quality poor,7468.2,Approved,2026/02/26
3527,32441,Product damaged,1240.53,Approved,2026-04-08
3528,32444,Changed mind,1287.64,Approved,06/26/2026
3529,32448,Not as described,145.44,Approved,2026-07-02
3530,32452,Changed mind,3862.92,Approved,2026-07-23
3531,32461,Size issue,716.49,Pending,2026-08-24
3532,32471,Product damaged,1087.25,Approved,2025-10-27
3533,32482,Uncomfortable fit,3833.9,Approved,2026-08-22
3534,32484,UNCOMFORTABLE FIT,2972.8,Rejected,2026-08-22
3535,32492,Allergic reaction,1328.9,Approved,2026-08-22
3536,32495,Sole damage,2088.22,Pending,2026-08-28
3537,32506,Changed mind,772.4,Approved,2025-08-26
3538,32513,Fabric quality poor,2954.08,Approved,2025-02-07
3539,32520,Changed mind,2743.56,Approved,2025-06-02
3540,32527,FABRIC QUALITY POOR,1787.5,Pending,2026-01-05
3541,32529,Not as described,264.09,Approved,2026-03-19
3542,32556,Size too small,1477.93,Rejected,2025-01-26
3543,32558,Fabric quality poor,1844.84,Pending,2025-01-20
3544,32574,Allergic reaction,1087.25,Approved,2026-05-28
3545,32583,Size too small,1985.38,Approved,2024-08-24
3546,32588,Size too small,7468.2,Approved,2024-11-15
3547,32606,Fabric quality poor,4433.79,Approved,2025-06-24
3548,32616,uncomfortable fit,2534.52,Pending,2025-11-13
3549,32628,Changed mind,4540.98,Approved,2026-05-13
3550,32640,Color mismatch,4540.98,Approved,2026-05-12
3551,32646,Uncomfortable fit,3833.9,Approved,2024-08-23
3552,32653,Color mismatch,8230.68,Approved,2025-06-23
3553,32665,Product damaged,615.87,Approved,2026-08-30
3554,32669,Product damaged,264.09,Approved,2026-04-13
3555,32671,Changed mind,893.22,Approved,2024-08-29
3556,32682,Product damaged,386.2,Approved,2025-02-07
3557,32684,Size too small,893.75,Approved,2025-03-05
3558,32699,Changed mind,1488.07,Approved,2025-12-06
3559,32707,Size issue,375.75,Approved,2026-03-17
3560,32733,Changed mind,6811.47,Approved,2026-04-30
3561,32734,Size too large,1477.93,Approved,2026-04-20
3562,32735,Not as described,654.38,Pending,2026-04-30
3563,32753,Color mismatch,2761.13,Pending,2026-05-09
3564,32754,Fabric quality poor,1564.88,Approved,2026-05-16
3565,32765,Allergic reaction,1240.53,Approved,2026-05-14
3566,32769,Fabric quality poor,2681.25,Approved,2026-05-17
3567,32770,Color mismatch,6042.66,Approved,2026-05-27
3568,32787,Size too small,1985.38,Approved,2026-08-19
3569,32795,Changed mind,4348.88,Approved,2026-08-31
3570,32818,Allergic reaction,1328.9,Approved,04-12-2025
3571,32842,Not as described,290.88,Approved,2026-08-31
3572,32867,Wrong size,2743.56,Pending,2024-01-14
3573,32873,Allergic reaction,846.15,Rejected,2024-06-21
3574,32883,Changed mind,823.09,Approved,2025-10-07
3575,32895,Changed mind,988.73,Approved,2026-08-19
3576,32915,Not as described,264.09,Approved,2026-06-24
3577,32920,Allergic reaction,823.09,Rejected,2026-08-18
3578,32921,Product damaged,846.15,Approved,2026-08-25
3579,32927,Not as described,669.38,Pending,2025-02-06
3580,32931,Color mismatch,2088.22,Approved,2025-07-12
3581,32942,Changed mind,2088.22,Approved,2025-10-09
3582,32950,Size issue,716.49,Approved,2026-04-05
3583,32951,Changed mind,1608.94,Pending,2026-04-12
3584,32961,Changed mind,602.04,Rejected,2026-09-05
3585,32963,Changed mind,2270.49,Approved,2026-09-02
3586,32964,Fabric quality poor,922.42,Approved,2026-09-04
3587,32965,FABRIC QUALITY POOR,782.44,Approved,2026-09-09
3588,32968,Fabric quality poor,893.75,Approved,2026-09-14
3589,32985,Changed mind,772.4,Pending,2026-08-13
3590,33001,Size issue,654.38,Approved,2026-08-18
3591,33002,Changed mind,669.38,Approved,2026-08-27
3592,33012,Uncomfortable fit,844.84,Approved,2026-08-29
3593,33015,Color mismatch,1115.56,Pending,2026-09-08
3594,33018,Size too small,2767.26,Pending,2026-08-30
3595,33031,Color mismatch,1287.64,Approved,08 Sep 2026
3596,33056,Allergic reaction,434.65,Approved,2026-01-02
3597,33058,Size issue,776.2,Approved,2026-01-12
3598,33073,Allergic reaction,1328.9,Approved,2026-03-07
3599,33075,Color mismatch,1115.56,Approved,2026-03-17
3600,33077,Uncomfortable fit,2419.78,Approved,2026-03-20
3601,33080,Color mismatch,4978.8,Approved,2026-06-16
3602,33082,Uncomfortable fit,2088.22,Approved,2026-06-16
3603,33083,Sole damage,1689.68,Rejected,2026-06-24
3604,33095,Wrong size,2743.56,Pending,2026-07-28
3605,33107,Allergic reaction,846.15,Approved,2026-08-29
3606,33128,Size issue,1963.08,Pending,2025-05-14
3607,33138,Not as described,776.2,Pending,2025-08-27
3608,33146,Fabric quality poor,4540.98,Approved,2025-11-06
3609,33164,Uncomfortable fit,2419.78,Pending,2024-12-24
3610,33165,Uncomfortable fit,2174.44,Approved,2024-12-28
3611,33167,Sole damage,844.84,Approved,2025-01-01
3612,33173,Shade mismatch,695.64,Approved,2025-03-15
3613,33183,Size too large,5522.26,Approved,2025-11-16
3614,33218,Product damaged,233.58,Approved,2026-08-19
3615,33233,Sole damage,1488.07,Approved,2025-08-16
3616,33240,Fabric quality poor,1985.38,Approved,2026-01-03
3617,33260,Sole damage,2419.78,Approved,2026-08-27
3618,33266,Color mismatch,2976.14,Approved,2026-04-30
3619,33267,Size issue,1127.25,Pending,2026-05-07
3620,33276,Changed mind,6042.66,Approved,2026-06-13
3621,33279,Size too small,2955.86,Approved,2026-06-07
3622,33285,Not as described,988.73,Pending,2026-06-27
3623,33312,Shade mismatch,2481.06,Approved,2026-08-28
3624,33314,Not as described,410.58,Approved,2026-09-01
3625,33325,Size issue,669.38,Approved,2025-09-09
3626,33333,Sole damage,4839.56,Approved,2025-12-23
3627,33338,Fabric quality poor,1564.88,Approved,2026-03-24
3628,33343,Fabric quality poor,2761.13,Approved,2026-07-17
3629,33352,Changed mind,1939.6,Approved,2023-10-26
3630,33371,Product damaged,823.09,Approved,2024-09-05
3631,33373,Wrong size,1834.35,Approved,2024-10-10
3632,33395,Changed mind,969.8,Approved,2025-01-15
3633,33396,Size too large,4540.98,Approved,2025-01-15
3634,33409,Changed mind,264.09,Approved,2026-01-10
3635,33413,Size too small,1564.88,Rejected,2026-07-31
3636,33435,Size issue,1308.72,Pending,2025-01-07
3637,33437,Changed mind,6811.47,Approved,2025-03-01
3638,33456,Size too large,1844.84,Approved,01/19/2026
3639,33469,Size too large,3970.76,Approved,2026-08-21
3640,33479,Sole damage,1916.95,Rejected,2025-12-22
3641,33480,Wrong size,4839.56,Approved,2025-02-09
3642,33488,Size too large,3021.33,Approved,2026-06-15
3643,33496,Size too small,1985.38,Rejected,2025-01-29
3644,33504,Changed mind,716.49,Approved,2025-04-17
3645,33506,Size too large,2489.4,Approved,2025-08-23
3646,33512,Size too small,1939.6,Approved,2026-05-01
3647,33532,Changed mind,676.56,Approved,2025-10-18
3648,33547,Uncomfortable fit,2174.44,Approved,2024-03-17
3649,33559,Product damaged,3721.59,Approved,2024-09-06
3650,33562,Color mismatch,2955.86,Approved,2024-11-03
3651,33580,Shade mismatch,3261.75,Approved,2025-07-09
3652,33581,Changed mind,275.13,Approved,2025-07-06
3653,33584,Fabric quality poor,1985.38,Approved,2025-08-23
3654,33585,Not as described,1608.94,Approved,2025-09-30
3655,33607,Product damaged,893.22,Approved,2023-09-09
3656,33615,Allergic reaction,1293.67,Approved,2023-10-02
3657,33616,Size issue,776.2,Pending,2024-01-08
3658,33618,Fabric quality poor,1844.84,Approved,2024-04-29
3659,33624,Size issue,716.49,Rejected,2025-01-06
3660,33642,Size too large,2489.4,Approved,2025-10-14
3661,33668,Fabric quality poor,1564.88,Approved,2026-03-29
3662,33688,Fabric quality poor,1477.93,Approved,2026-07-23
3663,33705,Allergic reaction,1328.9,Approved,2025-05-11
3664,33707,Changed mind,2088.22,Approved,2025-09-26
3665,33714,SIZE ISSUE,1308.72,Approved,2026-02-04
3666,33735,Shade mismatch,1240.53,Approved,2025-07-12
3667,33736,Allergic reaction,664.45,Approved,2025-11-03
3668,33747,Color mismatch,2743.56,Approved,2026-08-31
3669,33751,Product damaged,275.13,Approved,2025-04-29
3670,33762,Size too large,922.42,Approved,2025-12-06
3671,33763,Fabric quality poor,1477.93,Approved,2024-09-22
3672,33771,Allergic reaction,1293.67,Approved,2025-08-21
3673,33798,Changed mind,1787.5,Approved,2026-08-13
3674,33832,Wrong size,2174.44,Approved,2026-09-13
3675,33840,Product damaged,1646.18,Approved,2026-02-18
3676,33850,Sole damage,6264.66,Approved,2026-02-17
3677,33879,Size too small,4978.8,Rejected,2025-11-02
3678,33914,Sole damage,3833.9,Approved,2024-12-30
3679,33915,Size too small,782.44,Pending,01/05/2025
3680,33920,Uncomfortable fit,1916.95,Pending,2025-05-08
3681,33921,Changed mind,1115.56,Approved,2025-05-09
3682,33938,Not as described,654.38,Approved,2025-11-05
3683,33953,Shade mismatch,1391.28,Approved,2026-06-17
3684,33955,Changed mind,1051.82,Approved,2026-06-30
3685,33961,Fabric quality poor,2489.4,Approved,2026-09-09
3686,33977,Changed mind,6811.47,Approved,2023-08-12
3687,33978,Color mismatch,969.8,Approved,2023-08-06
3688,33979,Color mismatch,782.44,Approved,2023-08-13
3689,33988,Size issue,2328.6,Approved,2024-06-27
3690,34012,Size too large,2270.49,Approved,2026-03-06
3691,34045,Changed mind,1488.07,Pending,2025-01-05
3692,34047,Wrong size,2743.56,Approved,2025-02-23
3693,34054,Color mismatch,969.8,Approved,2025-07-15
3694,34064,Color mismatch,2270.49,Approved,2025-12-01
3695,34078,FABRIC QUALITY POOR,3970.76,Approved,2026-02-24
3696,34086,Changed mind,922.42,Approved,2026-08-04
3697,34093,Uncomfortable fit,1916.95,Approved,2026-08-22
3698,34099,Not as described,654.36,Approved,2025-02-25
3699,34107,Product damaged,869.3,Pending,2025-10-30
3700,34112,Sole damage,2743.56,Approved,2026-01-21
3701,34115,Not as described,1353.12,Pending,2026-06-30
3702,34124,Color mismatch,844.84,Approved,2023-10-28
3703,34135,Wrong size,1287.64,Approved,2024-10-28
3704,34137,Changed mind,664.45,Approved,2025-01-12
3705,34151,Not as described,528.18,Pending,2026-02-13
3706,34162,Color mismatch,2419.78,Approved,2026-06-07
3707,34163,Wrong size,2972.8,Approved,2026-06-09
3708,34191,Changed mind,3021.33,Approved,2026-08-07
3709,34197,Allergic reaction,1293.67,Approved,2026-09-03
3710,34215,Size issue,669.38,Approved,2025-09-01
3711,34231,Size too large,3970.76,Approved,2025-09-05
3712,34263,Fabric quality poor,2270.49,Approved,2025-06-16
3713,34270,Size too large,2955.86,Approved,2025-08-27
3714,34273,Changed mind,1287.64,Approved,2025-09-04
3715,34278,Product damaged,664.45,Approved,2025-10-25
3716,34288,Not as described,676.56,Approved,2025-12-12
3717,34300,Sole damage,2743.56,Approved,2024-11-05
3718,34301,Uncomfortable fit,3833.9,Approved,2025-07-07
3719,34309,Changed mind,1115.56,Rejected,2026-02-28
3720,34310,Wrong size,2743.56,Rejected,2026-02-24
3721,34311,Changed mind,844.84,Approved,2026-03-06
3722,34318,Uncomfortable fit,2972.8,Approved,2026-02-26
3723,34319,Size too large,1477.04,Approved,2026-02-26
3724,34323,Size too large,1787.5,Approved,2026-03-03
3725,34328,Size too small,782.44,Rejected,2024-07-12
3726,34334,Changed mind,5945.6,Approved,2026-02-06
3727,34353,Color mismatch,1115.56,Approved,2024-02-03
3728,34359,Changed mind,776.2,Approved,2024-09-29
3729,34361,Size too small,1477.04,Approved,2024-11-03
3730,34365,Color mismatch,3021.33,Approved,2024-12-13
3731,34389,Color mismatch,5945.6,Approved,2025-02-02
3732,34390,Wrong size,1115.56,Approved,2025-02-11
3733,34391,Size too large,922.42,Pending,2025-03-24
3734,34394,Size too small,6042.66,Rejected,2025-03-29
3735,34406,Sole damage,1916.95,Approved,2025-04-17
3736,34418,Color mismatch,3862.92,Approved,2025-03-25
3737,34434,Fabric quality poor,2681.25,Approved,22 Dec 2024
3738,34473,Changed mind,893.75,Rejected,2025-05-20
3739,34484,Fabric quality poor,782.44,Pending,2024-11-19
3740,34491,Sole damage,2972.8,Rejected,2025-09-02
3741,34492,Sole damage,1834.35,Approved,2025-09-03
3742,34499,Not as described,200.78,Pending,2025-11-17
3743,34501,Size too small,1477.93,Approved,2025-11-24
3744,34531,Product damaged,264.09,Approved,2023-12-02
3745,34533,Not as described,361.35,Approved,2023-12-11
3746,34544,Color mismatch,2270.49,Approved,2024-03-26
3747,34564,Fabric quality poor,4540.98,Approved,2025-08-28
3748,34589,Changed mind,525.91,Approved,2026-05-26
3749,34597,Size too small,3021.33,Rejected,2026-08-20
3750,34627,Wrong size,1115.56,Approved,2026-08-26
3751,34639,Not as described,654.38,Approved,2025-08-29
3752,34646,Changed mind,1916.95,Approved,2025-10-17
3753,34653,Changed mind,2743.56,Pending,2024-01-06
3754,34654,Changed mind,1834.35,Approved,2024-01-14
3755,34656,Fabric quality poor,893.75,Pending,2024-07-20
3756,34657,Size too small,3021.33,Approved,2024-07-10
3757,34659,Not as described,776.2,Approved,2024-10-24
3758,34660,Changed mind,2743.56,Approved,2024-11-07
3759,34663,Color mismatch,969.8,Approved,2025-05-01
3760,34666,Size too small,2761.13,Approved,2025-04-29
3761,34669,Wrong size,2088.22,Pending,2025-09-03
3762,34672,Changed mind,669.38,Approved,2025-10-12
3763,34680,Changed mind,2954.08,Approved,2026-03-31
3764,34706,Changed mind,1985.38,Approved,2025-09-09
3765,34707,Fabric quality poor,922.42,Approved,2025-09-10
3766,34709,Color mismatch,1477.93,Pending,2025-09-04
3767,34712,Size too small,1564.88,Pending,2025-10-31
3768,34720,Not as described,754.18,Approved,2023-11-18
3769,34721,Sole damage,2743.56,Rejected,2023-12-24
3770,34727,Product damaged,562.47,Approved,2024-04-27
3771,34734,Color mismatch,1985.38,Approved,2026-01-28
3772,34739,Fabric quality poor,893.75,Approved,2025-04-30
3773,34765,Wrong size,2972.8,Approved,2025-12-17
3774,34766,Color mismatch,3833.9,Approved,2025-12-07
3775,34778,Changed mind,8230.68,Approved,2025-10-15
3776,34781,Wrong size,2575.28,Approved,2025-11-04
3777,34798,Uncomfortable fit,1115.56,Pending,2024-02-18
3778,34808,Sole damage,2972.8,Approved,2026-01-27
3779,34809,Color mismatch,1115.56,Approved,2026-01-30
3780,34831,Changed mind,804.47,Approved,2025-12-13
3781,34838,Changed mind,1834.35,Approved,2026-03-20
3782,34853,Color mismatch,2174.44,Approved,2024-11-18
3783,34854,Size too small,1985.38,Approved,2024-11-20
3784,34866,Size too small,969.8,Approved,2025-08-25
3785,34874,Changed mind,375.75,Approved,2026-03-11
3786,34883,changed mind,1564.88,Approved,2025-01-26
3787,34886,Uncomfortable fit,2088.22,Approved,2025-02-03
3788,34889,Changed mind,654.36,Approved,2025-03-14
3789,34893,Size too large,2761.13,Approved,2025-03-22
3790,34901,Changed mind,467.16,Rejected,2025-06-20
3791,34921,Not as described,386.2,Approved,2026-01-05
3792,34939,Product damaged,386.2,Approved,2026-03-17
3793,34949,Size too large,2767.26,Approved,2026-08-09
3794,34950,Fabric quality poor,1787.5,Approved,2026-08-15
3795,34952,Wrong size,2231.12,Pending,24-08-2026
3796,34955,Product damaged,434.65,Approved,2026-08-23
3797,34957,Size too small,2489.4,Approved,2026-09-06
3798,34977,Not as described,669.38,Approved,2026-07-07
3799,35011,Changed mind,664.45,Approved,2025-02-20
3800,35013,Changed mind,434.65,Approved,2025-02-22
3801,35014,Changed mind,922.42,Approved,2025-03-21
3802,35031,Changed mind,1240.53,Rejected,2025/12/27
3803,35034,Uncomfortable fit,2088.22,Approved,2026-01-10
3804,35039,Size too small,7468.2,Approved,2026-04-02
3805,35044,Changed mind,1293.67,Approved,2026-06-10
3806,35046,Uncomfortable fit,844.84,Approved,2026-06-25
3807,35054,Changed mind,3021.33,Approved,2025-07-10
3808,35055,Color mismatch,2489.4,Approved,2025-07-06
3809,35067,Changed mind,1477.93,Approved,2025-08-29
3810,35085,Changed mind,804.47,Approved,2025-10-31
3811,35093,Changed mind,377.09,Approved,2025-12-27
3812,35101,Color mismatch,4978.8,Approved,2026-01-27
3813,35104,Not as described,389.69,Pending,2026-02-07
3814,35117,Sole damage,2088.22,Approved,2026-05-26
3815,35140,Size too small,3021.33,Approved,2026-08-22
3816,35153,Sole damage,2231.12,Pending,2025-09-02
3817,35162,Color mismatch,4839.56,Approved,02 Nov 2025
3818,35163,Wrong size,1916.95,Approved,2025/10/31
3819,35172,Changed mind,2231.12,Approved,14-01-2026
3820,35174,Changed mind,844.84,Approved,2026-01-13
3821,35178,Color mismatch,8230.68,Approved,2026-03-22
3822,35213,Changed mind,1834.35,Rejected,2025-11-15
3823,35218,Not as described,988.73,Rejected,2026-07-28
3824,35221,Color mismatch,6811.47,Approved,2026-09-14
3825,35239,Shade mismatch,434.65,Approved,2026-05-29
3826,35266,Size too large,2954.08,Rejected,2025-06-28
3827,35273,Sole damage,1287.64,Approved,2025-09-04
3828,35280,Fabric quality poor,5956.14,Approved,2025-11-11
3829,35287,Wrong size,2088.22,Approved,2026-03-09
3830,35297,Fabric quality poor,2761.13,Approved,2026-06-29
3831,35303,Allergic reaction,823.09,Approved,2026-08-24
3832,35306,Sole damage,2174.44,Approved,2026-08-23
3833,35319,Changed mind,243.4,Approved,2025-05-01
3834,35326,Size too large,969.8,Approved,2026-06-17
3835,35334,Product damaged,893.22,Approved,2024-12-02
3836,35349,Product damaged,562.47,Approved,2023-08-14
3837,35352,Not as described,716.49,Approved,2025-07-17
3838,35354,Wrong size,5945.6,Pending,2026-03-03
3839,35358,Changed mind,664.45,Approved,2023-08-22
3840,35362,Product damaged,695.64,Approved,2025-06-17
3841,35391,Product damaged,386.2,Pending,2026-09-03
3842,35406,Uncomfortable fit,1115.56,Approved,2024-10-28
3843,35411,Uncomfortable fit,6523.32,Approved,2025-07-23
3844,35434,Changed mind,1293.67,Approved,2025-07-13
3845,35440,Sole damage,2088.22,Approved,2025-09-05
3846,35468,Changed mind,922.42,Rejected,2026-05-07
3847,35470,Size too small,2270.49,Approved,2026-05-09
3848,35471,Changed mind,1287.64,Approved,2026-05-18
3849,35495,Not as described,804.47,Approved,2026-06-02
3850,35513,Sole damage,2972.8,Approved,2026-08-25
3851,35516,Size too large,782.44,Approved,2026-08-30
3852,35532,Uncomfortable fit,1287.64,Approved,2024-05-17
3853,35536,Fabric quality poor,1477.04,Approved,2024-06-10
3854,35573,Size too large,2270.49,Approved,2025-12-04
3855,35581,Shade mismatch,823.09,Rejected,2026-05-08
3856,35600,Changed mind,1477.04,Approved,2026-01-05
3857,35603,Sole damage,2743.56,Approved,2026-01-05
3858,35631,Color mismatch,2972.8,Approved,2026-07-05
3859,35646,Color mismatch,2088.22,Approved,2026-08-24
3860,35659,Not as described,243.4,Approved,08/29/2026
3861,35691,Not as described,394.6,Approved,2025-04-01
3862,35703,Changed mind,275.13,Approved,2025-10-13
3863,35707,Sole damage,2972.8,Approved,2026-01-24
3864,35730,Changed mind,1087.25,Pending,2023-11-21
3865,35736,Size too small,893.75,Approved,2024-01-06
3866,35738,Changed mind,969.8,Approved,2024-04-09
3867,35745,Changed mind,1916.95,Approved,2024-06-25
3868,35758,Color mismatch,2270.49,Approved,2025-04-07
3869,35766,Sole damage,1834.35,Approved,2025-09-30
3870,35774,Uncomfortable fit,4348.88,Approved,2026-04-27
3871,35777,Changed mind,386.2,Approved,2026-05-30
3872,35784,Changed mind,2575.28,Pending,2026-09-08
3873,35796,Changed mind,846.15,Pending,2026-03-18
3874,35808,Changed mind,1183.8,Approved,2026-05-05
3875,35814,Changed mind,5522.26,Approved,2026-06-27
3876,35825,Size issue,804.47,Approved,2026-08-26
3877,35851,Fabric quality poor,969.8,Approved,2025-01-14
3878,35859,Size too large,9063.99,Approved,2025-03-18
3879,35867,Product damaged,394.6,Approved,2025-07-13
3880,35880,Color mismatch,2419.78,Approved,2026-09-08
3881,35894,Not as described,751.5,Approved,2024-09-02
3882,35896,Changed mind,375.75,Rejected,2024-10-30
3883,35918,Changed mind,1293.67,Rejected,2025-09-09
3884,35959,Changed mind,1293.67,Rejected,2026-08-03
3885,35962,Allergic reaction,823.09,Approved,2026-08-27
3886,35972,Sole damage,2743.56,Approved,2026-01-09
3887,35977,Color mismatch,2575.28,Approved,2026-03-31
3888,35988,Product damaged,1240.53,Approved,2024-10-30
3889,35994,Changed mind,2270.49,Approved,2025-03-27
3890,36004,Not as described,389.69,Approved,2026-02-16
3891,36006,Size too small,2270.49,Approved,2026-02-13
3892,36010,Size too large,2761.13,Pending,2026-02-17
3893,36036,Changed mind,1303.95,Approved,2026-07-29
3894,36038,Fabric quality poor,1477.93,Approved,2026-05-10
3895,36040,Size too small,969.8,Approved,2026-05-09
3896,36068,Changed mind,846.15,Approved,2026-08-28
3897,36074,Fabric quality poor,1477.04,Approved,2025-06-26
3898,36077,Sole damage,1834.35,Approved,2025-10-27
3899,36080,Color mismatch,1477.93,Approved,2026-02-09
3900,36107,Fabric quality poor,969.8,Rejected,2026-06-27
3901,36114,Fabric quality poor,2761.13,Approved,2025-01-08
3902,36116,Size issue,776.2,Approved,2025-02-01
3903,36119,Sole damage,2419.78,Rejected,2025-02-21
3904,36131,Changed mind,434.65,Approved,2025-09-07
3905,36141,Shade mismatch,893.22,Approved,2026-03-22
3906,36146,Shade mismatch,664.45,Approved,2026-07-15
3907,36155,Allergic reaction,1087.25,Approved,2024-02-12
3908,36172,Not as described,1353.12,Approved,2025-08-06
3909,36173,Changed mind,5956.14,Approved,2025-08-19
3910,36179,Changed mind,243.4,Approved,2025-10-15
3911,36183,Not as described,716.49,Approved,2025-11-28
3912,36190,Uncomfortable fit,1488.07,Approved,2026-01-07
3913,36197,Size too large,1477.04,Approved,2026-08-03
3914,36218,PRODUCT DAMAGED,722.7,Approved,2026-09-07
3915,36236,Size too large,1844.84,Approved,2026/07/29
3916,36237,Changed mind,2972.8,Approved,2026-08-23
3917,36239,Size too small,1477.04,Approved,2026-08-20
3918,36279,Not as described,776.2,Approved,2026-08-01
3919,36284,Changed mind,1786.44,Pending,2026-08-17
3920,36286,Product damaged,695.64,Approved,2026-08-26
3921,36299,Not as described,525.91,Rejected,2026-08-31
3922,36301,Changed mind,2954.08,Approved,2026-08-28
3923,36308,Color mismatch,2761.13,Approved,2026-09-04
3924,36311,Changed mind,1985.38,Approved,2026-09-07
3925,36316,Wrong size,2231.12,Approved,2025-01-14
3926,36318,Changed mind,1328.9,Approved,2025-03-11
3927,36327,Changed mind,410.58,Approved,2025-10-29
3928,36334,Color mismatch,1689.68,Approved,2025-12-13
3929,36335,Size too small,2761.13,Approved,2025-12-28
3930,36342,Product damaged,434.65,Approved,2026-04-17
3931,36355,Changed mind,1834.35,Approved,2026-07-25
3932,36363,Shade mismatch,434.65,Approved,2024-04-16
3933,36368,Uncomfortable fit,1115.56,Rejected,2025-01-07
3934,36374,Wrong size,1115.56,Approved,2025-01-08
3935,36382,Product damaged,846.15,Approved,2025-08-03
3936,36391,Color mismatch,3021.33,Approved,2025-10-16
3937,36393,Not as described,654.38,Approved,2025-10-25
3938,36397,Changed mind,3881.01,Approved,2026-01-10
3939,36399,Size too large,893.75,Approved,2026-02-08
3940,36407,Changed mind,2743.56,Rejected,2024-09-24
3941,36418,Fabric quality poor,1564.88,Approved,2025-10-14
3942,36422,Size too small,2955.86,Approved,2025-12-24
3943,36423,Color mismatch,2761.13,Approved,2025-12-16
3944,36425,Not as described,200.78,Approved,2026-01-02
3945,36454,Product damaged,1293.67,Rejected,2025-11-12
3946,36465,Changed mind,922.42,Approved,2026-01-01
3947,36473,Color mismatch,2743.56,Rejected,2026-05-15
3948,36477,Size too large,782.44,Approved,2026-06-09
3949,36487,Product damaged,301.02,Approved,2026-09-06
3950,36495,Shade mismatch,1087.25,Approved,2026-01-15
3951,36500,Color mismatch,3021.33,Approved,2026-01-18
3952,36501,Size too small,782.44,Approved,2025-04-20
3953,36511,Allergic reaction,893.22,Approved,2025-04-11
3954,36520,not as described,1552.4,Pending,2025-06-14
3955,36521,Product damaged,301.02,Approved,2025-06-13
3956,36523,Product damaged,205.29,Approved,2025-06-18
3957,36527,Changed mind,2972.8,Approved,2025-07-15
3958,36528,Color mismatch,7259.34,Approved,2025-07-14
3959,36533,Wrong size,1834.35,Approved,2025-08-16
3960,36537,Size too large,6042.66,Approved,2025-09-05
3961,36550,Fabric quality poor,1477.93,Approved,2025-10-23
3962,36551,Changed mind,782.44,Approved,2025-10-13
3963,36560,Sole damage,2419.78,Rejected,2025-11-06
3964,36565,Shade mismatch,1240.53,Approved,2025-11-11
3965,36577,Size issue,1353.12,Approved,2024-09-11
3966,36614,Allergic reaction,1087.25,Approved,2026-08-28
3967,36618,PRODUCT DAMAGED,145.44,Approved,17 Jul 2025
3968,36623,Allergic reaction,1240.53,Rejected,2025-10-09
3969,36625,Changed mind,1115.56,Approved,10/19/2025
3970,36628,Changed mind,1985.38,Approved,2025-10-17
3971,36644,Changed mind,377.09,Approved,2026-02-07
3972,36649,Size too small,2489.4,Approved,2026-03-01
3973,36651,Uncomfortable fit,7259.34,Approved,2026-08-01
3974,36657,Not as described,410.58,Approved,2026-08-19
3975,36678,Changed mind,2909.4,Approved,2026-01-17
3976,36679,Color mismatch,2761.13,Approved,2026-01-12
3977,36684,Product damaged,823.09,Approved,2026-02-01
3978,36687,Not as described,669.38,Approved,2026-02-20
3979,36688,size issue,654.36,Approved,2026-02-16
3980,36712,Uncomfortable fit,2575.28,Approved,2026-06-24
3981,36721,Product damaged,1303.95,Pending,2026-07-12
3982,36725,Size too small,2909.4,Pending,2026-08-05
3983,36728,Color mismatch,2231.12,Rejected,2026-08-31
3984,36735,Size too small,2761.13,Approved,2026-09-01
3985,36742,Color mismatch,1477.93,Approved,2023-11-17
3986,36764,Not as described,716.49,Approved,2024-07-14
3987,36777,Changed mind,2419.78,Approved,2024-10-14
3988,36785,Changed mind,1124.94,Rejected,2024-11-17
3989,36804,Sole damage,2419.78,Approved,2025-02-08
3990,36813,Allergic reaction,2481.06,Approved,2024-04-02
3991,36817,Shade mismatch,846.15,Pending,2024-06-07
3992,36822,Color mismatch,6811.47,Approved,2025-01-31
3993,36829,Wrong size,1834.35,Approved,2025-10-28
3994,36835,Size issue,676.56,Approved,2026-01-01
3995,36842,Sole damage,2419.78,Approved,2026-04-04
3996,36846,Allergic reaction,1240.53,Approved,2026-09-10
3997,36857,Size issue,804.47,Approved,2025-04-11
3998,36876,Color mismatch,2955.86,Approved,2023-11-27
3999,36877,Fabric quality poor,969.8,Approved,2023-11-16
4000,36889,Color mismatch,1689.68,Approved,2026-05-21
4001,36893,Not as described,776.2,Approved,05/27/2026
4002,36905,Changed mind,243.4,Approved,2026-06-19
4003,36916,Changed mind,922.42,Rejected,2026-06-28
4004,36917,Color mismatch,1477.93,Approved,2026-06-21
4005,36920,Wrong size,2972.8,Approved,2026-06-21
4006,36925,Uncomfortable fit,1834.35,Rejected,2026-07-16
4007,36927,Allergic reaction,1124.94,Approved,2026-08-01
4008,36931,Product damaged,550.26,Approved,2026-07-28
4009,36936,Size issue,716.49,Approved,2026-08-06
4010,36950,Size issue,804.47,Approved,2026-09-03
4011,36998,Product damaged,1692.3,Approved,2025-11-18
4012,37000,Fabric quality poor,4540.98,Approved,2025-12-17
4013,37013,Size issue,1552.4,Rejected,2026-02-23
4014,37017,Changed mind,5503.05,Approved,2026-04-15
4015,37019,Fabric quality poor,782.44,Approved,2026-04-21
4016,37027,Changed mind,969.8,Pending,2026-09-02
4017,37040,sole damage,2575.28,Rejected,2024-03-14
4018,37042,Wrong size,4348.88,Approved,2024-04-25
4019,37049,Changed mind,394.6,Approved,2024-08-21
4020,37057,Sole damage,844.84,Approved,2024-10-14
4021,37058,Product damaged,695.64,Rejected,2024-11-13
4022,37067,Changed mind,4348.88,Approved,2025-09-04
4023,37070,Changed mind,1916.95,Approved,2026-01-08
4024,37071,Color mismatch,2976.14,Approved,2026-01-11
4025,37080,Size issue,375.75,Pending,2026-09-06
4026,37100,Size too small,1477.04,Approved,2026-01-12
4027,37104,Size too large,782.44,Approved,2026-01-22
4028,37117,Sole damage,1488.07,Approved,2026-04-21
4029,37119,Changed mind,2088.22,Pending,2026-08-09
4030,37127,Color mismatch,3970.76,Rejected,2025-06-29
4031,37168,Uncomfortable fit,1287.64,Approved,2026-04-25
4032,37170,wrong size,2088.22,Approved,2026-04-30
4033,37202,Changed mind,1293.67,Approved,2026-07-27
4034,37203,Allergic reaction,823.09,Pending,2026-07-20
4035,37205,Fabric quality poor,2270.49,Approved,08/23/2026
4036,37218,Size too small,782.44,Approved,2025-05-29
4037,37234,Color mismatch,4839.56,Approved,2025-06-11
4038,37238,Wrong size,1115.56,Pending,2025-06-11
4039,37252,not as described,377.09,Approved,2025-06-27
4040,37260,Size too large,969.8,Approved,2025-06-25
4041,37272,Changed mind,1916.95,Approved,2025-07-18
4042,37285,Allergic reaction,1293.67,Approved,2025-07-28
4043,37336,Size too large,893.75,Approved,2026-08-23
4044,37337,Changed mind,1564.88,Approved,2026-08-20
4045,37338,Color mismatch,2489.4,Approved,2026-08-25
4046,37360,Changed mind,361.35,Pending,2026-09-12
4047,37365,Size issue,676.56,Rejected,2026-09-01
4048,37366,Changed mind,988.73,Approved,2026-08-22
4049,37369,Uncomfortable fit,1115.56,Approved,2024-05-04
4050,37370,fabric quality poor,4978.8,Approved,2024-06-14
4051,37371,Uncomfortable fit,2088.22,Approved,2024-06-20
4052,37373,Uncomfortable fit,2088.22,Approved,2024-08-18
4053,37375,wrong size,844.84,Approved,2024-09-03
4054,37412,Not as described,200.78,Approved,2026-08-22
4055,37420,Uncomfortable fit,3833.9,Pending,2024-02-29
4056,37430,CHANGED MIND,275.13,Approved,2025-06-03
4057,37453,Size issue,751.5,Approved,2025-03-21
4058,37457,Color mismatch,2743.56,Approved,2025-04-09
4059,37477,Changed mind,2575.28,Approved,2024-10-15
4060,37478,Color mismatch,1488.07,Approved,2024-11-01
4061,37486,Changed mind,1477.04,Approved,2025-03-18
4062,37487,Color mismatch,2270.49,Approved,2025-03-25
4063,37509,Wrong size,1834.35,Approved,2026-01-07
4064,37524,changed mind,1477.04,Rejected,2026-06-18
4065,37525,Fabric quality poor,922.42,Approved,2026-06-26
4066,37534,Size too small,969.8,Approved,2025-08-06
4067,37541,Size issue,654.36,Approved,2025-08-13
4068,37557,Changed mind,301.02,Approved,2025-08-11
4069,37570,Allergic reaction,664.45,Approved,2025-08-29
4070,37581,Product damaged,1087.25,Pending,2025-09-02
4071,37588,Not as described,776.2,Approved,2025-09-14
4072,37589,Changed mind,988.73,Approved,2025-09-05
4073,37600,Color mismatch,844.84,Approved,2025-04-06
4074,37655,Product damaged,1240.53,Approved,2025-10-24
4075,37661,Not as described,389.69,Approved,2026-04-02
4076,37672,Size too large,782.44,Approved,2026-09-01
4077,37685,Size too small,782.44,Approved,2026-04-29
4078,37689,Size too large,782.44,Rejected,2026-05-21
4079,37693,Product damaged,1328.9,Approved,2026-06-29
4080,37694,Wrong size,844.84,Rejected,2026-07-12
4081,37709,Product damaged,562.47,Approved,2023-10-17
4082,37713,Size too small,922.42,Approved,2025-02-04
4083,37717,Color mismatch,2575.28,Approved,2026-01-23
4084,37722,Size too small,922.42,Approved,2026-02-07
4085,37724,Shade mismatch,434.65,Approved,2026-02-12
4086,37728,Not as described,394.6,Approved,2026-02-21
4087,37733,SOLE DAMAGE,4348.88,Approved,2026-03-31
4088,37734,Color mismatch,1689.68,Pending,2026-03-27
4089,37748,Allergic reaction,869.3,Approved,2026-05-10
4090,37762,Changed mind,1287.64,Rejected,2026-06-29
4091,37771,Changed mind,1240.53,Approved,2026-08-24
4092,37778,Size issue,525.91,Rejected,2026-08-30
4093,37787,Product damaged,233.58,Approved,2026-09-09
4094,37809,Fabric quality poor,2270.49,Approved,2025-05-22
4095,37812,Color mismatch,8230.68,Approved,2025-06-25
4096,37820,Allergic reaction,2086.92,Approved,2025-12-23
4097,37824,Uncomfortable fit,2972.8,Approved,2026-07-14
4098,37829,Changed mind,525.91,Rejected,2024-11-14
4099,37833,Size issue,804.47,Rejected,2025-01-03
4100,37842,Fabric quality poor,1477.93,Approved,2026-03-25
4101,37846,Not as described,145.44,Approved,2026-04-11
4102,37850,Allergic reaction,275.13,Approved,2026-04-22
4103,37855,Changed mind,394.6,Approved,2026-08-31
4104,37858,Size too small,3021.33,Approved,2026-09-06
4105,37869,Uncomfortable fit,2088.22,Approved,2025-10-02
4106,37874,Uncomfortable fit,844.84,Approved,2026-03-16
4107,37889,Changed mind,2489.4,Rejected,2024-10-07
4108,37899,Shade mismatch,275.13,Approved,2025-03-29
4109,37901,Product damaged,1240.53,Approved,2025-03-31
4110,37914,Fabric quality poor,969.8,Approved,2025-10-27
4111,37925,Changed mind,1564.88,Approved,2026-06-24
4112,37931,Uncomfortable fit,5945.6,Approved,2025-07-04
4113,37936,Not as described,1608.94,Approved,2025-11-03
4114,37939,Sole damage,844.84,Approved,2023-08-13
4115,37946,uncomfortable fit,2743.56,Approved,2024-12-09
4116,37959,Color mismatch,1115.56,Pending,2025-05-07
4117,37970,Size issue,754.18,Approved,2023-08-25
4118,37973,Not as described,375.75,Approved,2023-09-14
4119,37983,Changed mind,5522.26,Approved,2024-06-25
4120,38001,Color mismatch,2955.86,Approved,2026-01-20
4121,38005,Product damaged,772.4,Approved,2026-04-24
4122,38013,Fabric quality poor,922.42,Approved,2025-02-09
4123,38015,Size too large,922.42,Approved,2025-09-04
4124,38018,Uncomfortable fit,1488.07,Approved,2025-11-10
4125,38038,Color mismatch,2088.22,Approved,2026-06-14
4126,38041,Sole damage,1916.95,Approved,2026-07-17
4127,38042,Uncomfortable fit,4348.88,Approved,2026-08-14
4128,38070,Changed mind,4431.12,Approved,2026-02-09
4129,38071,Color mismatch,2270.49,Approved,2026-03-04
4130,38098,Uncomfortable fit,4176.44,Approved,2026-08-05
4131,38099,Sole damage,1115.56,Pending,2026-07-31
4132,38101,Color mismatch,1115.56,Approved,2026-08-09
4133,38144,Not as described,804.47,Approved,2025-07-08
4134,38152,Uncomfortable fit,2743.56,Approved,2026-08-05
4135,38177,Shade mismatch,275.13,Approved,2026-08-20
4136,38185,Changed mind,486.8,Approved,2026-09-06
4137,38202,Product damaged,264.09,Approved,2025-05-30
4138,38205,Sole damage,2419.78,Approved,2025-07-04
4139,38222,Size too large,782.44,Approved,2026-02-08
4140,38225,CHANGED MIND,1391.28,Approved,2026-08-23
4141,38257,Uncomfortable fit,2174.44,Rejected,2025-10-12
4142,38261,Size too small,3021.33,Approved,2025-11-01
4143,38268,Changed mind,1115.56,Approved,2025-12-18
4144,38278,Changed mind,3833.9,Approved,2026-05-12
4145,38289,Wrong size,6264.66,Pending,2026-08-22
4146,38324,Wrong size,5487.12,Pending,2026-03-21
4147,38331,Uncomfortable fit,2174.44,Approved,2025-02-28
4148,38337,Color mismatch,1477.93,Approved,2024-11-07
4149,38344,Changed mind,1985.38,Approved,2026-08-18
4150,38345,Sole damage,844.84,Rejected,2024-08-23
4151,38372,Changed mind,669.38,Approved,2024-06-22
4152,38380,Size issue,676.56,Rejected,2025-01-05
4153,38384,Size too large,6042.66,Approved,2025-07-22
4154,38397,Allergic reaction,1087.25,Approved,2024-10-31
4155,38422,Changed mind,3021.33,Approved,2025-09-04
4156,38425,Size too small,922.42,Approved,2025-09-27
4157,38426,Size too small,1787.5,Approved,2025-10-18
4158,38429,Changed mind,562.47,Approved,2025-11-12
4159,38431,Changed mind,525.91,Approved,2025-11-25
4160,38444,Product damaged,664.45,Pending,2026-04-28
4161,38447,NOT AS DESCRIBED,145.44,Approved,2026-06-25
4162,38457,Size too small,4978.8,Approved,25-08-2026
4163,38463,Allergic reaction,1087.25,Approved,2026-08-27
4164,38466,Changed mind,1977.46,Rejected,2026-08-30
4165,38480,Uncomfortable fit,2575.28,Approved,2026-09-15
4166,38481,Color mismatch,2174.44,Approved,2026-09-04
4167,38502,Product damaged,301.02,Rejected,2026-08-22
4168,38510,Product damaged,394.6,Rejected,2025-02-09
4169,38511,Allergic reaction,1293.67,Pending,01-03-2025
4170,38517,Size too large,4540.98,Approved,2025-09-11
4171,38535,Fabric quality poor,1477.93,Approved,2026-08-05
4172,38550,Changed mind,243.4,Approved,2024-09-09
4173,38562,Fabric quality poor,1477.93,Approved,2025-04-22
4174,38563,Color mismatch,8283.39,Approved,2026-08-27
4175,38596,Color mismatch,1287.64,Approved,2026-06-12
4176,38629,Uncomfortable fit,2972.8,Approved,2026-08-05
4177,38637,Wrong size,4176.44,Pending,2026-08-13
4178,38638,Changed mind,5945.6,Approved,2026-08-25
4179,38661,Changed mind,1308.76,Approved,2026-08-26
4180,38674,Size issue,676.56,Approved,2026-09-03
4181,38700,Color mismatch,1916.95,Approved,2025-06-08
4182,38703,Size too small,922.42,Approved,2025-06-20
4183,38721,Fabric quality poor,782.44,Approved,2025-07-05
4184,38729,Color mismatch,1287.64,Rejected,2025-07-20
4185,38730,Sole damage,1488.07,Approved,2025-07-20
4186,38738,Shade mismatch,562.47,Pending,2025-08-01
4187,38743,Size too large,1985.38,Approved,2025-08-06
4188,38746,Changed mind,3021.33,Approved,2025-08-04
4189,38748,Wrong size,2575.28,Approved,2025-08-08
4190,38760,Size too small,1985.38,Approved,2025-03-29
4191,38761,Sole damage,2972.8,Approved,2025-04-07
4192,38772,Changed mind,145.44,Approved,2025-06-16
4193,38783,Size issue,377.09,Approved,2026-01-16
4194,38804,Uncomfortable fit,6523.32,Approved,2025-02-15
4195,38808,Color mismatch,1834.35,Approved,2025-02-09
4196,38812,Size issue,751.5,Approved,2025-03-09
4197,38818,Changed mind,2955.86,Approved,2025-03-22
4198,38849,Sole damage,2174.44,Approved,2025-10-10
4199,38859,Sole damage,2972.8,Approved,2026-08-12
4200,38866,Uncomfortable fit,1287.64,Approved,2026-08-06
4201,38888,Uncomfortable fit,1488.07,Pending,2026-08-09
4202,38905,Size issue,716.49,Approved,2026-08-02
4203,38922,Changed mind,893.75,Approved,2024-07-26
4204,38928,Not as described,301.02,Approved,2025/09/20
4205,38974,Uncomfortable fit,1916.95,Approved,2025-07-02
4206,38987,Fabric quality poor,782.44,Approved,2026-08-07
4207,38988,Size issue,377.09,Approved,2026-08-03
4208,38992,Not as described,776.2,Approved,2026-08-15
4209,38994,Changed mind,275.13,Approved,2026-08-16
4210,38998,Color mismatch,4348.88,Approved,08/25/2026
4211,39027,Wrong size,1834.35,Approved,2026-09-08
4212,39044,Color mismatch,2347.32,Approved,2026-07-12
4213,39059,Wrong size,1488.07,Approved,2024-06-15
4214,39060,Sole damage,844.84,Approved,2024-07-20
4215,39061,Product damaged,1786.44,Pending,2024-10-07
4216,39064,Changed mind,823.09,Approved,2024-11-03
4217,39067,Product damaged,434.65,Pending,2024-11-09
4218,39079,Color mismatch,1834.35,Approved,2025-09-05
4219,39091,Changed mind,2972.8,Approved,2026-07-07
4220,39110,Color mismatch,6523.32,Approved,2025-01-09
4221,39113,Wrong size,5487.12,Approved,2025-03-19
4222,39122,Sole damage,1287.64,Approved,2025-06-19
4223,39125,Color mismatch,844.84,Approved,2026-01-26
4224,39134,Size too large,922.42,Approved,2026-07-23
4225,39144,Size too small,2761.13,Approved,2024-12-25
4226,39149,Fabric quality poor,2270.49,Approved,2026-03-29
4227,39170,Size too small,1477.93,Rejected,2026-09-02
4228,39172,Changed mind,2761.13,Approved,2024-05-10
4229,39191,Size issue,1963.14,Rejected,2026-06-20
4230,39210,Changed mind,2413.41,Approved,2026-01-31
4231,39216,Color mismatch,6042.66,Approved,2026-03-05
4232,39222,Allergic reaction,562.47,Approved,2026-03-24
4233,39232,Size too small,3021.33,Approved,2026-04-28
4234,39233,Size too small,8283.39,Rejected,2026-04-28
4235,39240,Wrong size,2174.44,Approved,2026-06-09
4236,39245,Changed mind,1115.56,Approved,2026-07-03
4237,39248,Color mismatch,3668.7,Approved,2026-06-26
4238,39262,Changed mind,275.13,Approved,2026-08-22
4239,39266,Fabric quality poor,922.42,Approved,2026-08-25
4240,39304,Size too small,1477.04,Approved,2026-06-10
4241,39305,Size too small,2489.4,Approved,2026-06-12
4242,39316,Size issue,988.73,Approved,2024-10-25
4243,39330,Changed mind,2088.22,Rejected,2026-01-06
4244,39339,Allergic reaction,3261.75,Approved,2026-03-16
4245,39348,Size too small,4433.79,Pending,2026-08-23
4246,39359,Allergic reaction,275.13,Approved,2024-11-25
4247,39360,Uncomfortable fit,1287.64,Approved,2025-01-13
4248,39389,Color mismatch,2088.22,Approved,2026-01-08
4249,39390,Size too large,1787.5,Approved,2026-06-20
4250,39409,Changed mind,2419.78,Approved,2025-10-23
4251,39419,size issue,375.75,Pending,2025-11-09
4252,39427,Changed mind,6042.66,Approved,2026-01-05
4253,39430,Changed mind,1115.56,Approved,2026-01-09
4254,39438,Fabric quality poor,893.75,Approved,2026-03-21
4255,39441,Size too small,2270.49,Pending,2026-03-22
4256,39479,Size too large,2681.25,Approved,2024-08-02
4257,39480,Fabric quality poor,922.42,Approved,2024-07-28
4258,39483,Allergic reaction,562.47,Approved,2025-07-25
4259,39491,Size too small,2270.49,Approved,2023-10-16
4260,39493,Size too small,782.44,Approved,2023-12-12
4261,39494,Changed mind,6523.32,Approved,2024-01-03
4262,39514,Size too large,969.8,Approved,2025-03-25
4263,39517,Size too small,2489.4,Approved,2025-03-30
4264,39518,Changed mind,434.65,Approved,2025-03-31
4265,39521,Uncomfortable fit,2743.56,Approved,2025-04-19
4266,39523,Product damaged,434.65,Approved,2025-05-05
4267,39526,Not as described,1432.98,Approved,2025-07-06
4268,39535,Changed mind,922.42,Approved,2025-11-08
4269,39579,Changed mind,1240.53,Approved,2026-01-11
4270,39589,Allergic reaction,3261.75,Approved,2026-03-25
4271,39597,Shade mismatch,1293.67,Approved,2026-05-21
4272,39607,Changed mind,275.13,Approved,31 Aug 2026
4273,39613,Allergic reaction,550.26,Approved,2025-09-12
4274,39631,Color mismatch,1287.64,Approved,2025-07-07
4275,39646,Changed mind,893.75,Approved,2026-02-14
4276,39655,Color mismatch,4464.21,Rejected,2026-03-30
4277,39685,Color mismatch,969.8,Approved,2026-05-13
4278,39686,Size too small,2489.4,Approved,2026-05-08
4279,39693,Allergic reaction,3261.75,Rejected,2026-08-31
4280,39699,Sole damage,1834.35,Approved,2026-04-19
4281,39701,Shade mismatch,1293.67,Pending,2026-04-11
4282,39714,Size too large,2909.4,Approved,2025-12-02
4283,39719,Color mismatch,2419.78,Approved,2025-11-28
4284,39727,Product damaged,846.15,Approved,2025-05-22
4285,39732,Sole damage,1115.56,Approved,2025-08-23
4286,39736,Size too small,893.75,Approved,2026-01-27
4287,39737,Changed mind,823.09,Approved,2026-02-01
4288,39747,Wrong size,844.84,Approved,2026-06-15
4289,39754,Size too large,8283.39,Pending,2026-07-28
4290,39772,Changed mind,1115.56,Rejected,2026-02-08
4291,39773,Size too large,969.8,Approved,2026-04-04
4292,39776,Color mismatch,922.42,Approved,2026-06-05
4293,39822,Size too large,1985.38,Approved,2025-11-16
4294,39823,Fabric quality poor,922.42,Approved,2025-11-14
4295,39827,Not as described,804.47,Approved,2025-12-24
4296,39837,Shade mismatch,823.09,Pending,2026-01-07
4297,39841,Size too small,922.42,Approved,2026-01-24
4298,39853,Uncomfortable fit,2972.8,Approved,2026-08-09
4299,39864,Product damaged,275.13,Approved,2026-08-24
4300,39866,Changed mind,377.09,Rejected,2025-01-21
4301,39869,Wrong size,1916.95,Pending,2025-07-18
4302,39878,Allergic reaction,1087.25,Approved,2026-01-06
4303,39883,Color mismatch,1488.07,Approved,2026-08-18
4304,39891,Sole damage,2419.78,Approved,2025-08-14
4305,39898,Size too small,4978.8,Approved,2026-06-18
4306,39911,Size too large,9063.99,Approved,2025-05-16
4307,39930,Shade mismatch,275.13,Pending,2025-07-02
4308,39944,Size too large,2955.86,Approved,2025-08-19
4309,39945,Wrong size,5487.12,Rejected,28 Aug 2025
4310,39947,Wrong size,1115.56,Pending,2025-09-01
4311,39949,Not as described,1552.4,Approved,2025-08-28
4312,39954,not as described,1308.72,Pending,2025-09-01
4313,39956,Wrong size,3833.9,Approved,2025-09-16
4314,39965,Changed mind,2174.5,Approved,2025-10-15
4315,39986,Changed mind,4433.79,Approved,2026-01-06
4316,39992,Size too large,1985.38,Rejected,2026-01-30
4317,39998,Uncomfortable fit,1834.35,Approved,2026-08-20
4318,40003,Not as described,1963.14,Rejected,2026-08-08
4319,40010,Size too small,922.42,Approved,2026-08-07
4320,40019,Color mismatch,2761.13,Approved,2026-08-16
4321,40034,Uncomfortable fit,1115.56,Approved,2026-08-17
4322,40036,Changed mind,2174.44,Rejected,2026-08-11
4323,40037,Wrong size,2743.56,Approved,2026-08-17
4324,40039,Color mismatch,3833.9,Approved,2026-08-19
4325,40054,Size too small,2767.26,Approved,2026-08-18
4326,40057,Product damaged,290.88,Approved,2026-08-20
4327,40058,Changed mind,1552.4,Approved,2026-08-19
4328,40059,Size issue,375.75,Approved,2026-08-08
4329,40074,Not as described,375.75,Approved,2026-08-11
4330,40088,Wrong size,2972.8,Approved,2026-08-25
4331,40094,Uncomfortable fit,6523.32,Approved,2026-09-07
4332,40105,Not as described,205.29,Pending,2026-09-13
4333,40115,Color mismatch,2743.56,Approved,2026-08-06
4334,40118,Size issue,804.47,Rejected,2026-08-18
4335,40120,Shade mismatch,1124.94,Approved,2026-08-27
4336,40153,Product damaged,823.09,Approved,2025-12-07
4337,40168,Changed mind,669.38,Approved,2024-01-19
4338,40170,Sole damage,2419.78,Approved,2024-06-29
4339,40174,Product damaged,562.47,Approved,2024-08-23
4340,40181,Color mismatch,1477.04,Approved,2024-11-11
4341,40192,Changed mind,1552.4,Rejected,2024-12-31
4342,40208,Not as described,386.2,Approved,2025-11-01
4343,40218,Color mismatch,1834.35,Approved,2026-02-19
4344,40235,Size too small,1787.5,Rejected,2024-03-31
4345,40239,Color mismatch,1916.95,Approved,2024-04-15
4346,40248,Size too small,4540.98,Rejected,2024-09-01
4347,40267,Changed mind,2174.44,Approved,2025-01-19
4348,40292,Color mismatch,2972.8,Approved,2026-01-27
4349,40293,Changed mind,5945.6,Approved,2026-03-21
4350,40296,Size issue,716.49,Approved,2026-04-05
4351,40297,Size too large,1477.93,Approved,2026-05-04
4352,40305,Color mismatch,3668.7,Approved,2026-09-06
4353,40319,Changed mind,1488.07,Approved,2026-08-04
4354,40324,Product damaged,664.45,Approved,2026-07-29
4355,40327,Changed mind,2088.22,Rejected,2026-08-11
4356,40328,Color mismatch,1488.07,Rejected,2026-08-05
4357,40332,Color mismatch,1916.95,Approved,2026-08-07
4358,40346,Changed mind,2761.13,Approved,2026-08-20
4359,40348,Size too large,893.75,Rejected,2026-08-26
4360,40360,Size too small,2270.49,Rejected,2026-09-02
4361,40376,Size too small,6042.66,Approved,2026-09-06
4362,40377,Changed mind,782.44,Approved,2026-09-03
4363,40384,SIZE ISSUE,654.36,Approved,09/05/2026
4364,40407,Size too large,1477.04,Approved,2025-07-07
4365,40411,Color mismatch,1834.35,Approved,2024-08-10
4366,40422,Changed mind,969.8,Approved,2026-01-20
4367,40434,Sole damage,2419.78,Rejected,2026-09-06
4368,40461,Color mismatch,782.44,Rejected,2026-06-29
4369,40462,Size too small,3021.33,Approved,2026-06-19
4370,40476,Not as described,716.49,Approved,2026-08-25
4371,40477,Size too large,2761.13,Approved,2026-08-29
4372,40481,Not as described,243.4,Approved,2026-08-31
4373,40486,Size too small,3021.33,Approved,2026-03-20
4374,40496,Product damaged,823.09,Rejected,2026-03-24
4375,40499,Changed mind,1293.67,Approved,03/27/2026
4376,40500,Size too large,3021.33,Approved,2026-03-21
4377,40502,Size too small,2681.25,Approved,2026-03-20
4378,40505,Size issue,654.36,Approved,2026-03-25
4379,40506,Fabric quality poor,922.42,Approved,2026-03-20
4380,40532,Color mismatch,1844.84,Approved,2025-03-02
4381,40540,Changed mind,264.09,Approved,2025-06-16
4382,40552,Color mismatch,1115.56,Approved,2025-10-04
4383,40557,Changed mind,275.13,Rejected,2026-06-07
4384,40558,Changed mind,695.64,Pending,2024-01-04
4385,40560,Changed mind,2174.5,Approved,2023-12-29
4386,40564,Size issue,1051.82,Approved,2025-08-26
4387,40569,Product damaged,361.35,Approved,2025-09-06
4388,40574,Shade mismatch,2174.5,Approved,2026-01-06
4389,40582,Product damaged,1391.28,Approved,2023-06-05
4390,40594,Size too large,3021.33,Approved,2024-03-25
4391,40597,product damaged,301.02,Rejected,2025-03-03
4392,40616,Wrong size,1488.07,Pending,2024-11-20
4393,40622,Allergic reaction,1692.3,Rejected,2025-01-06
4394,40623,Fabric quality poor,1477.04,Approved,2025-02-10
4395,40625,Sole damage,1115.56,Approved,2025-02-17
4396,40638,Size too large,1985.38,Approved,2025-09-10
4397,40645,size too large,1477.93,Rejected,2025-12-30
4398,40658,Changed mind,893.75,Approved,2026-06-13
4399,40670,Color mismatch,893.75,Rejected,2025-03-24
4400,40678,Uncomfortable fit,4176.44,Approved,2025-06-15
4401,40679,Color mismatch,2954.08,Approved,2025-06-09
4402,40681,Changed mind,922.42,Pending,2025-06-14
4403,40683,Color mismatch,2955.86,Approved,2025-06-17
4404,40690,Changed mind,6042.66,Approved,2025-08-21
4405,40693,Size too large,782.44,Approved,2025-08-17
4406,40723,Changed mind,2761.13,Approved,26-06-2026
4407,40732,Size too small,5522.26,Rejected,2026-08-01
4408,40742,Uncomfortable fit,4348.88,Approved,2026-08-30
4409,40749,Size too large,922.42,Approved,2025-12-19
4410,40754,Fabric quality poor,2489.4,Approved,2025-10-08
4411,40781,Changed mind,200.78,Approved,2026/08/27
4412,40795,Size too large,1477.93,Approved,2026-05-25
4413,40798,Product damaged,145.44,Approved,2026-06-15
4414,40801,Color mismatch,1477.93,Pending,2026-07-21
4415,40810,Sole damage,844.84,Approved,2026-09-01
4416,40821,Wrong size,2976.14,Approved,2025-07-20
4417,40853,Size too small,2270.49,Approved,2024-11-06
4418,40857,Fabric quality poor,2761.13,Pending,2025-06-04
4419,40861,Product damaged,2679.66,Approved,2026-02-23
4420,40875,Color mismatch,2270.49,Approved,2026-09-14
4421,40882,Allergic reaction,823.09,Pending,2025-08-25
4422,40886,Size issue,1308.72,Approved,2026-05-11
4423,40888,Product damaged,386.2,Approved,2026-06-06
4424,40896,Wrong size,844.84,Approved,2026-07-11
4425,40903,Size too large,1477.93,Approved,2026-08-23
4426,40913,Color mismatch,3970.76,Approved,2025-11-06
4427,40929,Size too small,2761.13,Approved,2026-07-07
4428,40939,Color mismatch,1564.88,Approved,2026-07-20
4429,40949,Changed mind,2481.06,Approved,2026-07-09
4430,40950,Color mismatch,2954.08,Approved,2026-07-16
4431,40952,Uncomfortable fit,4176.44,Pending,2024-06-06
4432,40958,Changed mind,377.09,Approved,2024-06-12
4433,40960,Changed mind,1287.64,Approved,2024-06-25
4434,40961,COLOR MISMATCH,4978.8,Approved,2024-07-26
4435,40971,Product damaged,846.15,Approved,2024-12-05
4436,40973,Changed mind,3668.7,Approved,2024-12-04
4437,40983,Sole damage,1287.64,Approved,2025-09-12
4438,40993,Allergic reaction,275.13,Rejected,2025-11-15
4439,41008,Size too small,922.42,Approved,2026-03-22
4440,41010,Allergic reaction,1328.9,Rejected,2026-03-17
4441,41027,Not as described,669.38,Approved,2026-05-17
4442,41040,Not as described,386.2,Approved,2026-08-20
4443,41046,Color mismatch,1844.84,Rejected,23 Aug 2026
4444,41049,uncomfortable fit,1916.95,Approved,2026-09-06
4445,41066,Sole damage,2575.28,Pending,2026-08-21
4446,41075,Changed mind,782.44,Approved,2025-05-18
4447,41172,Fabric quality poor,1477.04,Approved,2026-06-13
4448,41186,Changed mind,1689.68,Approved,2025-02-02
4449,41193,Changed mind,434.65,Approved,2026-02-10
4450,41199,Changed mind,2954.08,Approved,2026-01-21
4451,41201,Changed mind,243.4,Approved,2026-01-18
4452,41206,Fabric quality poor,4978.8,Approved,2026-01-12
4453,41209,Product damaged,1692.3,Approved,2023-08-28
4454,41219,Color mismatch,9063.99,Approved,2026-01-06
4455,41224,Fabric quality poor,2489.4,Approved,2026-02-12
4456,41225,Size too large,3021.33,Pending,2026-02-12
4457,41248,Changed mind,1293.67,Pending,2026-06-22
4458,41252,Size too small,6042.66,Approved,2026-06-15
4459,41256,Color mismatch,2767.26,Approved,2026-08-03
4460,41257,Size too large,1477.04,Approved,2026-08-01
4461,41262,Product damaged,2174.5,Rejected,2025-09-01
4462,41270,Not as described,528.18,Approved,2025-09-24
4463,41274,Shade mismatch,434.65,Rejected,2025-10-08
4464,41275,Shade mismatch,275.13,Approved,2025-10-11
4465,41279,Fabric quality poor,1477.93,Pending,2025-12-20
4466,41288,Wrong size,3346.68,Approved,2026-07-04
4467,41295,Changed mind,2972.8,Pending,2025-07-30
4468,41300,Changed mind,2955.86,Approved,2026-01-15
4469,41317,Product damaged,664.45,Approved,2026-06-30
4470,41327,Sole damage,2575.28,Approved,2026-08-27
4471,41343,Changed mind,844.84,Approved,2025-09-26
4472,41346,Color mismatch,1939.6,Approved,2025-11-09
4473,41352,Changed mind,2328.6,Approved,2026-07-16
4474,41367,Uncomfortable fit,1287.64,Approved,2026-08-26
4475,41370,Size too large,1844.84,Approved,2026-08-23
4476,41371,Color mismatch,922.42,Approved,2026-08-19
4477,41382,Color mismatch,2088.22,Approved,2026-08-28
4478,41393,Shade mismatch,1124.94,Approved,2026-09-05
4479,41403,Size issue,776.2,Approved,2026-08-28
4480,41427,Changed mind,528.18,Pending,2026-03-09
4481,41442,Shade mismatch,1786.44,Approved,2026-07-29
4482,41454,Size too large,2270.49,Approved,2024-03-20
4483,41460,CHANGED MIND,1834.35,Approved,2024-06-15
4484,41466,Changed mind,1115.56,Approved,2024-11-16
4485,41481,Changed mind,3261.75,Approved,2025-01-28
4486,41485,Color mismatch,2761.13,Approved,2026-04-18
4487,41497,Product damaged,1158.6,Approved,2025-03-28
4488,41503,Shade mismatch,1087.25,Pending,2025-06-12
4489,41505,Wrong size,2231.12,Approved,2025-06-14
4490,41520,Changed mind,2972.8,Approved,2025-10-21
4491,41524,Changed mind,2481.06,Approved,2025/10/23
4492,41531,Size too small,969.8,Approved,2025-12-06
4493,41537,Wrong size,2743.56,Pending,2025-12-17
4494,41539,Changed mind,1287.64,Approved,2025-12-23
4495,41544,Size too large,1985.38,Approved,2026-01-03
4496,41545,Color mismatch,782.44,Approved,2026-01-02
4497,41572,Allergic reaction,1240.53,Approved,2026-06-16
4498,41574,Color mismatch,2489.4,Approved,2026-06-13
4499,41596,Changed mind,1963.08,Approved,2026-06-16
4500,41598,Color mismatch,4978.8,Approved,2025-12-08
4501,41611,Size issue,716.49,Pending,2026-03-22
4502,41612,Allergic reaction,846.15,Approved,2026-04-15
4503,41615,Allergic reaction,434.65,Approved,2026-04-14
4504,41617,FABRIC QUALITY POOR,1477.93,Approved,2026-05-25
4505,41626,Changed mind,2972.8,Approved,2026-06-11
4506,41629,Fabric quality poor,922.42,Rejected,2026-07-07
4507,41648,Wrong size,2174.44,Approved,2025-08-27
4508,41651,Size issue,669.38,Approved,2025-10-29
4509,41657,Uncomfortable fit,1916.95,Approved,2026-08-05
4510,41666,Changed mind,1985.38,Pending,2024-12-07
4511,41668,Color mismatch,1488.07,Approved,2025-07-12
4512,41687,Color mismatch,922.42,Approved,2026-08-13
4513,41692,Color mismatch,1985.38,Rejected,2026-08-08
4514,41719,Changed mind,1488.07,Approved,2026-03-12
4515,41720,Changed mind,1834.35,Approved,2026-03-08
4516,41725,Color mismatch,5487.12,Rejected,2026-03-21
4517,41735,Not as described,988.73,Approved,2026-06-30
4518,41785,Changed mind,4176.44,Approved,2024-04-23
4519,41792,Changed mind,3833.9,Approved,2025-02-10
4520,41794,Changed mind,2761.13,Approved,2025-02-05
4521,41795,Fabric quality poor,1564.88,Approved,2025-04-15
4522,41835,Fabric quality poor,922.42,Approved,2024-02-02
4523,41837,Uncomfortable fit,1834.35,Approved,2024-02-11
4524,41843,Wrong size,2174.44,Rejected,2024-05-09
4525,41844,Fabric quality poor,2270.49,Approved,2024-06-21
4526,41846,Not as described,264.09,Approved,2024-07-09
4527,41865,Not as described,654.36,Approved,2025-01-24
4528,41880,shade mismatch,1328.9,Approved,2025-08-31
4529,41882,Changed mind,1916.95,Approved,2026-08-17
4530,41886,Fabric quality poor,5522.26,Rejected,04/22/2026
4531,41894,Changed mind,1985.38,Approved,2026-06-15
4532,41904,Allergic reaction,1240.53,Rejected,2026-08-28
4533,41909,Product damaged,200.78,Approved,2026-09-15
4534,41932,Color mismatch,1115.56,Approved,2025-07-18
4535,41940,Size issue,1127.25,Approved,2025-10-14
4536,41941,Changed mind,922.42,Approved,2025-11-17
4537,41944,Size issue,654.38,Approved,2025-11-27
4538,41948,Allergic reaction,1993.35,Rejected,2026-01-16
4539,41951,Changed mind,664.45,Rejected,2026-02-05
4540,41955,Uncomfortable fit,2174.44,Approved,2026-01-25
4541,41962,Uncomfortable fit,1916.95,Approved,2026-02-08
4542,41973,Shade mismatch,1087.25,Approved,2026-06-10
4543,41975,Color mismatch,6042.66,Approved,2026-06-13
4544,41981,Color mismatch,1916.95,Approved,2026-08-25
4545,41983,Size too large,893.75,Rejected,2026-09-06
4546,41988,Sole damage,5945.6,Approved,2024-06-28
4547,41989,Color mismatch,3346.68,Approved,2024-07-03
4548,41992,Size too small,1564.88,Approved,2024-08-13
4549,42001,Not as described,389.69,Rejected,2024-11-10
4550,42013,Size too small,2761.13,Approved,2025-09-26
4551,42024,Changed mind,893.75,Approved,2026-07-02
4552,42028,Shade mismatch,275.13,Approved,2026-08-23
4553,42030,Product damaged,562.47,Approved,2026-08-13
4554,42034,Fabric quality poor,922.42,Approved,2026-07-09
4555,42035,Fabric quality poor,2270.49,Rejected,2026-07-07
4556,42038,COLOR MISMATCH,1115.56,Approved,2026-08-25
4557,42042,Changed mind,654.36,Rejected,2025-08-25
4558,42052,Sole damage,3862.92,Approved,2025-09-03
4559,42064,Color mismatch,2419.78,Approved,2025/10/22
4560,42066,Changed mind,844.84,Approved,2025-11-01
4561,42069,Color mismatch,2347.32,Approved,2025-11-05
4562,42070,Size too large,1939.6,Pending,2025-11-05
4563,42072,Wrong size,1488.07,Approved,2025-11-12
4564,42080,Changed mind,145.44,Approved,2025-11-20
4565,42082,Changed mind,893.22,Approved,2025-11-09
4566,42085,Size too small,2955.86,Rejected,2025-11-29
4567,42099,Shade mismatch,823.09,Approved,01/12/2026
4568,42103,Color mismatch,969.8,Approved,2026-01-15
4569,42130,Changed mind,2976.14,Approved,2025-06-17
4570,42145,Color mismatch,2743.56,Pending,2026-06-03
4571,42148,Not as described,386.2,Approved,2026-07-04
4572,42153,Color mismatch,969.8,Approved,2024-05-13
4573,42165,Fabric quality poor,2347.32,Approved,2025-07-05
4574,42166,Changed mind,1564.88,Approved,2025-08-29
4575,42168,Changed mind,4978.8,Approved,2025-08-24
4576,42174,Color mismatch,1689.68,Approved,2025-11-08
4577,42201,Uncomfortable fit,1916.95,Pending,2026-07-30
4578,42207,Uncomfortable fit,4348.88,Approved,2025-06-04
4579,42229,Size issue,375.75,Approved,2025-09-11
4580,42235,Product damaged,3261.75,Approved,2025-09-18
4581,42243,Sole damage,1689.68,Pending,2026-01-26
4582,42279,Fabric quality poor,922.42,Approved,2026-08-29
4583,42313,Sole damage,1488.07,Approved,2024-05-15
4584,42325,Color mismatch,2972.8,Approved,2024-10-05
4585,42326,Changed mind,3862.92,Rejected,2024-09-25
4586,42335,Not as described,233.58,Pending,2025-09-06
4587,42341,Wrong size,1834.35,Approved,2025-11-22
4588,42350,Changed mind,2972.8,Approved,2025-01-04
4589,42385,Changed mind,654.38,Approved,2026-01-08
4590,42426,Color mismatch,2972.8,Approved,2026-09-07
4591,42429,SOLE DAMAGE,1834.35,Pending,2023-11-23
4592,42433,Uncomfortable fit,4348.88,Approved,2024-01-02
4593,42434,Wrong size,1834.35,Approved,2024-01-01
4594,42452,Changed mind,2419.78,Pending,2024-08-23
4595,42460,Sole damage,5487.12,Approved,2025-03-15
4596,42465,Changed mind,1916.95,Approved,2025-05-09
4597,42475,Color mismatch,2972.8,Approved,2025-09-07
4598,42478,Color mismatch,3833.9,Approved,2024-09-03
4599,42488,Changed mind,3721.59,Approved,2026-08-21
4600,42500,Color mismatch,2231.12,Approved,2026-08-26
4601,42502,Product damaged,1240.53,Approved,2026-09-07
4602,42504,Shade mismatch,562.47,Approved,2026-09-06
4603,42521,Color mismatch,782.44,Approved,2024-11-19
4604,42527,Size too large,969.8,Approved,2025-10-26
4605,42532,Size too large,8283.39,Approved,2026-06-24
4606,42538,Product damaged,2086.92,Rejected,2026-01-05
4607,42540,Wrong size,2174.44,Approved,2025-12-30
4608,42542,Changed mind,776.2,Approved,2026-01-03
4609,42566,Size too large,2761.13,Approved,2026-03-18
4610,42569,Product damaged,1293.67,Approved,2026-03-29
4611,42572,Changed mind,1564.88,Approved,2026-04-18
4612,42605,Size too small,6042.66,Approved,2025-01-27
4613,42624,Color mismatch,2270.49,Approved,2026-03-26
4614,42630,Sole damage,2972.8,Approved,2025-09-01
4615,42632,Color mismatch,844.84,Rejected,2025-08-25
4616,42635,Fabric quality poor,1477.93,Rejected,2025-12-18
4617,42637,Changed mind,2972.8,Approved,2026-09-14
4618,42640,Sole damage,1689.68,Approved,2026-08-16
4619,42648,Shade mismatch,550.26,Approved,2026-08-20
4620,42677,Wrong size,5945.6,Approved,2025-06-16
4621,42680,Fabric quality poor,893.75,Approved,2026-06-26
4622,42708,Changed mind,2761.13,Approved,2025-01-30
4623,42712,Color mismatch,2681.25,Rejected,2025-05-13
4624,42718,Changed mind,2954.08,Approved,2024-06-02
4625,42722,Allergic reaction,695.64,Approved,2024-07-02
4626,42727,Wrong size,1115.56,Approved,2024-08-25
4627,42730,Size too small,922.42,Approved,2024-10-10
4628,42733,Color mismatch,4348.88,Approved,2024-10-09
4629,42738,Color mismatch,5522.26,Rejected,2025-04-04
4630,42745,Product damaged,1087.25,Approved,2025-07-06
4631,42752,Color mismatch,2088.22,Approved,2025-09-03
4632,42758,Wrong size,6264.66,Approved,2025-11-12
4633,42762,Uncomfortable fit,2088.22,Approved,2025-11-21
4634,42765,Wrong size,1916.95,Approved,2025-12-05
4635,42774,Uncomfortable fit,1287.64,Approved,2026-04-07
4636,42783,Changed mind,676.56,Rejected,2026-09-06
4637,42785,Wrong size,2088.22,Approved,2025-07-03
4638,42787,Size too small,1985.38,Approved,2024-12-19
4639,42789,Uncomfortable fit,1287.64,Approved,2025-01-12
4640,42790,Size too large,893.75,Rejected,2025-02-09
4641,42792,Fabric quality poor,2270.49,Approved,2025-06-11
4642,42810,Shade mismatch,695.64,Rejected,2026-06-17
4643,42830,CHANGED MIND,1985.38,Approved,2026-05-01
4644,42847,Changed mind,2088.22,Pending,2026-08-22
4645,42871,Changed mind,664.45,Rejected,2026-08-05
4646,42891,Changed mind,1834.35,Approved,2026-08-31
4647,42901,Size issue,669.38,Pending,2026-09-10
4648,42917,Fabric quality poor,969.8,Pending,2024-09-14
4649,42920,Not as described,716.49,Approved,2024-09-29
4650,42926,Uncomfortable fit,5487.12,Approved,2024-11-25
4651,42927,Sole damage,2088.22,Approved,2024-11-26
4652,42930,Color mismatch,1844.84,Approved,2025-02-07
4653,42935,Product damaged,2174.5,Approved,2025-03-15
4654,42936,Fabric quality poor,922.42,Approved,2025-07-14
4655,42942,COLOR MISMATCH,1939.6,Approved,2025-10-24
4656,42943,Size too small,2761.13,Approved,2025-10-29
4657,42944,Size too large,2270.49,Pending,2025-10-31
4658,42960,Not as described,1353.12,Approved,2026-04-15
4659,43011,Changed mind,782.44,Approved,2024-08-29
4660,43016,Fabric quality poor,2489.4,Approved,2025-06-15
4661,43038,Color mismatch,2954.08,Rejected,2025-04-12
4662,43042,Changed mind,664.45,Rejected,2025-04-16
4663,43049,Changed mind,2489.4,Approved,2025-06-20
4664,43052,Color mismatch,1477.04,Approved,27-06-2025
4665,43054,Sole damage,2231.12,Approved,2025-07-01
4666,43072,Size too large,1477.93,Approved,2025-08-27
4667,43084,Changed mind,654.36,Approved,2025-11-03
4668,43086,Size issue,1977.46,Approved,2025-11-13
4669,43092,Fabric quality poor,1985.38,Approved,2026-01-28
4670,43112,Size too small,2489.4,Approved,2025-10-17
4671,43122,Allergic reaction,562.47,Approved,2026-05-28
4672,43124,Changed mind,1338.76,Approved,2026-01-07
4673,43128,Uncomfortable fit,1916.95,Rejected,2026-01-25
4674,43134,Allergic reaction,823.09,Pending,2023-11-07
4675,43137,Size issue,988.73,Pending,2024-01-01
4676,43150,Changed mind,2587.34,Approved,2024-06-20
4677,43160,Size too large,782.44,Approved,2026-01-30
4678,43162,Changed mind,4433.79,Approved,2026-01-27
4679,43175,Size too large,782.44,Approved,2024-06-25
4680,43176,Changed mind,5522.26,Approved,2024-07-05
4681,43178,changed mind,375.75,Approved,2024-08-29
4682,43205,Changed mind,654.38,Approved,2026-02-06
4683,43208,Fabric quality poor,2909.4,Approved,2026-05-28
4684,43215,Changed mind,1131.27,Approved,2026-07-15
4685,43241,Size too small,922.42,Rejected,2024-11-17
4686,43249,Fabric quality poor,4540.98,Approved,2025-05-31
4687,43264,Changed mind,1939.6,Approved,2025-11-09
4688,43268,Allergic reaction,1293.67,Approved,2026-02-10
4689,43270,Size too large,782.44,Approved,2026-02-19
4690,43274,Uncomfortable fit,1916.95,Approved,2026-04-08
4691,43282,Allergic reaction,275.13,Approved,2026-08-23
4692,43299,Changed mind,1240.53,Approved,2025-11-11
4693,43306,Fabric quality poor,2955.86,Approved,2025-12-31
4694,43307,Fabric quality poor,2761.13,Rejected,2026-01-01
4695,43312,Size too large,969.8,Approved,2026-01-14
4696,43320,Color mismatch,1488.07,Approved,2026-05-04
4697,43329,Size too large,922.42,Approved,2026-07-07
4698,43336,Fabric quality poor,1477.93,Approved,2026-09-15
4699,43342,Fabric quality poor,6042.66,Approved,2023-03-30
4700,43344,Size too large,4540.98,Pending,2023-10-12
4701,43345,Size too small,1477.93,Pending,2026-08-09
4702,43370,Sole damage,2088.22,Approved,2025-11-19
4703,43382,Product damaged,1293.67,Approved,2026-02-27
4704,43390,Color mismatch,2419.78,Pending,2026-05-06
4705,43397,Changed mind,389.69,Approved,2026-08-29
4706,43403,Changed mind,676.56,Approved,2025-07-16
4707,43404,Not as described,205.29,Approved,2025-10-07
4708,43408,Fabric quality poor,3970.76,Approved,2026-06-18
4709,43411,Changed mind,1985.38,Pending,2026-06-17
4710,43413,Fabric quality poor,969.8,Rejected,2026-06-24
4711,43415,Fabric quality poor,782.44,Approved,2026-06-25
4712,43416,Size too small,2270.49,Approved,15 Jun 2026
4713,43431,Product damaged,434.65,Approved,2026-08-23
4714,43448,Size too large,2489.4,Approved,2024-03-21
4715,43459,Shade mismatch,2469.27,Approved,2024-12-27
4716,43466,Changed mind,782.44,Approved,2023-08-24
4717,43474,Not as described,669.38,Approved,2023-10-11
4718,43477,Wrong size,2088.22,Approved,2023-10-21
4719,43481,Changed mind,528.18,Approved,2024-01-06
4720,43483,Changed mind,893.22,Approved,2024-01-28
4721,43505,Size too small,782.44,Approved,2025-01-27
4722,43510,Size issue,716.49,Approved,2025-02-16
4723,43511,Not as described,654.38,Approved,2025-02-10
4724,43515,Shade mismatch,275.13,Approved,2025-03-16
4725,43524,Fabric quality poor,2489.4,Approved,2025-09-20
4726,43527,Changed mind,1240.53,Approved,2025-09-21
4727,43531,Wrong size,2419.78,Approved,2025-09-09
4728,43533,Size issue,988.73,Approved,2026-08-21
4729,43538,Size too large,922.42,Approved,2025-06-24
4730,43540,size too large,5522.26,Pending,2025-07-08
4731,43560,Size issue,751.5,Pending,03 Nov 2025
4732,43562,Changed mind,3346.68,Rejected,2025-11-13
4733,43564,Changed mind,1488.07,Approved,2025-11-14
4734,43572,Shade mismatch,434.65,Approved,2026-02-12
4735,43581,Fabric quality poor,1477.04,Approved,2026-06-21
4736,43590,Fabric quality poor,1477.93,Approved,2026-07-20
4737,43627,Size too small,4431.12,Approved,2026-08-17
4738,43635,Sole damage,844.84,Approved,2025-09-07
4739,43647,COLOR MISMATCH,1564.88,Approved,2025-12-13
4740,43664,Not as described,2413.41,Approved,2025-07-12
4741,43666,Color mismatch,5945.6,Approved,2025-03-07
4742,43671,Changed mind,4978.8,Approved,2026-06-18
4743,43672,Allergic reaction,275.13,Approved,2024-06-26
4744,43677,Size too small,2489.4,Approved,2025-01-10
4745,43713,Color mismatch,1115.56,Approved,2025-04-04
4746,43723,Size issue,377.09,Approved,2025-08-07
4747,43738,Color mismatch,1916.95,Approved,2025-12-20
4748,43743,Product damaged,1124.94,Approved,2026-02-05
4749,43744,Color mismatch,2088.22,Approved,2026-03-17
4750,43745,Not as described,375.75,Approved,2026-03-25
4751,43750,Product damaged,730.2,Approved,2026-06-19
4752,43760,Wrong size,844.84,Approved,2026-07-06
4753,43774,Changed mind,3021.33,Approved,2025-11-17
4754,43776,Changed mind,275.13,Approved,2026-03-17
4755,43782,Changed mind,893.75,Approved,2026-03-18
4756,43788,Changed mind,776.2,Approved,2026-03-26
4757,43798,Size issue,377.09,Approved,2026-05-22
4758,43799,Changed mind,1391.28,Approved,2026-06-16
4759,43800,Changed mind,275.13,Approved,2026-06-07
4760,43804,Changed mind,695.64,Rejected,2026-08-26
4761,43810,Changed mind,2088.22,Approved,2026-08-28
4762,43812,Changed mind,1477.04,Approved,2026-09-07
4763,43813,Fabric quality poor,893.75,Approved,2026-09-07
4764,43814,Fabric quality poor,4978.8,Approved,2026-08-31
4765,43817,Product damaged,2481.06,Rejected,2026-08-28
4766,43819,Allergic reaction,823.09,Approved,2025-12-01
4767,43821,Allergic reaction,275.13,Approved,2025-12-07
4768,43827,Color mismatch,2489.4,Approved,2025-12-09
4769,43834,Changed mind,1939.6,Approved,2026-07-24
4770,43849,Product damaged,434.65,Approved,2025-02-26
4771,43855,Shade mismatch,695.64,Approved,2026-01-15
4772,43866,Wrong size,1115.56,Approved,2026-02-14
4773,43867,Size too small,922.42,Rejected,2026-02-04
4774,43872,Wrong size,2174.44,Approved,2026-04-14
4775,43883,Not as described,233.58,Approved,2026-09-12
4776,43884,Color mismatch,2955.86,Pending,2026-09-10
4777,43886,Shade mismatch,825.39,Approved,2024-10-12
4778,43890,Color mismatch,8283.39,Approved,2026-02-24
4779,43891,Size too large,782.44,Approved,2024-06-20
4780,43897,Size issue,669.38,Approved,2024-10-28
4781,43904,Changed mind,2743.56,Approved,2026-03-06
4782,43905,Uncomfortable fit,3833.9,Approved,2026-02-26
4783,43906,Product damaged,1293.67,Approved,2026-09-11
4784,43907,Size too small,5956.14,Approved,08 May 2025
4785,43914,Size issue,375.75,Approved,2023-05-30
4786,43915,Not as described,2328.6,Approved,2023-05-31
4787,43926,Size too large,3021.33,Approved,2025-03-28
4788,43935,Size too small,2761.13,Approved,2024-08-17
4789,43936,Changed mind,1477.93,Approved,2024-08-05
4790,43950,Changed mind,2270.49,Approved,06-10-2025
4791,43959,Color mismatch,1477.04,Approved,2026-09-04
4792,43962,Color mismatch,2270.49,Pending,2024-01-12
4793,43963,Size too large,3970.76,Pending,2024-01-14
4794,43969,Sole damage,2174.44,Approved,2024-08-21
4795,43974,Allergic reaction,1087.25,Approved,2024-12-12
4796,43983,Fabric quality poor,969.8,Pending,2026-03-10
4797,43985,Color mismatch,2972.8,Pending,2026-07-05
4798,44001,Size too small,4433.79,Approved,2025-03-23
4799,44004,Fabric quality poor,2489.4,Pending,17 Jun 2025
4800,44033,Sole damage,1488.07,Approved,2024-04-02
4801,44034,Color mismatch,844.84,Rejected,2024-04-01
4802,44042,Fabric quality poor,2761.13,Rejected,2024-11-24
4803,44043,Color mismatch,922.42,Approved,2024-11-21
4804,44044,Color mismatch,2575.28,Approved,2026-05-11
4805,44069,Wrong size,2419.78,Approved,2026-09-01
4806,44092,Size issue,377.09,Approved,2026-09-06
4807,44106,Shade mismatch,434.65,Approved,2026-09-14
4808,44114,Color mismatch,2347.32,Approved,2026-07-10
4809,44124,Wrong size,2972.8,Approved,2025-03-01
4810,44127,Color mismatch,2761.13,Approved,2025-05-17
4811,44130,Uncomfortable fit,4839.56,Approved,2026-05-18
4812,44132,Sole damage,3668.7,Approved,2026-05-19
4813,44134,Size issue,1963.14,Approved,2026-08-20
4814,44139,Uncomfortable fit,844.84,Approved,2026-08-29
4815,44140,Changed mind,1834.35,Approved,2026-09-03
4816,44145,Not as described,243.4,Approved,2025-12-17
4817,44152,Color mismatch,1287.64,Approved,2026-02-05
4818,44166,Size too large,782.44,Approved,2024-08-29
4819,44170,Color mismatch,1477.04,Approved,2024-12-02
4820,44177,Fabric quality poor,1477.04,Pending,2025-10-09
4821,44180,Sole damage,1115.56,Approved,2025-10-20
4822,44200,Color mismatch,2743.56,Approved,2024-11-21
4823,44201,Sole damage,5945.6,Approved,2024-11-12
4824,44203,Fabric quality poor,1477.04,Pending,2025-01-02
4825,44220,Sole damage,1916.95,Pending,2025-08-30
4826,44225,Size too large,4433.79,Approved,2025-11-23
4827,44229,Allergic reaction,823.09,Approved,2026-03-25
4828,44235,Color mismatch,2489.4,Approved,2026-08-31
4829,44242,NOT AS DESCRIBED,988.73,Approved,2025-06-27
4830,44250,Size issue,804.47,Approved,2025-08-24
4831,44257,Changed mind,804.47,Approved,2026-01-03
4832,44269,Shade mismatch,275.13,Approved,2026-05-24
4833,44278,Size too large,4978.8,Approved,2025-12-30
4834,44303,Changed mind,1477.93,Approved,2026-01-16
4835,44304,Color mismatch,2270.49,Approved,2026-01-09
4836,44305,Size issue,1552.4,Rejected,2026-07-15
4837,44316,Size too small,2489.4,Pending,2025-10-19
4838,44321,Size too small,3021.33,Approved,2025-10-05
4839,44322,Color mismatch,2761.13,Approved,2025-10-15
4840,44329,Changed mind,776.2,Approved,2026-06-05
4841,44336,Fabric quality poor,782.44,Approved,2026-06-08
4842,44340,Size too large,3970.76,Approved,2026-08-08
4843,44341,Color mismatch,893.75,Approved,2026-08-11
4844,44349,Changed mind,1353.12,Approved,2026-08-31
4845,44358,Size issue,654.36,Approved,2026-03-23
4846,44401,Changed mind,1977.46,Approved,2025-08-19
4847,44417,Not as described,716.49,Approved,2025-12-17
4848,44433,Size too small,4540.98,Approved,2024-12-13
4849,44437,Fabric quality poor,2270.49,Approved,2026-02-11
4850,44453,Size issue,525.91,Approved,2024-02-06
4851,44460,Color mismatch,2419.78,Approved,2024-10-26
4852,44470,Color mismatch,1834.35,Approved,2026-01-24
4853,44479,Size too small,782.44,Pending,2024-08-22
4854,44488,Allergic reaction,562.47,Approved,2024-11-08
4855,44502,Changed mind,562.47,Approved,2025-06-27
4856,44512,Fabric quality poor,893.75,Pending,2025-08-23
4857,44542,Product damaged,700.74,Approved,2026-09-11
4858,44546,Color mismatch,969.8,Pending,2026-07-09
4859,44554,Changed mind,3833.9,Approved,2025-06-02
4860,44566,Changed mind,893.22,Approved,2025-09-01
4861,44573,Changed mind,467.16,Approved,2025-08-31
4862,44576,Size too large,5522.26,Pending,03-09-2025
4863,44577,Size too small,2270.49,Approved,2025-09-01
4864,44581,Wrong size,2575.28,Approved,2026-09-06
4865,44591,Size issue,751.5,Approved,2023-06-25
4866,44604,Size too large,2955.86,Approved,2023-08-29
4867,44605,Color mismatch,1477.04,Rejected,2023-08-29
4868,44617,Color mismatch,3021.33,Pending,2024-08-19
4869,44628,Fabric quality poor,2270.49,Approved,2024-10-12
4870,44629,Color mismatch,4464.21,Pending,2024-10-27
4871,44634,Product damaged,290.88,Approved,2025-01-02
4872,44645,Color mismatch,2972.8,Rejected,2025-09-03
4873,44649,Sole damage,1488.07,Approved,17 Oct 2025
4874,44657,Size too small,1939.6,Approved,2026-02-17
4875,44674,Changed mind,1608.94,Approved,2025-06-08
4876,44676,Color mismatch,782.44,Approved,2025-07-01
4877,44680,Product damaged,1084.05,Approved,2025-08-30
4878,44702,Size too large,2270.49,Approved,2026-03-18
4879,44717,Fabric quality poor,782.44,Approved,2026-04-12
4880,44729,Not as described,1158.6,Approved,2026-06-07
4881,44743,Changed mind,1353.12,Approved,2026-08-18
4882,44751,Shade mismatch,1124.94,Approved,2026-09-03
4883,44752,Product damaged,1293.67,Approved,2026-08-29
4884,44753,Changed mind,846.15,Approved,2026-09-03
4885,44760,Wrong size,3668.7,Approved,2026-08-31
4886,44766,Color mismatch,893.75,Approved,2026-09-06
4887,44771,Not as described,676.56,Approved,2026-05-25
4888,44776,Changed mind,1477.93,Approved,2026-05-22
4889,44778,Fabric quality poor,5522.26,Approved,2026-06-03
4890,44782,Not as described,804.47,Approved,2026-05-27
4891,44786,Changed mind,434.65,Approved,2026-05-29
4892,44793,Color mismatch,1985.38,Approved,2026-06-03
4893,44796,Size issue,654.36,Approved,2024-11-22
4894,44804,Changed mind,1240.53,Approved,2025-06-23
4895,44821,Changed mind,893.75,Approved,2025-08-26
4896,44831,Color mismatch,2231.12,Approved,2025-08-27
4897,44841,Sole damage,6264.66,Approved,2025-11-15
4898,44846,Changed mind,2761.13,Approved,2025-12-11
4899,44855,Changed mind,669.38,Approved,2025-02-06
4900,44860,Product damaged,394.6,Approved,2025-09-09
4901,44866,Changed mind,695.64,Approved,2025-10-17
4902,44867,Shade mismatch,2481.06,Approved,2025-10-13
4903,44872,Uncomfortable fit,2972.8,Approved,2026-02-10
4904,44881,Color mismatch,2270.49,Approved,2023-06-01
4905,44888,Shade mismatch,695.64,Approved,2024-03-05
4906,44894,Size issue,1308.72,Approved,2024-05-16
4907,44904,Size issue,654.36,Approved,2025-03-03
4908,44918,Changed mind,1477.93,Approved,2025-09-05
4909,44919,Color mismatch,1985.38,Approved,2025-09-05
4910,44928,Size too large,1844.84,Approved,2025-10-04
4911,44931,Changed mind,2149.47,Approved,2025-11-24
4912,44934,Wrong size,1689.68,Approved,2026-03-18
4913,44945,Color mismatch,5945.6,Approved,2024/08/25
4914,44960,Sole damage,1287.64,Approved,2026-06-23
4915,44975,Allergic reaction,275.13,Approved,2025-02-28
4916,44998,Sole damage,844.84,Approved,2026-06-11
4917,45000,Color mismatch,4978.8,Approved,2026-03-25
4918,45008,Uncomfortable fit,2534.52,Rejected,2026-06-10
4919,45009,Uncomfortable fit,2419.78,Approved,2026-06-12
4920,45016,Uncomfortable fit,2972.8,Approved,2026-07-06
4921,45020,Uncomfortable fit,5487.12,Rejected,2026-08-30
4922,45043,Changed mind,2761.13,Approved,2026-05-07
4923,45046,Wrong size,844.84,Approved,2026-04-29
4924,45054,Changed mind,969.8,Approved,2026-06-04
4925,45064,Size issue,525.91,Pending,2026-06-22
4926,45079,Allergic reaction,275.13,Rejected,2026/08/06
4927,45102,Size too small,969.8,Approved,2026-09-05
4928,45108,Product damaged,1786.44,Approved,2026-08-26
4929,45143,Wrong size,2972.8,Approved,2024-06-15
4930,45156,Changed mind,1577.73,Approved,2025/06/26
4931,45166,Size too small,2270.49,Approved,2025-11-13
4932,45167,Changed mind,969.8,Approved,2025-11-08
4933,45171,Changed mind,969.8,Approved,2026-03-18
4934,45186,Color mismatch,782.44,Approved,2025-01-09
4935,45187,Changed mind,782.44,Rejected,2025-02-14
4936,45191,Size too large,1985.38,Approved,2025-03-25
4937,45192,Size too large,2489.4,Pending,2025-03-24
4938,45199,Shade mismatch,1303.95,Approved,2025-07-30
4939,45202,sole damage,2972.8,Approved,2025-08-24
4940,45220,Fabric quality poor,4978.8,Approved,2025-10-17
4941,45229,Shade mismatch,1240.53,Approved,2026-09-01
4942,45242,Fabric quality poor,782.44,Approved,2026-01-09
4943,45244,Changed mind,2955.86,Pending,2026-01-04
4944,45246,Changed mind,1308.72,Approved,2026-02-02
4945,45250,Changed mind,2174.44,Approved,2026-03-08
4946,45264,Fabric quality poor,782.44,Approved,2026-09-02
4947,45265,Changed mind,6811.47,Approved,2026-09-10
4948,45275,Sole damage,844.84,Approved,01 Nov 2025
4949,45280,Color mismatch,5945.6,Approved,2025-03-17
4950,45289,Changed mind,434.65,Approved,2026-06-30
4951,45316,Wrong size,2419.78,Approved,2026-06-24
4952,45325,Changed mind,893.75,Pending,2026-06-29
4953,45330,Color mismatch,2761.13,Pending,2026-07-01
4954,45331,Changed mind,1477.93,Approved,2026-06-27
4955,45342,Color mismatch,2270.49,Approved,2026-05-01
4956,45343,Size too large,5956.14,Approved,03 May 2026
4957,45346,Size too small,4978.8,Approved,2026-04-25
4958,45359,Fabric quality poor,969.8,Approved,2026-04-28
4959,45361,Wrong size,2174.44,Approved,2026-05-11
4960,45366,Fabric quality poor,3021.33,Approved,2026-05-08
4961,45373,Changed mind,1963.14,Approved,2026-05-13
4962,45381,Color mismatch,1985.38,Rejected,2026-08-18
4963,45396,Size too small,969.8,Approved,2026-08-26
4964,45404,Wrong size,2743.56,Approved,2026-09-06
4965,45405,Fabric quality poor,2761.13,Approved,2026-09-07
4966,45409,Shade mismatch,664.45,Approved,2026-09-15
4967,45410,Allergic reaction,893.22,Approved,2026-09-12
4968,45419,Changed mind,467.16,Approved,2026-07-30
4969,45422,Changed mind,2587.34,Rejected,2026-08-16
4970,45432,Changed mind,562.47,Rejected,2026-08-18
4971,45442,Wrong size,2419.78,Approved,2026-08-27
4972,45446,Changed mind,2587.34,Approved,2026-09-01
4973,45455,Changed mind,1432.98,Approved,2026-09-07
4974,45470,Fabric quality poor,2761.13,Approved,2026-09-14
4975,45475,Changed mind,1240.53,Approved,2025-03-16
4976,45476,Wrong size,2419.78,Approved,2026-02-01
4977,45479,Size too large,2761.13,Approved,2024-08-15
4978,45488,Changed mind,2413.41,Approved,2023-08-24
4979,45501,Allergic reaction,846.15,Rejected,2026-03-31
4980,45525,Changed mind,525.91,Approved,2024-08-04
4981,45527,Color mismatch,2575.28,Approved,2024-10-29
4982,45532,Changed mind,1564.88,Rejected,2025-08-13
4983,45541,Changed mind,1985.38,Approved,2026-09-15
4984,45556,Fabric quality poor,1985.38,Approved,2025-02-24
4985,45558,Size too small,922.42,Approved,2025-03-13
4986,45562,Uncomfortable fit,844.84,Approved,2025-03-30
4987,45574,Size too small,1844.84,Approved,2026-01-24
4988,45575,Allergic reaction,550.26,Approved,2026-02-04
4989,45584,Wrong size,2174.44,Approved,2026-08-15
4990,45590,Product damaged,846.15,Approved,2025-06-06
4991,45598,Shade mismatch,823.09,Approved,2026-09-13
4992,45621,Product damaged,1124.94,Approved,2025-01-03
4993,45631,Allergic reaction,1293.67,Approved,2025-04-14
4994,45648,Color mismatch,969.8,Rejected,2024-04-15
4995,45649,Size too small,1477.04,Approved,2024-05-09
4996,45666,Size too small,1564.88,Approved,2025-01-29
4997,45671,Changed mind,562.47,Approved,2025-03-23
4998,45683,Color mismatch,2174.44,Approved,2025-07-22
4999,45686,Uncomfortable fit,2972.8,Approved,2025-08-31
5000,45694,Changed mind,782.44,Approved,2026-03-16
5001,45704,Sole damage,2743.56,Approved,2025-08-30
5002,45718,Size too small,1477.04,Approved,2024-02-22
5003,45736,Changed mind,893.22,Approved,2024-10-17
5004,45750,Fabric quality poor,1477.93,Approved,2025-03-18
5005,45754,Uncomfortable fit,1689.68,Approved,2025-06-10
5006,45775,Not as described,1977.46,Approved,2025-10-27
5007,45779,Color mismatch,2489.4,Approved,2025-12-05
5008,45782,Size too large,2489.4,Approved,2026-01-14
5009,45783,Not as described,525.91,Approved,2025-07-01
5010,45785,Color mismatch,1939.6,Pending,2025-08-28
5011,45797,Color mismatch,1916.95,Approved,2025-09-23
5012,45804,Changed mind,2174.5,Approved,2026-02-04
5013,45808,Size too small,2270.49,Pending,11 Mar 2026
5014,45810,Size too large,2761.13,Approved,2026-03-12
5015,45827,Color mismatch,6042.66,Pending,2026-09-01
5016,45855,Size issue,669.38,Approved,2025-02-05
5017,45866,Shade mismatch,695.64,Rejected,2025-10-11
5018,45878,Product damaged,410.58,Approved,2026-08-21
5019,45885,Changed mind,1287.64,Approved,2024-09-05
5020,45891,Size too large,2270.49,Approved,2025-07-14
5021,45892,Fabric quality poor,3970.76,Approved,2025-07-18
5022,45906,Allergic reaction,2587.34,Approved,2026-04-04
5023,45912,Not as described,528.18,Approved,2026-08-04
5024,45917,Size issue,676.56,Rejected,2026-08-26
5025,45929,Sole damage,1115.56,Approved,2025-04-22
5026,45932,Allergic reaction,664.45,Approved,2025-06-09
5027,45941,Fabric quality poor,782.44,Approved,2026-04-29
5028,45943,Product damaged,846.15,Approved,2026-05-09
5029,45950,Color mismatch,3021.33,Approved,2025-03-26
5030,45991,Changed mind,893.75,Approved,2026-03-24
5031,46013,Size too small,1985.38,Approved,2026-01-13
5032,46032,Size too small,782.44,Approved,2025-01-26
5033,46038,Color mismatch,2489.4,Rejected,2026-04-14
5034,46042,Color mismatch,2489.4,Approved,2026-08-28
5035,46043,COLOR MISMATCH,969.8,Pending,2026-09-06
5036,46044,Fabric quality poor,2954.08,Approved,2026-09-04
5037,46048,Changed mind,386.2,Approved,2025-09-02
5038,46051,Changed mind,525.91,Approved,2025-09-16
5039,46057,Allergic reaction,550.26,Approved,2025-11-06
5040,46060,Changed mind,1977.46,Approved,2026-01-31
5041,46065,Product damaged,145.44,Approved,2026-05-23
5042,46071,Changed mind,2149.47,Approved,2026-07-25
5043,46076,Product damaged,664.45,Approved,2024-10-28
5044,46110,Wrong size,2088.22,Rejected,2026-01-28
5045,46120,Sole damage,2743.56,Approved,2026-08-23
5046,46137,Not as described,233.58,Approved,2025-12-26
5047,46145,Changed mind,1564.88,Rejected,2026-01-20
5048,46157,Changed mind,377.09,Approved,2026-03-28
5049,46161,SHADE MISMATCH,1328.9,Rejected,2026-04-24
5050,46169,Changed mind,1477.04,Approved,2026-06-04
5051,46173,COLOR MISMATCH,1689.68,Approved,2026-07-04
5052,46176,Product damaged,394.6,Approved,2026-08-19
5053,46178,Fabric quality poor,969.8,Rejected,2026-08-24
5054,46185,Not as described,716.49,Approved,2026-08-27
5055,46214,Changed mind,1834.35,Approved,2025-10-18
5056,46219,Not as described,361.35,Approved,2025-10-25
5057,46226,Size too large,1564.88,Approved,2025-11-28
5058,46244,Size too large,1787.5,Approved,2026-03-31
5059,46258,Size too large,2761.13,Approved,2026-08-28
5060,46262,Sole damage,1916.95,Approved,2026-09-03
5061,46265,Shade mismatch,434.65,Approved,2026-09-11
5062,46268,Changed mind,1985.38,Approved,2023-05-14
5063,46274,Size issue,2008.14,Approved,2026-01-10
5064,46275,Fabric quality poor,1477.93,Approved,2026-03-23
5065,46288,wrong size,2174.44,Approved,2026-04-15
5066,46311,Changed mind,1916.95,Rejected,2026-06-28
5067,46313,Sole damage,1287.64,Approved,2026-06-29
5068,46322,Changed mind,1564.88,Approved,2026-06-26
5069,46337,Product damaged,233.58,Rejected,2026-09-03
5070,46377,Uncomfortable fit,5750.85,Approved,2025-02-26
5071,46387,Color mismatch,2088.22,Approved,2025-09-26
5072,46427,Color mismatch,969.8,Approved,2025-10-11
5073,46442,Size too small,1564.88,Approved,2025-10-16
5074,46444,Fabric quality poor,2767.26,Approved,2025-10-17
5075,46466,Fabric quality poor,1477.04,Approved,2025-11-20
5076,46470,Fabric quality poor,1477.93,Approved,2024-09-07
5077,46473,Size too small,893.75,Approved,2024-09-21
5078,46484,Sole damage,1115.56,Approved,2025-05-14
5079,46490,Uncomfortable fit,2231.12,Approved,2025-06-22
5080,46492,Wrong size,4348.88,Approved,2025-11-07
5081,46493,Uncomfortable fit,1287.64,Approved,2025-11-08
5082,46517,Color mismatch,2972.8,Approved,2023-07-22
5083,46541,Wrong size,1287.64,Rejected,2024-09-05
5084,46558,Wrong size,1115.56,Approved,2025-05-10
5085,46576,Wrong size,6523.32,Approved,2026-08-25
5086,46579,Fabric quality poor,2761.13,Approved,2026-09-03
5087,46583,Size too small,3021.33,Approved,2026-04-17
5088,46590,Sole damage,1916.95,Approved,2026-05-20
5089,46599,Allergic reaction,823.09,Approved,2026-07-07
5090,46614,Fabric quality poor,1787.5,Pending,2025-12-25
5091,46620,Color mismatch,2088.22,Pending,2024-11-22
5092,46622,Wrong size,2972.8,Approved,2025-01-16
5093,46640,Color mismatch,3668.7,Approved,2025-01-23
5094,46648,Not as described,669.38,Approved,2026-04-23
5095,46675,Size too large,2270.49,Approved,2026-08-30
5096,46681,Size too large,2270.49,Approved,2025-08-29
5097,46687,Not as described,754.18,Approved,2024-05-28
5098,46691,Sole damage,1834.35,Approved,2024-06-15
5099,46693,Uncomfortable fit,2743.56,Approved,2024-06-10
5100,46714,Size too large,2761.13,Approved,2024-10-28
5101,46716,Size issue,654.36,Approved,2024-11-11
5102,46719,Color mismatch,1939.6,Approved,2024-11-17
5103,46738,Wrong size,2419.78,Pending,2025-06-09
5104,46741,Color mismatch,1115.56,Pending,2025-07-04
5105,46743,Size too small,782.44,Approved,2025-07-15
5106,46765,Wrong size,1115.56,Approved,2025-10-13
5107,46777,Fabric quality poor,2489.4,Pending,2025-02-07
5108,46779,Color mismatch,2489.4,Rejected,2025-03-09
5109,46787,Color mismatch,2954.08,Approved,2025-04-16
5110,46788,Size too small,1477.93,Approved,2025-04-15
5111,46789,Fabric quality poor,3021.33,Approved,2025-05-12
5112,46791,Allergic reaction,2679.66,Approved,2025-09-02
5113,46798,Changed mind,5956.14,Approved,2025-09-02
5114,46799,SIZE TOO LARGE,4540.98,Approved,2025-08-29
5115,46800,Color mismatch,2347.32,Pending,2025-09-02
5116,46802,Sole damage,5750.85,Pending,2025-09-11
5117,46807,Wrong size,844.84,Approved,2025-11-05
5118,46809,Color mismatch,2972.8,Approved,2025-11-13
5119,46819,Changed mind,3721.59,Approved,2026-01-13
5120,46832,Sole damage,2174.44,Approved,2026-03-28
5121,46838,Sole damage,1834.35,Approved,2025-07-24
5122,46840,Fabric quality poor,3970.76,Approved,2026-08-31
5123,46855,Color mismatch,1564.88,Approved,2026-09-08
5124,46874,Fabric quality poor,1939.6,Approved,2026-07-02
5125,46880,Color mismatch,8283.39,Rejected,2026-07-04
5126,46899,Shade mismatch,695.64,Pending,2026-08-24
5127,46912,Allergic reaction,1240.53,Approved,2026-09-15
5128,46920,Wrong size,844.84,Pending,2026-03-05
5129,46923,Shade mismatch,1087.25,Approved,2026-06-04
5130,46930,Size too large,2955.86,Approved,2026-06-07
5131,46935,Color mismatch,3021.33,Approved,2026-06-17
5132,46937,Product damaged,1240.53,Approved,2026-06-15
5133,46939,Color mismatch,893.75,Approved,2026-06-23
5134,46941,Size too large,922.42,Approved,2026-06-18
5135,46955,Product damaged,893.22,Approved,2026-08-21
5136,46968,Allergic reaction,695.64,Pending,2026-02-15
5137,46978,Allergic reaction,1328.9,Approved,2026-02-16
5138,46992,SIZE TOO LARGE,2761.13,Approved,2026-08-30
5139,46999,Color mismatch,2972.8,Approved,2025-06-13
5140,47040,Color mismatch,1477.04,Approved,2026-06-13
5141,47044,Product damaged,562.47,Approved,2026-06-19
5142,47046,Product damaged,2481.06,Approved,2026-06-25
5143,47047,Size too large,782.44,Approved,2026-06-16
5144,47049,Size too large,2270.49,Approved,2026-06-27
5145,47062,Product damaged,243.4,Approved,2026-06-26
5146,47066,Allergic reaction,434.65,Approved,2026-06-23
5147,47082,Not as described,401.56,Pending,2026-06-21
5148,47084,Sole damage,4839.56,Approved,2026-06-23
5149,47085,Color mismatch,2972.8,Approved,2026-06-26
5150,47089,Size issue,669.38,Approved,2026-02-07
5151,47099,Size too large,2270.49,Approved,2026-03-25
5152,47105,Uncomfortable fit,1287.64,Approved,2026-06-04
5153,47109,Uncomfortable fit,2534.52,Approved,2026-07-07
5154,47113,Allergic reaction,869.3,Approved,2026-09-02
5155,47122,Size too small,2270.49,Approved,2025-06-19
5156,47123,Changed mind,730.2,Approved,2025-06-18
5157,47169,Shade mismatch,1646.18,Approved,2026-09-12
5158,47182,Fabric quality poor,1477.04,Approved,2026-01-15
5159,47195,Allergic reaction,846.15,Pending,2026-09-07
5160,47198,Color mismatch,3833.9,Approved,2024-08-24
5161,47211,Fabric quality poor,922.42,Approved,2024-10-29
5162,47220,Uncomfortable fit,3346.68,Rejected,2025-03-28
5163,47259,Shade mismatch,893.22,Approved,2025-09-02
5164,47261,Product damaged,1293.67,Approved,2025-09-08
5165,47288,Changed mind,823.09,Approved,2025-05-26
5166,47308,Shade mismatch,1087.25,Rejected,2025-11-17
5167,47325,Product damaged,1087.25,Rejected,2026-03-31
5168,47331,Changed mind,264.09,Approved,2026-05-31
5169,47336,Changed mind,6042.66,Approved,2026-06-27
5170,47348,Wrong size,5487.12,Approved,2026-02-03
5171,47350,Size too large,3021.33,Approved,2024-06-14
5172,47357,Size issue,654.38,Rejected,01/03/2025
5173,47362,Product damaged,275.13,Pending,2025-01-05
5174,47365,Product damaged,1087.25,Approved,2025-01-09
5175,47375,Changed mind,5487.12,Approved,2025-07-02
5176,47384,Not as described,375.75,Approved,2026-04-29
5177,47445,Product damaged,200.78,Rejected,2026-03-21
5178,47474,wrong size,1834.35,Pending,2026-08-12
5179,47476,Uncomfortable fit,2174.44,Approved,2026-01-16
5180,47477,Sole damage,2231.12,Approved,2026-01-19
5181,47485,not as described,394.6,Approved,2026-01-17
5182,47486,Not as described,1308.72,Approved,2026-01-26
5183,47512,Color mismatch,1488.07,Approved,2026-07-02
5184,47530,Allergic reaction,846.15,Approved,2026-07-11
5185,47536,Fabric quality poor,1787.5,Approved,2026-07-20
5186,47541,Wrong size,5487.12,Approved,2026-07-18
5187,47544,Changed mind,386.2,Approved,2026-07-24
5188,47545,Changed mind,361.35,Pending,2026-07-20
5189,47550,Size too large,1985.38,Rejected,2026-08-06
5190,47553,Not as described,676.56,Approved,2026-07-29
5191,47558,Color mismatch,1115.56,Rejected,2026-08-06
5192,47561,Wrong size,1488.07,Approved,2026-07-30
5193,47563,Size too small,4978.8,Approved,2026-08-07
5194,47573,Product damaged,205.29,Approved,2026-08-14
5195,47576,Color mismatch,1488.07,Rejected,2026-08-20
5196,47577,Color mismatch,2174.44,Approved,2026-08-23
5197,47592,Color mismatch,2088.22,Approved,2026-08-30
5198,47593,Allergic reaction,2481.06,Approved,2026-08-28
5199,47600,Color mismatch,1985.38,Approved,2026-09-07
5200,47617,Changed mind,654.38,Approved,2026-09-15
5201,47636,Not as described,988.73,Approved,2024-09-17
5202,47639,Fabric quality poor,922.42,Approved,2025-04-11
5203,47652,Changed mind,804.47,Approved,2025-08-17
5204,47671,Changed mind,1328.9,Rejected,2026-03-23
5205,47684,Wrong size,1834.35,Approved,2025-12-20
5206,47690,Changed mind,844.84,Approved,2026-02-26
5207,47693,Product damaged,386.2,Pending,2026-03-20
5208,47695,Product damaged,394.6,Approved,2026-03-27
5209,47710,Wrong size,1834.35,Pending,2026-08-30
5210,47716,Changed mind,3021.33,Approved,2026-08-31
5211,47737,Changed mind,2679.66,Approved,2025-09-04
5212,47741,Size too large,1477.04,Approved,2025-10-29
5213,47750,Product damaged,2174.5,Pending,2024-09-03
5214,47758,Color mismatch,1916.95,Approved,2025-04-05
5215,47785,Size too small,5522.26,Approved,2024-02-07
5216,47850,Shade mismatch,664.45,Approved,2026-03-23
5217,47856,Changed mind,1353.12,Pending,2024-04-15
5218,47857,Not as described,375.75,Approved,2024-04-18
5219,47867,Sole damage,7259.34,Pending,2025-02-25
5220,47872,Color mismatch,2174.44,Approved,2025-11-13
5221,47930,Not as described,525.91,Approved,2025-04-13
5222,47938,Size too small,1477.93,Approved,2024-12-22
5223,47943,Changed mind,2976.14,Rejected,2025-03-22
5224,47946,Size too large,4540.98,Approved,2025-05-07
5225,47956,Sole damage,2419.78,Approved,2025-09-11
5226,48013,Changed mind,669.38,Approved,2025-09-17
5227,48036,Color mismatch,1115.56,Approved,2026-01-04
5228,48041,Sole damage,2174.44,Approved,2024-09-20
5229,48043,Product damaged,301.02,Approved,2024-12-05
5230,48053,Size issue,988.73,Approved,2024-04-22
5231,48057,Product damaged,275.13,Approved,2024-08-27
5232,48064,Uncomfortable fit,2972.8,Approved,2025-08-27
5233,48071,CHANGED MIND,290.88,Approved,2025-11-11
5234,48072,Size too large,2761.13,Approved,2026-01-13
5235,48086,Allergic reaction,562.47,Approved,2026-08-05
5236,48091,Color mismatch,2489.4,Approved,2026-08-24
5237,48096,Color mismatch,1287.64,Approved,2026-09-11
5238,48115,Uncomfortable fit,1916.95,Approved,2025-11-20
5239,48132,Color mismatch,1488.07,Approved,2026-09-04
5240,48137,Uncomfortable fit,5487.12,Approved,2025-02-15
5241,48149,Size issue,1308.72,Approved,2026-08-16
5242,48166,Size issue,1338.76,Rejected,2026-08-17
5243,48169,Size too large,2270.49,Approved,12-08-2026
5244,48188,Shade mismatch,434.65,Approved,2024-10-22
5245,48190,Size too large,2270.49,Rejected,2024-12-18
5246,48206,Changed mind,669.38,Approved,2025-10-19
5247,48211,Product damaged,394.6,Approved,2025-11-03
5248,48230,Color mismatch,3668.7,Approved,2026-07-06
5249,48231,Wrong size,1488.07,Rejected,2026-07-12
5250,48249,Changed mind,1240.53,Approved,2024-05-05
5251,48259,Size too small,1477.04,Approved,2024-10-16
5252,48296,Uncomfortable fit,1115.56,Approved,2025-10-04
5253,48303,Not as described,361.35,Approved,2026-01-13
5254,48305,Size too large,922.42,Rejected,2026-01-10
5255,48314,Uncomfortable fit,1115.56,Rejected,2026-03-03
5256,48321,Wrong size,2972.8,Approved,2026-08-14
5257,48326,Changed mind,1240.53,Approved,2025-12-15
5258,48330,Product damaged,846.15,Approved,2025-12-22
5259,48332,Size too large,922.42,Pending,2026-01-01
5260,48334,Changed mind,233.58,Approved,2026-01-04
5261,48346,Color mismatch,922.42,Approved,2026-02-19
5262,48356,Changed mind,2174.44,Rejected,2026-06-14
5263,48362,Uncomfortable fit,1488.07,Approved,2026-06-17
5264,48365,Sole damage,2419.78,Approved,2026-07-06
5265,48378,Product damaged,275.13,Rejected,2024-06-04
5266,48396,Size issue,377.09,Approved,2025-06-18
5267,48426,Changed mind,782.44,Approved,2026-06-06
5268,48435,Wrong size,2972.8,Pending,2026-02-06
5269,48436,Color mismatch,2743.56,Approved,2026-02-05
5270,48443,Size too large,893.75,Approved,2025-03-23
5271,48445,Product damaged,789.2,Approved,2026-06-18
5272,48461,Allergic reaction,846.15,Rejected,2024-08-21
5273,48465,Shade mismatch,1240.53,Approved,2024-02-03
5274,48471,Color mismatch,1287.64,Approved,2024-03-12
5275,48472,Not as described,751.5,Rejected,2024-06-06
5276,48473,Changed mind,1985.38,Approved,2024-06-27
5277,48474,Size too large,5522.26,Approved,2024-06-24
5278,48487,Uncomfortable fit,1287.64,Approved,2025-02-26
5279,48494,Sole damage,1916.95,Approved,2025-08-10
5280,48495,Sole damage,2972.8,Pending,2025-08-02
5281,48508,Color mismatch,4978.8,Rejected,2025-08-26
5282,48519,Color mismatch,1844.84,Rejected,2024-10-04
5283,48521,Size too small,2270.49,Approved,2024-10-11
5284,48523,ALLERGIC REACTION,1124.94,Approved,2024-10-27
5285,48525,Color mismatch,2743.56,Approved,2024-11-04
5286,48529,Changed mind,722.7,Approved,2024-11-15
5287,48534,Sole damage,3668.7,Approved,2025-05-01
5288,48542,Shade mismatch,2679.66,Approved,2025-07-28
5289,48547,Size too large,5956.14,Approved,2025-10-11
5290,48573,Fabric quality poor,1985.38,Approved,2024-02-11
5291,48580,Uncomfortable fit,4348.88,Approved,2024-04-07
5292,48581,Changed mind,2743.56,Approved,2024-04-07
5293,48589,Shade mismatch,1240.53,Approved,2024-08-27
5294,48591,Allergic reaction,1087.25,Approved,2024-09-07
5295,48595,Changed mind,2270.49,Rejected,2024-10-21
5296,48603,Not as described,903.06,Approved,2025-03-15
5297,48605,Wrong size,844.84,Approved,2025-06-16
5298,48606,Uncomfortable fit,1287.64,Approved,2025-06-26
5299,48611,Changed mind,2972.8,Approved,2025-07-09
5300,48620,Size too large,922.42,Approved,2025-11-11
5301,48636,Changed mind,3833.9,Approved,2026-01-01
5302,48653,Product damaged,386.2,Approved,2026-09-02
5303,48667,Product damaged,145.44,Approved,2026-03-10
5304,48673,Changed mind,1287.64,Approved,2026-05-02
5305,48692,Allergic reaction,1293.67,Approved,2026-06-07
5306,48702,Not as described,243.4,Approved,2026-08-14
5307,48705,Allergic reaction,823.09,Approved,2026-09-09
5308,48706,Uncomfortable fit,3833.9,Approved,2026-09-13
5309,48714,Color mismatch,969.8,Approved,2025-10-20
5310,48731,Not as described,361.35,Approved,2026-05-14
5311,48732,Not as described,730.2,Approved,2026-06-29
5312,48737,Sole damage,2174.44,Approved,2026-07-09
5313,48742,Color mismatch,1985.38,Pending,2025-11-30
5314,48748,Not as described,1308.72,Approved,2025-12-24
5315,48756,Color mismatch,2761.13,Approved,2026-01-14
5316,48763,Size too large,782.44,Rejected,2026-01-25
5317,48771,Not as described,233.58,Approved,2026-05-03
5318,48774,Size too small,2761.13,Approved,2026-06-10
5319,48777,Color mismatch,782.44,Approved,2026-06-27
5320,48791,Changed mind,893.22,Approved,2026-09-01
5321,48797,Uncomfortable fit,6264.66,Rejected,2024-08-30
5322,48800,Changed mind,1287.64,Approved,2024-08-25
5323,48804,Color mismatch,2972.8,Approved,2024-09-19
5324,48826,Changed mind,695.64,Approved,2025-11-22
5325,48841,Not as described,654.36,Approved,2026-03-18
5326,48859,Wrong size,1287.64,Pending,2026-06-17
5327,48873,Color mismatch,5956.14,Approved,2024-04-13
5328,48875,Fabric quality poor,2270.49,Rejected,2024-04-26
5329,48881,Changed mind,361.35,Approved,2024-10-06
5330,48892,Changed mind,664.45,Approved,2025-01-31
5331,48896,Product damaged,1303.95,Approved,2025-03-30
5332,48906,Changed mind,2419.78,Approved,2025-06-23
5333,48912,Changed mind,654.38,Approved,2025-07-08
5334,48913,Uncomfortable fit,2972.8,Rejected,2025-07-03
5335,48924,Uncomfortable fit,2088.22,Approved,2025-08-20
5336,48939,Not as described,602.34,Approved,2026-01-04
5337,48942,Color mismatch,1985.38,Rejected,2026-02-08
5338,48947,Size too small,2270.49,Pending,2026-04-26
5339,48952,Size too large,2270.49,Pending,2026-08-19
5340,48953,Size too small,4431.12,Rejected,2026/08/22
5341,48955,Size too large,1985.38,Rejected,2026-08-24
5342,48968,Changed mind,2088.22,Approved,2025-08-16
5343,48970,Changed mind,844.84,Pending,2025/09/29
5344,48973,Changed mind,1240.53,Approved,2026-04-05
5345,49046,Changed mind,1985.38,Approved,2023-07-12
5346,49047,Size too large,2489.4,Approved,2023-10-19
5347,49054,Shade mismatch,562.47,Approved,2025-05-08
5348,49058,Product damaged,486.8,Approved,2025-08-25
5349,49063,Size too small,2489.4,Approved,2026-01-28
5350,49064,Size too small,1985.38,Approved,2026-01-26
5351,49067,Product damaged,2174.5,Pending,2026-06-05
5352,49071,Changed mind,2761.13,Approved,2024-08-18
5353,49090,Wrong size,2972.8,Approved,2025-11-11
5354,49091,Changed mind,969.8,Approved,2025-11-06
5355,49096,Not as described,486.8,Approved,2026-01-02
5356,49100,Allergic reaction,893.22,Approved,2026-01-28
5357,49108,Size too small,5522.26,Approved,2026-04-05
5358,49124,Changed mind,716.49,Approved,2026-09-09
5359,49148,Changed mind,5945.6,Approved,2026-08-22
5360,49152,Allergic reaction,550.26,Approved,2026-09-09
5361,49153,Changed mind,434.65,Approved,2026-09-03
5362,49173,fabric quality poor,5522.26,Rejected,2024-09-04
5363,49190,Fabric quality poor,2761.13,Rejected,2026-04-25
5364,49196,Color mismatch,1939.6,Approved,2026-06-11
5365,49206,CHANGED MIND,434.65,Approved,2026-07-23
5366,49215,Changed mind,233.58,Pending,2026-08-23
5367,49231,Changed mind,4176.44,Approved,2026-09-08
5368,49242,Color mismatch,844.84,Approved,2026-05-15
5369,49244,Changed mind,6811.47,Approved,2026-06-27
5370,49249,Size too large,1477.93,Approved,2023-09-11
5371,49264,Product damaged,401.56,Approved,2026-01-15
5372,49267,Size issue,1353.12,Approved,2024-12-14
5373,49271,Wrong size,1287.64,Approved,2024-12-20
5374,49287,Color mismatch,4176.44,Pending,11 Nov 2025
5375,49291,Size too large,1477.04,Approved,2025-11-14
5376,49323,Sole damage,1287.64,Rejected,2026-04-15
5377,49324,Uncomfortable fit,5487.12,Approved,2026-04-06
5378,49351,Changed mind,2489.4,Approved,2025-10-08
5379,49358,Uncomfortable fit,8230.68,Approved,2024-10-31
5380,49359,Changed mind,3862.92,Approved,2024-11-02
5381,49367,Changed mind,1477.93,Approved,2026-08-16
5382,49371,Product damaged,893.22,Approved,2026-08-18
5383,49395,Uncomfortable fit,2972.8,Approved,2025-11-27
5384,49400,Not as described,389.69,Approved,2026-01-06
5385,49409,Sole damage,844.84,Approved,2026-01-22
5386,49411,Size too large,4978.8,Rejected,2026-02-06
5387,49413,Changed mind,988.73,Pending,2026-02-06
5388,49427,Size too large,5522.26,Approved,2026-05-21
5389,49432,Allergic reaction,664.45,Approved,2026-07-31
5390,49436,Color mismatch,1287.64,Approved,2026-07-29
5391,49443,Size too small,4540.98,Approved,2023-07-20
5392,49465,Changed mind,823.09,Approved,2026-02-07
5393,49468,Not as described,716.49,Approved,07 Jun 2026
5394,49474,Color mismatch,2761.13,Approved,2024-05-26
5395,49475,Size too small,6811.47,Approved,2024-06-07
5396,49484,Changed mind,2743.56,Approved,2025-09-16
5397,49495,Fabric quality poor,5522.26,Approved,2026-02-09
5398,49505,Changed mind,377.09,Approved,2025-11-03
5399,49521,Size too large,5956.14,Approved,2025-07-22
5400,49523,Size too large,2955.86,Approved,2025-07-15
5401,49524,Changed mind,2909.4,Rejected,2025-07-14
5402,49550,Uncomfortable fit,1287.64,Rejected,2026-01-21
5403,49554,WRONG SIZE,2088.22,Approved,2026-03-09
5404,49568,Changed mind,823.09,Approved,2024-08-06
5405,49571,Fabric quality poor,5956.14,Approved,2024-10-12
5406,49576,ALLERGIC REACTION,562.47,Rejected,2025-02-11
5407,49590,Size too large,922.42,Approved,2026-01-05
5408,49612,Size too large,1477.04,Approved,2025-06-29
5409,49623,Uncomfortable fit,1916.95,Approved,2025-07-17
5410,49624,Sole damage,6264.66,Rejected,2025-07-24
5411,49627,Product damaged,893.22,Approved,2025-08-19
5412,49630,Product damaged,846.15,Approved,2025-08-16
5413,49631,Size too large,1844.84,Rejected,2025-08-17
5414,49633,Size too large,3021.33,Approved,2025-08-19
5415,49642,Product damaged,730.2,Pending,2025-10-07
5416,49644,Color mismatch,782.44,Approved,2025-10-12
5417,49653,Allergic reaction,1293.67,Approved,2026-01-08
5418,49658,Not as described,401.56,Approved,2026-01-07
5419,49669,Not as described,264.09,Approved,2026-02-19
5420,49677,Size issue,754.18,Approved,2026-02-12
5421,49688,Size too small,2489.4,Approved,2026-04-29
5422,49700,Shade mismatch,1293.67,Approved,2026-06-09
5423,49705,Changed mind,2088.22,Approved,2026-06-19
5424,49708,Uncomfortable fit,1916.95,Pending,2026-06-18
5425,49722,Shade mismatch,823.09,Approved,2026-08-19
5426,49736,Changed mind,695.64,Approved,2026-08-28
5427,49738,Shade mismatch,823.09,Approved,2026-09-03
5428,49761,Changed mind,654.38,Pending,2024-04-15
5429,49772,Changed mind,525.91,Approved,10/17/2025
5430,49773,Sole damage,1287.64,Approved,2025-10-28
5431,49782,Wrong size,1834.35,Rejected,2026-07-12
5432,49783,Wrong size,2419.78,Pending,2026-07-15
5433,49816,Product damaged,301.02,Pending,2023-09-07
5434,49818,Product damaged,389.69,Approved,2024-08-27
5435,49843,Changed mind,486.8,Pending,2026-08-02
5436,49870,Allergic reaction,1087.25,Approved,2024-10-07
5437,49877,Wrong size,2419.78,Approved,2025-02-05
5438,49881,Allergic reaction,846.15,Approved,2025-09-09
5439,49886,Size too large,3970.76,Approved,2024-09-24
5440,49891,Shade mismatch,1293.67,Approved,2024-11-23
5441,49908,Changed mind,3346.68,Approved,2025-05-26
5442,49930,Size too small,922.42,Pending,2026-02-05
5443,49931,Size too small,3021.33,Approved,2026-01-28
5444,49945,Changed mind,2469.27,Approved,2026-06-23
5445,49956,Fabric quality poor,1477.93,Approved,2026-08-16
5446,49978,Allergic reaction,1240.53,Approved,2026-06-23
5447,49979,Size too small,2761.13,Approved,2026-06-28
5448,49980,Size too small,893.75,Approved,2026-07-02
5449,49995,Not as described,988.73,Approved,2026-01-08
5450,50008,Size issue,804.47,Approved,2026-08-23
5451,50010,Size issue,988.73,Approved,2024-07-16
5452,50013,Not as described,528.18,Approved,2025-08-30
5453,50017,Not as described,804.47,Approved,10/15/2025
5454,50018,product damaged,1240.53,Approved,2024-08-19
5455,50037,Size too large,3970.76,Approved,2025-08-15
5456,50040,Size too small,2954.08,Approved,02-09-2025
5457,50057,Sole damage,2743.56,Rejected,2025/11/13
5458,50064,Color mismatch,4978.8,Approved,2026-06-13
5459,50069,Fabric quality poor,2347.32,Approved,2026-09-13
5460,50074,Changed mind,1488.07,Pending,2026-01-03
5461,50094,Sole damage,6264.66,Approved,2025-01-06
5462,50100,Shade mismatch,550.26,Approved,2025-03-07
5463,50104,Wrong size,1488.07,Approved,2025-05-24
5464,50105,Color mismatch,2972.8,Approved,2025-06-03
5465,50106,Changed mind,2761.13,Approved,2025-07-09
5466,50108,Size too large,1477.93,Approved,2025-07-16
5467,50132,Fabric quality poor,1985.38,Approved,2025-10-08
5468,50137,Not as described,754.18,Approved,2025-11-15
5469,50143,Allergic reaction,846.15,Pending,2026-09-08
5470,50155,Sole damage,844.84,Pending,2026-08-18
5471,50156,Changed mind,1087.25,Approved,2026-08-22
5472,50171,Shade mismatch,823.09,Rejected,2026-09-07
5473,50190,Color mismatch,1477.04,Rejected,2024-11-06
5474,50194,Color mismatch,1477.93,Approved,2025-03-19
5475,50197,Changed mind,2419.78,Approved,2025-03-25
5476,50216,Changed mind,922.42,Approved,2026-03-27
5477,50220,Allergic reaction,893.22,Approved,2026-04-20
5478,50222,Allergic reaction,275.13,Approved,2026-05-30
5479,50229,Wrong size,5503.05,Pending,2024-12-26
5480,50232,Changed mind,2029.68,Pending,2025-01-02
5481,50238,Wrong size,2419.78,Rejected,2025-09-17
5482,50241,Uncomfortable fit,2174.44,Approved,2025-10-09
5483,50250,Product damaged,2481.06,Approved,2026-06-15
5484,50278,Fabric quality poor,1477.93,Rejected,2024-10-23
5485,50282,Color mismatch,2270.49,Approved,2024-11-28
5486,50292,Sole damage,2231.12,Approved,2025-08-20
5487,50294,Wrong size,1488.07,Rejected,2025-08-13
5488,50301,Allergic reaction,1328.9,Pending,2026-08-31
5489,50303,Color mismatch,1916.95,Rejected,2026-06-13
5490,50323,Allergic reaction,1993.35,Approved,2025-10-06
5491,50327,Color mismatch,1916.95,Approved,2026-01-06
5492,50337,Changed mind,1477.93,Approved,29-08-2025
5493,50342,Changed mind,3881.01,Approved,2026-07-01
5494,50356,Changed mind,2174.44,Rejected,2025-03-14
5495,50358,Fabric quality poor,1477.04,Approved,2025-05-08
5496,50363,Changed mind,1786.44,Approved,2025-12-12
5497,50364,Changed mind,823.09,Approved,2025-11-30
5498,50369,Size too small,2270.49,Approved,2026-08-25
5499,50386,Size too large,2954.08,Approved,2025-07-01
5500,50398,Changed mind,3021.33,Approved,2026-06-22
5501,50412,Size too small,3970.76,Approved,2025-11-06
5502,50429,Changed mind,2743.56,Approved,2026-08-14
5503,50444,Sole damage,2088.22,Pending,2025-10-16
5504,50445,Color mismatch,2174.44,Approved,2025-10-11
5505,50448,Not as described,145.44,Approved,2025-11-05
5506,50457,Fabric quality poor,2955.86,Pending,2025-11-11
5507,50473,Shade mismatch,275.13,Approved,2026-01-17
5508,50478,Size too small,2761.13,Rejected,2026-02-07
5509,50503,Size too small,1939.6,Approved,2026-08-22
5510,50504,Color mismatch,1985.38,Approved,2026-08-17
5511,50511,Color mismatch,2174.44,Approved,2026-08-26
5512,50526,Wrong size,1287.64,Pending,2025-11-07
5513,50529,Changed mind,1488.07,Approved,2026-04-24
5514,50542,Size too large,1477.93,Approved,2024-12-31
5515,50545,Sole damage,2174.44,Approved,2025-03-14
5516,50547,fabric quality poor,893.75,Pending,2025-04-18
5517,50563,Color mismatch,5522.26,Approved,2025-12-26
5518,50575,Size issue,1353.12,Approved,2026-08-29
5519,50584,Color mismatch,1477.93,Approved,2025-02-18
5520,50586,Fabric quality poor,2761.13,Rejected,2025-07-16
5521,50587,Fabric quality poor,2270.49,Pending,2025-07-05
5522,50591,Not as described,676.56,Approved,2025-08-29
5523,50594,Changed mind,562.47,Approved,2025-10-16
5524,50595,Allergic reaction,1692.3,Approved,2025-10-04
5525,50599,Changed mind,2972.8,Approved,2026-02-20
5526,50607,Product damaged,1293.67,Pending,2025-09-06
5527,50610,Changed mind,2174.44,Approved,2025-09-12
5528,50615,Fabric quality poor,6042.66,Approved,2026-02-27
5529,50641,Not as described,525.91,Approved,2025-08-08
5530,50658,Product damaged,562.47,Approved,2025-10-28
5531,50682,Fabric quality poor,4431.12,Approved,2026-04-02
5532,50695,Changed mind,3021.33,Rejected,2026-06-01
5533,50699,Changed mind,2088.22,Approved,2026-06-05
5534,50721,Changed mind,695.64,Rejected,2026-08-29
5535,50730,Changed mind,1577.73,Pending,2026-08-25
5536,50731,Wrong size,2419.78,Approved,2026-09-04
5537,50785,Changed mind,782.44,Approved,2026-02-18
5538,50797,Changed mind,2767.26,Approved,2026-06-03
5539,50803,Color mismatch,1834.35,Approved,2026-07-02
5540,50870,Changed mind,1985.38,Approved,2026-09-09
5541,50871,Color mismatch,6042.66,Approved,2026-08-30
5542,50876,Color mismatch,969.8,Approved,2026-09-15
5543,50896,Size too small,782.44,Rejected,2026-08-07
5544,50930,Size too large,4433.79,Approved,2026-09-10
5545,50932,Color mismatch,782.44,Approved,2024-08-22
5546,50945,Changed mind,782.44,Approved,2025-05-13
5547,50960,Shade mismatch,1240.53,Approved,2025-09-10
5548,50972,Size too large,2954.08,Approved,2026-01-12
5549,50979,Sole damage,2743.56,Approved,2025-08-28
5550,50987,Color mismatch,2270.49,Approved,2025-10-18
5551,50992,Color mismatch,1834.35,Pending,2025-12-21
5552,51020,Size issue,716.49,Approved,2025-03-26
5553,51028,Fabric quality poor,1477.93,Approved,2025-03-29
5554,51031,Changed mind,2743.56,Approved,2025-04-03
5555,51043,Color mismatch,1477.93,Rejected,2025-06-04
5556,51045,Changed mind,2976.14,Pending,2025-05-27
5557,51046,Allergic reaction,893.22,Approved,2025-06-06
5558,51048,Color mismatch,1477.93,Pending,2025-08-28
5559,51060,Fabric quality poor,2270.49,Approved,2025-09-16
5560,51106,Changed mind,434.65,Approved,2026-07-31
5561,51138,Not as described,602.04,Approved,2025-08-03
5562,51153,Fabric quality poor,1787.5,Approved,2025-11-13
5563,51173,Sole damage,3833.9,Approved,2026-02-06
5564,51188,Uncomfortable fit,1689.68,Approved,2026-08-30
5565,51198,Fabric quality poor,3021.33,Approved,2026-09-11
5566,51212,Changed mind,2174.44,Rejected,2026-04-09
5567,51242,Sole damage,5487.12,Approved,2026-04-04
5568,51261,Shade mismatch,664.45,Approved,2026-04-10
5569,51274,Changed mind,467.16,Approved,2026-07-03
5570,51284,Size too small,3021.33,Approved,2026-07-02
5571,51291,Uncomfortable fit,1488.07,Approved,2026-06-27
5572,51316,Size too small,2489.4,Approved,2026-06-28
5573,51331,Color mismatch,1115.56,Approved,2025-09-02
5574,51360,Wrong size,3862.92,Pending,2026-03-25
5575,51383,Uncomfortable fit,1287.64,Approved,2026-03-30
5576,51399,Color mismatch,4978.8,Approved,2026-08-11
5577,51400,Fabric quality poor,922.42,Rejected,2026-08-17
5578,51427,Color mismatch,844.84,Pending,2026-08-21
5579,51435,Sole damage,2972.8,Approved,2026-02-08
5580,51436,Color mismatch,2976.14,Approved,2026-02-04
5581,51438,Size issue,1432.98,Approved,2026-05-19
5582,51439,Shade mismatch,1240.53,Rejected,2026-06-06
5583,51440,Size too small,782.44,Approved,2026-08-17
5584,51444,Product damaged,200.78,Approved,2026-01-26
5585,51453,Not as described,525.91,Approved,2026-03-25
5586,51456,Size issue,1338.76,Approved,15-03-2026
5587,51463,Shade mismatch,869.3,Approved,2026-03-24
5588,51470,Uncomfortable fit,1488.07,Rejected,2026-06-25
5589,51472,Wrong size,1287.64,Approved,2026-06-24
5590,51492,Fabric quality poor,2761.13,Approved,2025-10-18
5591,51496,Allergic reaction,1391.28,Approved,2026-06-10
5592,51521,Size too small,2681.25,Approved,2026-08-30
5593,51527,Product damaged,893.22,Approved,2025-02-12
5594,51533,Size too small,1939.6,Approved,2025-12-26
5595,51535,Fabric quality poor,3021.33,Approved,2025-03-25
5596,51537,Color mismatch,2489.4,Approved,2025-03-27
5597,51538,fabric quality poor,1985.38,Rejected,2025-03-27
5598,51539,Sole damage,844.84,Pending,2025-08-18
5599,51540,Changed mind,2270.49,Approved,2025-08-28
5600,51580,Changed mind,2270.49,Approved,2026-06-10
5601,51584,Changed mind,1916.95,Approved,2026-06-16
5602,51601,Not as described,654.38,Approved,2026-09-06
5603,51609,Changed mind,2743.56,Rejected,2025-08-03
5604,51612,Sole damage,2743.56,Approved,2026-02-13
5605,51630,Size too large,2270.49,Approved,19-08-2025
5606,51657,Shade mismatch,695.64,Approved,2026-02-09
5607,51673,Uncomfortable fit,4839.56,Approved,2026-07-09
5608,51674,Wrong size,2972.8,Approved,2026-07-11
5609,51683,Changed mind,2761.13,Approved,2026-08-28
5610,51685,Size too small,2270.49,Approved,2026-09-07
5611,51688,Changed mind,893.22,Approved,2026-01-08
5612,51703,Not as described,525.91,Approved,2025-01-10
5613,51704,Product damaged,1391.28,Approved,2025-01-22
5614,51723,Sole damage,1287.64,Approved,2025-11-23
5615,51751,Size too small,1985.38,Approved,2026/01/30
5616,51754,Changed mind,1124.94,Approved,2026-02-05
5617,51759,Size too large,1787.5,Approved,2026-07-06
5618,51764,Changed mind,1308.72,Pending,2025-11-03
5619,51779,Color mismatch,782.44,Rejected,2025-12-29
5620,51790,Wrong size,5945.6,Approved,2026-03-25
5621,51793,Changed mind,301.02,Approved,2026-04-08
5622,51797,Uncomfortable fit,3346.68,Approved,2026-04-11
5623,51800,Product damaged,290.88,Approved,2026-04-11
5624,51809,Color mismatch,2743.56,Rejected,2026-06-20
5625,51811,Color mismatch,2972.8,Approved,2026-06-27
5626,51828,Uncomfortable fit,1115.56,Rejected,2026-05-30
5627,51831,Wrong size,1916.95,Rejected,2026-07-26
5628,51840,Shade mismatch,3881.01,Approved,2026-08-29
5629,51841,Size too small,1477.04,Rejected,2026-08-30
5630,51847,Shade mismatch,1240.53,Approved,2025-08-17
5631,51851,Sole damage,6264.66,Approved,2025-08-17
5632,51862,Sole damage,2575.28,Approved,2025-11-09
5633,51876,Wrong size,2575.28,Approved,2026-04-11
5634,51878,Wrong size,2972.8,Approved,2026-04-11
5635,51881,Not as described,1183.8,Approved,2026-06-18
5636,51889,Wrong size,5487.12,Approved,23-07-2026
5637,51942,Product damaged,2679.66,Approved,2025-02-22
5638,51960,Sole damage,5945.6,Approved,2025-11-26
5639,51961,Changed mind,401.56,Approved,2026-01-11
5640,51965,Color mismatch,1564.88,Approved,2026-03-02
5641,51969,Product damaged,389.69,Rejected,2026-03-10
5642,51973,Color mismatch,1985.38,Approved,2026-04-22
5643,51993,FABRIC QUALITY POOR,3970.76,Approved,2025-10-20
5644,52025,Changed mind,1608.94,Approved,2026-03-24
5645,52040,Fabric quality poor,1477.04,Approved,2026-06-26
5646,52065,Color mismatch,6042.66,Approved,2025-09-09
5647,52068,Size too small,2489.4,Approved,2025-10-13
5648,52072,Changed mind,1051.82,Approved,2026-01-06
5649,52093,Uncomfortable fit,2743.56,Approved,2026-09-09
5650,52098,Fabric quality poor,1787.5,Approved,2026-01-01
5651,52126,Allergic reaction,562.47,Approved,2026-08-21
5652,52140,product damaged,2679.66,Approved,2026-08-30
5653,52149,Size too small,2270.49,Approved,2025-08-26
5654,52150,Size too small,1477.04,Approved,2025/08/20
5655,52151,Color mismatch,5522.26,Approved,2025-09-30
5656,52176,Color mismatch,2489.4,Approved,2026-07-08
5657,52182,Fabric quality poor,2761.13,Approved,2025-03-19
5658,52189,Fabric quality poor,2761.13,Approved,2025-06-30
5659,52191,Changed mind,4540.98,Approved,2025-08-30
5660,52197,Shade mismatch,1087.25,Approved,2025-09-21
5661,52206,Shade mismatch,1646.18,Approved,2025-11-24
5662,52215,Changed mind,1287.64,Pending,2026-03-29
5663,52216,Size too large,2270.49,Approved,2026-04-15
5664,52218,Size issue,654.36,Approved,2026-05-20
5665,52221,allergic reaction,275.13,Approved,2026-07-20
5666,52233,Color mismatch,1477.04,Approved,2025-08-21
5667,52239,Color mismatch,4839.56,Approved,2025-08-30
5668,52243,Shade mismatch,1293.67,Approved,2025-10-20
5669,52246,Not as described,2008.14,Approved,2025-11-03
5670,52248,Changed mind,375.75,Approved,2025-11-15
5671,52274,Sole damage,844.84,Approved,2026-08-22
5672,52287,Not as described,375.75,Approved,2025-07-12
5673,52297,Changed mind,2270.49,Approved,2025-08-26
5674,52300,Changed mind,779.38,Rejected,2025-09-03
5675,52321,Fabric quality poor,4540.98,Approved,11 Mar 2026
5676,52338,Product damaged,1391.28,Approved,2025-05-01
5677,52361,Size issue,2149.47,Approved,2025-01-03
5678,52364,Size issue,988.73,Approved,2025-01-15
5679,52387,Color mismatch,2761.13,Pending,2025-01-07
5680,52396,Not as described,602.34,Approved,2023-10-13
5681,52401,Changed mind,2270.49,Approved,2023-12-08
5682,52440,Color mismatch,1477.93,Pending,2026-03-29
5683,52452,Not as described,669.38,Approved,04-05-2026
5684,52455,Size too large,922.42,Approved,2026-06-20
5685,52482,Size too small,922.42,Approved,19 Jun 2026
5686,52487,Changed mind,2972.8,Approved,2026-07-27
5687,52498,Sole damage,1115.56,Pending,2026-08-17
5688,52499,Allergic reaction,434.65,Approved,2026-08-22
5689,52507,Fabric quality poor,4978.8,Approved,2026-08-30
5690,52534,Size too small,782.44,Approved,2025-01-26
5691,52535,Size too small,922.42,Rejected,2025-01-31
5692,52543,Size too large,893.75,Approved,2025-02-07
5693,52556,Changed mind,722.7,Approved,2025-08-09
5694,52563,Changed mind,1293.67,Approved,2025-12-25
5695,52564,Uncomfortable fit,3833.9,Approved,2025-12-30
5696,52565,Changed mind,2174.44,Approved,2026-01-12
5697,52572,Size issue,751.5,Rejected,2026-03-19
5698,52577,Color mismatch,1287.64,Approved,2026-09-05
5699,52586,CHANGED MIND,8283.39,Rejected,2025-10-26
5700,52613,Product damaged,1293.67,Approved,2025-05-03
5701,52618,Uncomfortable fit,4176.44,Approved,2025-06-04
5702,52620,Changed mind,2575.28,Approved,2025-06-05
5703,52640,Color mismatch,1287.64,Approved,2024-09-08
5704,52646,Fabric quality poor,6811.47,Approved,2024-12-15
5705,52651,Changed mind,562.47,Approved,2025-03-21
5706,52660,Color mismatch,2088.22,Approved,2025-10-09
5707,52661,Sole damage,1287.64,Approved,2025-10-08
5708,52662,Changed mind,4839.56,Approved,2025-10-09
5709,52707,Changed mind,4540.98,Approved,2026-09-08
5710,52709,Fabric quality poor,3021.33,Approved,2026-09-10
5711,52711,Wrong size,1115.56,Approved,2026-09-10
5712,52717,Changed mind,2174.44,Approved,2026-09-14
5713,52722,Size issue,751.5,Approved,2026-09-08
5714,52756,Changed mind,264.09,Approved,2026-07-30
5715,52759,Shade mismatch,434.65,Approved,2026-07-28
5716,52764,Product damaged,664.45,Approved,2026-07-21
5717,52792,Fabric quality poor,893.75,Pending,2025-04-09
5718,52805,Shade mismatch,275.13,Approved,2026-05-27
5719,52815,Changed mind,1985.38,Approved,2026-08-14
5720,52817,Size too small,1477.04,Rejected,2026-08-15
5721,52829,Allergic reaction,1124.94,Approved,2025-06-28
5722,52839,Size too large,2761.13,Approved,2025-12-26
5723,52869,Changed mind,2088.22,Approved,2026-04-07
5724,52870,Changed mind,3021.33,Approved,2026-04-05
5725,52887,Fabric quality poor,3970.76,Approved,2026-05-09
5726,52889,Changed mind,654.36,Approved,2026-05-23
5727,52909,Shade mismatch,3261.75,Approved,2026-07-02
5728,52911,Changed mind,893.22,Approved,2026-07-08
5729,52913,Changed mind,2328.6,Approved,2026-07-11
5730,52928,Sole damage,4839.56,Approved,2026-08-15
5731,52949,Fabric quality poor,3970.76,Approved,2026-07-17
5732,52950,Size too large,1477.93,Approved,2026-07-24
5733,52961,Not as described,377.09,Approved,2026-08-06
5734,52975,Product damaged,846.15,Approved,2026-08-20
5735,52982,Changed mind,893.75,Approved,2026-09-01
5736,52990,Size too small,893.75,Approved,2026-05-18
5737,52994,Fabric quality poor,1985.38,Rejected,2025-08-20
5738,53003,Fabric quality poor,1477.04,Approved,2025-09-13
5739,53031,Color mismatch,2761.13,Rejected,2026-08-17
5740,53040,Uncomfortable fit,1115.56,Approved,2026-08-28
5741,53047,Sole damage,1115.56,Rejected,2026-09-06
5742,53052,Changed mind,782.44,Pending,2026-09-04
5743,53053,Size too large,2489.4,Approved,2026-09-09
5744,53061,Color mismatch,2575.28,Approved,2026-09-11
5745,53073,Fabric quality poor,3021.33,Approved,2025-01-11
5746,53075,Changed mind,1608.94,Approved,2025-01-18
5747,53078,Size issue,776.2,Pending,2025-02-05
5748,53082,Size too small,969.8,Approved,2025-04-18
5749,53083,Wrong size,1115.56,Approved,2025-11-06
5750,53095,Size too large,1477.04,Approved,2026-03-31
5751,53096,Changed mind,893.75,Rejected,2026-03-26
5752,53104,Shade mismatch,664.45,Pending,2026-06-30
5753,53129,Changed mind,2174.44,Pending,13-01-2026
5754,53138,Size issue,1963.14,Approved,2026-08-26
5755,53149,Shade mismatch,550.26,Pending,2026-06-07
5756,53158,Not as described,804.47,Pending,2026-01-12
5757,53170,Color mismatch,5522.26,Approved,2026-04-11
5758,53181,Allergic reaction,1087.25,Approved,06 Aug 2026
5759,53195,Changed mind,922.42,Approved,2026-07-10
5760,53211,Allergic reaction,695.64,Pending,2026-07-15
5761,53223,Fabric quality poor,1939.6,Approved,2026-07-13
5762,53232,Changed mind,1353.12,Approved,2026-07-08
5763,53248,Color mismatch,922.42,Pending,2026-07-13
5764,53249,Fabric quality poor,893.75,Approved,2026-07-14
5765,53251,Fabric quality poor,1564.88,Approved,2026-07-08
5766,53252,Size too small,2270.49,Approved,2026-07-07
5767,53272,Changed mind,410.58,Rejected,2024-03-21
5768,53287,Product damaged,1087.25,Approved,2026-04-18
5769,53291,Size issue,776.2,Approved,2026-07-06
5770,53319,Sole damage,2743.56,Pending,2026-08-11
5771,53331,Sole damage,4839.56,Pending,2026-08-26
5772,53334,Wrong size,2174.44,Approved,2026-09-05
5773,53335,Color mismatch,2088.22,Approved,2026-08-29
5774,53339,Changed mind,1308.72,Rejected,2026-09-04
5775,53352,Changed mind,1087.25,Approved,2026-09-06
5776,53354,Color mismatch,2954.08,Approved,2026-09-09
5777,53355,Changed mind,782.44,Pending,2026-09-05
5778,53359,Color mismatch,2270.49,Approved,2026-09-15
5779,53386,Fabric quality poor,1939.6,Approved,2026-09-04
5780,53391,Size too small,1477.93,Rejected,2026-09-14
5781,53400,Changed mind,243.4,Approved,2024-11-17
5782,53414,Color mismatch,2489.4,Approved,2025-08-22
5783,53416,Size too small,782.44,Pending,2025-08-19
5784,53430,Wrong size,4176.44,Approved,2026-08-08
5785,53431,Changed mind,2489.4,Approved,2026-08-20
5786,53435,Wrong size,2743.56,Approved,2026-05-13
5787,53442,WRONG SIZE,1115.56,Approved,2026-06-19
5788,53459,Allergic reaction,893.22,Approved,2026-08-26
5789,53465,Size too small,2270.49,Approved,2023-09-12
5790,53467,Uncomfortable fit,1488.07,Rejected,2025-04-02
5791,53468,Sole damage,2743.56,Approved,2025-03-29
5792,53471,Uncomfortable fit,1916.95,Approved,2026/05/05
5793,53476,Size issue,1308.72,Approved,2025-11-18
5794,53483,Size too small,1985.38,Approved,2025-11-07
5795,53484,Color mismatch,1477.04,Approved,2025-10-30
5796,53515,Uncomfortable fit,1488.07,Approved,2025-11-02
5797,53536,Uncomfortable fit,2972.8,Approved,2026-08-25
5798,53551,Changed mind,654.38,Approved,2025-08-29
5799,53565,Color mismatch,2954.08,Approved,2025-12-08
5800,53583,Size issue,654.36,Approved,2026-06-10
5801,53592,Size too small,922.42,Approved,2026-08-27
5802,53597,Allergic reaction,562.47,Pending,2026-08-26
5803,53606,Size too large,1477.04,Approved,2024-02-23
5804,53610,Size too small,4431.12,Pending,2024-03-23
5805,53614,Product damaged,275.13,Pending,2024-03-31
5806,53617,Changed mind,1124.94,Approved,2024-08-31
5807,53627,product damaged,893.22,Rejected,2025-06-01
5808,53628,Product damaged,1328.9,Approved,2025-08-28
5809,53641,Changed mind,2976.14,Approved,2026-08-25
5810,53646,Changed mind,3021.33,Approved,2026-08-19
5811,53692,Color mismatch,2954.08,Approved,2026-09-04
5812,53699,Color mismatch,782.44,Approved,2026-09-05
5813,53719,Size too small,5956.14,Approved,2026-09-14
5814,53728,Product damaged,394.6,Pending,2026-01-31
5815,53746,Not as described,776.2,Approved,2026-02-03
5816,53748,Size issue,676.56,Approved,2026-02-08
5817,53750,Size issue,988.73,Approved,2026-02-02
5818,53761,Changed mind,1985.38,Approved,2026-03-27
5819,53763,Size issue,654.38,Approved,2026-03-29
5820,53778,SOLE DAMAGE,2231.12,Approved,2026-03-28
5821,53800,FABRIC QUALITY POOR,1985.38,Approved,2026-05-25
5822,53802,Color mismatch,1477.93,Approved,2026-06-02
5823,53829,Shade mismatch,562.47,Pending,2025-01-29
5824,53835,Shade mismatch,434.65,Approved,2025-03-16
5825,53838,Product damaged,394.6,Approved,2025-06-03
5826,53854,Size too large,3021.33,Approved,2025-10-10
5827,53865,Sole damage,3668.7,Pending,2025-11-07
5828,53869,Sole damage,4348.88,Approved,2025-11-13
5829,53872,Changed mind,1293.67,Approved,2026-01-13
5830,53882,Not as described,1308.72,Approved,2026-03-03
5831,53902,Color mismatch,3668.7,Approved,2026-08-27
5832,53917,Wrong size,2088.22,Rejected,2025-09-18
5833,53919,Wrong size,2972.8,Approved,2025-12-08
5834,53935,Not as described,654.38,Approved,2025-01-13
5835,53941,Wrong size,2575.28,Approved,2025-03-10
5836,53943,Size too small,1985.38,Approved,2025-08-26
5837,53963,Allergic reaction,695.64,Approved,2024-06-01
5838,53967,Allergic reaction,1240.53,Rejected,2024-10-18
5839,53969,Size too small,2761.13,Approved,2024-10-20
5840,53970,Fabric quality poor,2489.4,Rejected,10/23/2024
5841,53973,Product damaged,301.02,Approved,2025-01-10
5842,54002,Uncomfortable fit,5487.12,Pending,2026-07-10
5843,54017,Allergic reaction,1328.9,Approved,2026-09-01
5844,54041,Color mismatch,2976.14,Approved,2023-08-18
5845,54047,Changed mind,394.6,Approved,2023-11-11
5846,54051,Changed mind,2270.49,Pending,2023-12-12
5847,54089,changed mind,243.4,Approved,2025-09-09
5848,54110,Color mismatch,2972.8,Approved,2026-02-10
5849,54116,Size issue,1338.76,Approved,2026-04-10
5850,54125,Changed mind,3721.59,Approved,2026-06-22
5851,54126,Size too large,1787.5,Approved,2026-08-14
5852,54131,Size too small,1939.6,Approved,2026-09-12
5853,54137,NOT AS DESCRIBED,654.38,Approved,2025-02-17
5854,54152,Changed mind,301.02,Rejected,2025-09-03
5855,54157,Uncomfortable fit,2419.78,Approved,2025-09-20
5856,54162,Changed mind,2743.56,Approved,2025-10-26
5857,54171,Size too large,3021.33,Pending,2026-01-18
5858,54175,Not as described,903.06,Approved,2026-01-26
5859,54181,Changed mind,893.75,Rejected,2026-02-14
5860,54183,Size too small,3021.33,Approved,2026-03-17
5861,54188,Color mismatch,1115.56,Approved,2026-03-12
5862,54193,Changed mind,1287.64,Approved,2026-04-08
5863,54196,Fabric quality poor,3021.33,Approved,2026-05-29
5864,54202,Size too small,1477.04,Pending,2026-09-05
5865,54203,Size too large,2270.49,Rejected,2026-09-05
5866,54205,Product damaged,2679.66,Approved,2024-01-02
5867,54206,Fabric quality poor,3021.33,Approved,2024-10-15
5868,54217,Color mismatch,2174.44,Approved,12/31/2025
5869,54234,Size issue,776.2,Approved,2024-11-06
5870,54240,sole damage,3668.7,Approved,2025-01-11
5871,54248,Wrong size,1115.56,Approved,2025-07-29
5872,54262,Not as described,1131.27,Approved,12/31/2023
5873,54265,Not as described,1552.4,Approved,2024-01-14
5874,54274,Color mismatch,5945.6,Approved,2026-09-01
5875,54279,Sole damage,844.84,Approved,2026-09-03
5876,54281,Size issue,716.49,Approved,2024-09-06
5877,54286,Color mismatch,3021.33,Approved,2024-12-22
5878,54293,Changed mind,1287.64,Approved,2025-01-12
5879,54299,Changed mind,2743.56,Approved,2025-09-04
5880,54302,Changed mind,1844.84,Approved,2025-12-31
5881,54305,Size too large,969.8,Approved,2026-03-22
5882,54314,Product damaged,434.65,Pending,2025-11-08
5883,54319,Size too large,782.44,Approved,2025-10-30
5884,54329,Allergic reaction,664.45,Approved,2025-11-05
5885,54335,Changed mind,922.42,Rejected,2025-11-08
5886,54337,Changed mind,1787.5,Approved,2026-07-25
5887,54339,Fabric quality poor,3970.76,Approved,2026-08-07
5888,54347,Sole damage,1287.64,Approved,2026-08-30
5889,54380,Fabric quality poor,782.44,Approved,2025-06-14
5890,54390,Changed mind,1477.04,Approved,2026-08-11
5891,54392,Color mismatch,2270.49,Pending,2026-09-03
5892,54405,Allergic reaction,2469.27,Approved,2024-12-08
5893,54419,Not as described,205.29,Approved,2026-01-06
5894,54437,Size too small,4431.12,Approved,2026-01-08
5895,54445,Not as described,361.35,Approved,2026-02-04
5896,54462,Allergic reaction,562.47,Approved,2026-04-15
5897,54483,Changed mind,4464.21,Approved,2026-08-30
5898,54485,Size too large,922.42,Approved,2026-08-29
5899,54520,Changed mind,243.4,Pending,2025-03-05
5900,54530,Shade mismatch,1293.67,Approved,2025-06-27
5901,54532,Shade mismatch,1993.35,Approved,2025-07-03
5902,54534,Wrong size,2743.56,Rejected,2025-07-01
5903,54564,Wrong size,1834.35,Approved,2026-01-29
5904,54568,Product damaged,2174.5,Pending,2026-01-27
5905,54583,Wrong size,1115.56,Approved,2026-04-26
5906,54592,Uncomfortable fit,1287.64,Pending,2026-07-05
5907,54593,Color mismatch,1834.35,Approved,2026-07-11
5908,54602,Changed mind,1087.25,Approved,2026/06/08
5909,54607,Color mismatch,1916.95,Pending,2026-07-09
5910,54609,Wrong size,1287.64,Approved,2026-07-11
5911,54610,Color mismatch,1834.35,Approved,2026-07-10
5912,54615,Size too small,782.44,Pending,2026-07-27
5913,54647,Fabric quality poor,1477.93,Approved,2026-07-29
5914,54655,Color mismatch,2231.12,Approved,2024-08-08
5915,54657,Changed mind,2954.08,Approved,2024/09/06
5916,54668,Color mismatch,2270.49,Approved,2026-01-25
5917,54674,Not as described,410.58,Approved,2026-03-22
5918,54689,Not as described,145.44,Approved,2025-01-02
5919,54692,Uncomfortable fit,2575.28,Approved,2025-01-19
5920,54694,Fabric quality poor,2489.4,Approved,2025-02-27
5921,54714,Not as described,386.2,Approved,10-03-2026
5922,54728,Color mismatch,782.44,Rejected,2025-06-16
5923,54729,Color mismatch,7468.2,Rejected,2025-06-07
5924,54742,Wrong size,1115.56,Approved,2025-11-18
5925,54743,Changed mind,5503.05,Approved,2025-11-27
5926,54754,Color mismatch,1916.95,Approved,2024-07-03
5927,54758,Changed mind,664.45,Approved,2024-08-17
5928,54761,Color mismatch,2972.8,Approved,2024-11-10
5929,54764,Shade mismatch,823.09,Approved,2024-12-06
5930,54786,Fabric quality poor,2347.32,Approved,2025-02-19
5931,54787,Color mismatch,2270.49,Approved,2025-02-21
5932,54794,Changed mind,2575.28,Approved,2024-08-20
5933,54796,Changed mind,804.47,Rejected,2026-05-11
5934,54805,Sole damage,7259.34,Approved,2025-05-28
5935,54809,Fabric quality poor,922.42,Approved,2024-11-07
5936,54828,Fabric quality poor,3970.76,Rejected,2025-06-23
5937,54829,Changed mind,9063.99,Approved,2025-06-24
5938,54842,Sole damage,3346.68,Rejected,2024-08-02
5939,54859,Product damaged,1293.67,Approved,2024-08-01
5940,54872,Sole damage,6523.32,Approved,2024-12-23
5941,54896,Changed mind,2743.56,Rejected,2025-08-02
5942,54932,Sole damage,2088.22,Rejected,2025-10-31
5943,54944,Sole damage,5487.12,Approved,2026-01-09
5944,54946,Size too small,2270.49,Approved,2026-02-02
5945,54962,Color mismatch,8918.4,Approved,2026-09-06
5946,54967,Changed mind,4348.88,Approved,2026-08-13
5947,54972,Changed mind,1087.25,Rejected,2026-08-25
5948,54978,Uncomfortable fit,2088.22,Approved,2026-09-02
5949,54999,Color mismatch,1115.56,Approved,2026-09-01
5950,55000,Color mismatch,1287.64,Approved,2026-09-04
5951,55002,Changed mind,716.49,Approved,2026-09-15
5952,55025,Changed mind,1127.25,Approved,2025-07-31
5953,55026,Not as described,669.38,Pending,2025-08-24
5954,55039,Changed mind,654.36,Approved,2025-12-21
5955,55043,Changed mind,1689.68,Approved,2025-12-24
5956,55075,Size issue,1308.76,Approved,2025-11-01
5957,55078,Shade mismatch,846.15,Approved,2025-11-17
5958,55079,Fabric quality poor,2761.13,Pending,2025-11-15
5959,55119,Color mismatch,2088.22,Approved,2026-03-29
5960,55133,Color mismatch,2088.22,Approved,2026-02-14
5961,55138,Product damaged,562.47,Rejected,2026-02-15
5962,55173,Color mismatch,7468.2,Approved,2026-07-15
5963,55175,Changed mind,1985.38,Approved,2026-07-23
5964,55180,Size issue,1338.76,Approved,2026-08-25
5965,55193,Size too small,893.75,Approved,2023-11-16
5966,55198,Changed mind,1477.04,Approved,2026-09-03
5967,55199,Color mismatch,1477.93,Approved,2026-08-29
5968,55206,Product damaged,1391.28,Approved,28 Aug 2026
5969,55224,Changed mind,264.09,Approved,2026-09-12
5970,55238,Size too small,1477.93,Approved,2024-03-25
5971,55246,Changed mind,1786.44,Approved,2026-07-21
5972,55258,Fabric quality poor,9063.99,Pending,2026-08-31
5973,55259,Sole damage,1488.07,Approved,2026-09-10
5974,55264,Sole damage,1916.95,Rejected,2026-03-22
5975,55275,SOLE DAMAGE,6264.66,Approved,2025-09-10
5976,55277,Color mismatch,844.84,Approved,2025-08-30
5977,55290,Color mismatch,2972.8,Approved,2026-03-11
5978,55296,Not as described,804.47,Approved,2026-06-14
5979,55310,UNCOMFORTABLE FIT,2088.22,Approved,2024-09-15
5980,55312,Changed mind,2767.26,Approved,2024-11-14
5981,55334,Size too small,782.44,Approved,2026-01-01
5982,55352,Fabric quality poor,5956.14,Approved,2026-08-18
5983,55358,Sole damage,4176.44,Rejected,2026-08-10
5984,55361,Uncomfortable fit,5487.12,Pending,2025-11-26
5985,55362,Uncomfortable fit,1287.64,Approved,2025-12-05
5986,55374,Size too large,2270.49,Pending,2026-05-27
5987,55382,Size too large,922.42,Rejected,2026/08/26
5988,55397,Changed mind,5487.12,Approved,2024-09-30
5989,55412,Shade mismatch,434.65,Approved,2025-01-13
5990,55419,Wrong size,2743.56,Approved,2025-03-25
5991,55424,Changed mind,2954.08,Approved,2026-03-27
5992,55450,Changed mind,4839.56,Approved,2025-10-31
5993,55454,Uncomfortable fit,844.84,Rejected,2026-06-26
5994,55457,Changed mind,1293.67,Approved,2026-06-21
5995,55465,Changed mind,669.38,Approved,2024-02-21
5996,55466,Changed mind,2534.52,Pending,2024-03-14
5997,55510,Changed mind,654.36,Approved,2025-01-09
5998,55533,Color mismatch,922.42,Pending,2025-06-21
5999,55557,Size too large,6042.66,Rejected,2026-07-27
6000,55566,Wrong size,1689.68,Approved,2026-09-04
6001,55581,Fabric quality poor,893.75,Pending,2025-08-09
6002,55582,Fabric quality poor,922.42,Rejected,2025-08-09
6003,55597,Changed mind,2955.86,Approved,2025-09-01
6004,55624,Product damaged,275.13,Approved,2025-09-04
6005,55626,Size too small,893.75,Approved,2025-09-05
6006,55643,Color mismatch,5750.85,Approved,2023-10-07
6007,55648,Sole damage,2174.44,Approved,2024-03-23
6008,55656,changed mind,716.49,Approved,2025-02-16
6009,55664,Changed mind,804.47,Approved,06/20/2026
6010,55667,Fabric quality poor,9063.99,Approved,2026-08-18
6011,55669,Fabric quality poor,1844.84,Approved,2026-08-17
6012,55687,Changed mind,893.75,Approved,2026-01-10
6013,55688,Color mismatch,1477.93,Approved,2026-04-21
6014,55699,Changed mind,1985.38,Approved,2025-07-04
6015,55701,Color mismatch,2743.56,Approved,2025-07-01
6016,55708,Product damaged,275.13,Rejected,2025-09-09
6017,55709,Product damaged,1240.53,Approved,2025-08-29
6018,55710,Uncomfortable fit,1488.07,Approved,2025-11-14
6019,55711,Fabric quality poor,2761.13,Approved,2025-12-05
6020,55717,Uncomfortable fit,1916.95,Approved,2026-01-12
6021,55726,Changed mind,377.09,Pending,2026-02-12
6022,55741,Size too large,5522.26,Rejected,2026-07-06
6023,55745,Size too large,2761.13,Approved,2025-10-05
6024,55763,Wrong size,2972.8,Approved,2026-04-23
6025,55770,Changed mind,1477.93,Approved,2026-04-24
6026,55793,Size issue,804.47,Rejected,2026-09-07
6027,55803,Size too small,1985.38,Approved,2025-10-10
6028,55814,Wrong size,2088.22,Approved,2026-01-29
6029,55815,Changed mind,2972.8,Approved,2026-02-04
6030,55831,Size too large,782.44,Approved,2026-04-15
6031,55838,COLOR MISMATCH,782.44,Pending,2026-05-22
6032,55839,Size too small,969.8,Pending,2026-05-17
6033,55848,Color mismatch,2681.25,Approved,2026-07-10
6034,55869,Color mismatch,922.42,Approved,2026-06-15
6035,55876,Product damaged,3721.59,Rejected,2026-06-22
6036,55882,Shade mismatch,1240.53,Pending,2026-07-02
6037,55888,Changed mind,893.75,Approved,2026-07-21
6038,55893,Fabric quality poor,1564.88,Approved,2026-08-02
6039,55894,Changed mind,893.75,Approved,2026-07-27
6040,55905,Shade mismatch,823.09,Pending,2026-08-23
6041,55917,Size too large,922.42,Approved,2026-09-15
6042,55918,Size too large,3021.33,Approved,2026-09-14
6043,55919,Size too large,2270.49,Approved,2026-09-14
6044,55924,Changed mind,669.38,Pending,2025-10-30
6045,55964,Size too large,922.42,Approved,2026-06-21
6046,55971,Color mismatch,1477.93,Rejected,2026-07-14
6047,55973,Size too small,4540.98,Approved,2026-07-09
6048,55974,Fabric quality poor,893.75,Approved,2026-07-15
6049,55975,Changed mind,2954.08,Approved,2026-07-16
6050,55976,Product damaged,2481.06,Approved,2026-07-20
6051,55977,Allergic reaction,869.3,Approved,2026-07-15
6052,56017,Fabric quality poor,1939.6,Pending,2026-04-12
6053,56028,Wrong size,1834.35,Approved,2026-06-15
6054,56029,Changed mind,2419.78,Approved,2026-07-02
6055,56038,Product damaged,695.64,Pending,2026-08-25
6056,56073,Sole damage,1287.64,Approved,2025-10-25
6057,56075,Sole damage,2743.56,Approved,2024-05-11
6058,56088,Wrong size,8918.4,Approved,2026-02-19
6059,56089,Uncomfortable fit,1115.56,Approved,2026-02-24
6060,56092,Size too large,1477.04,Approved,16 Mar 2026
6061,56102,Not as described,1084.05,Approved,2026-03-27
6062,56105,Size too large,2955.86,Approved,2026-03-30
6063,56106,Color mismatch,7468.2,Approved,2026-03-23
6064,56109,Wrong size,2972.8,Approved,2026-04-06
6065,56110,Wrong size,1834.35,Pending,2026-04-01
6066,56120,Wrong size,3668.7,Approved,2026-06-10
6067,56126,Wrong size,2419.78,Approved,2026-06-13
6068,56167,Uncomfortable fit,1834.35,Approved,2025-02-04
6069,56216,changed mind,377.09,Approved,2026-04-13
6070,56221,Uncomfortable fit,5487.12,Approved,2023-02-07
6071,56232,Shade mismatch,1993.35,Pending,2024-01-07
6072,56239,Shade mismatch,562.47,Approved,2024-09-10
6073,56247,Changed mind,664.45,Approved,2024-12-19
6074,56255,Size too small,1985.38,Approved,2025-04-12
6075,56259,Color mismatch,2972.8,Approved,2025-05-10
6076,56281,Changed mind,2761.13,Approved,2026-01-31
6077,56288,Not as described,654.38,Approved,2026-05-30
6078,56290,Changed mind,2419.78,Approved,07-07-2026
6079,56306,Size issue,654.38,Approved,2026-07-14
6080,56376,Uncomfortable fit,2575.28,Approved,2026-08-28
6081,56385,Color mismatch,1916.95,Approved,2026-09-13
6082,56386,Product damaged,550.26,Approved,2026-03-19
6083,56388,Changed mind,844.84,Approved,2026-05-08
6084,56396,Fabric quality poor,4978.8,Approved,2026-07-31
6085,56401,Changed mind,2174.44,Approved,2026-09-02
6086,56408,Color mismatch,893.75,Approved,2025-05-08
6087,56415,Sole damage,5487.12,Approved,2026-09-13
6088,56441,Changed mind,1477.93,Approved,2026-04-03
6089,56442,Changed mind,1844.84,Approved,2026-04-14
6090,56444,Changed mind,893.75,Approved,2026-04-08
6091,56449,Size too large,2270.49,Approved,2026-05-20
6092,56451,Changed mind,4464.21,Approved,2026-05-28
6093,56464,Color mismatch,1477.04,Approved,2026-07-29
6094,56465,Fabric quality poor,782.44,Approved,2026-07-28
6095,56482,Sole damage,2743.56,Approved,2026-08-28
6096,56487,Changed mind,377.09,Approved,2026-09-06
6097,56496,Fabric quality poor,1477.93,Approved,2024-12-13
6098,56498,Size issue,676.56,Approved,2025-05-24
6099,56511,color mismatch,1564.88,Rejected,2025-01-04
6100,56527,Changed mind,1985.38,Approved,2025-12-01
6101,56538,Size too large,1477.04,Approved,2026-07-13
6102,56542,Sole damage,1916.95,Approved,2025-06-16
6103,56555,Color mismatch,2489.4,Approved,2025-11-13
6104,56558,Size too large,4540.98,Approved,2026-01-23
6105,56572,Color mismatch,844.84,Approved,2025-01-27
6106,56584,Sole damage,3833.9,Approved,2025-07-08
6107,56615,Fabric quality poor,5522.26,Approved,2026-08-24
6108,56631,Size too small,922.42,Approved,2026-04-12
6109,56642,Color mismatch,2088.22,Rejected,2026-07-07
6110,56661,Changed mind,804.47,Approved,2023-08-24
6111,56670,Size issue,375.75,Approved,2024-01-20
6112,56693,fabric quality poor,1985.38,Approved,2025-02-03
6113,56706,Not as described,751.5,Approved,2026-01-03
6114,56709,Product damaged,825.39,Pending,2026-01-05
6115,56710,Allergic reaction,695.64,Approved,2026-01-01
6116,56746,Size too large,893.75,Approved,2026-02-07
6117,56747,Changed mind,1477.04,Approved,2026-02-10
6118,56775,Allergic reaction,893.22,Approved,2026-05-25
6119,56779,Color mismatch,1488.07,Approved,2026-06-18
6120,56780,Size too small,969.8,Approved,2026-06-16
6121,56787,Changed mind,2976.14,Approved,2026-07-15
6122,56804,Changed mind,823.09,Approved,2026-08-13
6123,56808,Changed mind,2174.44,Approved,2026-08-21
6124,56811,Color mismatch,1787.5,Approved,2026-08-17
6125,56824,Not as described,1051.82,Pending,2026-01-04
6126,56835,Size issue,1608.94,Approved,2026/06/22
6127,56840,Changed mind,2575.28,Pending,2026-07-11
6128,56845,Size issue,654.36,Approved,2026-08-30
6129,56849,Changed mind,804.47,Rejected,2026-01-15
6130,56857,Shade mismatch,3721.59,Approved,2026-02-23
6131,56867,Allergic reaction,550.26,Approved,03/21/2026
6132,56874,Color mismatch,1287.64,Approved,2026-08-18
6133,56881,Changed mind,776.2,Approved,2024-12-31
6134,56886,Product damaged,275.13,Approved,2025-05-30
6135,56903,Sole damage,2976.14,Approved,2026-07-04
6136,56938,Uncomfortable fit,844.84,Approved,2024-07-08
6137,56945,Sole damage,1488.07,Pending,2025-06-17
6138,56947,Size too large,1985.38,Approved,2025-06-25
6139,56948,Color mismatch,1477.93,Approved,2025-06-17
6140,56963,Product damaged,664.45,Approved,2024-09-02
6141,56979,Wrong size,5750.85,Approved,2026-07-29
6142,56983,Allergic reaction,823.09,Approved,2026-02-28
6143,56984,Product damaged,275.13,Approved,2026-03-09
6144,57008,Product damaged,1328.9,Approved,2025-01-09
6145,57024,Changed mind,1051.82,Approved,2025-08-11
6146,57032,Size too small,1985.38,Approved,2025-12-16
6147,57034,Shade mismatch,2481.06,Approved,2025-12-24
6148,57059,Color mismatch,893.75,Approved,2025-03-27
6149,57077,Size issue,804.47,Approved,2026-06-28
6150,57082,Sole damage,1115.56,Rejected,2026-09-02
6151,57083,Color mismatch,1916.95,Approved,2026-08-23
6152,57087,Color mismatch,2270.49,Approved,12-01-2025
6153,57090,Changed mind,664.45,Approved,2025-02-20
6154,57091,Changed mind,969.8,Approved,2025-03-16
6155,57103,Not as described,410.58,Approved,2026-07-18
6156,57125,Color mismatch,969.8,Approved,2026-01-04
6157,57147,Not as described,205.29,Approved,2026-07-05
6158,57151,Changed mind,1115.56,Approved,2026-07-07
6159,57164,Size too small,2489.4,Approved,2026-08-08
6160,57167,SIZE TOO LARGE,1787.5,Approved,2026-08-11
6161,57172,SHADE MISMATCH,2469.27,Approved,2026-08-15
6162,57174,Product damaged,389.69,Rejected,2026-08-21
6163,57182,Size issue,716.49,Approved,2026-08-25
6164,57191,Size issue,654.38,Approved,2026-08-26
6165,57214,Fabric quality poor,2347.32,Approved,2026-09-15
6166,57253,Not as described,776.2,Approved,2025-06-04
6167,57271,Changed mind,1488.07,Approved,2026-02-20
6168,57272,Color mismatch,2174.44,Approved,2026-03-28
6169,57276,Changed mind,922.42,Approved,2026-07-24
6170,57277,Fabric quality poor,1787.5,Approved,2026-08-22
6171,57289,Changed mind,2489.4,Approved,2025-08-22
6172,57292,Uncomfortable fit,844.84,Approved,2026-07-01
6173,57297,Size issue,776.2,Approved,2026-06-11
6174,57301,Size too small,922.42,Approved,2025-08-19
6175,57310,Wrong size,2088.22,Approved,2026-02-20
6176,57326,Wrong size,2972.8,Approved,2023-10-17
6177,57327,Wrong size,1916.95,Rejected,2023-10-23
6178,57333,Fabric quality poor,922.42,Pending,2024-01-02
6179,57335,Fabric quality poor,2270.49,Approved,2023-12-27
6180,57339,Product damaged,1303.95,Approved,2024-03-26
6181,57350,Product damaged,1786.44,Approved,2024-10-07
6182,57372,Changed mind,676.56,Approved,2024-11-30
6183,57376,Changed mind,2149.47,Approved,2025-11-11
6184,57381,Wrong size,2743.56,Rejected,2025-11-14
6185,57391,Uncomfortable fit,2174.44,Approved,2026-02-23
6186,57414,Changed mind,695.64,Approved,2026-08-13
6187,57423,Fabric quality poor,6042.66,Approved,2026-08-17
6188,57424,Size too small,893.75,Approved,2026-08-27
6189,57426,Changed mind,1488.07,Approved,2026-08-23
6190,57429,Wrong size,5945.6,Approved,2026-08-22
6191,57445,Fabric quality poor,2761.13,Approved,2026-09-10
6192,57447,Wrong size,4839.56,Approved,2026-09-06
6193,57470,Size too large,1477.04,Approved,2026-04-03
6194,57471,Size too large,969.8,Approved,2026-04-01
6195,57479,Not as described,375.75,Rejected,2026-06-29
6196,57485,Fabric quality poor,4540.98,Approved,2026-08-22
6197,57509,Color mismatch,5503.05,Approved,2026-04-15
6198,57515,Changed mind,776.2,Approved,2026-04-12
6199,57516,Changed mind,1963.08,Approved,2026-04-12
6200,57519,Size issue,375.75,Approved,2026-04-23
6201,57521,Changed mind,3833.9,Approved,2026-04-12
6202,57531,Not as described,200.78,Approved,2026-04-19
6203,57539,Size too small,922.42,Rejected,2026-04-16
6204,57546,Fabric quality poor,1985.38,Pending,2026-04-16
6205,57549,Changed mind,2419.78,Approved,2026-04-23
6206,57589,Wrong size,4176.44,Rejected,2025-01-21
6207,57594,Changed mind,1087.25,Approved,2025-07-07
6208,57622,Product damaged,243.4,Approved,2025-08-06
6209,57636,SOLE DAMAGE,2088.22,Pending,2025-10-05
6210,57647,Not as described,654.36,Approved,2025-11-20
6211,57649,Size too small,782.44,Approved,2026-01-10
6212,57689,Color mismatch,2088.22,Approved,2025-10-28
6213,57695,Color mismatch,6042.66,Approved,2025-10-29
6214,57725,Color mismatch,1834.35,Approved,2026-06-08
6215,57733,Changed mind,200.78,Approved,2026-06-23
6216,57735,Wrong size,2174.44,Approved,2026-06-23
6217,57752,Changed mind,410.58,Approved,2026-08-18
6218,57763,Shade mismatch,823.09,Approved,2026-09-07
6219,57778,Uncomfortable fit,5945.6,Approved,2025-10-14
6220,57781,Changed mind,4978.8,Approved,2025-10-17
6221,57790,changed mind,2955.86,Approved,2026-04-04
6222,57797,Uncomfortable fit,4348.88,Approved,2024-11-30
6223,57798,Color mismatch,5956.14,Approved,2024-12-26
6224,57799,Color mismatch,1939.6,Approved,2024-12-21
6225,57802,Size too small,2761.13,Rejected,2025-03-14
6226,57816,Color mismatch,922.42,Approved,2026-01-30
6227,57821,Wrong size,1115.56,Pending,2025-08-07
6228,57836,Changed mind,922.42,Approved,2026-01-06
6229,57841,Changed mind,1646.18,Approved,2026-03-24
6230,57852,Allergic reaction,823.09,Approved,2026-08-18
6231,57863,Size too small,3021.33,Approved,2026-03-26
6232,57864,Size too small,6811.47,Approved,2026-03-19
6233,57867,Not as described,654.38,Approved,2026-05-18
6234,57897,Not as described,233.58,Approved,2026-09-10
6235,57899,Not as described,243.4,Approved,2026-09-15
6236,57907,Changed mind,844.84,Approved,2026-07-13
6237,57910,Sole damage,2972.8,Approved,2026-07-15
6238,57936,color mismatch,2174.44,Approved,01 Sep 2026
6239,57938,Wrong size,1689.68,Approved,2026-08-25
6240,57942,Sole damage,2174.44,Approved,2026-09-04
6241,57943,Size issue,375.75,Approved,2026-08-24
6242,57949,Allergic reaction,1293.67,Approved,2026-08-30
6243,57952,size too small,782.44,Approved,2026-09-05
6244,57971,Color mismatch,7468.2,Approved,2025-02-25
6245,57972,Allergic reaction,2481.06,Approved,2025-03-27
6246,57976,Changed mind,676.56,Approved,2025-05-23
6247,57992,Size too large,782.44,Approved,2026-02-09
6248,57994,Color mismatch,3021.33,Rejected,2026-03-23
6249,58000,Color mismatch,1115.56,Approved,2026-06-24
6250,58008,Allergic reaction,1391.28,Approved,2026-09-09
6251,58047,Fabric quality poor,969.8,Approved,2026-08-26
6252,58061,Size too large,782.44,Approved,2025-05-14
6253,58078,Color mismatch,1916.95,Rejected,2026-04-07
6254,58079,UNCOMFORTABLE FIT,2972.8,Approved,2026-04-11
6255,58095,Not as described,301.02,Approved,2026-06-16
6256,58098,Changed mind,654.36,Pending,2026-06-10
6257,58102,Uncomfortable fit,2972.8,Approved,2026-06-14
6258,58116,Sole damage,844.84,Approved,2026-07-04
6259,58135,Changed mind,922.42,Approved,2026-07-13
6260,58140,Uncomfortable fit,2088.22,Approved,2026-07-17
6261,58145,Color mismatch,893.75,Approved,2026-07-21
6262,58167,Product damaged,550.26,Approved,2026-07-17
6263,58179,Color mismatch,1564.88,Approved,2025-11-29
6264,58191,NOT AS DESCRIBED,145.44,Approved,2026-02-26
6265,58201,Changed mind,290.88,Approved,2026-04-25
6266,58204,Size issue,988.73,Approved,2026-06-20
6267,58219,Changed mind,893.75,Approved,2025-10-28
6268,58226,Changed mind,804.47,Rejected,2026-06-30
6269,58230,Color mismatch,9063.99,Approved,2026-07-10
6270,58246,CHANGED MIND,846.15,Approved,2026-03-09
6271,58257,Shade mismatch,1087.25,Approved,2026-08-23
6272,58260,Changed mind,1287.64,Approved,2025-10-24
6273,58267,Size issue,804.47,Approved,2026-01-17
6274,58274,Uncomfortable fit,8230.68,Pending,2026-02-08
6275,58277,Not as described,730.2,Approved,2026-02-09
6276,58278,Changed mind,779.38,Approved,2026-02-06
6277,58280,Uncomfortable fit,844.84,Approved,2026-02-04
6278,58283,Wrong size,1834.35,Approved,2026/03/06
6279,58294,changed mind,2972.8,Approved,2024-09-02
6280,58296,CHANGED MIND,716.49,Approved,2024-10-05
6281,58298,Not as described,716.49,Approved,2024-10-20
6282,58303,Shade mismatch,1293.67,Approved,2025-01-04
6283,58306,Color mismatch,4433.79,Approved,2025-01-06
6284,58314,Color mismatch,969.8,Pending,2025-07-04
6285,58337,Uncomfortable fit,2976.14,Approved,2025-01-16
6286,58346,SIZE TOO SMALL,4540.98,Rejected,2025-08-25
6287,58348,Wrong size,1488.07,Approved,2025-09-13
6288,58349,Fabric quality poor,4540.98,Approved,2025-10-11
6289,58362,Color mismatch,969.8,Approved,2024-12-20
6290,58370,Not as described,1338.76,Rejected,2025-06-04
6291,58393,Fabric quality poor,1985.38,Approved,2026-08-24
6292,58432,Color mismatch,922.42,Approved,2024-06-22
6293,58436,Changed mind,782.44,Approved,2024-07-10
6294,58440,Changed mind,1293.67,Approved,07/16/2024
6295,58454,Size too small,922.42,Approved,2025-02-24
6296,58476,Uncomfortable fit,2174.44,Approved,2026-01-09
6297,58478,Color mismatch,844.84,Approved,2025-12-31
6298,58479,Sole damage,2088.22,Approved,2026-01-18
6299,58489,Shade mismatch,1293.67,Approved,2026-05-15
6300,58501,Size issue,654.36,Approved,06/24/2026
6301,58508,Changed mind,2743.56,Pending,2026-06-27
6302,58516,Size too large,4431.12,Approved,2026-06-24
6303,58522,Uncomfortable fit,1689.68,Approved,2026-06-29
6304,58523,Product damaged,361.35,Approved,2026-06-23
6305,58524,Size too large,1844.84,Pending,2026-06-28
6306,58528,Size too small,1985.38,Rejected,2026-06-20
6307,58540,Color mismatch,1689.68,Approved,2024-04-01
6308,58545,Changed mind,2767.26,Approved,2024-09-29
6309,58557,Uncomfortable fit,2088.22,Approved,2025-10-07
6310,58561,Not as described,716.49,Approved,2025-10-19
6311,58570,Uncomfortable fit,3833.9,Approved,2026-06-18
6312,58576,Wrong size,2419.78,Rejected,2025-11-15
6313,58592,Changed mind,1391.28,Approved,2026-04-22
6314,58593,Shade mismatch,1124.94,Approved,2026-04-22
6315,58596,Fabric quality poor,1985.38,Approved,2026-08-17
6316,58606,Uncomfortable fit,2174.44,Approved,2024-08-02
6317,58612,Changed mind,1488.07,Approved,2025-11-25
6318,58615,Uncomfortable fit,1916.95,Approved,2025-11-17
6319,58618,Shade mismatch,2587.34,Approved,2026-02-16
6320,58627,Fabric quality poor,1477.04,Approved,2025-08-31
6321,58628,Fabric quality poor,1477.93,Approved,2025-08-31
6322,58634,Allergic reaction,434.65,Approved,2026-01-02
6323,58648,Not as described,375.75,Approved,2026-03-04
6324,58655,Uncomfortable fit,1834.35,Rejected,2025-08-20
6325,58657,Size issue,804.47,Rejected,2025-08-19
6326,58664,Shade mismatch,664.45,Approved,2026-03-05
6327,58666,Uncomfortable fit,2174.44,Approved,2026-04-01
6328,58670,Changed mind,669.38,Approved,2026-06-27
6329,58681,Size issue,676.56,Approved,2024-02-05
6330,58702,Not as described,375.75,Approved,2025-07-22
6331,58703,Color mismatch,922.42,Rejected,2025-09-09
6332,58708,Not as described,528.18,Approved,2026-01-19
6333,58743,Product damaged,386.2,Approved,2024-09-01
6334,58750,Changed mind,205.29,Approved,2025-02-22
6335,58775,Color mismatch,2954.08,Approved,22 Dec 2024
6336,58776,Sole damage,844.84,Approved,2025-01-06
6337,58780,Uncomfortable fit,3833.9,Approved,2025-03-21
6338,58796,Color mismatch,1689.68,Pending,2025-12-03
6339,58801,Changed mind,3021.33,Approved,2026-03-31
6340,58811,Uncomfortable fit,2174.44,Approved,2026-07-07
6341,58816,Size too large,1939.6,Rejected,2026-08-14
6342,58837,Not as described,375.75,Approved,2026-04-13
6343,58845,Changed mind,1293.67,Approved,2023-04-05
6344,58872,Changed mind,434.65,Approved,2026-07-28
6345,58890,Size too small,922.42,Approved,2025-04-22
6346,58896,Changed mind,3021.33,Approved,2025-07-31
6347,58899,Not as described,375.75,Pending,2025-09-14
6348,58904,Color mismatch,2174.44,Approved,2025-10-24
6349,58911,Fabric quality poor,1477.93,Approved,2026-09-10
6350,58914,Changed mind,922.42,Approved,2026-09-10
6351,58915,Color mismatch,922.42,Rejected,2025-01-03
6352,58925,Changed mind,3021.33,Approved,2025-08-28
6353,58934,Changed mind,301.02,Rejected,2025-04-15
6354,58937,Allergic reaction,562.47,Approved,2025-06-18
6355,58948,Changed mind,789.2,Approved,2025-09-16
6356,58958,Changed mind,988.73,Rejected,2026-01-09
6357,58963,Not as described,377.09,Approved,2026-08-27
6358,58975,Size too small,2761.13,Pending,2025-02-07
6359,58978,Changed mind,6042.66,Approved,2025-01-31
6360,58985,Size too small,1477.04,Approved,2025-02-08
6361,58998,Changed mind,243.4,Rejected,2025-03-21
6362,58999,Changed mind,375.75,Approved,2025-03-29
6363,59002,Size issue,676.56,Approved,13 Apr 2025
6364,59010,Fabric quality poor,969.8,Approved,2024-01-10
6365,59023,Uncomfortable fit,2575.28,Approved,2024-07-28
6366,59036,Color mismatch,782.44,Approved,2025-02-24
6367,59046,Size issue,654.38,Approved,2025-07-06
6368,59062,Not as described,1308.76,Approved,2026-01-09
6369,59064,Sole damage,2972.8,Approved,2026-02-24
6370,59066,Changed mind,893.75,Approved,2026-04-05
6371,59068,Changed mind,804.47,Rejected,2026-06-16
6372,59072,Size too small,1477.93,Rejected,2026-08-14
6373,59077,Allergic reaction,823.09,Approved,2025-03-17
6374,59079,Wrong size,2088.22,Rejected,2025-09-17
6375,59090,Changed mind,410.58,Approved,2026-01-01
6376,59116,Uncomfortable fit,1834.35,Approved,2025-07-15
6377,59117,Color mismatch,1287.64,Approved,2025-07-22
6378,59124,changed mind,386.2,Rejected,2025-08-13
6379,59128,Uncomfortable fit,4839.56,Rejected,2025-10-14
6380,59137,Not as described,375.75,Approved,2024-10-16
6381,59138,Color mismatch,969.8,Approved,2024-12-23
6382,59148,Wrong size,3668.7,Rejected,2025-08-22
6383,59149,Shade mismatch,562.47,Rejected,2025-08-23
6384,59151,Changed mind,1293.67,Approved,2025-08-30
6385,59165,Not as described,988.73,Approved,2026-09-08
6386,59166,Changed mind,776.2,Approved,2026-08-31
6387,59174,Size too small,5522.26,Approved,2026-01-23
6388,59182,Changed mind,1477.04,Approved,2025-07-14
6389,59207,Size too large,2954.08,Approved,2025-09-09
6390,59235,Changed mind,434.65,Approved,2025-04-28
6391,59267,Uncomfortable fit,2972.8,Approved,2025-12-26
6392,59268,Changed mind,200.78,Approved,2025-12-27
6393,59273,Fabric quality poor,1564.88,Approved,2026-01-13
6394,59276,COLOR MISMATCH,5522.26,Pending,2026-01-09
6395,59287,Changed mind,4176.44,Approved,2026-04-13
6396,59290,Uncomfortable fit,2174.44,Pending,2026-06-03
6397,59305,Size too large,1477.04,Approved,2026-05-17
6398,59313,Shade mismatch,823.09,Approved,2026-05-09
6399,59320,Fabric quality poor,922.42,Rejected,2026-05-13
6400,59324,Not as described,804.47,Approved,2026-05-07
6401,59335,Size too large,3970.76,Approved,2025-11-04
6402,59343,Product damaged,562.47,Approved,03 Jan 2026
6403,59359,Changed mind,375.75,Approved,07-06-2026
6404,59361,Sole damage,2743.56,Approved,2026-06-22
6405,59373,Shade mismatch,562.47,Approved,2026-08-17
6406,59398,Color mismatch,782.44,Approved,2026-08-25
6407,59401,Color mismatch,1834.35,Approved,2026-05-24
6408,59414,Changed mind,4839.56,Approved,2026-05-25
6409,59415,Uncomfortable fit,4348.88,Approved,2026-05-27
6410,59418,Product damaged,275.13,Approved,2026-05-26
6411,59427,Shade mismatch,846.15,Approved,2026-05-25
6412,59430,Changed mind,716.49,Approved,2026-05-25
6413,59440,Changed mind,1240.53,Pending,2026-03-30
6414,59443,Wrong size,2088.22,Rejected,2026-06-14
6415,59459,Size too small,1477.04,Approved,2025-07-15
6416,59462,Changed mind,893.75,Rejected,2025-08-31
6417,59479,Color mismatch,1287.64,Approved,2026-03-21
6418,59500,Shade mismatch,823.09,Approved,2026-08-15
6419,59507,Not as described,205.29,Approved,2026-04-13
6420,59508,Uncomfortable fit,2419.78,Pending,2026-06-25
6421,59530,Color mismatch,2088.22,Approved,2023/12/31
6422,59538,Wrong size,1488.07,Rejected,2024-08-15
6423,59539,Changed mind,2743.56,Approved,2024-08-23
6424,59545,Changed mind,654.36,Approved,2025-01-27
6425,59548,Not as described,716.49,Approved,2025-03-20
6426,59559,Changed mind,3970.76,Rejected,2024-11-27
6427,59565,COLOR MISMATCH,1477.93,Approved,2026-03-11
6428,59566,Changed mind,2270.49,Approved,04 Apr 2024
6429,59597,Changed mind,275.13,Approved,2026-02-10
6430,59605,Size too large,1985.38,Rejected,2026-09-02
6431,59606,Changed mind,782.44,Approved,2026-09-09
6432,59612,Color mismatch,2270.49,Approved,2026-02-07
6433,59621,Fabric quality poor,6042.66,Approved,2026-04-30
6434,59626,Size issue,754.18,Approved,2026-06-25
6435,59653,Sole damage,1115.56,Approved,2025-12-12
6436,59659,Color mismatch,3021.33,Rejected,2026-01-06
6437,59661,Uncomfortable fit,2088.22,Approved,2026-02-25
6438,59662,Wrong size,1834.35,Approved,2026-02-23
6439,59663,Color mismatch,2270.49,Pending,2026-03-19
6440,59671,Color mismatch,3833.9,Approved,2026-07-26
6441,59690,Changed mind,1939.6,Approved,06/21/2025
6442,59692,Changed mind,2972.8,Pending,2025-06-25
6443,59705,Wrong size,1488.07,Approved,2025-11-17
6444,59717,Wrong size,4176.44,Approved,2026-07-09
6445,59733,Sole damage,7259.34,Approved,2026-06-09
6446,59737,Changed mind,654.38,Approved,2026-06-22
6447,59754,Product damaged,2679.66,Approved,2026-01-28
6448,59771,Shade mismatch,275.13,Approved,2026-09-08
6449,59773,Product damaged,562.47,Approved,2026-09-11
6450,59792,Product damaged,664.45,Approved,2026-06-26
6451,59803,Color mismatch,2575.28,Approved,2025-08-29
6452,59811,Shade mismatch,869.3,Rejected,2025-08-30
6453,59821,Color mismatch,3970.76,Approved,2025-09-02
6454,59823,Fabric quality poor,7468.2,Approved,2025-09-02
6455,59829,Size issue,1308.72,Approved,2024-05-22
6456,59835,Product damaged,1240.53,Approved,2026-06-02
6457,59850,Size too small,1477.04,Approved,2026-06-30
6458,59853,Fabric quality poor,893.75,Pending,2026-07-05
6459,59857,Fabric quality poor,2489.4,Approved,2026-07-28
6460,59871,Fabric quality poor,2767.26,Approved,2026-08-24
6461,59888,Changed mind,1293.67,Approved,2024-03-20
6462,59914,Fabric quality poor,782.44,Approved,2026-09-08
6463,59921,Changed mind,1834.35,Pending,2024-12-30
6464,59926,Shade mismatch,434.65,Approved,2025-06-28
6465,59936,Allergic reaction,562.47,Approved,2025-10-29
6466,59957,Changed mind,969.8,Approved,2025-02-01
6467,59984,Size issue,375.75,Rejected,2026-06-18
6468,60000,Fabric quality poor,4978.8,Approved,2026-08-28
6469,60003,Size too large,2347.32,Rejected,2026-09-03
6470,60006,Color mismatch,782.44,Approved,2026-08-31
6471,60012,Uncomfortable fit,3668.7,Approved,29 Aug 2025
6472,60013,Changed mind,776.2,Approved,2025-08-29
6473,60019,Shade mismatch,1087.25,Approved,2025-12-30
6474,60027,Uncomfortable fit,2743.56,Approved,2026-07-16
6475,60077,Allergic reaction,893.22,Approved,2025-02-07
6476,60080,Size issue,377.09,Approved,2025-03-24
6477,60096,Product damaged,846.15,Approved,2025-10-12
6478,60097,Color mismatch,2174.44,Approved,2025-10-05
6479,60103,Product damaged,290.88,Approved,2025-12-31
6480,60134,Changed mind,2088.22,Rejected,2025-03-18
6481,60183,Color mismatch,1916.95,Approved,2024-12-18
6482,60184,Size too small,3021.33,Approved,2025-02-10
6483,60186,Not as described,776.2,Approved,2025-03-07
6484,60195,Size too small,1985.38,Approved,2024-10-11
6485,60197,Color mismatch,2681.25,Approved,2025-02-05
6486,60199,size too small,2761.13,Approved,2025-02-12
6487,60207,Not as described,669.38,Approved,2025-06-29
6488,60212,Changed mind,844.84,Approved,2025-12-20
6489,60213,Size too large,2761.13,Approved,2026-01-04
6490,60214,Changed mind,2767.26,Rejected,2026-01-07
6491,60217,Changed mind,844.84,Approved,2025-09-02
6492,60241,Color mismatch,2972.8,Approved,2025-10-02
6493,60263,Not as described,243.4,Rejected,2026-05-03
6494,60274,Not as described,988.73,Approved,2024-08-27
6495,60283,Size issue,654.36,Approved,2024-11-17
6496,60286,Fabric quality poor,782.44,Approved,2025-01-07
6497,60289,Wrong size,2972.8,Rejected,2025-04-05
6498,60292,Size too large,969.8,Approved,2025-03-28
6499,60299,Allergic reaction,1087.25,Approved,2025-09-03
6500,60306,Changed mind,772.4,Approved,2026-08-26
6501,60308,Changed mind,988.73,Approved,2024-10-21
6502,60310,Changed mind,1127.25,Approved,2024-12-29
6503,60313,Allergic reaction,1293.67,Approved,2025-02-11
6504,60319,Color mismatch,2088.22,Approved,2025-12-09
6505,60365,Size too large,969.8,Approved,2024-09-10
6506,60390,Product damaged,1646.18,Approved,2025-01-21
6507,60394,Changed mind,562.47,Approved,2025-09-25
6508,60396,Shade mismatch,846.15,Approved,2025-09-24
6509,60400,Changed mind,716.49,Approved,2026-06-25
6510,60401,Size issue,525.91,Approved,2026-07-07
6511,60410,Wrong size,4348.88,Approved,2026-05-23
6512,60428,Changed mind,1916.95,Rejected,2026-09-06
6513,60443,Size issue,804.47,Approved,2023-09-12
6514,60447,Uncomfortable fit,6264.66,Approved,06/11/2024
6515,60448,Color mismatch,6523.32,Approved,2024-06-17
6516,60450,Size issue,525.91,Approved,2024-09-06
6517,60451,Changed mind,2174.44,Approved,2024-09-02
6518,60462,Changed mind,2419.78,Approved,2024-12-30
6519,60466,Sole damage,2419.78,Approved,2025-04-05
6520,60485,Uncomfortable fit,1287.64,Approved,2026-03-23
6521,60491,Color mismatch,969.8,Approved,2026-07-22
6522,60495,Size too small,1985.38,Pending,2026-09-07
6523,60522,Product damaged,264.09,Approved,2026-03-11
6524,60533,Uncomfortable fit,844.84,Approved,2026-08-25
6525,60536,Sole damage,2419.78,Approved,2026-03-15
6526,60537,Uncomfortable fit,844.84,Approved,2026-03-17
6527,60543,Color mismatch,2088.22,Rejected,2026-05-19
6528,60569,Size issue,804.47,Approved,2026-08-21
6529,60587,Sole damage,1916.95,Approved,2026-08-17
6530,60602,Product damaged,695.64,Approved,2025-08-13
6531,60604,Allergic reaction,1692.3,Approved,2025-08-15
6532,60619,Fabric quality poor,2909.4,Approved,2025-10-23
6533,60628,Not as described,669.38,Approved,2025-12-03
6534,60631,Size too large,1844.84,Approved,2025-12-29
6535,60632,Fabric quality poor,1477.93,Approved,2025-12-21
6536,60634,Fabric quality poor,969.8,Pending,2025-12-29
6537,60635,Size too small,1985.38,Approved,2026-01-02
6538,60637,Size issue,669.38,Approved,2026-03-06
6539,60640,Allergic reaction,1087.25,Approved,2026-03-07
6540,60645,Wrong size,2419.78,Approved,2026-05-17
6541,60651,Wrong size,2088.22,Approved,2026-06-16
6542,60652,Uncomfortable fit,2174.44,Approved,2026-06-23
6543,60664,Sole damage,2231.12,Approved,2026-07-30
6544,60666,Sole damage,2972.8,Approved,2026-08-12
6545,60673,Size too large,1985.38,Rejected,2026-08-26
6546,60678,Sole damage,6523.32,Approved,2025-01-11
6547,60694,Changed mind,3021.33,Approved,2025-02-04
6548,60715,Color mismatch,2489.4,Pending,2025-04-08
6549,60727,Color mismatch,5487.12,Pending,2025-05-15
6550,60741,Fabric quality poor,922.42,Approved,2024-10-06
6551,60747,Not as described,669.38,Approved,2023-11-14
6552,60751,Not as described,375.75,Approved,2024-01-06
6553,60768,Wrong size,1916.95,Approved,2024-12-30
6554,60779,Fabric quality poor,2489.4,Approved,2025-09-10
6555,60780,Fabric quality poor,2761.13,Approved,2025-10-10
6556,60790,Product damaged,2587.34,Approved,2026-02-08
6557,60791,Size too large,1477.04,Approved,2026-07-16
6558,60792,Shade mismatch,893.22,Approved,2026/08/16
6559,60800,Allergic reaction,434.65,Approved,2026-09-07
6560,60801,Sole damage,1834.35,Approved,2026-08-14
6561,60809,Changed mind,2761.13,Approved,2025-10-03
6562,60814,Color mismatch,2954.08,Approved,2025-11-06
6563,60816,Fabric quality poor,2761.13,Rejected,2025-11-09
6564,60832,Shade mismatch,275.13,Rejected,2026-01-30
6565,60842,Changed mind,2174.44,Approved,2026-04-13
6566,60843,allergic reaction,869.3,Approved,2026-05-23
6567,60847,Product damaged,275.13,Rejected,2026-07-04
6568,60848,Shade mismatch,562.47,Approved,2026-07-03
6569,60851,Product damaged,562.47,Approved,2025-05-16
6570,60854,Size too large,922.42,Approved,2026-04-24
6571,60865,Sole damage,2088.22,Approved,2026-03-13
6572,60918,Color mismatch,2954.08,Approved,2026-09-15
6573,60953,Wrong size,844.84,Pending,2024-06-07
6574,60959,Color mismatch,2174.44,Approved,2024-12-16
6575,60966,Changed mind,1608.94,Approved,2025-06-11
6576,60992,Wrong size,2743.56,Approved,2025-12-29
6577,60993,Wrong size,3862.92,Approved,2026-01-10
6578,61003,Not as described,386.2,Approved,2026-01-31
6579,61009,Size issue,988.73,Approved,2026-03-13
6580,61014,Wrong size,2743.56,Approved,2026-04-02
6581,61022,Sole damage,1488.07,Approved,2026-05-24
6582,61034,Product damaged,275.13,Rejected,2026-07-07
6583,61037,Changed mind,3021.33,Rejected,2026-08-01
6584,61042,Changed mind,1477.04,Approved,2026-08-15
6585,61048,Changed mind,730.2,Pending,2026-08-28
6586,61062,Size issue,1608.94,Approved,2026-01-06
6587,61065,Changed mind,1477.93,Approved,2026-01-07
6588,61067,Wrong size,2174.44,Approved,2026-03-19
6589,61071,Wrong size,1115.56,Approved,2026-05-04
6590,61088,Changed mind,528.18,Approved,2023-11-05
6591,61103,Changed mind,1977.46,Approved,2026-03-24
6592,61107,Fabric quality poor,3021.33,Rejected,2026-01-02
6593,61108,Changed mind,1564.88,Approved,2025-04-21
6594,61135,Changed mind,1834.35,Rejected,2024-07-30
6595,61141,Sole damage,2976.14,Approved,2025-06-18
6596,61153,Changed mind,776.2,Approved,2025-07-15
6597,61157,Shade mismatch,664.45,Approved,2025-12-16
6598,61175,Color mismatch,1916.95,Approved,2026-08-30
6599,61185,Shade mismatch,1391.28,Approved,2026-05-03
6600,61192,Product damaged,275.13,Approved,2023-10-19
6601,61200,Changed mind,2761.13,Approved,2024-06-20
6602,61202,Sole damage,4348.88,Approved,2024-08-22
6603,61206,Fabric quality poor,782.44,Approved,2024-09-04
6604,61208,Color mismatch,1916.95,Approved,12 Oct 2024
6605,61211,Shade mismatch,1240.53,Approved,2024-11-03
6606,61213,Color mismatch,1916.95,Approved,2024-11-29
6607,61218,Changed mind,615.87,Approved,2024-12-12
6608,61221,Fabric quality poor,4540.98,Approved,2025-01-09
6609,61235,Changed mind,3970.76,Approved,2025-06-29
6610,61277,Fabric quality poor,969.8,Approved,2025-08-09
6611,61279,Changed mind,3021.33,Approved,2025-08-02
6612,61283,Shade mismatch,846.15,Approved,2025-12-10
6613,61287,Product damaged,1158.6,Approved,2026-03-27
6614,61297,Fabric quality poor,3021.33,Rejected,2023-09-10
6615,61313,Wrong size,1689.68,Approved,2024-02-28
6616,61316,Size too large,4978.8,Approved,2024-03-14
6617,61327,Changed mind,243.4,Approved,2024-08-20
6618,61330,Changed mind,893.75,Approved,2024-09-08
6619,61343,Changed mind,5522.26,Approved,2024-11-05
6620,61344,Product damaged,264.09,Approved,2024-12-20
6621,61348,Color mismatch,2231.12,Approved,2025-01-15
6622,61365,Size too large,4540.98,Approved,2025-09-03
6623,61367,Changed mind,782.44,Approved,2025-09-05
6624,61370,Color mismatch,4176.44,Rejected,2025-10-18
6625,61373,SIZE TOO LARGE,922.42,Approved,2025-12-16
6626,61386,Wrong size,2743.56,Pending,2026-01-28
6627,61398,Size too large,3021.33,Approved,2026-04-05
6628,61405,Sole damage,6523.32,Rejected,2026-07-02
6629,61416,SIZE TOO SMALL,969.8,Approved,2026-08-30
6630,61439,Size too large,2681.25,Approved,2026-06-13
6631,61452,Allergic reaction,823.09,Approved,2026-09-11
6632,61460,Changed mind,1391.28,Approved,2025-08-25
6633,61463,Uncomfortable fit,5945.6,Approved,2025-01-08
6634,61482,Fabric quality poor,1985.38,Rejected,2025-11-22
6635,61486,Product damaged,695.64,Pending,2023-04-13
6636,61487,Shade mismatch,1293.67,Approved,2023-04-13
6637,61511,Not as described,1051.82,Rejected,2024-01-26
6638,61514,Changed mind,903.06,Approved,2024-02-02
6639,61517,Product damaged,205.29,Approved,2024-02-19
6640,61524,Wrong size,2419.78,Pending,2024-03-23
6641,61528,Size issue,1308.72,Approved,2024-05-27
6642,61539,Changed mind,243.4,Approved,2024-08-18
6643,61544,Product damaged,1303.95,Approved,2024-09-05
6644,61550,Changed mind,1608.94,Approved,2024-11-22
6645,61568,Color mismatch,5945.6,Rejected,2025-03-28
6646,61574,Wrong size,1916.95,Pending,2025-07-01
6647,61575,Sole damage,2088.22,Pending,2025-06-26
6648,61582,Allergic reaction,275.13,Approved,2025-08-23
6649,61594,Fabric quality poor,2489.4,Approved,2026-01-26
6650,61598,Changed mind,3021.33,Approved,2026-01-31
6651,61599,Changed mind,664.45,Approved,2026-03-19
6652,61609,Changed mind,969.8,Approved,2026-08-22
6653,61612,Allergic reaction,562.47,Approved,2026-07-22
6654,61614,Size issue,669.38,Approved,2026-07-22
6655,61616,Sole damage,5750.85,Approved,2026-08-03
6656,61627,Wrong size,4839.56,Approved,2026-08-23
6657,61638,Fabric quality poor,5522.26,Approved,2026-08-19
6658,61651,Color mismatch,2976.14,Approved,2026-08-30
6659,61653,Uncomfortable fit,2419.78,Rejected,2026-08-26
6660,61659,Size too large,1564.88,Approved,2026-09-06
6661,61666,Size too large,2489.4,Approved,2026-08-30
6662,61680,Shade mismatch,1391.28,Approved,2025-05-24
6663,61686,SHADE MISMATCH,1240.53,Rejected,2025-10-18
6664,61705,Changed mind,922.42,Approved,2026-07-08
6665,61706,Changed mind,301.02,Approved,2026-08-28
6666,61712,Color mismatch,893.75,Approved,2025-03-18
6667,61717,Uncomfortable fit,2743.56,Approved,2025-10-22
6668,61733,Changed mind,2481.06,Approved,06/06/2025
6669,61748,Size too large,1477.93,Approved,2024-10-03
6670,61751,Changed mind,922.42,Approved,2025-03-24
6671,61758,Fabric quality poor,1564.88,Approved,2025-09-10
6672,61775,Fabric quality poor,1477.04,Approved,2025-07-24
6673,61776,Not as described,377.09,Approved,2025-07-16
6674,61778,Fabric quality poor,969.8,Rejected,2024-06-17
6675,61784,Not as described,200.78,Pending,2024-09-08
6676,61785,Color mismatch,1834.35,Approved,2024-10-13
6677,61794,Not as described,375.75,Approved,2025-01-19
6678,61810,Color mismatch,1488.07,Approved,2025-08-30
6679,61811,Uncomfortable fit,5945.6,Pending,2025-09-09
6680,61814,Product damaged,1328.9,Approved,2025-09-01
6681,61817,Changed mind,1488.07,Pending,2025-11-15
6682,61844,Not as described,243.4,Approved,2025-04-15
6683,61847,Product damaged,1240.53,Pending,2025-05-10
6684,61852,Changed mind,654.36,Approved,2024-11-12
6685,61858,Color mismatch,2954.08,Approved,2025-03-26
6686,61861,Allergic reaction,2174.5,Approved,2026-03-24
6687,61880,Uncomfortable fit,4348.88,Approved,2025-08-01
6688,61884,Product damaged,823.09,Approved,2024-10-19
6689,61886,Fabric quality poor,1985.38,Approved,2025-10-27
6690,61887,Size too small,922.42,Approved,2025-10-24
6691,61893,Color mismatch,2174.44,Approved,2024-03-22
6692,61896,Color mismatch,2088.22,Approved,25-06-2024
6693,61897,Uncomfortable fit,844.84,Approved,2024-06-24
6694,61898,Wrong size,2972.8,Rejected,2024-06-22
6695,61900,Uncomfortable fit,2972.8,Approved,2024-11-13
6696,61904,Wrong size,1115.56,Approved,2026-01-02
6697,61906,Changed mind,1477.04,Approved,2026-02-01
6698,61914,Uncomfortable fit,4348.88,Approved,21-06-2026
6699,61946,Product damaged,1240.53,Approved,2025-09-19
6700,61956,Size too small,782.44,Approved,2026-01-29
6701,61957,CHANGED MIND,869.3,Rejected,2026-02-01
6702,61975,Allergic reaction,434.65,Approved,2026-06-29
6703,61984,Changed mind,8230.68,Approved,2026-08-18
6704,61991,Changed mind,844.84,Approved,2025-08-25
6705,61999,Size too small,2489.4,Pending,2026-09-06
6706,62013,Changed mind,394.6,Approved,2024-11-04
6707,62027,Changed mind,844.84,Approved,2025-10-21
6708,62030,Color mismatch,3668.7,Approved,2026-03-07
6709,62038,Size too small,8283.39,Pending,2023-08-05
6710,62040,Size too small,969.8,Pending,2023-08-07
6711,62042,Sole damage,2743.56,Approved,2023-12-15
6712,62043,Color mismatch,1115.56,Approved,2023/12/15
6713,62050,Allergic reaction,846.15,Approved,2024-01-31
6714,62053,Changed mind,844.84,Approved,2024-06-15
6715,62054,Wrong size,3346.68,Approved,2024-11-14
6716,62058,Size too large,4978.8,Pending,2025-08-28
6717,62059,Size too small,782.44,Approved,2025-08-25
6718,62098,Product damaged,664.45,Approved,2026-08-31
6719,62102,Size issue,1308.72,Rejected,2026-08-26
6720,62117,Sole damage,2972.8,Approved,2026-09-13
6721,62144,Changed mind,1477.04,Approved,2023-08-14
6722,62148,COLOR MISMATCH,4431.12,Approved,2023-08-29
6723,62164,Changed mind,562.47,Approved,2024-07-10
6724,62203,Size issue,1127.25,Approved,06/21/2026
6725,62210,Fabric quality poor,2761.13,Approved,2026-07-17
6726,62223,Allergic reaction,562.47,Approved,2026-08-27
6727,62225,Color mismatch,2955.86,Approved,2026-08-29
6728,62235,Sole damage,2972.8,Approved,2026-08-31
6729,62242,Product damaged,275.13,Pending,2024-03-24
6730,62258,Size too small,893.75,Approved,2026-04-26
6731,62268,Not as described,804.47,Approved,2024-11-18
6732,62277,Changed mind,776.2,Approved,2025-09-06
6733,62300,Uncomfortable fit,1287.64,Pending,2025-09-29
6734,62307,Changed mind,2743.56,Approved,2026-06-08
6735,62319,Changed mind,969.8,Approved,2025-01-28
6736,62327,Fabric quality poor,782.44,Approved,2026-01-24
6737,62338,Changed mind,1916.95,Approved,2026-02-03
6738,62340,Shade mismatch,1293.67,Approved,2026-01-31
6739,62342,Product damaged,562.47,Pending,2026-02-12
6740,62347,Size too large,2270.49,Approved,2026-04-03
6741,62358,Not as described,676.56,Rejected,2026-08-30
6742,62374,Wrong size,8918.4,Approved,22 Oct 2025
6743,62393,Product damaged,275.13,Approved,2026-04-13
6744,62410,Sole damage,2419.78,Approved,2025-01-17
6745,62414,Size too large,893.75,Approved,2025-06-21
6746,62428,Size issue,1051.82,Approved,2026-02-06
6747,62440,Wrong size,1834.35,Approved,2026-08-04
6748,62445,Size too small,2955.86,Approved,2025-11-07
6749,62447,Sole damage,4839.56,Approved,2025-12-16
6750,62462,Fabric quality poor,2761.13,Approved,2025-10-05
6751,62483,Wrong size,844.84,Approved,2025-12-23
6752,62504,Changed mind,782.44,Rejected,2026-06-06
6753,62517,Product damaged,664.45,Approved,2026-08-21
6754,62519,Changed mind,654.36,Approved,2026-08-28
6755,62530,Color mismatch,1844.84,Approved,2026-05-16
6756,62544,Uncomfortable fit,8230.68,Approved,2024-12-29
6757,62550,Size too large,1477.04,Approved,2025-05-08
6758,62566,Allergic reaction,1692.3,Approved,2026-08-18
6759,62574,Size issue,1308.72,Approved,2026/08/29
6760,62576,fabric quality poor,2270.49,Approved,2026-09-11
6761,62580,Shade mismatch,3721.59,Approved,2024-11-03
6762,62612,Changed mind,3881.01,Approved,2026-02-14
6763,62617,Color mismatch,1985.38,Approved,2023-03-22
6764,62624,Size too large,1985.38,Approved,2023-07-07
6765,62629,Color mismatch,844.84,Approved,2023-11-23
6766,62631,Size too small,1477.93,Approved,2023-12-25
6767,62633,Size too large,4978.8,Pending,2023-12-28
6768,62648,Uncomfortable fit,3862.92,Approved,2024-06-28
6769,62650,sole damage,844.84,Approved,2024-06-27
6770,62668,Sole damage,2575.28,Pending,2026-01-04
6771,62670,Sole damage,2743.56,Approved,2026-01-10
6772,62673,Changed mind,669.38,Approved,2026-03-23
6773,62675,Wrong size,1916.95,Approved,2026-03-28
6774,62710,Color mismatch,1477.93,Approved,2026-03-23
6775,62715,Changed mind,1240.53,Approved,2026-04-04
6776,62719,Changed mind,6523.32,Approved,2026-06-05
6777,62732,Shade mismatch,1124.94,Approved,2024-11-04
6778,62739,ALLERGIC REACTION,1240.53,Approved,2025-01-31
6779,62744,Wrong size,2972.8,Approved,2025-02-13
6780,62746,Changed mind,1993.35,Approved,2025-03-04
6781,62748,Size issue,1051.82,Approved,2025-03-17
6782,62763,Sole damage,2088.22,Approved,2025-06-08
6783,62769,Fabric quality poor,922.42,Approved,2025-07-04
6784,62770,Size too small,1477.04,Approved,2025-07-01
6785,62784,Fabric quality poor,922.42,Approved,2025-11-14
6786,62798,Product damaged,361.35,Approved,2026-07-14
6787,62805,Fabric quality poor,2954.08,Approved,2024-06-13
6788,62821,Changed mind,264.09,Approved,2024-12-28
6789,62826,Changed mind,1293.67,Approved,2025-04-09
6790,62836,Size too small,2761.13,Approved,2026-01-12
6791,62838,Size too small,1787.5,Approved,2026-01-10
6792,62889,Changed mind,969.8,Approved,2026-06-25
6793,62891,Fabric quality poor,1844.84,Approved,2026-06-30
6794,62898,Shade mismatch,893.22,Approved,2026-07-05
6795,62901,Color mismatch,4978.8,Approved,19 Jul 2026
6796,62913,Color mismatch,782.44,Approved,2026-08-26
6797,62924,Sole damage,2743.56,Approved,2026-08-27
6798,62925,Uncomfortable fit,1916.95,Approved,2026-08-28
6799,62933,Changed mind,2088.22,Approved,2025-10-08
6800,62941,Size issue,776.2,Approved,2024/04/27
6801,62962,Color mismatch,1916.95,Pending,2025-06-25
6802,62967,Changed mind,1477.04,Approved,2025-11-14
6803,62974,Size too large,4540.98,Approved,2023-07-24
6804,62980,Product damaged,1240.53,Approved,2026-08-30
6805,62987,Changed mind,2972.8,Approved,2026-08-31
6806,62992,Changed mind,893.75,Approved,2026-09-08
6807,63008,Changed mind,1051.82,Approved,2026-09-01
6808,63022,Allergic reaction,1240.53,Approved,2026-08-11
6809,63025,Size too large,2489.4,Approved,2026-08-07
6810,63049,Uncomfortable fit,1916.95,Approved,14-11-2024
6811,63060,Shade mismatch,1293.67,Approved,2025-03-02
6812,63075,Product damaged,1087.25,Approved,2025-12-21
6813,63077,Allergic reaction,1391.28,Approved,2026-01-01
6814,63084,Product damaged,846.15,Approved,2026-04-05
6815,63093,Not as described,988.73,Approved,2024-08-31
6816,63106,Product damaged,695.64,Approved,2025-08-25
6817,63119,Fabric quality poor,893.75,Approved,2026-03-16
6818,63130,Changed mind,2088.22,Pending,2026-06-14
6819,63132,Color mismatch,2972.8,Rejected,2026-06-19
6820,63168,Color mismatch,2270.49,Approved,2026-07-26
6821,63174,Sole damage,5487.12,Rejected,2026-08-06
6822,63175,Wrong size,844.84,Approved,2026-08-07
6823,63177,Changed mind,2489.4,Approved,2026-08-01
6824,63178,Changed mind,1477.04,Pending,2026-08-07
6825,63180,Changed mind,243.4,Approved,2026-08-11
6826,63181,Changed mind,654.36,Rejected,2026-08-15
6827,63186,Sole damage,4176.44,Pending,2026-08-22
6828,63191,Product damaged,243.4,Approved,2026-08-25
6829,63198,Sole damage,2088.22,Rejected,2026-08-24
6830,63201,Changed mind,722.7,Approved,2026-08-24
6831,63205,Changed mind,1985.38,Approved,2026-08-30
6832,63206,Changed mind,2270.49,Approved,2026-08-27
6833,63211,Changed mind,389.69,Rejected,2026-08-29
6834,63228,Changed mind,2972.8,Approved,2023-03-31
6835,63252,Sole damage,1834.35,Approved,2025-01-24
6836,63289,Color mismatch,2534.52,Pending,2026-04-17
6837,63300,Changed mind,2972.8,Rejected,2024-09-16
6838,63304,Fabric quality poor,2761.13,Approved,2025-06-14
6839,63307,Fabric quality poor,3021.33,Approved,2025-09-04
6840,63313,Size too large,2270.49,Approved,2024-05-07
6841,63323,CHANGED MIND,1985.38,Approved,2023-07-14
6842,63338,Changed mind,1916.95,Approved,2025-12-25
6843,63339,Color mismatch,844.84,Approved,2025-12-23
6844,63356,Fabric quality poor,782.44,Approved,2025-02-07
6845,63357,Changed mind,562.47,Approved,2026-03-23
6846,63359,Shade mismatch,1240.53,Pending,2026-03-15
6847,63360,Product damaged,1293.67,Rejected,2026-03-23
6848,63373,Color mismatch,893.75,Approved,2026-06-12
6849,63387,Product damaged,1124.94,Approved,2026-08-17
6850,63401,Product damaged,823.09,Approved,2026-04-10
6851,63404,Color mismatch,2972.8,Approved,2026-05-07
6852,63427,Changed mind,669.38,Approved,2026-08-24
6853,63428,Changed mind,782.44,Approved,2026-08-17
6854,63432,Fabric quality poor,3970.76,Approved,2026-08-26
6855,63438,Color mismatch,3021.33,Approved,2026-08-31
6856,63465,Color mismatch,2575.28,Approved,2023-05-18
6857,63467,Product damaged,361.35,Approved,2025-06-25
6858,63470,Size too large,2489.4,Approved,2026-01-07
6859,63474,Color mismatch,1985.38,Approved,2026-03-30
6860,63475,Changed mind,695.64,Approved,2026-08-26
6861,63476,Changed mind,275.13,Approved,2026-08-18
6862,63489,Allergic reaction,1646.18,Pending,2025-03-31
6863,63492,Product damaged,528.18,Approved,2026-05-30
6864,63496,Wrong size,1834.35,Approved,2026-06-14
6865,63498,Changed mind,2088.22,Approved,2026-08-15
6866,63507,Uncomfortable fit,2088.22,Approved,2026-07-05
6867,63508,Wrong size,1834.35,Approved,2026-07-10
6868,63511,Allergic reaction,846.15,Rejected,2026-07-01
6869,63517,Fabric quality poor,3970.76,Approved,06/28/2026
6870,63521,Size too large,4540.98,Approved,2026-07-07
6871,63567,Color mismatch,2088.22,Approved,2025-06-11
6872,63577,Not as described,722.7,Approved,2025-08-24
6873,63583,Not as described,654.38,Approved,2025-10-06
6874,63584,Changed mind,1477.04,Approved,2025-10-05
6875,63589,Size issue,375.75,Approved,2026-01-14
6876,63595,Fabric quality poor,1477.04,Approved,2026-02-03
6877,63603,Allergic reaction,2538.45,Approved,2026-03-17
6878,63608,Changed mind,1488.07,Approved,2026-04-26
6879,63611,Product damaged,1087.25,Approved,2026-08-24
6880,63618,Wrong size,844.84,Approved,2025-06-21
6881,63627,color mismatch,6042.66,Approved,2025-10-21
6882,63628,Fabric quality poor,1477.93,Approved,2025-10-10
6883,63633,Size too large,5522.26,Rejected,2025-10-13
6884,63651,Size too small,1844.84,Approved,2026-01-04
6885,63662,Size too large,1477.93,Approved,2026-06-03
6886,63665,Not as described,654.36,Approved,2026-06-30
6887,63669,Product damaged,1087.25,Approved,2026-08-21
6888,63673,Size too small,4540.98,Approved,2026-08-30
6889,63675,Color mismatch,1488.07,Approved,2026/09/11
6890,63678,Color mismatch,1477.93,Rejected,2026-01-01
6891,63680,Wrong size,844.84,Approved,2026-02-01
6892,63682,Product damaged,264.09,Approved,2026-02-11
6893,63704,Size too large,1477.04,Approved,2026-07-05
6894,63707,Size too large,7468.2,Pending,2026-07-07
6895,63710,Uncomfortable fit,2743.56,Approved,2026-07-19
6896,63715,Changed mind,969.8,Approved,2026-07-24
6897,63717,Size too small,1564.88,Approved,2026-07-23
6898,63732,Shade mismatch,664.45,Approved,2026-08-27
6899,63739,Changed mind,2761.13,Approved,2026-08-19
6900,63740,Fabric quality poor,1477.93,Approved,2026-08-21
6901,63750,Changed mind,1308.76,Approved,2026-09-01
6902,63763,Color mismatch,2575.28,Approved,2025-02-01
6903,63770,Size too large,969.8,Approved,2025-03-05
6904,63771,Fabric quality poor,1477.04,Approved,2025-03-04
6905,63783,Size too small,969.8,Approved,2025-10-30
6906,63790,Color mismatch,2743.56,Approved,2026/02/09
6907,63791,Changed mind,4348.88,Approved,2026-01-29
6908,63794,Color mismatch,1939.6,Approved,2026-05-02
6909,63805,Changed mind,145.44,Approved,2026-07-27
6910,63810,Color mismatch,1477.04,Pending,2026-08-30
6911,63811,Size too small,3021.33,Approved,2026-08-31
6912,63812,color mismatch,1787.5,Rejected,2026-08-25
6913,63822,UNCOMFORTABLE FIT,2575.28,Approved,2026-08-21
6914,63834,Changed mind,205.29,Approved,2025-07-14
6915,63838,Changed mind,654.36,Approved,2026-08-16
6916,63841,Size too small,3021.33,Approved,2026-01-15
6917,63872,Product damaged,1087.25,Approved,2026-04-25
6918,63889,Color mismatch,1916.95,Approved,2026-06-28
6919,63901,Size too small,1477.93,Pending,2026-08-22
6920,63906,Sole damage,3833.9,Approved,2026-09-03
6921,63908,Allergic reaction,1087.25,Approved,2026-09-02
6922,63926,Color mismatch,3021.33,Pending,2026-04-11
6923,63929,Size too small,1985.38,Approved,2026-08-21
6924,63937,Wrong size,2088.22,Approved,2025-07-15
6925,63969,Color mismatch,2761.13,Rejected,2026-06-25
6926,63974,Not as described,1432.98,Approved,2026-06-14
6927,63986,Wrong size,1689.68,Approved,2026-08-15
6928,64013,Changed mind,654.36,Pending,2026-08-28
6929,64029,Not as described,386.2,Approved,2024-02-05
6930,64053,Wrong size,2972.8,Approved,22-02-2026
6931,64074,Changed mind,2743.56,Approved,2026-02-02
6932,64082,Fabric quality poor,2489.4,Approved,2026-04-07
6933,64083,Changed mind,844.84,Rejected,2026-04-07
6934,64096,Uncomfortable fit,2575.28,Rejected,2026-06-21
6935,64097,Changed mind,377.09,Approved,2026-06-25
6936,64124,changed mind,846.15,Approved,2024-11-14
6937,64133,Size too small,2761.13,Approved,2025-05-14
6938,64135,Color mismatch,2174.44,Approved,2025-07-12
6939,64137,Sole damage,2976.14,Approved,2025-07-08
6940,64147,Size issue,654.36,Approved,2026-02-11
6941,64156,Wrong size,4464.21,Approved,2026-03-27
6942,64157,Changed mind,844.84,Rejected,2026-07-03
6943,64171,Fabric quality poor,2270.49,Rejected,2025-01-06
6944,64176,Changed mind,969.8,Approved,2025-02-17
6945,64181,Changed mind,2174.44,Approved,2026-09-04
6946,64182,Uncomfortable fit,2419.78,Approved,2026-08-31
6947,64198,Changed mind,2534.52,Pending,2026-05-24
6948,64206,Allergic reaction,823.09,Approved,2026-06-23
6949,64221,Fabric quality poor,1564.88,Approved,2026-07-10
6950,64228,Wrong size,2231.12,Approved,2026-07-16
6951,64230,Changed mind,2743.56,Approved,2026-08-03
6952,64242,Changed mind,3668.7,Approved,2026-08-20
6953,64250,Changed mind,525.91,Approved,2026-09-05
6954,64277,Not as described,145.44,Approved,2025-01-02
6955,64289,Uncomfortable fit,1834.35,Rejected,2026-03-06
6956,64290,Sole damage,1916.95,Approved,2026-03-14
6957,64294,Changed mind,6264.66,Approved,2026-06-14
6958,64296,Product damaged,275.13,Approved,26 Jun 2026
6959,64304,Changed mind,893.22,Rejected,2026-07-20
6960,64313,Color mismatch,3021.33,Approved,2025-07-21
6961,64314,Color mismatch,1985.38,Rejected,2025-08-24
6962,64316,Uncomfortable fit,2419.78,Pending,2025-08-25
6963,64319,Allergic reaction,562.47,Approved,2025-10-04
6964,64321,Fabric quality poor,969.8,Approved,2025-10-05
6965,64324,Sole damage,1834.35,Approved,2025-10-17
6966,64334,Changed mind,2743.56,Approved,2025-12-24
6967,64357,Not as described,988.73,Approved,2025-12-05
6968,64369,Changed mind,2954.08,Approved,2026-01-09
6969,64390,Sole damage,2972.8,Pending,2026-02-04
6970,64391,Sole damage,844.84,Approved,2026-02-05
6971,64394,Shade mismatch,823.09,Pending,2026-01-31
6972,64395,Allergic reaction,275.13,Approved,2026-02-03
6973,64397,Changed mind,389.69,Pending,2026-02-04
6974,64398,Color mismatch,782.44,Approved,2026-02-11
6975,64405,Changed mind,4978.8,Approved,2026-02-22
6976,64443,Product damaged,264.09,Approved,2026-03-12
6977,64446,Color mismatch,2231.12,Approved,2023-10-21
6978,64455,Color mismatch,3862.92,Approved,2026-08-20
6979,64465,Changed mind,1477.93,Approved,2025-11-25
6980,64470,Wrong size,1287.64,Approved,2024-09-28
6981,64473,Wrong size,2174.44,Approved,2024-11-13
6982,64474,Uncomfortable fit,2972.8,Approved,2024-11-13
6983,64480,Product damaged,1124.94,Approved,2025-08-02
6984,64488,Sole damage,2743.56,Approved,2026-01-15
6985,64492,Size too large,2489.4,Approved,2026-01-30
6986,64507,Color mismatch,3668.7,Pending,2026-03-19
6987,64511,Changed mind,2174.5,Approved,2026-05-14
6988,64512,Product damaged,823.09,Approved,2026-05-15
6989,64527,Color mismatch,2972.8,Approved,2026-08-29
6990,64534,not as described,654.36,Approved,2025-07-01
6991,64540,Changed mind,1477.04,Approved,2025-10-11
6992,64546,Changed mind,1916.95,Pending,2026-08-18
6993,64548,Size too large,9063.99,Rejected,2024-01-29
6994,64552,Changed mind,2587.34,Approved,2024/10/10
6995,64553,Changed mind,3021.33,Approved,2024-10-30
6996,64555,Size too large,1985.38,Approved,2024-11-03
6997,64568,Color mismatch,2174.44,Pending,2025-08-04
6998,64572,Shade mismatch,869.3,Approved,2025-09-04
6999,64579,Color mismatch,2088.22,Approved,2025-10-13
7000,64581,Fabric quality poor,2270.49,Approved,2025-11-04
7001,64621,Allergic reaction,562.47,Approved,2026-08-30
7002,64626,Changed mind,4978.8,Approved,2026-05-05
7003,64642,Size too large,5522.26,Rejected,2026-01-31
7004,64646,Size issue,654.38,Pending,2026-02-01
7005,64661,Wrong size,1834.35,Pending,2026-03-14
7006,64663,Sole damage,2743.56,Approved,2026-03-24
7007,64685,Size too small,2955.86,Rejected,2025-03-12
7008,64687,Sole damage,2575.28,Approved,2025-07-18
7009,64698,Color mismatch,2174.44,Approved,2025-09-10
7010,64700,Shade mismatch,1293.67,Approved,2025-10-11
7011,64706,Changed mind,434.65,Approved,2025-11-15
7012,64719,Size issue,654.36,Approved,2025-10-27
7013,64725,Size issue,1308.76,Approved,2025-11-11
7014,64732,Color mismatch,2767.26,Approved,2025-12-25
7015,64734,Product damaged,1692.3,Approved,2025-12-29
7016,64739,Product damaged,389.69,Approved,2025-12-25
7017,64747,Allergic reaction,3261.75,Rejected,2026-02-08
7018,64750,Color mismatch,2761.13,Approved,2026-03-16
7019,64765,Color mismatch,1477.04,Approved,2026-03-29
7020,64770,Product damaged,562.47,Approved,2026-06-19
7021,64777,Fabric quality poor,3970.76,Pending,2026-07-09
7022,64781,Changed mind,2419.78,Approved,2026-08-28
7023,64805,Allergic reaction,3261.75,Rejected,2026-05-24
7024,64820,Changed mind,869.3,Approved,2026-06-12
7025,64840,Changed mind,2743.56,Approved,2026-06-23
7026,64852,Size too small,1844.84,Rejected,2026-07-11
7027,64854,Changed mind,2174.44,Approved,01-08-2026
7028,64865,Product damaged,486.8,Rejected,2026-08-28
7029,64902,Changed mind,2972.8,Approved,2024-06-13
7030,64906,Changed mind,1293.67,Approved,2024-07-07
7031,64915,Changed mind,375.75,Approved,2024-11-16
7032,64918,Size issue,525.91,Approved,2024/12/25
7033,64956,Size too large,1477.04,Approved,2024-01-16
7034,64979,Wrong size,1115.56,Approved,2025-01-31
7035,64986,Changed mind,205.29,Pending,2025-03-13
7036,65010,Not as described,301.02,Approved,2026-03-18
7037,65011,Uncomfortable fit,844.84,Approved,2026-03-15
7038,65012,Size too small,3970.76,Approved,2026-03-31
7039,65026,Size too small,969.8,Approved,2026-08-28
7040,65034,Size too large,922.42,Approved,2026-09-10
7041,65043,Color mismatch,922.42,Approved,2026-04-13
7042,65044,Size too small,893.75,Approved,2026-05-12
7043,65061,Not as described,301.02,Approved,2026-08-31
7044,65064,Not as described,1432.98,Approved,2026-08-30
7045,65071,Size too large,6042.66,Approved,2026-09-10
7046,65072,Size too small,1985.38,Rejected,2026-09-06
7047,65073,Changed mind,2270.49,Approved,2026-09-10
7048,65075,Product damaged,528.18,Rejected,2024-01-06
7049,65076,Changed mind,386.2,Approved,2024-01-04
7050,65085,Changed mind,375.75,Approved,2025-11-27
7051,65104,Size too small,893.75,Rejected,2026-07-04
7052,65107,Changed mind,3021.33,Pending,2026-06-28
7053,65110,Fabric quality poor,4433.79,Approved,2026-08-02
7054,65112,Fabric quality poor,1985.38,Approved,2026-08-06
7055,65125,Size too small,782.44,Approved,2026-09-13
7056,65136,Size too large,4540.98,Approved,2024-04-10
7057,65171,Changed mind,654.38,Approved,2026-06-14
7058,65173,Fabric quality poor,2270.49,Approved,2026-06-20
7059,65176,color mismatch,3021.33,Approved,2026-07-17
7060,65182,Changed mind,804.47,Approved,2026-08-24
7061,65189,Fabric quality poor,2761.13,Approved,2026-09-07
7062,65208,Shade mismatch,1124.94,Approved,2026-08-20
7063,65212,Changed mind,2174.5,Approved,2024-02-27
7064,65218,Color mismatch,2743.56,Approved,2024-06-22
7065,65222,Color mismatch,922.42,Approved,2024-09-30
7066,65227,Changed mind,1985.38,Approved,2024-10-04
7067,65229,Changed mind,716.49,Approved,2024-10-19
7068,65235,Size too small,2761.13,Approved,2025-01-04
7069,65240,Size issue,776.2,Rejected,2025-03-17
7070,65250,Sole damage,2419.78,Rejected,2026-02-09
7071,65251,Wrong size,1834.35,Approved,2026-02-03
7072,65255,Color mismatch,969.8,Approved,2026-03-16
7073,65262,Size too large,1477.04,Approved,2026-07-06
7074,65271,Changed mind,1834.35,Approved,2025-02-06
7075,65277,Changed mind,4176.44,Approved,2025-03-17
7076,65279,Changed mind,1087.25,Approved,2025-04-04
7077,65286,Size too small,969.8,Approved,2025-10-03
7078,65299,Sole damage,1916.95,Approved,2026-01-15
7079,65303,PRODUCT DAMAGED,2481.06,Approved,2026-04-26
7080,65312,Size too large,4540.98,Approved,2026-08-23
7081,65316,Changed mind,1477.93,Approved,2025-12-15
7082,65326,shade mismatch,275.13,Approved,2023-04-25
7083,65327,Allergic reaction,2587.34,Approved,2023-04-20
7084,65328,Product damaged,1087.25,Rejected,2023-04-19
7085,65329,Shade mismatch,1391.28,Approved,2023-04-27
7086,65338,Product damaged,664.45,Approved,2026-01-03
7087,65361,Sole damage,2743.56,Approved,2025-08-31
7088,65362,Wrong size,1916.95,Approved,2025-08-25
7089,65371,Wrong size,2174.44,Approved,2025-12-31
7090,65374,Size too small,2489.4,Pending,2026-01-15
7091,65375,Color mismatch,5522.26,Pending,2026-02-02
7092,65377,Fabric quality poor,969.8,Approved,2026-02-08
7093,65378,Changed mind,1477.93,Approved,2026-02-21
7094,65381,Sole damage,2174.44,Approved,2026-05-12
7095,65383,Size too small,2761.13,Approved,2026-07-01
7096,65384,Changed mind,969.8,Approved,2026-06-26
7097,65393,Size issue,1963.14,Approved,2025-06-29
7098,65415,Sole damage,2174.44,Approved,2026-08-26
7099,65419,Size issue,2413.41,Approved,2026-09-01
7100,65439,Size too small,2761.13,Pending,2026-08-16
7101,65443,Changed mind,361.35,Approved,2024-05-03
7102,65444,Product damaged,562.47,Approved,2024-06-17
7103,65445,Changed mind,2419.78,Rejected,2024-09-10
7104,65448,Changed mind,1477.93,Approved,2026-04-26
7105,65469,Wrong size,844.84,Approved,2026-06-20
7106,65475,Product damaged,893.22,Approved,28 Jun 2026
7107,65476,Allergic reaction,695.64,Approved,2026-07-01
7108,65478,Changed mind,1564.88,Rejected,2026-06-27
7109,65485,Color mismatch,2743.56,Approved,2026-07-12
7110,65497,Changed mind,2481.06,Approved,2026-08-03
7111,65524,size too small,1477.04,Pending,2026-08-27
7112,65529,Product damaged,275.13,Pending,2026-09-15
7113,65544,Sole damage,1916.95,Approved,2025-01-11
7114,65545,Changed mind,1115.56,Approved,2025-01-14
7115,65550,SIZE TOO LARGE,1477.04,Approved,2026-01-01
7116,65553,Changed mind,695.64,Approved,2026-01-23
7117,65554,Changed mind,751.5,Approved,2026-04-08
7118,65557,Color mismatch,1985.38,Approved,2026-08-08
7119,65567,Sole damage,2419.78,Approved,2025-11-17
7120,65570,Wrong size,2972.8,Approved,2026-09-03
7121,65573,Color mismatch,782.44,Approved,2024-11-14
7122,65587,Color mismatch,969.8,Approved,2025-06-05
7123,65608,Changed mind,2489.4,Approved,2026-04-10
7124,65614,Size too small,893.75,Rejected,2026-06-13
7125,65615,Size too small,2270.49,Approved,2026-06-10
7126,65625,Size too small,1477.93,Approved,2026-08-20
7127,65637,Shade mismatch,434.65,Approved,2026-08-04
7128,65646,Not as described,789.2,Approved,2025-12-18
7129,65653,Changed mind,869.3,Approved,2024-02-09
7130,65657,Fabric quality poor,969.8,Approved,2024-02-06
7131,65671,Not as described,361.35,Approved,2024-12-10
7132,65675,Size too large,2955.86,Approved,2025-03-24
7133,65679,Size too large,893.75,Approved,2025-08-29
7134,65688,Changed mind,2743.56,Approved,2025-11-27
7135,65690,Color mismatch,2761.13,Approved,2025-12-17
7136,65697,Wrong size,1115.56,Approved,2026-07-02
7137,65698,Changed mind,695.64,Rejected,2026-08-29
7138,65700,Product damaged,846.15,Pending,2026-08-29
7139,65702,Changed mind,2955.86,Approved,2026-08-24
7140,65703,Color mismatch,922.42,Pending,2026-08-18
7141,65711,Size issue,669.38,Pending,2024-09-25
7142,65722,Size too large,1985.38,Approved,2025-04-09
7143,65735,Sole damage,1916.95,Rejected,2025-10-02
7144,65748,Uncomfortable fit,2534.52,Approved,2026-04-04
7145,65769,fabric quality poor,1985.38,Rejected,2026-06-19
7146,65783,Product damaged,893.22,Approved,2026-08-15
7147,65794,Size too large,1477.04,Approved,2024-12-30
7148,65801,Changed mind,988.73,Approved,2026-08-15
7149,65812,Not as described,1169.07,Approved,2024-08-14
7150,65825,Shade mismatch,1293.67,Approved,2025-01-15
7151,65875,Wrong size,1488.07,Approved,2025-09-20
7152,65888,Product damaged,1084.05,Approved,2026-01-22
7153,65896,Uncomfortable fit,1916.95,Pending,2026-06-29
7154,65903,Shade mismatch,550.26,Pending,2026-02-02
7155,65912,Color mismatch,893.75,Approved,2026-03-25
7156,65913,Size too large,969.8,Approved,2026-04-02
7157,65914,Color mismatch,2270.49,Approved,2026-04-01
7158,65941,Sole damage,2088.22,Approved,2026-06-19
7159,65960,Color mismatch,7259.34,Approved,2026-07-01
7160,65962,Size too small,6042.66,Approved,2026-06-20
7161,65975,Size issue,804.47,Approved,2026-06-26
7162,65976,Changed mind,1124.94,Approved,2026-06-30
7163,65981,Sole damage,1834.35,Approved,2026-06-19
7164,65993,Size too small,2489.4,Approved,2026-06-28
7165,65998,Size too large,2489.4,Approved,2026-06-19
7166,66007,Fabric quality poor,3021.33,Approved,2025-12-29
7167,66024,Changed mind,2955.86,Pending,2025-06-06
7168,66030,Changed mind,1564.88,Approved,2025-09-06
7169,66037,Fabric quality poor,2489.4,Approved,2025-11-22
7170,66039,Wrong size,2743.56,Approved,2026-01-25
7171,66053,Size too small,2909.4,Approved,2026-06-06
7172,66056,Allergic reaction,1692.3,Pending,2026-07-28
7173,66057,Shade mismatch,695.64,Approved,2026-08-21
7174,66086,Fabric quality poor,3021.33,Approved,2025-02-11
7175,66101,Wrong size,1834.35,Pending,2026-01-01
7176,66143,Changed mind,2174.44,Approved,2026-04-07
7177,66144,Wrong size,2174.44,Pending,2026-05-07
7178,66149,Not as described,804.47,Approved,2026-05-18
7179,66161,Size too large,969.8,Approved,2026-08-12
7180,66164,Color mismatch,5945.6,Approved,2026-08-21
7181,66176,Uncomfortable fit,844.84,Approved,2025-10-30
7182,66180,Sole damage,1916.95,Pending,2024-12-10
7183,66181,Changed mind,3668.7,Approved,2024-12-20
7184,66184,Allergic reaction,1240.53,Approved,2025-12-12
7185,66190,Product damaged,301.02,Pending,2024-12-31
7186,66196,Changed mind,1115.56,Approved,2025-03-22
7187,66197,Wrong size,2419.78,Approved,2025-03-25
7188,66200,Changed mind,988.73,Approved,2025-05-03
7189,66207,Sole damage,2575.28,Pending,2026-04-06
7190,66212,Size too small,782.44,Approved,2025-07-07
7191,66222,Product damaged,275.13,Rejected,2026-06-21
7192,66230,Wrong size,2174.44,Approved,2026-08-21
7193,66238,Wrong size,2972.8,Pending,21 Aug 2026
7194,66242,Changed mind,3021.33,Pending,2026-08-31
7195,66247,Changed mind,669.38,Approved,2026-09-05
7196,66258,Product damaged,1183.8,Approved,2023-11-25
7197,66266,Allergic reaction,1124.94,Approved,2024-08-26
7198,66277,Color mismatch,3021.33,Approved,2024-03-17
7199,66288,Size issue,776.2,Approved,2026-02-06
7200,66304,Changed mind,2270.49,Approved,2026-01-05
7201,66309,Changed mind,1985.38,Approved,2023-12-22
7202,66318,Changed mind,654.36,Approved,2024-07-26
7203,66344,Changed mind,525.91,Approved,2024-12-20
7204,66361,Shade mismatch,823.09,Approved,2025-03-20
7205,66377,Wrong size,4348.88,Approved,2026-08-04
7206,66382,Wrong size,1287.64,Approved,2024-02-03
7207,66383,Color mismatch,1488.07,Pending,2024-02-07
7208,66385,Fabric quality poor,782.44,Approved,2025-06-02
7209,66386,Changed mind,8230.68,Approved,2025-06-27
7210,66389,Size too small,782.44,Approved,2025-07-19
7211,66398,Shade mismatch,2587.34,Approved,2024-02-20
7212,66404,Size issue,776.2,Pending,2024-03-21
7213,66445,Wrong size,2575.28,Approved,2025-05-04
7214,66448,Color mismatch,1564.88,Rejected,2025-05-13
7215,66456,Size too large,1985.38,Approved,2025-06-20
7216,66458,Changed mind,1564.88,Approved,2025-06-20
7217,66471,Changed mind,562.47,Rejected,2025-02-08
7218,66472,Allergic reaction,275.13,Pending,2025-06-14
7219,66486,Color mismatch,4839.56,Pending,2026-01-02
7220,66497,Color mismatch,2231.12,Rejected,2026-06-07
7221,66498,Color mismatch,893.75,Approved,06/08/2026
7222,66507,Changed mind,1293.67,Approved,2026-07-28
7223,66517,Changed mind,2767.26,Pending,2026-09-08
7224,66521,Size too large,3021.33,Approved,2026-09-06
7225,66544,Fabric quality poor,1477.93,Approved,2026-05-24
7226,66566,Size too small,1939.6,Rejected,2026-06-12
7227,66579,Allergic reaction,1087.25,Approved,2026-08-14
7228,66582,Size issue,804.47,Rejected,2026-09-05
7229,66584,CHANGED MIND,3668.7,Approved,2026-09-01
7230,66602,Changed mind,869.3,Approved,2025-01-01
7231,66604,Allergic reaction,695.64,Approved,2024-12-28
7232,66605,Changed mind,664.45,Approved,2024-12-24
7233,66655,changed mind,205.29,Approved,2026-03-30
7234,66663,Changed mind,893.22,Approved,2025-12-30
7235,66677,Not as described,988.73,Approved,2026-01-27
7236,66680,Allergic reaction,1240.53,Pending,2026-04-19
7237,66688,Color mismatch,1115.56,Approved,2024-01-07
7238,66691,Product damaged,434.65,Approved,2025-11-24
7239,66694,Uncomfortable fit,1115.56,Approved,2024-12-06
7240,66695,Uncomfortable fit,5945.6,Approved,2024-12-06
7241,66705,Changed mind,5945.6,Approved,2025-08-30
7242,66710,Size too small,3021.33,Approved,2025-10-28
7243,66716,Color mismatch,2231.12,Approved,2025-11-23
7244,66726,Wrong size,2419.78,Rejected,2026-04-16
7245,66729,Uncomfortable fit,5487.12,Pending,2026-04-24
7246,66762,Changed mind,1985.38,Approved,2024-07-24
7247,66776,Changed mind,2174.5,Approved,2025-09-01
7248,66777,Changed mind,988.73,Approved,2025-12-30
7249,66792,Fabric quality poor,1477.93,Approved,2026-03-07
7250,66803,Changed mind,846.15,Approved,2026-05-20
7251,66815,Color mismatch,2419.78,Approved,2026-07-27
7252,66821,Changed mind,2489.4,Approved,2026-08-23
7253,66837,Changed mind,2270.49,Approved,2026-06-07
7254,66850,Size issue,716.49,Rejected,2026-09-01
7255,66854,Product damaged,264.09,Rejected,2026-09-07
7256,66867,Allergic reaction,2587.34,Approved,2025-09-08
7257,66887,Wrong size,3833.9,Approved,2025-11-27
7258,66901,Size issue,1432.98,Approved,2026-03-23
7259,66910,Changed mind,2743.56,Approved,2026-07-20
7260,66931,Not as described,525.91,Approved,2026-05-18
7261,66933,Changed mind,2489.4,Approved,2026-06-06
7262,66938,Shade mismatch,695.64,Approved,2026-06-23
7263,66945,Changed mind,988.73,Approved,2026-06-30
7264,66959,Size issue,804.47,Approved,2026-08-21
7265,66969,Changed mind,1916.95,Approved,2026-09-03
7266,66983,Product damaged,434.65,Approved,2023-12-22
7267,66987,Sole damage,6523.32,Approved,2023-12-23
7268,66991,Uncomfortable fit,844.84,Approved,2023-12-30
7269,66994,Product damaged,1087.25,Pending,2024-03-08
7270,66996,Color mismatch,1115.56,Approved,2024-04-11
7271,67019,Uncomfortable fit,2743.56,Approved,2025-05-15
7272,67026,Color mismatch,2088.22,Approved,2025-09-10
7273,67033,Uncomfortable fit,1689.68,Approved,2025-10-17
7274,67042,Fabric quality poor,3021.33,Approved,2026-02-09
7275,67044,Size too small,2954.08,Approved,2026-02-01
7276,67050,Color mismatch,2972.8,Rejected,2026-04-15
7277,67052,Not as described,377.09,Approved,2026-05-14
7278,67068,Changed mind,893.22,Rejected,2023-12-03
7279,67073,Color mismatch,1787.5,Rejected,2024-07-15
7280,67081,Sole damage,3862.92,Rejected,2025-05-31
7281,67090,Changed mind,1477.93,Approved,29-11-2025
7282,67094,Changed mind,782.44,Approved,2026-03-10
7283,67095,Size issue,654.36,Approved,2026-03-12
7284,67110,Sole damage,844.84,Approved,2026-03-21
7285,67124,Wrong size,1115.56,Approved,2026-03-30
7286,67135,color mismatch,5956.14,Approved,2023-10-14
7287,67159,Sole damage,4176.44,Approved,2026-09-06
7288,67165,Uncomfortable fit,2174.44,Approved,2026-05-26
7289,67166,Sole damage,8918.4,Approved,2025-06-25
7290,67186,Changed mind,2088.22,Approved,08/26/2025
7291,67191,Color mismatch,1985.38,Approved,2026-08-24
7292,67193,Changed mind,804.47,Approved,2026-08-19
7293,67197,Allergic reaction,434.65,Approved,2026-06-08
7294,67204,Wrong size,1916.95,Rejected,2026-06-21
7295,67216,Uncomfortable fit,1834.35,Approved,2026-08-28
7296,67217,Uncomfortable fit,2419.78,Approved,2026-08-19
7297,67241,Sole damage,2088.22,Approved,2025-11-10
7298,67251,Changed mind,716.49,Approved,2024-11-11
7299,67260,Uncomfortable fit,1287.64,Approved,2025-01-25
7300,67269,Not as described,200.78,Approved,2025-06-09
7301,67273,Uncomfortable fit,844.84,Rejected,2025-07-09
7302,67275,Shade mismatch,1087.25,Approved,03-09-2025
7303,67289,Changed mind,1353.12,Approved,2026-06-14
7304,67302,Color mismatch,5945.6,Approved,2026-09-05
7305,67305,Size too large,782.44,Rejected,2025-03-16
7306,67306,Size too large,893.75,Approved,2025-07-10
7307,67309,Fabric quality poor,5522.26,Approved,2025-10-26
7308,67334,Changed mind,264.09,Approved,2025-04-11
7309,67341,Fabric quality poor,4433.79,Approved,2026-02-03
7310,67349,Size too small,1985.38,Rejected,2026-06-19
7311,67351,Uncomfortable fit,1488.07,Approved,2024-09-10
7312,67353,Wrong size,2743.56,Approved,2024-09-02
7313,67366,Sole damage,5945.6,Approved,2026-08-19
7314,67373,Color mismatch,2976.14,Approved,2026-08-17
7315,67379,Changed mind,1308.72,Rejected,2026-08-26
7316,67380,Changed mind,1240.53,Approved,2026-09-05
7317,67390,Size too small,5522.26,Rejected,2025-06-20
7318,67401,Size too large,4431.12,Approved,2026-02-24
7319,67404,Fabric quality poor,782.44,Rejected,2026-01-18
7320,67415,fabric quality poor,782.44,Approved,2026-01-15
7321,67432,Uncomfortable fit,1916.95,Pending,2026-01-06
7322,67434,Sole damage,2972.8,Approved,2026-01-15
7323,67437,Changed mind,782.44,Approved,2026-01-07
7324,67439,Allergic reaction,823.09,Approved,2026-01-17
7325,67446,Allergic reaction,1293.67,Approved,2025-11-18
7326,67458,Sole damage,1287.64,Approved,2024-05-01
7327,67463,Color mismatch,2489.4,Rejected,2024-11-24
7328,67473,Not as described,716.49,Pending,2025-07-12
7329,67494,Color mismatch,969.8,Approved,2024-04-11
7330,67517,Changed mind,1608.94,Approved,2026-06-17
7331,67519,Changed mind,988.73,Rejected,2026-07-29
7332,67536,Fabric quality poor,1564.88,Approved,2026-06-07
7333,67544,Changed mind,2088.22,Approved,2026-06-20
7334,67549,Size too small,782.44,Approved,2026-07-28
7335,67553,Uncomfortable fit,1488.07,Approved,2026-07-28
7336,67579,Size too small,969.8,Rejected,2025-04-07
7337,67581,Changed mind,789.2,Approved,2025-06-30
7338,67583,Fabric quality poor,782.44,Approved,2025-08-03
7339,67584,Size too large,3021.33,Approved,2025-08-02
7340,67589,Changed mind,6042.66,Rejected,2026-04-06
7341,67604,Size too large,969.8,Approved,2024-11-24
7342,67607,Not as described,525.91,Approved,2024-12-25
7343,67614,Changed mind,6042.66,Approved,2025-06-20
7344,67643,Size too small,1985.38,Approved,2026-01-28
7345,67647,Changed mind,1328.9,Approved,2026-02-02
7346,67648,Not as described,290.88,Approved,2026-02-17
7347,67670,Size too small,893.75,Approved,2025-03-15
7348,67671,Wrong size,1916.95,Approved,2025-03-17
7349,67674,Wrong size,2174.44,Rejected,2025-06-24
7350,67684,Sole damage,1834.35,Approved,2025-09-24
7351,67685,Changed mind,869.3,Approved,2025-10-24
7352,67686,Product damaged,695.64,Pending,2025-10-29
7353,67689,Changed mind,1432.98,Approved,2026-06-09
7354,67714,Uncomfortable fit,1115.56,Approved,2026-06-29
7355,67724,Wrong size,4839.56,Approved,2024-05-26
7356,67728,Changed mind,669.38,Approved,2024-08-19
7357,67730,Fabric quality poor,893.75,Rejected,2024-08-24
7358,67739,Changed mind,3021.33,Pending,2025-01-06
7359,67749,Fabric quality poor,1985.38,Approved,2025-03-30
7360,67754,Fabric quality poor,3021.33,Approved,2025-08-31
7361,67761,Changed mind,669.38,Approved,2026-07-02
7362,67762,Size issue,2413.41,Approved,2026-06-23
7363,67771,Product damaged,846.15,Approved,2025-01-27
7364,67776,Size too large,3021.33,Approved,2026-04-01
7365,67792,Size issue,776.2,Approved,2026-05-15
7366,67800,Wrong size,2743.56,Pending,2025-06-18
7367,67809,Uncomfortable fit,1916.95,Approved,2024-04-19
7368,67813,Shade mismatch,664.45,Approved,2024-08-26
7369,67821,Wrong size,2575.28,Approved,2025-01-14
7370,67833,Sole damage,2972.8,Approved,2025-04-22
7371,67837,Color mismatch,2761.13,Approved,2025-06-18
7372,67840,Changed mind,1477.93,Approved,2025-06-10
7373,67843,Color mismatch,922.42,Rejected,2025-11-22
7374,67850,not as described,988.73,Approved,2026-02-04
7375,67867,Size too large,782.44,Approved,2026-04-12
7376,67876,Size too small,1844.84,Rejected,2026-06-18
7377,67881,Not as described,654.36,Approved,2026-06-26
7378,67891,Product damaged,664.45,Approved,2026-08-10
7379,67893,Allergic reaction,434.65,Approved,02-09-2026
7380,67908,Changed mind,2029.68,Approved,2026-03-25
7381,67912,Changed mind,389.69,Approved,2026-03-30
7382,67913,Changed mind,1240.53,Approved,2026-03-29
7383,67920,Size issue,377.09,Pending,2026-04-28
7384,67924,Color mismatch,9063.99,Approved,2026-05-06
7385,67928,Not as described,669.38,Approved,2026-05-19
7386,67955,Sole damage,1916.95,Pending,06/23/2026
7387,67957,Changed mind,654.38,Pending,2026-06-22
7388,67962,Size too small,782.44,Approved,2026-06-24
7389,67963,Color mismatch,1985.38,Approved,2026-06-29
7390,67977,Size too small,3021.33,Approved,2026-07-01
7391,67981,Color mismatch,1477.93,Pending,2026-07-03
7392,67983,Size too large,1477.04,Approved,2026-07-01
7393,67987,Not as described,525.91,Rejected,2026-06-24
7394,67990,Size issue,988.73,Approved,2026-06-22
7395,68014,Changed mind,695.64,Approved,2025-10-05
7396,68016,Size too small,969.8,Approved,2025-10-20
7397,68035,Size too large,2761.13,Approved,2025-11-24
7398,68039,Allergic reaction,1293.67,Approved,2025-12-03
7399,68045,Size too large,2955.86,Rejected,2025-12-01
7400,68057,Shade mismatch,1087.25,Approved,2025-12-20
7401,68062,Wrong size,2174.44,Approved,2026-01-02
7402,68070,Wrong size,2231.12,Approved,2026-01-20
7403,68074,Size issue,669.38,Approved,2026-03-27
7404,68088,uncomfortable fit,3833.9,Approved,2025-04-28
7405,68111,Product damaged,386.2,Approved,2025-11-23
7406,68112,Changed mind,2419.78,Approved,2025-11-26
7407,68131,Uncomfortable fit,1916.95,Approved,2026-08-29
7408,68137,Size too small,5522.26,Approved,2026-08-24
7409,68141,Changed mind,1338.76,Approved,2026-08-22
7410,68165,Product damaged,3721.59,Pending,2026-09-06
7411,68171,Fabric quality poor,3970.76,Approved,2026-09-10
7412,68181,Size too small,3021.33,Approved,2024-11-23
7413,68187,Changed mind,361.35,Approved,2025-06-18
7414,68194,Fabric quality poor,922.42,Pending,2025-11-03
7415,68198,Changed mind,782.44,Approved,2026-05-18
7416,68203,Allergic reaction,2587.34,Approved,2026-07-15
7417,68211,Size too small,1844.84,Approved,07/07/2026
7418,68226,Allergic reaction,275.13,Approved,2026-03-28
7419,68246,Size issue,804.47,Approved,2026-03-29
7420,68263,Size too small,893.75,Approved,2025-03-21
7421,68265,Uncomfortable fit,2419.78,Pending,2025-05-23
7422,68272,Changed mind,2976.14,Approved,2025-06-25
7423,68276,Size issue,375.75,Approved,2025-07-01
7424,68281,Size too large,1985.38,Approved,2025-07-13
7425,68282,Size too small,2270.49,Approved,2025-07-08
7426,68292,Changed mind,2231.12,Pending,2025-11-30
7427,68334,Size too large,1477.04,Approved,2026-03-15
7428,68335,Changed mind,5522.26,Approved,2026-03-16
7429,68337,Size too large,2270.49,Approved,2026-03-30
7430,68343,Uncomfortable fit,2174.44,Approved,2026-04-25
7431,68344,Size too large,4540.98,Rejected,2026-05-02
7432,68380,Changed mind,1183.8,Approved,2026-06-15
7433,68384,Uncomfortable fit,844.84,Approved,2026-06-30
7434,68385,Wrong size,844.84,Approved,2026-07-01
7435,68394,Uncomfortable fit,1115.56,Rejected,2026-07-03
7436,68395,Changed mind,1564.88,Approved,2026-06-26
7437,68414,Changed mind,2972.8,Rejected,2026-08-28
7438,68429,Shade mismatch,1293.67,Approved,2026/09/10
7439,68431,Size too large,922.42,Approved,2026-09-07
7440,68432,Color mismatch,969.8,Approved,2026-09-04
7441,68434,Size too small,4978.8,Approved,2026-09-06
7442,68449,Color mismatch,2270.49,Approved,2025-05-02
7443,68458,Allergic reaction,1293.67,Approved,2026-03-16
7444,68497,Fabric quality poor,2489.4,Approved,2026-06-05
7445,68502,Changed mind,3721.59,Approved,2026-06-16
7446,68504,Color mismatch,1689.68,Approved,2026-06-12
7447,68523,Size too small,969.8,Approved,2026-07-30
7448,68525,Size too small,1477.93,Approved,2026-08-11
7449,68531,Size too large,893.75,Pending,2026-08-27
7450,68533,Changed mind,782.44,Approved,2026-08-28
7451,68549,Not as described,386.2,Approved,2026-08-31
7452,68552,Size too large,2761.13,Approved,2026-09-05
7453,68553,Allergic reaction,2469.27,Approved,2026-09-06
7454,68557,Color mismatch,1287.64,Pending,2023-12-01
7455,68565,Wrong size,1287.64,Approved,2025-03-29
7456,68572,Changed mind,893.75,Approved,2025-11-19
7457,68573,Fabric quality poor,782.44,Approved,2025-11-14
7458,68574,Changed mind,804.47,Approved,2025-12-29
7459,68576,Allergic reaction,3881.01,Rejected,2026-02-28
7460,68585,Product damaged,3261.75,Pending,2026-06-02
7461,68588,Size too small,2761.13,Approved,2025-10-12
7462,68596,Changed mind,2575.28,Approved,2025-12-24
7463,68597,Changed mind,846.15,Approved,2025-12-27
7464,68603,Not as described,1353.12,Approved,2025-12-30
7465,68608,Fabric quality poor,893.75,Approved,2026-01-10
7466,68624,Not as described,772.4,Approved,2026-02-26
7467,68644,Uncomfortable fit,4348.88,Approved,2026-08-22
7468,68646,Product damaged,562.47,Approved,2026-08-23
7469,68663,Changed mind,1240.53,Approved,2024-08-31
7470,68667,Changed mind,375.75,Approved,2025-01-06
7471,68671,Color mismatch,5522.26,Pending,2025-10-25
7472,68683,Size issue,375.75,Approved,2024-01-02
7473,68685,Size issue,669.38,Rejected,2025-02-09
7474,68700,Changed mind,1287.64,Approved,2026-08-07
7475,68701,CHANGED MIND,2174.44,Approved,2026-08-17
7476,68710,Uncomfortable fit,2174.44,Approved,2026-08-29
7477,68734,Product damaged,233.58,Approved,2026-09-04
7478,68742,Changed mind,9063.99,Approved,2026-09-15
7479,68746,Color mismatch,1985.38,Approved,2026-09-13
7480,68774,Size issue,716.49,Approved,2025-12-23
7481,68779,Uncomfortable fit,3668.7,Rejected,2026-02-27
7482,68786,Size issue,654.36,Approved,2026-04-16
7483,68787,Not as described,1353.12,Approved,2026-04-14
7484,68793,Changed mind,233.58,Approved,2026-05-22
7485,68796,Changed mind,2972.8,Approved,2026-06-29
7486,68798,Sole damage,1834.35,Approved,2026-07-12
7487,68807,Product damaged,301.02,Approved,2026-08-19
7488,68810,Product damaged,275.13,Approved,2026-07-23
7489,68820,Color mismatch,1834.35,Approved,2026-08-25
7490,68834,Allergic reaction,893.22,Approved,2026-09-03
7491,68841,Changed mind,1646.18,Approved,2026-08-28
7492,68843,Changed mind,275.13,Pending,2026-09-02
7493,68854,Size too small,782.44,Approved,2026-09-13
7494,68872,Size too small,9063.99,Approved,2026-06-19
7495,68877,Size too large,2761.13,Approved,2024-12-30
7496,68904,Size too small,2270.49,Approved,2025-11-27
7497,68906,Wrong size,2419.78,Approved,2025-12-19
7498,68915,Changed mind,969.8,Approved,2026-01-01
7499,68931,Product damaged,434.65,Approved,2026-03-24
7500,68934,Changed mind,2679.66,Rejected,2026-03-28
7501,68945,Changed mind,8230.68,Approved,2026-06-10
7502,68956,Size issue,716.49,Approved,2026-06-03
7503,68957,Changed mind,2174.5,Approved,2025-01-09
7504,68962,Color mismatch,1115.56,Approved,2026-02-28
7505,68964,Color mismatch,1477.04,Approved,2026-03-19
7506,68965,Color mismatch,782.44,Approved,2026-03-20
7507,68971,Size too small,8283.39,Approved,2026-06-02
7508,68973,Size too small,893.75,Approved,2026-05-27
7509,68977,Changed mind,1087.25,Approved,2026-08-12
7510,68986,Product damaged,1158.6,Approved,2026-06-14
7511,69000,Not as described,525.91,Pending,2026-06-19
7512,69007,Size too large,3021.33,Approved,2026-06-04
7513,69008,Fabric quality poor,2761.13,Approved,2026-06-01
7514,69015,Shade mismatch,1786.44,Approved,2026-06-05
7515,69020,Allergic reaction,893.22,Approved,2026-06-08
7516,69028,Not as described,789.2,Approved,2026-06-03
7517,69029,Size issue,1353.12,Approved,2026-06-04
7518,69048,Color mismatch,2088.22,Approved,2026-03-13
7519,69051,Color mismatch,844.84,Approved,2026-03-13
7520,69073,Size too small,969.8,Approved,2026-03-12
7521,69077,Changed mind,200.78,Approved,2026-03-10
7522,69100,Color mismatch,2972.8,Approved,2026-03-17
7523,69101,Sole damage,5750.85,Rejected,2026-03-12
7524,69111,changed mind,2538.45,Approved,2026-03-05
7525,69116,Changed mind,669.38,Approved,2024-10-15
7526,69130,Size too small,2489.4,Rejected,2024-12-18
7527,69142,Product damaged,1786.44,Approved,2025-07-02
7528,69145,Allergic reaction,434.65,Pending,2025-07-27
7529,69155,Changed mind,1689.68,Approved,2025-09-06
7530,69156,Changed mind,2972.8,Pending,2025-08-31
7531,69158,Size too large,2489.4,Approved,2026-03-26
7532,69164,Uncomfortable fit,4839.56,Approved,2026-04-25
7533,69165,Uncomfortable fit,1488.07,Approved,2026-04-24
7534,69169,Size issue,988.73,Approved,2026-04-26
7535,69212,Size too large,922.42,Approved,2025-12-27
7536,69216,Not as described,389.69,Approved,2026-02-15
7537,69226,Not as described,804.47,Approved,2025-08-14
7538,69238,Changed mind,1115.56,Pending,2026-06-20
7539,69245,Changed mind,2955.86,Rejected,2026-08-07
7540,69256,Size too large,1477.93,Pending,2026-09-06
7541,69262,Product damaged,301.02,Rejected,2026-09-10
7542,69273,Uncomfortable fit,2174.44,Approved,2023-12-15
7543,69281,Sole damage,2743.56,Approved,2024-02-10
7544,69320,Color mismatch,2419.78,Approved,2025-11-30
7545,69330,Uncomfortable fit,5503.05,Approved,2026-02-11
7546,69334,Product damaged,823.09,Approved,2026-02-28
7547,69365,Size too small,2681.25,Approved,2026-01-26
7548,69368,Size too large,782.44,Approved,2024-04-06
7549,69379,Size too large,2761.13,Approved,2024-09-01
7550,69383,Changed mind,562.47,Rejected,2025-01-07
7551,69391,Changed mind,3021.33,Approved,2025-12-02
7552,69399,Changed mind,1977.46,Approved,2026-06-08
7553,69403,FABRIC QUALITY POOR,2761.13,Pending,2024-06-17
7554,69408,Changed mind,4978.8,Approved,2024-09-27
7555,69426,Product damaged,893.22,Approved,2026-01-31
7556,69439,Sole damage,2972.8,Approved,2025-01-13
7557,69453,Allergic reaction,562.47,Approved,2023-08-16
7558,69475,Size issue,804.47,Approved,2025-10-27
7559,69482,Sole damage,2088.22,Approved,2026-02-04
7560,69485,Changed mind,3668.7,Approved,2026-08-18
7561,69505,Uncomfortable fit,2419.78,Rejected,2026-09-01
7562,69514,Size too large,4978.8,Rejected,2026-09-13
7563,69530,Changed mind,2972.8,Approved,2024-11-10
7564,69537,Color mismatch,782.44,Approved,2025-10-16
7565,69551,Wrong size,5487.12,Approved,2026-08-19
7566,69552,Product damaged,394.6,Approved,2026-08-25
7567,69587,Not as described,264.09,Approved,2025-07-17
7568,69603,Size too small,1564.88,Pending,2026-06-17
7569,69620,Color mismatch,922.42,Pending,2026-09-09
7570,69625,Size issue,654.38,Approved,2026-09-12
7571,69629,Color mismatch,1939.6,Rejected,2026-09-13
7572,69649,Changed mind,782.44,Approved,2026-09-14
7573,69690,Uncomfortable fit,1287.64,Rejected,2026-03-26
7574,69701,Color mismatch,1488.07,Approved,2026-07-05
7575,69716,Fabric quality poor,1985.38,Approved,2026-08-28
7576,69727,Allergic reaction,893.22,Approved,2025-03-22
7577,69752,Changed mind,264.09,Approved,2024-07-23
7578,69776,Product damaged,467.16,Approved,2024-10-18
7579,69800,Wrong size,4348.88,Approved,2025-03-23
7580,69807,Changed mind,1287.64,Rejected,2025-07-06
7581,69818,Product damaged,550.26,Approved,2024-02-09
7582,69831,Changed mind,1477.93,Approved,2025-08-27
7583,69837,Product damaged,789.2,Approved,2026-05-23
7584,69852,Not as described,722.7,Approved,2024-08-21
7585,69856,Changed mind,264.09,Approved,2025-03-25
7586,69860,Changed mind,377.09,Approved,2025-09-06
7587,69878,Changed mind,893.22,Approved,2026-06-06
7588,69887,Changed mind,1432.98,Rejected,2026-07-20
7589,69890,changed mind,3021.33,Rejected,2026-07-30
7590,69892,Size too large,1985.38,Approved,2026-08-01
7591,69897,Product damaged,695.64,Approved,2026-08-24
7592,69902,Product damaged,275.13,Approved,2025-04-04
7593,69910,Changed mind,1308.72,Rejected,2026-06-12
7594,69912,Not as described,716.49,Approved,2026-06-04
7595,69913,Size issue,988.73,Approved,2026-06-13
7596,69920,Color mismatch,1844.84,Rejected,2026-04-08
7597,69926,Uncomfortable fit,3346.68,Approved,2026-05-24
7598,69941,Product damaged,301.02,Approved,2026-06-29
7599,69947,Color mismatch,1477.93,Approved,2026-06-26
7600,69949,Size issue,654.36,Rejected,2026-06-26
7601,69973,Color mismatch,1287.64,Approved,2026-08-23
7602,69983,Color mismatch,969.8,Approved,2026-08-31
7603,69987,Changed mind,2761.13,Approved,2026-09-11
7604,69996,Size too small,1985.38,Approved,2024-10-26
7605,70009,Allergic reaction,275.13,Approved,2026-08-04
7606,70016,Color mismatch,1916.95,Approved,2026-09-13
7607,70042,Allergic reaction,2587.34,Approved,2025-08-23
7608,70077,Product damaged,275.13,Approved,2023-09-05
7609,70082,Uncomfortable fit,5503.05,Approved,2024-12-15
7610,70130,Not as described,243.4,Approved,2024-12-16
7611,70135,Size too large,6042.66,Approved,2025-01-11
7612,70137,Changed mind,922.42,Approved,2025-02-25
7613,70141,Changed mind,2909.4,Approved,2025-04-22
7614,70149,Not as described,205.29,Approved,2025-08-22
7615,70153,Uncomfortable fit,5945.6,Pending,2025-09-08
7616,70173,Product damaged,1646.18,Approved,2026-03-24
7617,70190,Changed mind,8283.39,Approved,2026-09-01
7618,70191,Product damaged,386.2,Approved,2026-05-10
7619,70195,Product damaged,389.69,Pending,2026-05-13
7620,70202,Color mismatch,1834.35,Rejected,2026-05-11
7621,70211,Changed mind,3668.7,Approved,2026-05-08
7622,70242,Uncomfortable fit,2972.8,Approved,2024-10-28
7623,70243,Sole damage,1287.64,Approved,2024-10-22
7624,70245,Not as described,200.78,Approved,2024-11-14
7625,70250,Changed mind,1939.6,Pending,2025-03-21
7626,70260,Changed mind,823.09,Approved,2025-07-22
7627,70278,Changed mind,1844.84,Approved,2025-10-28
7628,70286,Size too large,782.44,Approved,2026-01-15
7629,70291,Shade mismatch,1692.3,Approved,2026-02-03
7630,70297,Color mismatch,2419.78,Approved,2026-04-15
7631,70312,Changed mind,3021.33,Rejected,2026-01-09
7632,70314,Size too small,3021.33,Approved,2026-01-04
7633,70316,Allergic reaction,1646.18,Approved,2025-12-29
7634,70330,Color mismatch,1488.07,Approved,2026-06-16
7635,70332,Changed mind,5945.6,Approved,2026-06-27
7636,70338,Color mismatch,2174.44,Approved,2025-06-12
7637,70342,Size too large,7468.2,Approved,2025-08-06
7638,70367,Not as described,1308.76,Rejected,2026-03-23
7639,70371,Color mismatch,2088.22,Approved,2026-06-22
7640,70373,Uncomfortable fit,5487.12,Rejected,2026-06-13
7641,70385,Color mismatch,2575.28,Approved,2026-08-14
7642,70387,Uncomfortable fit,5503.05,Approved,2026-08-28
7643,70389,Not as described,676.56,Approved,2024-04-28
7644,70393,Uncomfortable fit,1287.64,Approved,2024-10-28
7645,70408,Product damaged,695.64,Approved,2025-11-04
7646,70419,Wrong size,4176.44,Approved,2026-01-13
7647,70437,Changed mind,846.15,Approved,2026-03-22
7648,70471,Size too small,2761.13,Approved,2026/05/09
7649,70475,Size issue,804.47,Approved,2026-02-20
7650,70492,Product damaged,1240.53,Approved,2025-02-10
7651,70503,Changed mind,2972.8,Approved,2026-01-21
7652,70505,Changed mind,525.91,Approved,2026-01-21
7653,70507,Wrong size,2231.12,Approved,2026-01-28
7654,70510,Product damaged,823.09,Approved,2026-02-06
7655,70512,Sole damage,844.84,Approved,2026-01-28
7656,70514,Shade mismatch,562.47,Rejected,2026-02-05
7657,70524,Changed mind,2972.8,Approved,2026-02-26
7658,70538,Shade mismatch,1328.9,Approved,2026-04-13
7659,70596,Color mismatch,1787.5,Approved,2026-01-27
7660,70605,Fabric quality poor,922.42,Approved,2026-06-20
7661,70609,Wrong size,2575.28,Pending,2026-06-23
7662,70611,Product damaged,389.69,Approved,2026-07-04
7663,70629,Changed mind,1115.56,Approved,2026-08-23
7664,70630,Wrong size,2174.44,Pending,2026-08-29
7665,70634,Sole damage,2976.14,Approved,2026-09-04
7666,70635,Uncomfortable fit,3833.9,Approved,2026-09-05
7667,70646,Sole damage,1488.07,Approved,2026-06-30
7668,70652,Product damaged,695.64,Approved,2026-07-16
7669,70676,Wrong size,1488.07,Approved,2025-10-05
7670,70680,Size too small,2270.49,Pending,2025-10-10
7671,70681,Changed mind,6042.66,Rejected,2025-10-08
7672,70693,Shade mismatch,2587.34,Approved,2025-11-15
7673,70699,Changed mind,1834.35,Approved,2025-12-06
7674,70701,Color mismatch,2419.78,Approved,2025-12-02
7675,70705,Uncomfortable fit,844.84,Approved,2026-01-08
7676,70709,Not as described,722.7,Approved,31 Dec 2025
7677,70733,Changed mind,525.91,Approved,2026-07-23
7678,70746,Not as described,988.73,Approved,2026-09-05
7679,70750,Shade mismatch,664.45,Approved,2026-08-31
7680,70753,Fabric quality poor,922.42,Approved,2025-01-05
7681,70760,Changed mind,1488.07,Rejected,2025-06-12
7682,70761,Size too small,893.75,Approved,2026-02-23
7683,70778,Color mismatch,6811.47,Approved,2026-08-11
7684,70779,Fabric quality poor,1477.04,Approved,2026-08-10
7685,70780,Size too small,922.42,Approved,2026-08-07
7686,70794,Size too small,1985.38,Approved,2024-02-15
7687,70802,Uncomfortable fit,2743.56,Rejected,2026-03-25
7688,70810,Color mismatch,893.75,Approved,2026-08-19
7689,70831,Wrong size,5945.6,Rejected,2026-03-05
7690,70845,Changed mind,2489.4,Approved,2026-03-27
7691,70847,Shade mismatch,275.13,Approved,28-05-2026
7692,70850,Shade mismatch,562.47,Approved,2025-02-05
7693,70863,Changed mind,1293.67,Rejected,2025-09-25
7694,70870,Changed mind,2489.4,Approved,2025-11-09
7695,70882,Changed mind,1293.67,Approved,2026-08-02
7696,70884,Size too large,2761.13,Approved,2026-08-25
7697,70889,Changed mind,2761.13,Approved,2025-06-22
7698,70898,Changed mind,2489.4,Approved,2026-07-21
7699,70926,Changed mind,1287.64,Pending,2025-06-04
7700,70929,Uncomfortable fit,844.84,Approved,2025-06-03
7701,70930,Allergic reaction,893.22,Approved,2025-10-10
7702,70934,Allergic reaction,434.65,Approved,2025-11-12
7703,70947,Sole damage,1834.35,Approved,2026-02-10
7704,70949,Color mismatch,1564.88,Rejected,2025-04-16
7705,70962,Uncomfortable fit,1834.35,Approved,2026-03-16
7706,70964,changed mind,922.42,Approved,2026-04-10
7707,70967,Shade mismatch,562.47,Approved,2026-04-08
7708,70975,Size issue,2008.14,Approved,2026-07-26
7709,70979,Color mismatch,1115.56,Approved,2026-05-03
7710,70982,Color mismatch,2743.56,Approved,2026-05-21
7711,70985,Changed mind,2419.78,Approved,2026-05-22
7712,70998,Color mismatch,1488.07,Approved,2026-06-25
7713,70999,Color mismatch,2088.22,Approved,2026-06-17
7714,71006,Changed mind,6264.66,Rejected,2026-07-08
7715,71008,Changed mind,1087.25,Approved,2026-08-01
7716,71013,Changed mind,1303.95,Approved,2026-08-22
7717,71034,Changed mind,2743.56,Approved,2026-08-29
7718,71044,Product damaged,823.09,Approved,2025-11-13
7719,71059,Size too large,2767.26,Pending,2025-12-26
7720,71070,Product damaged,1240.53,Pending,2026-01-24
7721,71089,Shade mismatch,1240.53,Approved,2026-06-30
7722,71100,Uncomfortable fit,2743.56,Rejected,2026-09-01
7723,71106,Uncomfortable fit,5487.12,Approved,2026-03-23
7724,71113,Changed mind,1391.28,Approved,2025-10-05
7725,71120,Allergic reaction,1692.3,Approved,2026-03-23
7726,71121,Allergic reaction,562.47,Approved,2026-06-08
7727,71128,Color mismatch,1477.04,Pending,2024-08-18
7728,71148,Changed mind,1985.38,Rejected,2025-06-11
7729,71166,Color mismatch,1287.64,Approved,2026-09-14
7730,71170,Color mismatch,2976.14,Pending,2024-03-04
7731,71185,Product damaged,664.45,Pending,2025-02-23
7732,71202,Size too small,5956.14,Rejected,2026-02-01
7733,71205,Wrong size,5487.12,Approved,2026-03-29
7734,71217,Fabric quality poor,2270.49,Approved,2025-08-19
7735,71219,Uncomfortable fit,1115.56,Approved,2025-08-25
7736,71224,Size too large,2761.13,Approved,2025-09-03
7737,71227,Shade mismatch,434.65,Pending,12-09-2025
7738,71229,Product damaged,467.16,Pending,2025-09-09
7739,71232,Changed mind,2976.14,Pending,2025-10-17
7740,71242,Changed mind,2088.22,Approved,2025-12-27
7741,71247,Uncomfortable fit,1916.95,Approved,2026-01-06
7742,71248,Color mismatch,1985.38,Approved,2026-01-13
7743,71262,Color mismatch,2743.56,Approved,2026-02-15
7744,71268,Sole damage,2972.8,Approved,2026-03-05
7745,71269,Color mismatch,3833.9,Approved,2026-03-01
7746,71284,Changed mind,804.47,Approved,2024-08-26
7747,71294,Product damaged,1293.67,Approved,2025-10-05
7748,71295,Product damaged,1124.94,Pending,2025-10-06
7749,71316,Not as described,1131.27,Approved,2025-09-24
7750,71320,Size too small,2489.4,Approved,2025-11-16
7751,71321,Changed mind,2270.49,Approved,2025-11-15
7752,71322,Wrong size,1916.95,Approved,2025-11-14
7753,71338,Color mismatch,2270.49,Approved,2026-03-06
7754,71341,changed mind,1477.93,Approved,2026-04-01
7755,71342,Uncomfortable fit,844.84,Rejected,2026-04-11
7756,71357,Changed mind,1939.6,Approved,09 Aug 2026
7757,71362,Size issue,375.75,Approved,2026-09-12
7758,71383,Product damaged,1124.94,Approved,2026-05-13
7759,71394,Size too large,3021.33,Rejected,2026/06/30
7760,71401,Changed mind,4431.12,Approved,2026-08-16
7761,71417,Fabric quality poor,2489.4,Rejected,2024-05-03
7762,71443,Size too large,1985.38,Approved,2026-03-15
7763,71444,Fabric quality poor,5522.26,Approved,2026-03-20
7764,71447,Shade mismatch,1293.67,Approved,2026-03-21
7765,71469,Changed mind,1488.07,Approved,2024-05-11
7766,71481,Changed mind,1488.07,Approved,2026-04-04
7767,71484,Color mismatch,1834.35,Rejected,2026-08-28
7768,71505,Uncomfortable fit,1287.64,Approved,2026-04-27
7769,71509,Size too small,1787.5,Pending,2026-06-12
7770,71525,Size too large,2909.4,Approved,2024-08-29
7771,71534,Allergic reaction,2174.5,Approved,2025-04-02
7772,71546,Changed mind,654.38,Approved,2026-05-22
7773,71569,Changed mind,1328.9,Approved,2025-04-01
7774,71575,Changed mind,377.09,Approved,2025-07-12
7775,71588,Changed mind,2575.28,Approved,2025-12-03
7776,71594,Changed mind,664.45,Pending,2026-05-02
7777,71611,changed mind,669.38,Approved,2025-10-03
7778,71613,Wrong size,844.84,Approved,2025-11-01
7779,71619,Color mismatch,2088.22,Approved,2026-02-06
7780,71621,Allergic reaction,275.13,Approved,2026-04-13
7781,71635,Size issue,654.36,Approved,2025-08-01
7782,71636,Fabric quality poor,893.75,Approved,2025-08-26
7783,71643,Changed mind,2972.8,Approved,2025-12-15
7784,71646,Product damaged,361.35,Approved,2026-01-01
7785,71674,Changed mind,1488.07,Rejected,2026-05-07
7786,71686,Sole damage,5945.6,Approved,2026-09-05
7787,71712,Uncomfortable fit,2088.22,Approved,2026-08-24
7788,71714,Changed mind,1293.67,Approved,2026-08-28
7789,71717,Uncomfortable fit,2575.28,Approved,2026-09-01
7790,71718,Wrong size,2174.44,Approved,2026-09-02
7791,71722,Changed mind,654.38,Approved,2026-09-04
7792,71727,Product damaged,389.69,Approved,2026-09-01
7793,71729,Uncomfortable fit,1834.35,Approved,01-09-2026
7794,71747,Not as described,988.73,Pending,2026-09-05
7795,71749,Uncomfortable fit,2743.56,Approved,2026-09-08
7796,71754,COLOR MISMATCH,893.75,Approved,2026-09-09
7797,71765,Allergic reaction,1087.25,Approved,2025-01-11
7798,71769,sole damage,844.84,Rejected,2025-01-21
7799,71778,Changed mind,869.3,Approved,2025-03-27
7800,71787,Not as described,722.7,Approved,2025-12-18
7801,71790,COLOR MISMATCH,1834.35,Approved,2025-12-27
7802,71793,Fabric quality poor,2954.08,Rejected,2026-02-02
7803,71794,Color mismatch,2761.13,Pending,2026-02-03
7804,71807,Size too small,3021.33,Approved,2026-05-21
7805,71827,Product damaged,1240.53,Rejected,2026-08-21
7806,71831,Wrong size,1488.07,Approved,2026-08-31
7807,71833,Color mismatch,4839.56,Approved,2026-08-20
7808,71837,Size too large,1477.04,Approved,2026-09-01
7809,71839,Changed mind,1488.07,Pending,2026-08-31
7810,71841,Uncomfortable fit,1115.56,Approved,2026-08-28
7811,71871,Size too large,3021.33,Approved,2023-02-19
7812,71874,Size too large,1939.6,Approved,2023-04-23
7813,71877,Size too small,1477.93,Rejected,15 May 2023
7814,71883,Allergic reaction,695.64,Approved,2023-08-29
7815,71884,Not as described,264.09,Approved,2023-10-02
7816,71888,color mismatch,1939.6,Pending,2024-03-04
7817,71890,Size too small,1477.93,Rejected,2024-03-14
7818,71904,Color mismatch,1477.93,Approved,2025-01-19
7819,71907,Fabric quality poor,2761.13,Approved,17 Aug 2025
7820,71935,Size too large,2270.49,Rejected,2025-03-14
7821,71941,Uncomfortable fit,2743.56,Approved,2026-06-22
7822,71946,Allergic reaction,1993.35,Approved,2023-09-27
7823,71958,Size too large,9063.99,Rejected,2023-08-28
7824,71959,Color mismatch,1985.38,Approved,2023-08-27
7825,71964,Size too small,893.75,Approved,2024-02-22
7826,71965,Not as described,394.6,Pending,2024-03-26
7827,71971,Product damaged,562.47,Rejected,2024-07-28
7828,71975,Changed mind,1087.25,Approved,2024-08-22
7829,71977,color mismatch,893.75,Approved,2025-05-23
7830,71984,Shade mismatch,1293.67,Approved,2025-08-24
7831,71985,wrong size,1834.35,Approved,2025-08-28
7832,71991,SIZE TOO LARGE,1477.04,Rejected,2025-06-05
7833,71995,Product damaged,1124.94,Approved,2025-06-21
7834,71998,Changed mind,669.38,Approved,2025-09-01
7835,71999,Changed mind,1287.64,Approved,2025-09-09
7836,72000,Changed mind,3346.68,Pending,2025-08-30
7837,72004,Uncomfortable fit,2743.56,Rejected,2025-10-14
7838,72009,Size too small,1477.93,Approved,2025-11-03
7839,72013,Color mismatch,2174.44,Approved,2025-11-14
7840,72014,Sole damage,3862.92,Approved,2025-11-16
7841,72031,Uncomfortable fit,2972.8,Pending,2025-03-26
7842,72046,Wrong size,2972.8,Approved,2025-01-30
7843,72048,Changed mind,2743.56,Approved,2025-01-27
7844,72072,Color mismatch,969.8,Rejected,2025-06-17
7845,72074,Uncomfortable fit,2976.14,Approved,2025-06-30
7846,72075,Changed mind,2174.44,Approved,2025-07-03
7847,72085,Allergic reaction,664.45,Approved,2024-03-01
7848,72086,Product damaged,1169.07,Approved,2024-03-25
7849,72090,Size too large,893.75,Approved,2024-04-15
7850,72096,Wrong size,1834.35,Approved,2024-07-10
7851,72103,Changed mind,823.09,Approved,2024-08-20
7852,72114,Size issue,988.73,Approved,2024-12-05
7853,72118,Color mismatch,1287.64,Rejected,2024-12-26
7854,72133,Size too large,969.8,Rejected,2025-06-13
7855,72144,Size issue,1308.76,Approved,2026-04-13
7856,72154,Changed mind,2419.78,Approved,2026-09-03
7857,72158,Changed mind,654.36,Pending,2026-01-11
7858,72159,Uncomfortable fit,1287.64,Rejected,2026-02-04
7859,72161,Uncomfortable fit,4839.56,Pending,2026-01-24
7860,72167,Product damaged,2481.06,Approved,2026-03-14
7861,72184,Sole damage,2174.44,Approved,2025-06-05
7862,72197,Not as described,776.2,Approved,2026-06-20
7863,72205,Color mismatch,1985.38,Pending,2024-11-12
7864,72242,SOLE DAMAGE,4464.21,Approved,2025-11-09
7865,72243,Color mismatch,1115.56,Approved,11/13/2025
7866,72248,CHANGED MIND,389.69,Approved,2025-11-24
7867,72264,wrong size,1115.56,Approved,2026-05-27
7868,72272,Size too large,6042.66,Rejected,2026-08-04
7869,72274,Changed mind,2489.4,Pending,2026-08-26
7870,72276,Color mismatch,1477.93,Approved,2026-08-28
7871,72281,Changed mind,716.49,Rejected,2025-08-19
7872,72304,Fabric quality poor,1939.6,Approved,2026-06-28
7873,72305,Size too large,1844.84,Approved,2026-06-25
7874,72312,Size issue,1353.12,Approved,2024-05-19
7875,72330,Product damaged,1692.3,Approved,2024-12-26
7876,72339,Not as described,486.8,Pending,2025-01-16
7877,72340,Fabric quality poor,969.8,Approved,2025-02-17
7878,72341,Size too small,1477.04,Approved,2025-02-07
7879,72347,Product damaged,200.78,Approved,2025-04-14
7880,72350,Fabric quality poor,1477.93,Approved,2025-08-08
7881,72354,Changed mind,550.26,Approved,2026-01-09
7882,72392,Not as described,205.29,Approved,2025-01-08
7883,72400,Not as described,669.38,Rejected,2025-06-24
7884,72410,Color mismatch,1488.07,Approved,2025-09-12
7885,72423,Size too large,922.42,Approved,2026-02-11
7886,72440,Size issue,1552.4,Approved,04-09-2026
7887,72484,Not as described,361.35,Approved,2024-11-17
7888,72531,Changed mind,1240.53,Approved,2026-01-19
7889,72543,Sole damage,1488.07,Pending,2026-03-31
7890,72545,Uncomfortable fit,4348.88,Pending,2026-07-04
7891,72546,Changed mind,2231.12,Approved,2026-08-20
7892,72548,Wrong size,2088.22,Approved,2026-08-24
7893,72562,Wrong size,1488.07,Approved,2025-03-07
7894,72565,Changed mind,8230.68,Pending,2025-09-02
7895,72568,Shade mismatch,1087.25,Pending,2026-08-13
7896,72573,Changed mind,1293.67,Approved,2024-11-19
7897,72574,Allergic reaction,2469.27,Pending,2024-11-21
7898,72600,Changed mind,1985.38,Approved,25 Jul 2025
7899,72605,Sole damage,2972.8,Approved,2025-09-29
7900,72607,Wrong size,2174.44,Rejected,2025-09-30
7901,72615,Size too small,2270.49,Approved,2025-11-14
7902,72625,Wrong size,844.84,Approved,2026-03-20
7903,72626,Uncomfortable fit,2419.78,Approved,2026-03-27
7904,72651,Shade mismatch,1293.67,Approved,2026-01-16
7905,72662,Not as described,654.38,Pending,2026/04/17
7906,72663,Changed mind,754.18,Approved,2026-04-24
7907,72664,Size too large,1477.93,Approved,2026-05-04
7908,72690,Size too small,893.75,Pending,2026-05-21
7909,72695,Shade mismatch,434.65,Approved,2026-06-16
7910,72700,Changed mind,922.42,Approved,2026-04-25
7911,72703,Changed mind,394.6,Approved,2026-05-26
7912,72711,Size too small,5956.14,Approved,2026-06-25
7913,72712,Color mismatch,4433.79,Approved,2026-06-17
7914,72722,Size too small,2270.49,Approved,2026-06-27
7915,72724,Changed mind,1338.76,Approved,2026-06-28
7916,72727,Not as described,525.91,Approved,2026-06-30
7917,72731,Product damaged,434.65,Pending,2026-07-21
7918,72732,Changed mind,823.09,Approved,2026-07-18
7919,72749,Size too large,4978.8,Approved,2026-09-02
7920,72751,Shade mismatch,695.64,Approved,2026-09-05
7921,72768,Wrong size,2174.44,Approved,2026-02-23
7922,72771,Fabric quality poor,2954.08,Pending,2026-03-19
7923,72783,Sole damage,2231.12,Approved,2026-04-20
7924,72793,Fabric quality poor,1564.88,Pending,2026-06-18
7925,72809,Changed mind,1916.95,Rejected,2024-08-28
7926,72814,Color mismatch,2954.08,Approved,2024-11-15
7927,72815,Fabric quality poor,1477.93,Approved,2024-11-18
7928,72817,Size too large,2489.4,Approved,2024-12-14
7929,72818,Size too small,3021.33,Pending,2024-12-21
7930,72834,Shade mismatch,1087.25,Pending,2025-04-15
7931,72838,Wrong size,2088.22,Approved,2025-05-11
7932,72842,Sole damage,1488.07,Pending,2025-06-26
7933,72873,Not as described,301.02,Approved,2025-02-09
7934,72941,Size too small,1985.38,Approved,2026-08-29
7935,72975,Uncomfortable fit,5750.85,Approved,2026-02-03
7936,73008,Product damaged,394.6,Rejected,2026-04-14
7937,73027,Sole damage,2419.78,Pending,15-03-2025
7938,73030,Wrong size,1115.56,Approved,2025-03-14
7939,73031,Product damaged,664.45,Rejected,01-11-2025
7940,73042,Not as described,386.2,Approved,2025-10-12
7941,73054,Changed mind,988.73,Approved,2026-01-06
7942,73058,Product damaged,528.18,Approved,2026-02-08
7943,73070,Size too small,782.44,Pending,2026-05-06
7944,73076,Size too large,3021.33,Approved,2024-12-26
7945,73100,Product damaged,205.29,Approved,2026-06-16
7946,73124,Uncomfortable fit,2972.8,Rejected,2026-08-21
7947,73125,Wrong size,4839.56,Pending,2026-08-28
7948,73127,Size too large,1477.93,Approved,2026-08-27
7949,73128,Wrong size,2972.8,Approved,2026-08-24
7950,73140,Changed mind,2489.4,Approved,2026-09-04
7951,73142,Changed mind,1477.04,Approved,2026-08-31
7952,73165,Color mismatch,782.44,Approved,2024-09-29
7953,73174,Changed mind,846.15,Approved,2024-12-31
7954,73190,Size too small,782.44,Approved,2025-08-31
7955,73209,Color mismatch,9063.99,Approved,2026-03-01
7956,73214,Wrong size,2174.44,Approved,2026-06-12
7957,73220,Changed mind,2174.5,Approved,2026-08-26
7958,73221,Changed mind,2174.44,Approved,2026-09-04
7959,73238,Changed mind,669.38,Approved,2024-08-25
7960,73246,Sole damage,2088.22,Approved,2025-10-01
7961,73250,Not as described,377.09,Approved,2025-11-09
7962,73251,Changed mind,2972.8,Approved,2026-02-18
7963,73252,Changed mind,5487.12,Approved,2026-02-20
7964,73259,Size too large,1477.93,Approved,2026-07-08
7965,73265,Shade mismatch,562.47,Approved,2026-08-09
7966,73268,Product damaged,434.65,Approved,14-08-2026
7967,73289,Product damaged,243.4,Approved,2025-02-11
7968,73293,Size too small,3021.33,Approved,2025-10-29
7969,73300,Changed mind,2174.44,Rejected,2024-02-05
7970,73331,Color mismatch,1488.07,Approved,2026-07-11
7971,73334,Color mismatch,1477.04,Rejected,2023-12-26
7972,73337,Changed mind,2743.56,Approved,2023-12-30
7973,73340,Product damaged,1646.18,Approved,2024-03-20
7974,73354,Changed mind,893.75,Approved,2025-01-11
7975,73367,Sole damage,3833.9,Approved,2025-05-22
7976,73370,Changed mind,844.84,Approved,2025-06-28
7977,73371,Uncomfortable fit,2976.14,Rejected,2025-08-07
7978,73376,Changed mind,1916.95,Approved,2025-08-17
7979,73387,Not as described,676.56,Pending,2026-01-05
7980,73392,Color mismatch,4464.21,Rejected,2026-04-26
7981,73399,Color mismatch,2270.49,Approved,2024-01-14
7982,73406,Shade mismatch,1293.67,Approved,2024-07-01
7983,73414,Wrong size,2088.22,Approved,2025-06-29
7984,73424,Color mismatch,2681.25,Approved,2026-01-08
7985,73433,Changed mind,1787.5,Approved,2023-11-19
7986,73434,Changed mind,1985.38,Approved,2023-11-26
7987,73438,Not as described,792.27,Approved,2024-05-28
7988,73448,Changed mind,1993.35,Approved,2025-03-17
7989,73451,Size too large,969.8,Approved,2025-04-03
7990,73453,Size too small,2270.49,Approved,2025-08-19
7991,73458,Size issue,804.47,Approved,2025-10-07
7992,73471,Changed mind,893.75,Approved,2026-05-05
7993,73480,Color mismatch,2270.49,Approved,2026-06-02
7994,73504,Size issue,1338.76,Approved,2026-08-25
7995,73535,Size too large,1787.5,Approved,2026-09-06
7996,73554,Sole damage,2743.56,Approved,2026-01-13
7997,73569,Fabric quality poor,2270.49,Approved,2026-04-26
7998,73578,Changed mind,2587.34,Approved,2026-08-18
7999,73584,Sole damage,2743.56,Rejected,2024-11-09
8000,73588,Size too large,3021.33,Approved,2024-12-31
8001,73595,Fabric quality poor,2761.13,Rejected,2025-08-17
8002,73629,Uncomfortable fit,1488.07,Approved,2026-08-16
8003,73637,Changed mind,823.09,Rejected,2026-08-20
8004,73644,Changed mind,2231.12,Approved,2026-09-04
8005,73665,Allergic reaction,275.13,Approved,2026-02-01
8006,73680,Size too small,969.8,Approved,2025-11-20
8007,73720,Not as described,669.38,Approved,2025-03-06
8008,73721,Uncomfortable fit,1689.68,Rejected,2025-03-19
8009,73745,Not as described,602.04,Approved,2026-01-05
8010,73749,Fabric quality poor,6042.66,Approved,2026-02-05
8011,73774,Color mismatch,2088.22,Approved,2023-12-28
8012,73783,Size too small,922.42,Approved,2024-06-07
8013,73785,Color mismatch,969.8,Approved,2024-06-16
8014,73818,Size issue,716.49,Rejected,2025-06-29
8015,73826,Fabric quality poor,3021.33,Approved,2025-10-09
8016,73834,Changed mind,2976.14,Pending,15-11-2025
8017,73842,Sole damage,2088.22,Approved,2026-03-24
8018,73844,Size too large,4431.12,Approved,2026-03-17
8019,73867,Changed mind,4176.44,Approved,2026-01-29
8020,73872,Size too large,782.44,Approved,2026-04-13
8021,73875,Color mismatch,3668.7,Rejected,2026-04-29
8022,73880,Changed mind,1787.5,Approved,2026-05-11
8023,73887,Shade mismatch,1293.67,Approved,2026-08-04
8024,73895,Changed mind,1692.3,Approved,2026-08-26
8025,73896,Changed mind,1240.53,Approved,2026-09-03
8026,73898,Shade mismatch,846.15,Rejected,2026-08-26
8027,73902,Changed mind,988.73,Approved,2026-09-04
8028,73909,Changed mind,5945.6,Approved,2026-09-01
8029,73922,Changed mind,1240.53,Approved,2025-07-01
8030,73937,Color mismatch,2761.13,Approved,2025-11-30
8031,73950,Fabric quality poor,969.8,Approved,2026-01-22
8032,73955,Wrong size,1488.07,Rejected,2026-03-19
8033,73956,Changed mind,2972.8,Approved,2026-03-17
8034,73969,Changed mind,4978.8,Approved,2026-08-10
8035,73986,Uncomfortable fit,2972.8,Pending,2026-08-20
8036,74000,Not as described,200.78,Approved,2026-08-26
8037,74004,Fabric quality poor,893.75,Approved,2026-09-07
8038,74020,Color mismatch,3862.92,Rejected,2026-09-06
8039,74040,Allergic reaction,1293.67,Approved,2024-10-07
8040,74043,Size too small,1477.04,Rejected,2025-04-10
8041,74051,Size too large,2270.49,Approved,2026-01-13
8042,74054,Size too small,1477.93,Approved,01/15/2026
8043,74057,NOT AS DESCRIBED,301.02,Approved,2026-01-22
8044,74063,Fabric quality poor,893.75,Rejected,2026-04-01
8045,74077,Product damaged,695.64,Approved,2026-09-03
8046,74111,Uncomfortable fit,2174.44,Approved,2025-03-31
8047,74113,Changed mind,695.64,Approved,2025-06-18
8048,74117,Product damaged,893.22,Approved,2025-07-08
8049,74137,Color mismatch,3021.33,Approved,2025-08-02
8050,74144,Uncomfortable fit,2575.28,Approved,2025-12-21
8051,74159,Size too small,2489.4,Approved,2026-03-27
8052,74171,Size too small,1985.38,Pending,2026-04-24
8053,74172,Color mismatch,2419.78,Approved,2026-01-12
8054,74179,Not as described,654.38,Approved,2023-04-03
8055,74180,Wrong size,4839.56,Approved,2023-05-20
8056,74195,Wrong size,2575.28,Approved,2023-10-20
8057,74209,Changed mind,1240.53,Approved,2024-04-03
8058,74212,Changed mind,377.09,Approved,2024-05-02
8059,74214,Not as described,1432.98,Approved,2024-05-19
8060,74216,Sole damage,2419.78,Approved,2024-05-27
8061,74225,Not as described,2029.68,Approved,2024-10-16
8062,74236,Sole damage,2976.14,Rejected,02-07-2025
8063,74254,Product damaged,893.22,Pending,2026-01-18
8064,74255,Allergic reaction,1391.28,Approved,2026-01-16
8065,74261,Not as described,669.38,Pending,2026-08-18
8066,74263,Changed mind,676.56,Approved,2026/09/05
8067,74272,Changed mind,716.49,Approved,2025-09-01
8068,74286,Not as described,410.58,Rejected,2026-07-23
8069,74293,Changed mind,2587.34,Approved,2025-08-23
8070,74298,Uncomfortable fit,1115.56,Approved,2025-09-21
8071,74300,Changed mind,200.78,Approved,2025-10-01
8072,74304,Wrong size,2743.56,Approved,2025-12-23
8073,74308,Color mismatch,1477.04,Approved,2025-12-21
8074,74349,Size too large,1985.38,Approved,2026-01-12
8075,74362,Sole damage,1115.56,Approved,2026-05-19
8076,74363,Uncomfortable fit,2174.44,Approved,2026-05-23
8077,74365,Product damaged,789.2,Approved,2026-05-27
8078,74369,Fabric quality poor,4433.79,Pending,2026-08-20
8079,74379,Size too small,2761.13,Approved,2026-09-08
8080,74384,Changed mind,1353.12,Approved,2026-09-13
8081,74395,Allergic reaction,275.13,Approved,2025-03-29
8082,74399,Changed mind,2270.49,Approved,2025-06-14
8083,74422,Shade mismatch,434.65,Pending,2025-11-21
8084,74426,Product damaged,361.35,Rejected,2026-01-10
8085,74439,Fabric quality poor,2489.4,Approved,2026-08-18
8086,74443,Uncomfortable fit,1916.95,Approved,2026-08-24
8087,74449,Size issue,1552.4,Approved,2026-08-24
8088,74451,Wrong size,844.84,Approved,2026-08-27
8089,74452,Size too large,1477.04,Pending,2026-08-18
8090,74470,Color mismatch,1477.93,Approved,2026-08-25
8091,74487,Changed mind,528.18,Approved,2026-08-26
8092,74504,Not as described,776.2,Approved,2025-03-25
8093,74510,Wrong size,7259.34,Approved,2025-04-05
8094,74515,Uncomfortable fit,1834.35,Approved,2025-06-17
8095,74537,Color mismatch,1287.64,Approved,2024-11-24
8096,74539,Color mismatch,1564.88,Approved,2025-07-23
8097,74545,Uncomfortable fit,2174.44,Approved,2025-11-16
8098,74547,Changed mind,275.13,Rejected,2026-01-01
8099,74563,Color mismatch,2270.49,Pending,2026-07-19
8100,74567,Fabric quality poor,6042.66,Approved,2025-03-19
8101,74569,Wrong size,2088.22,Approved,2025-06-28
8102,74574,Sole damage,2972.8,Approved,2025-07-25
8103,74582,Fabric quality poor,3970.76,Approved,2026-01-07
8104,74599,Shade mismatch,1087.25,Approved,2025-10-15
8105,74600,Product damaged,2086.92,Pending,2025-10-21
8106,74602,Changed mind,1287.64,Approved,2025-10-19
8107,74618,Shade mismatch,1786.44,Rejected,2025-10-11
8108,74628,Uncomfortable fit,2174.44,Approved,2026-06-26
8109,74629,Wrong size,4348.88,Pending,2026-08-21
8110,74634,Wrong size,1115.56,Approved,2024-02-08
8111,74635,Color mismatch,3021.33,Approved,2024-05-29
8112,74638,Fabric quality poor,1477.04,Approved,2024-05-28
8113,74652,Size too large,4978.8,Approved,2025-10-14
8114,74653,Fabric quality poor,4433.79,Approved,2025-10-15
8115,74654,Changed mind,2761.13,Approved,2025-10-17
8116,74656,Allergic reaction,846.15,Rejected,2026-02-21
8117,74658,Sole damage,844.84,Approved,2026-06-17
8118,74662,Uncomfortable fit,3833.9,Approved,2026-06-15
8119,74671,Changed mind,1916.95,Approved,2026-06-13
8120,74703,Changed mind,2743.56,Rejected,2026-08-05
8121,74704,Color mismatch,1916.95,Approved,2026-08-11
8122,74707,Changed mind,2767.26,Approved,2026-08-13
8123,74713,Changed mind,1786.44,Approved,2026-08-22
8124,74716,Changed mind,2270.49,Approved,2026-09-01
8125,74717,Size too large,1477.04,Pending,2026-08-30
8126,74723,Fabric quality poor,1985.38,Approved,2026-09-02
8127,74724,Changed mind,776.2,Approved,2026-08-29
8128,74738,Wrong size,1287.64,Approved,2025-01-16
8129,74766,Color mismatch,1287.64,Approved,2025-09-26
8130,74774,Size too large,969.8,Approved,2025-10-10
8131,74794,Wrong size,1834.35,Approved,2026-05-29
8132,74796,Not as described,654.38,Rejected,2026-06-10
8133,74798,Size too small,5522.26,Approved,2026-07-02
8134,74812,Size too small,922.42,Approved,2024-08-31
8135,74831,Size too small,2761.13,Approved,13-01-2025
8136,74835,color mismatch,3021.33,Approved,2025-09-02
8137,74840,Fabric quality poor,782.44,Approved,2025-10-17
8138,74855,Color mismatch,2270.49,Approved,2026-06-18
8139,74857,Size too large,2270.49,Approved,2026-08-16
8140,74858,Allergic reaction,434.65,Approved,2026-09-01
8141,74859,Changed mind,676.56,Approved,2026-09-01
8142,74860,Allergic reaction,1087.25,Approved,2025-08-02
8143,74877,Changed mind,823.09,Approved,2025-10-12
8144,74889,Uncomfortable fit,1287.64,Approved,2026-01-04
8145,74890,Uncomfortable fit,1287.64,Approved,2026-01-12
8146,74900,Size too small,893.75,Approved,2026-06-30
8147,74901,Size too small,922.42,Approved,2026-07-04
8148,74925,Uncomfortable fit,844.84,Approved,2026-06-04
8149,74928,Sole damage,2088.22,Approved,2026-08-14
8150,74951,Changed mind,922.42,Approved,2026-02-27
8151,74957,PRODUCT DAMAGED,772.4,Approved,2026-03-22
8152,74961,Wrong size,2972.8,Approved,2026-09-05
8153,74971,Size too small,1477.93,Approved,2023-10-14
8154,74982,Fabric quality poor,2761.13,Approved,2025-06-06
8155,74994,Product damaged,562.47,Approved,2025-12-29
8156,74999,Wrong size,1689.68,Approved,2026-08-28
8157,75008,Color mismatch,2743.56,Approved,2026-02-10
8158,75012,Color mismatch,2575.28,Approved,2026-02-28
8159,75013,Uncomfortable fit,4348.88,Rejected,2026-02-28
8160,75024,Size too small,4431.12,Pending,2026-03-29
8161,75037,Size issue,716.49,Rejected,2026-09-04
8162,75072,Size too small,3970.76,Approved,2026-01-24
8163,75093,Allergic reaction,562.47,Pending,2026-02-05
8164,75110,Color mismatch,2761.13,Approved,2026-08-23
8165,75111,Fabric quality poor,4433.79,Approved,2026-08-23
8166,75128,Not as described,290.88,Approved,2026-09-04
8167,75156,Size issue,1338.76,Approved,2025-11-03
8168,75157,Changed mind,654.36,Approved,2025-11-02
8169,75159,Sole damage,2419.78,Approved,2025-11-16
8170,75175,Color mismatch,1834.35,Approved,2026-04-22
8171,75221,Changed mind,2743.56,Pending,2025-12-13
8172,75228,Color mismatch,893.75,Pending,2026-01-01
8173,75229,Changed mind,1477.93,Approved,2026-01-06
8174,75234,Product damaged,1786.44,Approved,2026-01-10
8175,75236,Changed mind,1689.68,Approved,2025-03-26
8176,75238,Size too small,2761.13,Pending,2025-06-07
8177,75239,Color mismatch,893.75,Pending,2025-06-03
8178,75241,Changed mind,776.2,Pending,2026-05-23
8179,75243,Size too small,7468.2,Approved,2025-10-12
8180,75251,Size issue,669.38,Approved,2025-11-09
8181,75252,Fabric quality poor,1477.04,Approved,2025-12-09
8182,75266,Changed mind,1338.76,Pending,2026-06-17
8183,75271,Uncomfortable fit,2419.78,Approved,2026-07-22
8184,75279,Uncomfortable fit,3668.7,Approved,2026-07-23
8185,75291,Wrong size,1488.07,Approved,2025-05-25
8186,75293,Size too small,2270.49,Approved,2025-06-14
8187,75296,Size too small,893.75,Approved,2025-08-22
8188,75301,Wrong size,1287.64,Approved,2025-09-26
8189,75302,Sole damage,1115.56,Approved,2025-09-24
8190,75303,Color mismatch,1916.95,Approved,2025-09-14
8191,75304,Wrong size,1916.95,Pending,2025-09-30
8192,75310,Uncomfortable fit,2088.22,Approved,2026-02-21
8193,75341,Shade mismatch,434.65,Approved,11-09-2026
8194,75343,Changed mind,2489.4,Approved,2025-08-18
8195,75354,Size issue,1432.98,Pending,2025-02-11
8196,75358,Size too large,1477.04,Approved,2026-08-12
8197,75365,Color mismatch,4540.98,Approved,2024-02-07
8198,75384,Uncomfortable fit,2976.14,Approved,2026-01-05
8199,75410,Product damaged,1328.9,Approved,2026-01-30
8200,75416,Product damaged,695.64,Rejected,2026-02-15
8201,75418,Allergic reaction,275.13,Approved,2026-02-08
8202,75429,Color mismatch,1477.93,Approved,2026-02-28
8203,75435,Fabric quality poor,2489.4,Approved,2026-03-07
8204,75436,Changed mind,969.8,Approved,2026-03-11
8205,75464,Product damaged,664.45,Approved,2026-02-07
8206,75476,Changed mind,275.13,Pending,2026-07-23
8207,75479,Size too small,3021.33,Approved,2026-08-25
8208,75500,Fabric quality poor,782.44,Approved,2026-07-25
8209,75511,Sole damage,2088.22,Approved,2024-12-20
8210,75530,Size too small,922.42,Approved,2025-11-10
8211,75531,Fabric quality poor,2955.86,Approved,2026-01-02
8212,75534,Size too large,1564.88,Approved,2026-03-01
8213,75535,Changed mind,716.49,Approved,2026-03-17
8214,75543,Color mismatch,2088.22,Approved,2024-01-04
8215,75546,Changed mind,669.38,Approved,2024-03-28
8216,75551,Changed mind,1183.8,Approved,2024-12-23
8217,75552,Sole damage,2419.78,Approved,2025-06-15
8218,75556,Changed mind,844.84,Pending,2025-08-17
8219,75559,Fabric quality poor,2761.13,Approved,2026-01-09
8220,75573,Product damaged,664.45,Approved,2026-05-19
8221,75574,Product damaged,264.09,Approved,01 Jul 2026
8222,75580,Size too large,2761.13,Rejected,2025-04-29
8223,75583,Fabric quality poor,3021.33,Approved,2025-04-20
8224,75585,shade mismatch,275.13,Approved,2025-03-31
8225,75591,Changed mind,1240.53,Approved,2026-04-16
8226,75592,Sole damage,3668.7,Approved,2025-10-17
8227,75595,Sole damage,5487.12,Approved,2025-10-13
8228,75618,Color mismatch,2489.4,Approved,2025-11-20
8229,75629,Changed mind,3021.33,Approved,2026-09-06
8230,75635,Wrong size,1916.95,Pending,2023-08-19
8231,75648,Wrong size,1115.56,Approved,2026-07-14
8232,75657,Fabric quality poor,893.75,Approved,23-08-2026
8233,75660,Color mismatch,1916.95,Approved,2026-09-06
8234,75663,Size issue,1552.4,Approved,2025-01-13
8235,75665,Product damaged,1293.67,Approved,2025-01-04
8236,75670,Changed mind,2761.13,Pending,2025-08-23
8237,75691,Wrong size,2972.8,Approved,2026-01-23
8238,75701,Color mismatch,1787.5,Approved,2026-03-11
8239,75733,Changed mind,844.84,Approved,2026-06-10
8240,75748,Size too small,4540.98,Approved,2026-08-09
8241,75764,Changed mind,654.36,Approved,04-09-2026
8242,75784,Color mismatch,969.8,Approved,2024-09-15
8243,75788,Uncomfortable fit,2088.22,Approved,2025-12-11
8244,75793,Shade mismatch,275.13,Approved,2026-03-01
8245,75798,Allergic reaction,2587.34,Approved,2024-01-31
8246,75806,Sole damage,844.84,Approved,2024-04-02
8247,75808,Changed mind,550.26,Approved,2024-07-03
8248,75814,Changed mind,2086.92,Rejected,2024-08-28
8249,75817,Changed mind,2328.6,Approved,2024-10-21
8250,75831,Fabric quality poor,2270.49,Approved,2025-07-19
8251,75839,Changed mind,1084.05,Approved,2025-08-29
8252,75851,Size too large,7468.2,Approved,2026-06-09
8253,75860,Product damaged,1240.53,Approved,2026-03-14
8254,75877,Size too large,1985.38,Pending,2026-02-05
8255,75888,Changed mind,5487.12,Approved,10 Mar 2026
8256,75908,Product damaged,389.69,Approved,2026-08-07
8257,75912,Allergic reaction,664.45,Approved,2026-04-30
8258,75914,Size too small,2347.32,Rejected,2026-05-04
8259,75920,Allergic reaction,1240.53,Rejected,2026-06-29
8260,75947,Changed mind,375.75,Approved,2025-08-14
8261,75949,Wrong size,2231.12,Approved,2025-09-09
8262,75956,Sole damage,844.84,Approved,2025-10-15
8263,75964,Uncomfortable fit,1916.95,Approved,2025-11-08
8264,75972,Changed mind,844.84,Approved,2025-12-31
8265,75991,Size issue,676.56,Pending,2026-07-24
8266,76022,Changed mind,676.56,Approved,2026-09-13
8267,76033,Size too small,1477.93,Approved,2026-01-12
8268,76036,Size too large,2270.49,Approved,2026-01-29
8269,76037,Size too small,782.44,Approved,2026-02-04
8270,76057,Size too large,2270.49,Pending,2026-06-19
8271,76062,Color mismatch,4348.88,Approved,2026-06-24
8272,76069,Wrong size,2419.78,Approved,2026-07-10
8273,76077,Size too large,2761.13,Approved,2026-09-01
8274,76080,Not as described,676.56,Approved,2026-02-16
8275,76099,Not as described,988.73,Rejected,2025-11-13
8276,76108,Size too large,969.8,Approved,2026-01-19
8277,76121,Size too large,922.42,Approved,2024-11-04
8278,76123,Color mismatch,844.84,Pending,2025-02-21
8279,76129,Changed mind,525.91,Pending,2026-02-08
8280,76141,Changed mind,782.44,Approved,2025-05-18
8281,76167,Not as described,375.75,Approved,2025-08-02
8282,76171,Size too small,1477.04,Approved,2026-06-10
8283,76172,Size too large,3021.33,Pending,2026-06-16
8284,76183,Fabric quality poor,4978.8,Approved,2024-07-01
8285,76198,Fabric quality poor,2489.4,Approved,2024-12-06
8286,76220,Color mismatch,782.44,Approved,2025-06-05
8287,76226,Changed mind,389.69,Approved,2025-06-09
8288,76238,Sole damage,2972.8,Approved,2025-06-17
8289,76244,Product damaged,1087.25,Pending,2025-06-27
8290,76250,Fabric quality poor,2761.13,Approved,2025-07-05
8291,76262,Color mismatch,8230.68,Pending,2026-07-11
8292,76276,Changed mind,375.75,Approved,2026-04-27
8293,76283,Product damaged,264.09,Approved,2025-05-24
8294,76286,Not as described,361.35,Approved,2025-05-31
8295,76294,Color mismatch,893.75,Approved,2025-08-29
8296,76302,Allergic reaction,1240.53,Approved,2025-10-03
8297,76303,Changed mind,664.45,Approved,2025-10-09
8298,76311,Allergic reaction,1240.53,Pending,2026-01-01
8299,76319,Color mismatch,2489.4,Rejected,2026-03-04
8300,76321,Size issue,654.38,Approved,2026-03-19
8301,76344,Uncomfortable fit,1834.35,Approved,2024-09-04
8302,76356,Color mismatch,2972.8,Approved,2024-11-12
8303,76359,Changed mind,377.09,Approved,2024-12-05
8304,76363,Allergic reaction,1240.53,Approved,2025-01-06
8305,76381,Size too small,2270.49,Approved,2025-02-26
8306,76385,Fabric quality poor,1844.84,Approved,2025-04-24
8307,76387,Fabric quality poor,1477.93,Approved,2025-05-26
8308,76392,Size too large,2270.49,Approved,2025-07-11
8309,76405,Changed mind,1834.35,Pending,2026-07-04
8310,76408,Not as described,1552.4,Approved,07/04/2026
8311,76413,Size issue,375.75,Approved,2026-08-29
8312,76419,Color mismatch,1916.95,Approved,2026-09-12
8313,76423,Product damaged,145.44,Approved,2025-11-28
8314,76436,Changed mind,1293.67,Approved,2025-10-03
8315,76437,Changed mind,695.64,Approved,2025-11-25
8316,76443,product damaged,562.47,Approved,2026-08-23
8317,76454,Size too small,2489.4,Approved,2024-08-03
8318,76472,Not as described,716.49,Approved,2024-12-04
8319,76475,Changed mind,1687.41,Approved,2024-12-10
8320,76500,Size issue,1308.76,Approved,2025-10-06
8321,76501,Changed mind,893.75,Approved,2025-09-29
8322,76504,Product damaged,893.22,Approved,2025-10-01
8323,76506,Fabric quality poor,2681.25,Approved,2025-10-01
8324,76514,Wrong size,844.84,Rejected,2025-09-26
8325,76535,Size too large,969.8,Approved,2024-11-25
8326,76539,Fabric quality poor,2489.4,Approved,2024-11-26
8327,76550,Changed mind,6523.32,Approved,2025-02-04
8328,76552,Uncomfortable fit,844.84,Approved,2025-01-29
8329,76562,Size too small,1985.38,Approved,2025-03-16
8330,76563,Fabric quality poor,5522.26,Approved,2025-03-27
8331,76569,Fabric quality poor,1844.84,Approved,2025-03-29
8332,76577,Size too small,2270.49,Approved,2025-05-14
8333,76583,Changed mind,776.2,Approved,2025-06-25
8334,76588,Size too small,2489.4,Approved,2025-07-04
8335,76594,Allergic reaction,695.64,Approved,2025-08-09
8336,76595,Allergic reaction,562.47,Approved,2025-08-14
8337,76598,Size issue,669.38,Approved,26-08-2025
8338,76606,Changed mind,1308.76,Approved,2025-09-22
8339,76608,Size too large,1477.93,Rejected,2025-10-02
8340,76610,Not as described,389.69,Approved,2025-10-09
8341,76647,uncomfortable fit,1916.95,Approved,2025-08-03
8342,76648,Shade mismatch,1786.44,Approved,2025-09-04
8343,76656,Changed mind,1646.18,Approved,2025-08-11
8344,76660,Changed mind,205.29,Approved,2025-11-07
8345,76671,Changed mind,1564.88,Rejected,2026-03-19
8346,76673,Not as described,386.2,Approved,2026-09-01
8347,76680,Not as described,290.88,Approved,2026-06-22
8348,76695,Changed mind,654.38,Approved,2025-10-01
8349,76706,Changed mind,2088.22,Approved,2026-05-20
8350,76709,Fabric quality poor,969.8,Pending,2026-06-16
8351,76712,Uncomfortable fit,2743.56,Approved,2025-08-25
8352,76718,Not as described,988.73,Approved,2025-08-30
8353,76724,Color mismatch,1939.6,Approved,2025-10-21
8354,76736,Changed mind,695.64,Pending,2026-01-23
8355,76757,Color mismatch,844.84,Approved,2026-02-07
8356,76764,Changed mind,389.69,Approved,2026-04-11
8357,76771,Changed mind,1353.12,Approved,2026-06-07
8358,76772,Product damaged,893.22,Pending,2026-06-15
8359,76785,Size issue,669.38,Rejected,2026-08-25
8360,76800,Wrong size,2743.56,Pending,2026-09-13
8361,76801,Sole damage,4839.56,Approved,2026-09-15
8362,76807,Size too small,2489.4,Approved,2024-08-25
8363,76808,SIZE TOO LARGE,2761.13,Approved,2024-08-16
8364,76809,Changed mind,1115.56,Approved,2024-09-19
8365,76820,Allergic reaction,846.15,Approved,2024-12-27
8366,76822,Shade mismatch,1328.9,Rejected,2025-01-09
8367,76824,Sole damage,2419.78,Approved,2025-01-13
8368,76825,Size issue,654.36,Approved,2025-01-14
8369,76826,CHANGED MIND,2955.86,Approved,2025-02-08
8370,76828,Fabric quality poor,922.42,Approved,2025-02-19
8371,76832,Allergic reaction,562.47,Approved,2025-06-21
8372,76841,Color mismatch,2743.56,Rejected,2025-10-12
8373,76848,Changed mind,2419.78,Approved,2025-11-11
8374,76853,Sole damage,2088.22,Rejected,2025-12-26
8375,76861,Uncomfortable fit,1916.95,Pending,2026-01-04
8376,76863,Changed mind,1293.67,Approved,2026-01-17
8377,76865,Changed mind,3970.76,Approved,2026-02-03
8378,76866,Fabric quality poor,2270.49,Approved,2026-01-22
8379,76867,Size too large,922.42,Approved,2026-02-02
8380,76869,Wrong size,8230.68,Approved,2026-02-19
8381,76888,Size too small,1477.93,Pending,2026-08-20
8382,76890,WRONG SIZE,1488.07,Approved,2026-09-06
8383,76899,Size too large,2955.86,Approved,2024-07-15
8384,76905,Color mismatch,2743.56,Approved,2024-08-27
8385,76909,Changed mind,1916.95,Approved,2024-09-22
8386,76910,Sole damage,2174.44,Approved,2024-09-23
8387,76919,Size too large,893.75,Approved,2026-01-30
8388,76924,Changed mind,1287.64,Approved,2024-01-18
8389,76933,Product damaged,528.18,Approved,2024-06-19
8390,76944,Changed mind,145.44,Pending,2025-02-02
8391,76958,Size issue,669.38,Rejected,10/15/2025
8392,76959,Not as described,1308.76,Approved,2025-10-05
8393,76972,Wrong size,844.84,Approved,2026-08-21
8394,76974,Color mismatch,922.42,Approved,2025-10-16
8395,76976,Shade mismatch,275.13,Pending,2025-11-18
8396,76979,Fabric quality poor,1985.38,Approved,2026-04-25
8397,77004,Fabric quality poor,782.44,Rejected,2025-02-01
8398,77008,Product damaged,602.34,Approved,2025-04-03
8399,77015,Changed mind,2575.28,Approved,2025-08-22
8400,77071,Fabric quality poor,1985.38,Approved,2026-05-17
8401,77082,Size too large,2761.13,Pending,2026-01-22
8402,77114,Changed mind,654.36,Approved,2025-07-27
8403,77117,Size too large,3021.33,Rejected,2025-07-28
8404,77137,Color mismatch,7468.2,Approved,2025-08-03
8405,77139,Changed mind,804.47,Rejected,2025-07-31
8406,77148,Wrong size,4176.44,Approved,2026-01-06
8407,77152,Fabric quality poor,1477.04,Approved,2026-02-27
8408,77158,Size too small,1985.38,Rejected,2026-03-30
8409,77165,Not as described,2008.14,Approved,2026-06-08
8410,77169,Wrong size,1287.64,Approved,2026-07-17
8411,77172,Color mismatch,2088.22,Approved,2026-08-16
8412,77179,Size too large,2489.4,Approved,2026-09-08
8413,77180,Changed mind,969.8,Approved,2026-08-31
8414,77181,Wrong size,2174.44,Approved,2026-06-19
8415,77204,Size too small,922.42,Approved,2025-11-04
8416,77213,Fabric quality poor,2761.13,Approved,2026-06-16
8417,77215,Size too large,4431.12,Approved,2026-06-24
8418,77224,Size too large,1985.38,Approved,2026-08-21
8419,77229,Color mismatch,893.75,Approved,2026-03-26
8420,77263,Sole damage,2231.12,Approved,2025-08-21
8421,77267,Fabric quality poor,3970.76,Approved,2025-10-26
8422,77275,Size too small,2761.13,Approved,2025-11-13
8423,77280,Color mismatch,2174.44,Approved,2026-01-04
8424,77283,Fabric quality poor,2761.13,Approved,2026-01-24
8425,77319,SIZE TOO SMALL,1477.04,Rejected,2025-01-08
8426,77323,Uncomfortable fit,2972.8,Approved,2025-02-07
8427,77329,Changed mind,893.75,Approved,10 Jun 2025
8428,77332,Shade mismatch,550.26,Pending,2025-09-02
8429,77336,Color mismatch,1488.07,Approved,2024-06-18
8430,77339,Allergic reaction,1692.3,Approved,2025-11-13
8431,77354,Size too large,2955.86,Approved,2025-07-01
8432,77364,Color mismatch,1564.88,Rejected,2026-02-09
8433,77371,Changed mind,3862.92,Approved,2025-03-25
8434,77377,Color mismatch,2743.56,Approved,2025-08-30
8435,77378,Allergic reaction,664.45,Approved,2025-09-01
8436,77398,Sole damage,2174.44,Approved,2026-07-08
8437,77410,Not as described,386.2,Approved,2026-07-18
8438,77413,Color mismatch,844.84,Approved,2026-07-12
8439,77431,Changed mind,2966.19,Rejected,2024-03-15
8440,77441,Uncomfortable fit,2088.22,Pending,2026-05-15
8441,77448,Allergic reaction,1328.9,Approved,2026-06-11
8442,77460,Sole damage,2088.22,Approved,2026-07-16
8443,77487,Changed mind,1488.07,Approved,2026-08-23
8444,77489,Color mismatch,844.84,Approved,2026-09-04
8445,77536,Changed mind,4431.12,Rejected,2026-08-20
8446,77544,Shade mismatch,825.39,Approved,2026-08-27
8447,77570,Size too large,1985.38,Approved,2026-09-13
8448,77576,Wrong size,2419.78,Rejected,2026-09-14
8449,77626,Changed mind,754.18,Approved,2026-01-11
8450,77637,Uncomfortable fit,1287.64,Approved,2026-08-25
8451,77640,Color mismatch,4839.56,Approved,2026-09-04
8452,77667,Product damaged,823.09,Approved,2024-12-31
8453,77674,Color mismatch,5522.26,Rejected,2025-02-23
8454,77684,Size too small,1477.93,Approved,2025-05-15
8455,77687,Wrong size,1916.95,Approved,2025-07-12
8456,77695,UNCOMFORTABLE FIT,2743.56,Approved,2025-08-26
8457,77699,Size too large,2270.49,Pending,2025-09-28
8458,77717,Not as described,375.75,Pending,2023-10-13
8459,77719,SIZE ISSUE,525.91,Approved,2023-10-21
8460,77724,Changed mind,434.65,Approved,2023-12-20
8461,77736,Changed mind,1087.25,Approved,2024-07-01
8462,77753,Not as described,375.75,Approved,2025-12-09
8463,77757,Fabric quality poor,922.42,Approved,2026-02-07
8464,77759,Color mismatch,782.44,Rejected,2026-02-09
8465,77761,Product damaged,264.09,Pending,2026-02-02
8466,77765,Size too large,782.44,Rejected,2026-07-03
8467,77798,Changed mind,789.2,Approved,2026-04-14
8468,77804,Color mismatch,1115.56,Approved,2026-06-12
8469,77820,Not as described,377.09,Approved,2024-12-04
8470,77822,Changed mind,2743.56,Pending,2025-02-01
8471,77826,Fabric quality poor,969.8,Rejected,2025-03-16
8472,77828,Changed mind,1287.64,Approved,2025-03-31
8473,77829,Wrong size,2419.78,Approved,2025-03-22
8474,77836,Not as described,375.75,Pending,2025-06-19
8475,77846,Allergic reaction,664.45,Approved,2025-08-14
8476,77896,Size too large,2489.4,Approved,2026-09-05
8477,77901,Changed mind,434.65,Approved,2025-08-31
8478,77903,Product damaged,1391.28,Approved,2025-10-25
8479,77904,Shade mismatch,1124.94,Rejected,2025-10-26
8480,77921,Size issue,375.75,Approved,2026-03-30
8481,77931,Changed mind,275.13,Rejected,2026-08-08
8482,77934,Color mismatch,1115.56,Approved,2026-08-20
8483,77944,Size issue,375.75,Approved,2025-12-06
8484,77945,Changed mind,893.75,Approved,2026-01-02
8485,77949,Size too small,969.8,Approved,2025-12-31
8486,77953,Not as described,375.75,Approved,2026-01-11
8487,77955,Changed mind,394.6,Approved,2026-01-14
8488,77971,Uncomfortable fit,2972.8,Pending,2026-09-08
8489,77976,Changed mind,1977.46,Approved,2024-09-13
8490,77978,Sole damage,2972.8,Approved,2024-10-04
8491,77980,Uncomfortable fit,2419.78,Approved,2024-11-05
8492,77981,COLOR MISMATCH,5487.12,Approved,2024-11-01
8493,77982,Changed mind,3668.7,Approved,2024-11-09
8494,78004,Sole damage,5750.85,Pending,2025-03-22
8495,78006,Color mismatch,844.84,Approved,2025-05-30
8496,78018,Color mismatch,1115.56,Approved,2025-08-05
8497,78020,Changed mind,1488.07,Pending,2025-08-06
8498,78039,Changed mind,1786.44,Approved,2026-03-08
8499,78045,Color mismatch,1488.07,Rejected,2026-06-18
8500,78059,Wrong size,2575.28,Approved,2026-01-15
8501,78063,Size issue,669.38,Approved,2026-01-10
8502,78086,Color mismatch,1477.93,Approved,2024-07-09
8503,78088,Size too small,782.44,Approved,2024-08-26
8504,78097,Wrong size,2972.8,Approved,2024-10-03
8505,78098,Size too small,922.42,Approved,2024-12-19
8506,78099,Size too large,7468.2,Approved,2024-12-23
8507,78109,Color mismatch,782.44,Approved,2026-02-04
8508,78116,Not as described,776.2,Approved,2026-04-07
8509,78118,Color mismatch,893.75,Approved,2026-06-16
8510,78128,Product damaged,434.65,Approved,2026-09-05
8511,78131,Changed mind,2761.13,Approved,2024-01-10
8512,78147,Size too large,893.75,Approved,2025-06-07
8513,78148,Wrong size,1916.95,Approved,2025-10-01
8514,78149,Uncomfortable fit,5945.6,Approved,2025-09-29
8515,78151,Sole damage,844.84,Approved,2025-10-02
8516,78155,Changed mind,205.29,Approved,2025-10-23
8517,78167,Changed mind,823.09,Approved,2025-01-14
8518,78180,Size issue,776.2,Approved,2026-07-11
8519,78183,Changed mind,893.75,Approved,2025-06-18
8520,78190,Fabric quality poor,1477.04,Approved,2026-01-20
8521,78216,Changed mind,377.09,Approved,2026-06-21
8522,78229,Size too small,969.8,Approved,2026-03-11
8523,78239,Size issue,716.49,Approved,2026-03-21
8524,78241,Product damaged,562.47,Approved,2026-04-29
8525,78242,Allergic reaction,893.22,Approved,2026-04-27
8526,78260,Wrong size,4348.88,Approved,2026-09-01
8527,78262,Color mismatch,3346.68,Approved,2026-09-03
8528,78271,Shade mismatch,1687.41,Approved,2026-09-02
8529,78286,Not as described,676.56,Approved,2026-09-04
8530,78292,Not as described,145.44,Approved,2026-08-31
8531,78294,Uncomfortable fit,1287.64,Approved,2026-09-06
8532,78296,uncomfortable fit,1488.07,Approved,2026-08-29
8533,78300,Color mismatch,1916.95,Approved,2026-08-29
8534,78326,Not as described,361.35,Rejected,2026-08-30
8535,78334,Changed mind,377.09,Approved,2024-02-23
8536,78344,Sole damage,1115.56,Approved,2025-01-02
8537,78345,Size issue,988.73,Pending,2025-01-09
8538,78352,Size too small,3021.33,Approved,2025-05-08
8539,78353,Fabric quality poor,1477.93,Approved,2025-05-09
8540,78381,Changed mind,243.4,Approved,2024-10-19
8541,78384,Product damaged,233.58,Approved,2025-01-10
8542,78396,Changed mind,562.47,Approved,2025-08-29
8543,78404,Changed mind,1985.38,Approved,2025-10-18
8544,78415,Size too large,2761.13,Approved,2026-03-26
8545,78440,Not as described,375.75,Approved,2026-07-28
8546,78455,Product damaged,434.65,Approved,2026-08-17
8547,78457,Product damaged,1293.67,Approved,2026-08-19
8548,78459,Allergic reaction,434.65,Approved,2026-08-24
8549,78478,Sole damage,2976.14,Approved,2026-09-03
8550,78479,Sole damage,1115.56,Approved,2026-08-29
8551,78482,Color mismatch,1477.93,Approved,02-09-2026
8552,78497,Changed mind,5522.26,Approved,2026-09-03
8553,78505,Fabric quality poor,1985.38,Pending,2026-09-03
8554,78509,Fabric quality poor,922.42,Rejected,2024-07-21
8555,78518,Changed mind,486.8,Approved,2026-04-13
8556,78542,Not as described,1432.98,Approved,2025-10-12
8557,78545,Changed mind,2489.4,Approved,2025-10-07
8558,78550,Color mismatch,893.75,Approved,2025-10-29
8559,78555,Product damaged,434.65,Approved,2025-11-21
8560,78576,FABRIC QUALITY POOR,2489.4,Approved,2025-10-03
8561,78578,Uncomfortable fit,844.84,Approved,2025-10-19
8562,78604,Changed mind,893.22,Approved,2025-09-07
8563,78610,Size issue,754.18,Approved,2026-08-21
8564,78611,not as described,205.29,Approved,2026-08-15
8565,78636,Fabric quality poor,3021.33,Approved,2026-01-04
8566,78638,Allergic reaction,275.13,Approved,2026-01-15
8567,78648,Color mismatch,1916.95,Approved,2026-01-19
8568,78663,Changed mind,377.09,Approved,2026-02-01
8569,78668,Fabric quality poor,4540.98,Approved,2026-02-17
8570,78669,Changed mind,2489.4,Pending,2026-02-19
8571,78676,Color mismatch,2743.56,Approved,2026-03-05
8572,78677,Changed mind,2972.8,Approved,2026-03-05
8573,78680,Color mismatch,3021.33,Approved,2026-03-12
8574,78690,Uncomfortable fit,1115.56,Approved,2026-03-17
8575,78691,Color mismatch,2575.28,Approved,2026-03-22
8576,78706,Wrong size,2972.8,Approved,2026-08-10
8577,78724,Size too large,1477.04,Approved,2025-02-10
8578,78725,Fabric quality poor,8283.39,Rejected,2025-05-07
8579,78739,Size too large,2761.13,Approved,2026-08-27
8580,78743,Shade mismatch,275.13,Approved,2026-09-11
8581,78745,Color mismatch,1689.68,Approved,2025-01-11
8582,78750,Product damaged,772.4,Rejected,2025-03-21
8583,78757,Shade mismatch,562.47,Approved,2025-04-17
8584,78766,Changed mind,1287.64,Approved,2025-06-02
8585,78769,Wrong size,2419.78,Approved,2025-07-08
8586,78777,Size too small,969.8,Approved,2025-10-22
8587,78790,Uncomfortable fit,1287.64,Approved,2026-01-07
8588,78799,Fabric quality poor,4978.8,Rejected,2026-03-21
8589,78800,Fabric quality poor,782.44,Approved,2026-03-17
8590,78823,Not as described,776.2,Approved,2026-06-07
8591,78835,Wrong size,1287.64,Approved,2026-08-20
8592,78836,Sole damage,1115.56,Approved,2026-08-29
8593,78853,Not as described,375.75,Pending,2026-01-10
8594,78857,Fabric quality poor,2270.49,Pending,2026-01-18
8595,78861,Size issue,654.38,Approved,2026-01-30
8596,78875,Color mismatch,1488.07,Approved,2026-03-24
8597,78876,Wrong size,2174.44,Approved,2026-03-17
8598,78903,Product damaged,394.6,Approved,2026-08-23
8599,78905,Size too small,922.42,Rejected,2026-08-26
8600,78908,Size too small,2955.86,Pending,2026-08-26
8601,78943,Color mismatch,2270.49,Approved,2026-07-03
8602,78957,Sole damage,1287.64,Approved,2026-09-02
8603,78958,Color mismatch,1477.04,Approved,2026-03-07
8604,78965,Changed mind,243.4,Rejected,2026-09-03
8605,78966,Wrong size,8918.4,Approved,2023-03-05
8606,78982,Changed mind,1488.07,Approved,2024-12-21
8607,78989,Changed mind,1391.28,Pending,2025-02-09
8608,78990,Product damaged,893.22,Approved,2025-02-04
8609,78991,Sole damage,5503.05,Approved,2025-02-14
8610,78997,Changed mind,2347.32,Approved,2026-03-19
8611,79004,Sole damage,2174.44,Approved,2026-05-27
8612,79014,Changed mind,1477.93,Approved,2025-01-03
8613,79015,Color mismatch,2681.25,Approved,2024-12-29
8614,79030,Shade mismatch,1692.3,Approved,2025-03-01
8615,79058,Sole damage,3346.68,Rejected,2025-12-13
8616,79065,Size too small,1477.93,Approved,2026-09-05
8617,79066,Size too large,6811.47,Pending,2026-08-31
8618,79067,Size too large,1939.6,Approved,2026-09-03
8619,79072,sole damage,844.84,Rejected,2026-09-07
8620,79074,Changed mind,4348.88,Approved,2026-09-13
8621,79080,Uncomfortable fit,1834.35,Approved,2026-09-11
8622,79091,ALLERGIC REACTION,3261.75,Approved,2025-03-07
8623,79110,Wrong size,5487.12,Approved,2026-05-25
8624,79111,Wrong size,2174.44,Approved,2026-08-19
8625,79119,Product damaged,2086.92,Approved,2026-02-17
8626,79121,Product damaged,1087.25,Approved,2026-02-23
8627,79139,Product damaged,386.2,Approved,2026-02-21
8628,79145,Size too large,4540.98,Rejected,2026-02-25
8629,79153,Wrong size,844.84,Approved,2026-02-23
8630,79155,Size issue,804.47,Approved,2026-02-24
8631,79167,Changed mind,410.58,Approved,2026-04-21
8632,79181,Changed mind,1308.76,Approved,2025-12-18
8633,79182,Size issue,1977.46,Approved,2023-07-13
8634,79185,Sole damage,4464.21,Approved,2024-07-05
8635,79210,Color mismatch,1985.38,Approved,2025-03-19
8636,79217,Color mismatch,4348.88,Approved,2025/06/06
8637,79228,Uncomfortable fit,1488.07,Approved,2025-11-01
8638,79234,Size too large,1985.38,Approved,2025-12-27
8639,79245,Uncomfortable fit,844.84,Approved,2026-02-14
8640,79255,Color mismatch,1564.88,Approved,2026-08-24
8641,79259,Fabric quality poor,1844.84,Approved,2026-08-21
8642,79265,Allergic reaction,664.45,Approved,01 Sep 2026
8643,79278,Product damaged,233.58,Approved,2026-05-29
8644,79283,Changed mind,2419.78,Approved,2026-06-11
8645,79285,Wrong size,2088.22,Approved,2026-06-16
8646,79286,Changed mind,2419.78,Approved,2026-06-10
8647,79288,Color mismatch,3862.92,Approved,2026-06-20
8648,79291,Product damaged,1692.3,Approved,2026-06-16
8649,79292,Shade mismatch,275.13,Approved,2026-06-28
8650,79295,Size too small,782.44,Approved,2026-06-24
8651,79300,Fabric quality poor,922.42,Approved,2026-08-03
8652,79304,Fabric quality poor,1985.38,Rejected,2026-08-14
8653,79306,Size too large,2489.4,Approved,2026-08-04
8654,79315,Changed mind,4839.56,Pending,2026-08-30
8655,79329,Changed mind,695.64,Rejected,2025-08-26
8656,79348,Size too small,3970.76,Approved,2025-02-13
8657,79359,Product damaged,301.02,Pending,2025-05-31
8658,79384,Changed mind,825.39,Approved,20 Jan 2026
8659,79394,Color mismatch,1985.38,Approved,2026-07-29
8660,79402,Color mismatch,5487.12,Approved,2025-07-11
8661,79404,Uncomfortable fit,2231.12,Approved,2025-10-19
8662,79406,Wrong size,1916.95,Pending,2026-05-05
8663,79445,Sole damage,844.84,Approved,2026-08-04
8664,79450,SIZE TOO SMALL,1477.93,Approved,2026-07-25
8665,79455,Allergic reaction,562.47,Rejected,2024-10-01
8666,79472,Size too small,893.75,Approved,2025-02-26
8667,79495,Uncomfortable fit,1916.95,Approved,2026-09-07
8668,79524,Uncomfortable fit,2174.44,Approved,2025-11-07
8669,79525,Wrong size,2743.56,Approved,2025-11-08
8670,79526,Sole damage,2972.8,Approved,2025-11-13
8671,79530,Changed mind,776.2,Approved,2025-12-16
8672,79533,Color mismatch,1488.07,Approved,2025-12-18
8673,79545,Size too large,2955.86,Approved,2026-03-07
8674,79547,Size too small,2489.4,Approved,2026-03-06
8675,79553,Color mismatch,5487.12,Approved,2026-05-02
8676,79566,Changed mind,1916.95,Pending,2026-08-12
8677,79594,Product damaged,695.64,Approved,2025-12-25
8678,79600,Changed mind,893.75,Approved,2026-03-11
8679,79601,Size too small,782.44,Approved,2026-03-11
8680,79605,Color mismatch,1844.84,Approved,2026-03-28
8681,79608,Wrong size,2534.52,Approved,2026-03-22
8682,79609,Sole damage,2972.8,Approved,2026-03-23
8683,79623,Sole damage,2743.56,Approved,2026-05-23
8684,79625,Changed mind,844.84,Approved,2026-05-15
8685,79626,Product damaged,290.88,Approved,2026-05-22
8686,79656,Size too small,9063.99,Pending,2026-09-07
8687,79658,COLOR MISMATCH,9063.99,Approved,2026-09-09
8688,79667,Color mismatch,1985.38,Approved,2024-11-08
8689,79686,Size too large,1477.93,Approved,22-08-2026
8690,79691,Size too large,1985.38,Approved,2026-08-18
8691,79700,Size too large,1477.93,Approved,2024-08-24
8692,79702,Changed mind,969.8,Approved,2024-08-27
8693,79704,Size too small,2761.13,Pending,2025-01-01
8694,79706,Color mismatch,2909.4,Approved,2025-01-12
8695,79733,Color mismatch,3021.33,Approved,2025-03-09
8696,79735,Uncomfortable fit,1916.95,Approved,2025-03-22
8697,79740,Changed mind,1293.67,Pending,2025-04-03
8698,79751,Fabric quality poor,8283.39,Approved,2025-06-24
8699,79752,Size too large,1477.93,Approved,2025-06-25
8700,79754,Size issue,654.38,Approved,2025-07-04
8701,79763,Color mismatch,2088.22,Approved,2024-09-08
8702,79765,Fabric quality poor,893.75,Approved,2024-09-11
8703,79774,Wrong size,1287.64,Approved,2025-10-13
8704,79783,Color mismatch,8283.39,Approved,2026-01-29
8705,79786,Uncomfortable fit,2088.22,Approved,2026-05-03
8706,79799,Product damaged,301.02,Approved,2024-09-03
8707,79806,FABRIC QUALITY POOR,7468.2,Approved,2024/11/24
8708,79814,Sole damage,2743.56,Approved,2025-01-27
8709,79822,Changed mind,2174.44,Pending,2025-05-22
8710,79827,Size too small,2761.13,Approved,2025-09-04
8711,79829,Wrong size,1287.64,Approved,2025-09-30
8712,79864,Fabric quality poor,4978.8,Approved,2026-05-29
8713,79871,Product damaged,1084.05,Approved,2026-07-01
8714,79883,SOLE DAMAGE,2088.22,Approved,2023-11-11
8715,79885,Changed mind,2174.44,Approved,2023-11-09
8716,79902,Sole damage,1115.56,Pending,2025-10-29
8717,79917,Not as described,776.2,Approved,2026-08-09
8718,79918,Size issue,1051.82,Approved,2025-11-14
8719,79919,Size issue,804.47,Pending,2025-11-10
8720,79952,Color mismatch,1844.84,Approved,2026-05-30
8721,79956,Changed mind,2976.14,Approved,2025/01/13
8722,79959,Wrong size,1916.95,Approved,2025-04-04
8723,79978,Not as described,1131.27,Approved,2026-09-03
8724,79990,Changed mind,1488.07,Approved,2025-10-20
8725,79999,Changed mind,969.8,Approved,2026-06-30
8726,80000,Fabric quality poor,3021.33,Approved,2026-06-25
8727,80002,Sole damage,2743.56,Approved,2026-07-01
8728,80005,Sole damage,3668.7,Approved,2026-06-27
8729,80012,Not as described,700.74,Approved,2026-07-02
8730,80013,Allergic reaction,3721.59,Approved,2026-07-07
8731,80021,Color mismatch,2270.49,Approved,2026-07-06
8732,80022,Sole damage,2174.44,Approved,2026-06-28
8733,80023,Wrong size,2088.22,Pending,2026-07-03
8734,80024,Uncomfortable fit,1834.35,Rejected,2026-06-25
8735,80041,Changed mind,200.78,Approved,2026-06-29
8736,80054,Changed mind,243.4,Rejected,2026-07-03
8737,80060,Color mismatch,2088.22,Approved,2026-08-24
8738,80083,Size too large,969.8,Approved,2024-11-13
8739,80093,Fabric quality poor,2681.25,Approved,2025-08-22
8740,80100,Size too large,1787.5,Approved,2026-02-14
8741,80112,Changed mind,525.91,Approved,2024-01-14
8742,80117,Color mismatch,2088.22,Approved,2025-08-27
8743,80118,Uncomfortable fit,2174.44,Approved,2025-08-27
8744,80122,Uncomfortable fit,2972.8,Approved,2026-01-09
8745,80124,Color mismatch,1477.04,Approved,2026-03-21
8746,80136,Changed mind,2966.19,Approved,2025-01-29
8747,80155,Size too large,4978.8,Approved,2025-09-03
8748,80159,Size too small,2489.4,Approved,2025-10-15
8749,80162,Shade mismatch,1391.28,Approved,2025-10-31
8750,80166,Wrong size,1287.64,Rejected,2026-02-26
8751,80175,Not as described,361.35,Approved,2026-06-20
8752,80179,Changed mind,3881.01,Approved,2026-06-24
8753,80185,Color mismatch,2743.56,Approved,2026-01-10
8754,80212,Sole damage,2743.56,Approved,2026-09-15
8755,80216,Shade mismatch,823.09,Approved,2025-11-12
8756,80219,Allergic reaction,823.09,Rejected,2025-11-19
8757,80222,Fabric quality poor,922.42,Approved,2026-01-08
8758,80223,Color mismatch,2270.49,Approved,2026-01-05
8759,80225,Color mismatch,2489.4,Approved,2026-01-12
8760,80231,Not as described,386.2,Pending,2026-03-31
8761,80238,Size issue,2008.14,Approved,2026-07-20
8762,80240,Size too large,2270.49,Approved,2026-08-09
8763,80249,Size issue,669.38,Rejected,2025-07-30
8764,80264,Not as described,361.35,Approved,2025-08-31
8765,80269,Shade mismatch,434.65,Approved,2025-09-14
8766,80292,Uncomfortable fit,1916.95,Approved,2026-03-04
8767,80295,Allergic reaction,1087.25,Approved,2026-03-21
8768,80297,Changed mind,1488.07,Pending,2026-05-20
8769,80298,Changed mind,1338.76,Approved,2026-06-12
8770,80301,Wrong size,1287.64,Approved,2026-06-14
8771,80341,Size too small,2270.49,Approved,2026-04-08
8772,80357,Not as described,669.38,Approved,2024-11-11
8773,80365,Changed mind,1087.25,Approved,09 Aug 2025
8774,80396,Color mismatch,5945.6,Rejected,2025-09-01
8775,80399,Color mismatch,2270.49,Approved,2026-08-27
8776,80403,Changed mind,434.65,Approved,2024-11-27
8777,80407,Not as described,602.34,Rejected,2025-08-21
8778,80440,Changed mind,1552.4,Pending,2025-11-18
8779,80445,Size too small,1939.6,Approved,2026-08-26
8780,80456,Size too large,893.75,Approved,2024-11-14
8781,80468,Size too small,1477.93,Approved,2025-02-14
8782,80499,Changed mind,1477.93,Pending,2024-11-15
8783,80508,Not as described,722.7,Pending,2025-07-16
8784,80517,Uncomfortable fit,2419.78,Approved,2025-08-26
8785,80525,Size issue,375.75,Approved,2025-09-09
8786,80553,Changed mind,823.09,Approved,2026-04-09
8787,80555,Changed mind,776.2,Approved,2026-07-05
8788,80556,Product damaged,434.65,Approved,2026-08-13
8789,80557,Product damaged,1240.53,Approved,2026-08-25
8790,80558,Changed mind,846.15,Approved,2026-08-15
8791,80559,changed mind,2679.66,Approved,2026-08-16
8792,80562,Wrong size,3346.68,Pending,2026-08-31
8793,80584,Size too small,5522.26,Approved,2025-02-01
8794,80590,Color mismatch,2347.32,Approved,2025-02-16
8795,80608,Changed mind,1916.95,Approved,02 Oct 2025
8796,80616,Product damaged,1240.53,Approved,2026-03-05
8797,80627,Changed mind,290.88,Pending,2026-06-03
8798,80630,Allergic reaction,275.13,Approved,2026-07-02
8799,80633,Size issue,776.2,Approved,2024-10-05
8800,80640,Product damaged,205.29,Approved,2026-07-09
8801,80652,Color mismatch,893.75,Approved,2025-02-03
8802,80659,Wrong size,2743.56,Approved,2025-09-06
8803,80672,Changed mind,1985.38,Rejected,2026-09-13
8804,80681,Changed mind,776.2,Approved,2024-06-04
8805,80690,Changed mind,467.16,Approved,2024-10-08
8806,80695,Color mismatch,1488.07,Pending,2024-10-20
8807,80712,Product damaged,486.8,Approved,2025-05-24
8808,80716,Not as described,654.38,Approved,2023-12-11
8809,80734,Size too small,2489.4,Approved,2025-11-17
8810,80739,Color mismatch,2972.8,Approved,2025-12-10
8811,80742,Size too large,2909.4,Rejected,2026-06-14
8812,80744,Size too large,2761.13,Approved,2026-06-12
8813,80756,Color mismatch,3021.33,Rejected,2026-08-19
8814,80757,Changed mind,562.47,Approved,2026-09-04
8815,80758,Product damaged,2538.45,Approved,2026-08-29
8816,80768,Color mismatch,1477.93,Approved,2026-05-04
8817,80775,Shade mismatch,664.45,Rejected,2026-07-15
8818,80791,Color mismatch,2419.78,Approved,2026-08-04
8819,80799,Size issue,375.75,Approved,2026-08-17
8820,80814,Size too large,1985.38,Approved,2026-08-27
8821,80825,Size too large,5522.26,Approved,2026-09-10
8822,80830,Changed mind,782.44,Approved,2026-09-15
8823,80847,Changed mind,1477.04,Approved,2026-06-16
8824,80849,Not as described,716.49,Approved,2026-07-07
8825,80853,Changed mind,275.13,Approved,2026-08-31
8826,80858,Changed mind,1115.56,Approved,2026-08-22
8827,80864,Fabric quality poor,782.44,Approved,2023-08-04
8828,80865,Color mismatch,1488.07,Rejected,2023-11-15
8829,80868,Size too large,782.44,Approved,2024-02-10
8830,80881,Product damaged,562.47,Approved,2026-04-18
8831,80884,Fabric quality poor,2954.08,Approved,2026-05-09
8832,80886,Allergic reaction,1124.94,Approved,2026-08-12
8833,80897,Size too large,5522.26,Approved,2026-04-01
8834,80906,COLOR MISMATCH,844.84,Pending,2026-04-22
8835,80908,Sole damage,1287.64,Approved,2026-04-22
8836,80922,Product damaged,562.47,Rejected,2026-07-08
8837,80937,Size too large,922.42,Approved,2026-09-10
8838,80954,ALLERGIC REACTION,1087.25,Approved,2024-09-22
8839,80955,Size too large,893.75,Approved,2024-11-15
8840,80960,Size too large,1787.5,Approved,2025-02-01
8841,80962,Not as described,233.58,Pending,2025-02-03
8842,80971,Not as described,804.47,Rejected,2025-07-21
8843,81000,Size too large,1477.04,Approved,2026-09-02
8844,81026,Changed mind,664.45,Approved,2025-09-15
8845,81029,Size too large,782.44,Approved,2026-02-09
8846,81049,Size too large,2270.49,Approved,2026-04-01
8847,81050,Changed mind,1477.93,Approved,2026-04-02
8848,81059,Uncomfortable fit,2972.8,Approved,2026-08-02
8849,81065,Allergic reaction,846.15,Pending,2026-08-31
8850,81083,Size too large,2955.86,Approved,2025-09-28
8851,81086,Changed mind,782.44,Approved,2025-11-19
8852,81096,Sole damage,844.84,Approved,2025-09-02
8853,81103,Product damaged,275.13,Approved,2025-09-28
8854,81105,Changed mind,275.13,Approved,2025-01-15
8855,81108,Size too small,3021.33,Approved,2026-02-19
8856,81118,Changed mind,654.38,Approved,2026-01-09
8857,81129,Allergic reaction,695.64,Rejected,2026-01-19
8858,81146,Product damaged,436.32,Approved,2026-03-21
8859,81148,Not as described,377.09,Approved,2026-03-30
8860,81169,Changed mind,1787.5,Pending,2026-07-01
8861,81184,Size issue,525.91,Approved,2026-09-03
8862,81190,Uncomfortable fit,2743.56,Approved,2026-09-03
8863,81191,Changed mind,434.65,Approved,2026-09-08
8864,81208,Not as described,377.09,Rejected,2026-01-18
8865,81209,Size issue,1338.76,Approved,2026-01-14
8866,81211,Changed mind,676.56,Approved,2026-01-22
8867,81216,size too large,3021.33,Approved,2026-02-24
8868,81217,Wrong size,1916.95,Approved,2026-03-11
8869,81219,Changed mind,3021.33,Approved,2026-03-16
8870,81231,Color mismatch,1488.07,Approved,2026-08-28
8871,81245,Changed mind,361.35,Approved,2024-08-01
8872,81253,Product damaged,893.22,Approved,2025-11-10
8873,81274,Sole damage,2174.44,Approved,2026-01-07
8874,81297,Fabric quality poor,1844.84,Rejected,07/06/2026
8875,81306,Changed mind,1287.64,Approved,2025-09-02
8876,81320,Changed mind,2972.8,Approved,2026-01-07
8877,81321,Product damaged,528.18,Approved,2026-01-10
8878,81322,Product damaged,823.09,Approved,2026-01-29
8879,81325,Wrong size,2743.56,Approved,2026-03-13
8880,81326,Color mismatch,3021.33,Rejected,2026-03-28
8881,81339,Color mismatch,1834.35,Pending,2026-08-03
8882,81348,Fabric quality poor,922.42,Pending,2026-09-01
8883,81364,Wrong size,2743.56,Approved,2024-07-09
8884,81365,Wrong size,2174.44,Rejected,2024-06-29
8885,81384,Changed mind,1287.64,Approved,2026-03-13
8886,81385,Sole damage,2174.44,Approved,2026-06-15
8887,81403,Changed mind,782.44,Approved,2024-06-16
8888,81417,Size too small,3021.33,Rejected,2024-12-29
8889,81418,Fabric quality poor,2489.4,Approved,2024-12-26
8890,81422,Size too large,922.42,Approved,2025-06-26
8891,81424,Size too large,2761.13,Approved,2025-06-19
8892,81450,Uncomfortable fit,1115.56,Approved,2024-11-04
8893,81451,CHANGED MIND,844.84,Approved,2024-11-01
8894,81458,Not as described,394.6,Approved,2025-01-24
8895,81460,Changed mind,434.65,Approved,2025-08-19
8896,81486,shade mismatch,695.64,Approved,2024-01-14
8897,81492,Not as described,776.2,Rejected,2024-02-28
8898,81495,Sole damage,1115.56,Rejected,2024-04-16
8899,81501,Changed mind,7259.34,Approved,2024-06-17
8900,81505,Changed mind,145.44,Pending,2024-11-25
8901,81510,Wrong size,1287.64,Approved,02 Mar 2025
8902,81513,Shade mismatch,1786.44,Approved,2025-05-03
8903,81533,not as described,716.49,Approved,2026-01-14
8904,81550,Color mismatch,2174.44,Approved,2025-10-03
8905,81559,Sole damage,2743.56,Approved,2026-01-02
8906,81561,Changed mind,2972.8,Approved,2026-01-08
8907,81573,Uncomfortable fit,2419.78,Approved,2026-03-18
8908,81588,Not as described,389.69,Approved,2026-06-29
8909,81598,Product damaged,893.22,Approved,2026-08-20
8910,81626,Not as described,716.49,Approved,2026-04-05
8911,81632,Size too small,1985.38,Approved,2026-08-29
8912,81634,wrong size,4348.88,Pending,2026-09-09
8913,81635,Changed mind,1477.93,Approved,2026-09-08
8914,81636,Size too large,969.8,Approved,2026-09-12
8915,81642,COLOR MISMATCH,922.42,Approved,2024-06-08
8916,81661,Color mismatch,2972.8,Approved,2026-05-27
8917,81697,Size issue,1432.98,Approved,2026-05-30
8918,81702,Uncomfortable fit,5503.05,Approved,01 Jun 2026
8919,81735,Changed mind,2231.12,Approved,2025-01-16
8920,81739,Changed mind,1240.53,Approved,2025-02-04
8921,81740,Shade mismatch,2538.45,Approved,2025-02-09
8922,81773,Size too large,2955.86,Approved,2026-07-12
8923,81775,Fabric quality poor,782.44,Approved,2026-08-24
8924,81778,Sole damage,2088.22,Approved,2026-08-24
8925,81782,Sole damage,2575.28,Approved,2026-08-20
8926,81794,Changed mind,4540.98,Approved,2026-08-03
8927,81795,Color mismatch,1477.93,Pending,2026-08-10
8928,81810,Size issue,654.36,Approved,2026-07-22
8929,81823,Not as described,389.69,Approved,2026-07-27
8930,81829,Changed mind,893.75,Approved,2026-07-26
8931,81843,Wrong size,1834.35,Approved,2026-07-31
8932,81847,Size too small,969.8,Approved,2026-07-28
8933,81870,Product damaged,386.2,Approved,2026-08-03
8934,81871,Sole damage,2972.8,Approved,2026-07-29
8935,81888,Product damaged,664.45,Approved,2026-07-11
8936,81890,Changed mind,1488.07,Approved,2026-07-18
8937,81891,Fabric quality poor,3021.33,Approved,2026-07-19
8938,81903,Color mismatch,3021.33,Approved,2026-08-13
8939,81906,SIZE TOO SMALL,893.75,Approved,2026-08-25
8940,81914,Size issue,988.73,Approved,2026-08-12
8941,81937,Allergic reaction,1087.25,Approved,2026-08-29
8942,81939,Product damaged,434.65,Approved,2026-09-05
8943,81942,Changed mind,779.38,Pending,2026-08-30
8944,81965,Product damaged,200.78,Approved,2026-06-27
8945,82003,Not as described,1338.76,Approved,2024-02-20
8946,82014,Uncomfortable fit,3833.9,Approved,2024-10-16
8947,82025,Changed mind,1432.98,Approved,2024-12-28
8948,82029,Size too small,5522.26,Approved,2025-02-12
8949,82033,Sole damage,1115.56,Approved,2025-06-22
8950,82042,CHANGED MIND,1240.53,Rejected,2025-10-07
8951,82045,Color mismatch,1787.5,Approved,2025-11-07
8952,82048,SIZE TOO LARGE,2270.49,Approved,2025-11-07
8953,82050,Changed mind,969.8,Approved,2025-12-08
8954,82057,Product damaged,602.04,Rejected,2026-03-17
8955,82061,Sole damage,2174.44,Approved,2026-07-04
8956,82098,Size too large,3970.76,Approved,2026-07-21
8957,82119,Size too small,1477.93,Rejected,2026-03-16
8958,82130,Size issue,804.47,Approved,2026-07-07
8959,82139,Size too large,1985.38,Pending,2026-06-21
8960,82149,Fabric quality poor,1477.93,Approved,2026-08-22
8961,82151,Wrong size,2575.28,Approved,2026-08-26
8962,82162,Size too large,2761.13,Approved,2025-12-19
8963,82174,Uncomfortable fit,1115.56,Approved,2025-05-10
8964,82175,Color mismatch,1916.95,Approved,2025-05-09
8965,82186,Changed mind,145.44,Approved,2025-08-05
8966,82187,Changed mind,1087.25,Approved,2025-08-26
8967,82193,Not as described,1552.4,Approved,2025-10-11
8968,82198,Product damaged,410.58,Approved,2025-12-20
8969,82199,Changed mind,2972.8,Rejected,2026-01-02
8970,82231,Product damaged,1240.53,Pending,2026-04-24
8971,82233,Color mismatch,782.44,Pending,2026/05/13
8972,82235,Size too small,893.75,Approved,2026-05-14
8973,82241,Changed mind,754.18,Approved,2026-07-17
8974,82246,Color mismatch,1488.07,Approved,2026-07-08
8975,82247,Sole damage,2174.44,Approved,2026-07-12
8976,82252,Uncomfortable fit,1287.64,Approved,2026-07-06
8977,82253,Changed mind,2174.44,Pending,2026-07-14
8978,82255,Sole damage,2088.22,Approved,2026/07/17
8979,82256,Allergic reaction,695.64,Approved,2026-07-06
8980,82261,Wrong size,1287.64,Pending,2026-07-17
8981,82272,Changed mind,528.18,Approved,2026-07-18
8982,82276,Size issue,676.56,Approved,2026-07-11
8983,82279,Product damaged,3881.01,Approved,2026-07-05
8984,82286,Wrong size,6264.66,Approved,2026-07-11
8985,82287,Color mismatch,3021.33,Approved,2026-07-05
8986,82289,Size issue,375.75,Approved,2026-07-14
8987,82301,Color mismatch,2419.78,Approved,2026-07-13
8988,82303,Allergic reaction,1087.25,Approved,2026-07-15
8989,82304,Product damaged,275.13,Approved,2026-07-15
8990,82317,Product damaged,1687.41,Approved,2026-05-12
8991,82319,Allergic reaction,1328.9,Pending,2025-08-29
8992,82333,Size too small,1939.6,Approved,2026-01-16
8993,82346,Changed mind,145.44,Approved,2026-05-21
8994,82355,Sole damage,2231.12,Approved,2024-12-28
8995,82356,Wrong size,1488.07,Approved,2025-01-02
8996,82357,Color mismatch,2174.44,Approved,2025-01-07
8997,82361,Color mismatch,1477.93,Rejected,2025-01-28
8998,82367,Not as described,776.2,Approved,2025-02-04
8999,82376,Size issue,676.56,Approved,2025-06-17
9000,82387,Size too large,1477.04,Pending,2025-09-30
9001,82388,Uncomfortable fit,1916.95,Pending,2025-11-12
9002,82389,Wrong size,1287.64,Approved,2025-12-05
9003,82428,Color mismatch,1477.04,Approved,2026-09-08
9004,82433,Changed mind,846.15,Approved,2025-08-29
9005,82448,Changed mind,2419.78,Approved,2023-11-16
9006,82451,Shade mismatch,664.45,Approved,2024-02-03
9007,82472,Fabric quality poor,2489.4,Approved,2024/09/02
9008,82475,Size too small,1985.38,Approved,2024-10-11
9009,82477,Fabric quality poor,4978.8,Approved,2024-11-20
9010,82480,Color mismatch,2972.8,Approved,2025-02-02
9011,82497,Color mismatch,2419.78,Approved,2026-07-07
9012,82498,Uncomfortable fit,3833.9,Approved,2026-07-15
9013,82504,Shade mismatch,2174.5,Approved,2026-07-14
9014,82510,Changed mind,776.2,Approved,2026-07-05
9015,82523,Changed mind,654.38,Approved,2025-06-22
9016,82527,Changed mind,1488.07,Approved,2025-11-04
9017,82538,Changed mind,893.22,Approved,2026-06-25
9018,82539,Size too small,1477.04,Approved,2026-08-30
9019,82554,Size too small,2489.4,Rejected,2026-09-14
9020,82562,Not as described,145.44,Approved,2025-07-06
9021,82563,Product damaged,301.02,Rejected,2025-07-08
9022,82582,Wrong size,2743.56,Approved,2026-06-06
9023,82595,SIZE ISSUE,669.38,Rejected,2026-07-31
9024,82632,Size too large,3021.33,Pending,2026-08-23
9025,82635,Fabric quality poor,2270.49,Approved,2026-08-19
9026,82640,Uncomfortable fit,2972.8,Approved,2026-09-05
9027,82676,Wrong size,1834.35,Approved,2025-12-23
9028,82679,Changed mind,1169.07,Approved,2026-01-13
9029,82683,Wrong size,5487.12,Approved,2026-01-11
9030,82694,Uncomfortable fit,2174.44,Approved,2026-06-26
9031,82703,Shade mismatch,1087.25,Approved,2026-08-24
9032,82704,Changed mind,3970.76,Approved,2026-08-31
9033,82721,Fabric quality poor,2489.4,Pending,2024-06-18
9034,82726,Product damaged,243.4,Approved,2024-10-07
9035,82731,Shade mismatch,2587.34,Approved,2026-02-01
9036,82734,Color mismatch,1488.07,Approved,2026-07-28
9037,82772,Size issue,2328.6,Approved,2023-08-17
9038,82799,Size too large,3021.33,Approved,06/18/2024
9039,82801,Size issue,1977.46,Approved,2024-07-18
9040,82804,Size too large,782.44,Rejected,2024-08-11
9041,82823,Allergic reaction,1692.3,Approved,2024-11-26
9042,82824,Changed mind,562.47,Approved,2024-11-24
9043,82830,Size too small,1477.04,Approved,2025-02-23
9044,82841,Wrong size,2743.56,Approved,2025-08-15
9045,82847,Size too large,4540.98,Pending,2025-12-27
9046,82866,Not as described,386.2,Approved,2026-06-20
9047,82873,Size too small,2270.49,Approved,2026-01-07
9048,82895,Wrong size,2972.8,Approved,2025-08-26
9049,82899,SIZE ISSUE,375.75,Rejected,2025-11-19
9050,82906,Color mismatch,2955.86,Approved,2026-04-03
9051,82912,Uncomfortable fit,4176.44,Approved,2026-05-09
9052,82915,Not as described,602.04,Rejected,2026-06-20
9053,82929,Uncomfortable fit,2419.78,Pending,2026-03-22
9054,82932,Changed mind,2174.44,Approved,2026-06-26
9055,82952,Fabric quality poor,6042.66,Approved,2026-08-18
9056,82984,Color mismatch,2976.14,Approved,2026-09-13
9057,83013,Size too large,2270.49,Approved,2026-08-23
9058,83020,Fabric quality poor,1477.93,Approved,2026-01-28
9059,83021,Color mismatch,922.42,Approved,2026-01-29
9060,83024,Fabric quality poor,7468.2,Approved,2026-02-08
9061,83028,Color mismatch,1985.38,Approved,2026-02-08
9062,83033,Product damaged,1087.25,Approved,2026-02-13
9063,83040,Changed mind,844.84,Approved,2024-09-29
9064,83049,Fabric quality poor,1939.6,Approved,2026-07-17
9065,83098,Fabric quality poor,2761.13,Approved,2025-01-27
9066,83121,Size too small,969.8,Pending,2025-10-17
9067,83133,Changed mind,669.38,Approved,2026-08-30
9068,83151,Sole damage,5945.6,Approved,2026-01-17
9069,83152,Wrong size,844.84,Approved,2026-01-07
9070,83168,Size too small,2270.49,Rejected,2025-11-18
9071,83182,Shade mismatch,1293.67,Approved,2026-02-03
9072,83184,Size too small,922.42,Approved,2026-01-30
9073,83185,Changed mind,2270.49,Rejected,2026-02-28
9074,83186,Changed mind,782.44,Approved,2026-02-21
9075,83208,Changed mind,4433.79,Approved,2025-06-21
9076,83216,Product damaged,145.44,Approved,2025-12-13
9077,83228,Product damaged,562.47,Approved,2024-06-10
9078,83232,Color mismatch,1844.84,Rejected,2026-01-22
9079,83240,Sole damage,2419.78,Approved,2026-02-12
9080,83241,Color mismatch,782.44,Rejected,2026-02-19
9081,83246,Size too large,3021.33,Approved,2026-02-08
9082,83252,Fabric quality poor,969.8,Approved,2026-01-10
9083,83253,Fabric quality poor,1477.93,Approved,2026-01-02
9084,83255,Size too small,2761.13,Approved,2026-01-03
9085,83257,Shade mismatch,695.64,Rejected,2026-07-03
9086,83264,changed mind,695.64,Approved,2026-02-13
9087,83291,Allergic reaction,846.15,Approved,2026-08-16
9088,83304,Size issue,1308.72,Pending,2025-10-30
9089,83307,Color mismatch,2174.44,Pending,2025-11-08
9090,83313,SIZE ISSUE,669.38,Rejected,2025-11-04
9091,83320,Size too large,782.44,Approved,2025-11-13
9092,83321,Fabric quality poor,3970.76,Approved,2025-11-16
9093,83336,Changed mind,410.58,Approved,2025-11-12
9094,83338,COLOR MISMATCH,1115.56,Approved,2025-11-17
9095,83366,Size issue,669.38,Approved,2025-01-14
9096,83368,Not as described,716.49,Approved,2025-01-20
9097,83392,Changed mind,2481.06,Approved,2025-03-23
9098,83396,Product damaged,1087.25,Rejected,2025-04-14
9099,83403,Not as described,394.6,Approved,2025-03-16
9100,83418,Changed mind,893.75,Approved,2025-10-27
9101,83419,Changed mind,969.8,Pending,2025-11-09
9102,83427,uncomfortable fit,8230.68,Approved,2026-01-11
9103,83437,UNCOMFORTABLE FIT,844.84,Approved,2026-09-07
9104,83460,Not as described,1353.12,Pending,2026-09-06
9105,83471,Product damaged,869.3,Approved,2025-01-05
9106,83478,Fabric quality poor,1985.38,Rejected,2026-02-03
9107,83485,Sole damage,1916.95,Approved,2026-08-13
9108,83491,Sole damage,2231.12,Rejected,2026-09-09
9109,83492,Not as described,700.74,Approved,2026-09-13
9110,83513,Size too large,2270.49,Pending,2026-08-30
9111,83514,Color mismatch,3021.33,Approved,2026-08-28
9112,83515,Not as described,361.35,Approved,2026-08-25
9113,83533,Size too small,893.75,Approved,2026-09-01
9114,83558,Size issue,654.36,Approved,2025-02-07
9115,83577,Fabric quality poor,1985.38,Approved,2025-10-02
9116,83582,Uncomfortable fit,1834.35,Approved,2025-10-23
9117,83594,Size too large,2489.4,Approved,2026-02-03
9118,83595,Fabric quality poor,5522.26,Approved,2026-02-06
9119,83598,size too small,1985.38,Approved,2026-05-03
9120,83616,Size too large,1985.38,Approved,2026-03-12
9121,83622,Fabric quality poor,1477.04,Approved,2024-07-09
9122,83630,Size too large,2761.13,Approved,2025-10-26
9123,83634,Changed mind,2761.13,Approved,2026-03-10
9124,83637,WRONG SIZE,1115.56,Approved,2026-05-04
9125,83641,Sole damage,2972.8,Rejected,2024-11-13
9126,83643,Wrong size,2743.56,Approved,2024-11-07
9127,83645,Shade mismatch,823.09,Pending,2025-01-04
9128,83655,Wrong size,1834.35,Approved,2025-08-02
9129,83672,Size too large,1787.5,Approved,2025-03-10
9130,83686,Changed mind,205.29,Approved,2025-05-08
9131,83699,Size issue,754.18,Approved,2025-10-19
9132,83701,Wrong size,1488.07,Approved,2025-10-30
9133,83710,Product damaged,1786.44,Pending,2025-08-23
9134,83717,Changed mind,386.2,Pending,2026-05-19
9135,83718,Size too small,1477.93,Approved,2026-06-17
9136,83725,Size issue,676.56,Rejected,2026-09-05
9137,83730,Color mismatch,4431.12,Approved,2025-05-15
9138,83739,Wrong size,2972.8,Approved,2025-06-28
9139,83758,Not as described,361.35,Rejected,2025-08-19
9140,83764,Sole damage,2743.56,Approved,2025-08-25
9141,83769,Color mismatch,969.8,Approved,2025-08-30
9142,83780,Color mismatch,3021.33,Approved,2025-09-11
9143,83785,Changed mind,789.2,Pending,2025-09-18
9144,83802,Color mismatch,2972.8,Approved,2025-11-18
9145,83829,Allergic reaction,1293.67,Approved,2025-07-12
9146,83846,Changed mind,676.56,Pending,2025-11-03
9147,83851,Size too small,969.8,Pending,2025-11-08
9148,83855,Color mismatch,893.75,Rejected,2025-11-24
9149,83862,Allergic reaction,1293.67,Approved,2025-12-27
9150,83871,Size too small,1939.6,Approved,2026-05-25
9151,83874,Sole damage,2088.22,Approved,2026-06-13
9152,83886,Size too large,1939.6,Approved,2026-06-02
9153,83898,Allergic reaction,2679.66,Pending,2026-06-14
9154,83905,Size too small,4433.79,Pending,2026-02-19
9155,83918,Changed mind,2743.56,Rejected,2026-02-19
9156,83919,Fabric quality poor,1477.93,Rejected,2026-02-10
9157,83938,Changed mind,2761.13,Approved,29-01-2026
9158,83940,Not as described,264.09,Approved,2026-02-06
9159,83957,Size too small,1477.04,Approved,2026-05-16
9160,83958,Color mismatch,922.42,Pending,2026-05-09
9161,83964,Allergic reaction,846.15,Approved,2026-05-11
9162,83966,Sole damage,2231.12,Approved,2026-05-15
9163,83967,Size issue,669.38,Approved,2026-05-17
9164,83968,Changed mind,1477.93,Approved,2026-05-08
9165,83979,Uncomfortable fit,2743.56,Approved,2025-09-02
9166,83980,Color mismatch,1115.56,Pending,2025-09-09
9167,83987,Sole damage,1287.64,Approved,2024-12-19
9168,83999,Changed mind,4431.12,Approved,2024-01-31
9169,84001,Uncomfortable fit,2174.44,Approved,2024-04-01
9170,84032,Not as described,654.36,Approved,2024-04-15
9171,84037,Product damaged,664.45,Pending,2024-12-25
9172,84048,Sole damage,7259.34,Approved,2026-01-10
9173,84050,Uncomfortable fit,2575.28,Approved,2026-01-06
9174,84051,Changed mind,434.65,Approved,2026-01-29
9175,84066,Product damaged,550.26,Approved,2026-09-15
9176,84075,Changed mind,2761.13,Approved,2026-07-06
9177,84078,Wrong size,1287.64,Approved,2026-09-03
9178,84094,Allergic reaction,1293.67,Approved,2025-02-17
9179,84097,Product damaged,394.6,Approved,2025-04-24
9180,84118,Changed mind,2534.52,Approved,2026-07-04
9181,84126,Fabric quality poor,2767.26,Approved,2024-07-29
9182,84141,Sole damage,5503.05,Approved,2024-11-17
9183,84142,Changed mind,401.56,Approved,2024-11-22
9184,84147,Allergic reaction,695.64,Approved,2025-02-01
9185,84157,Changed mind,1963.14,Approved,2025-03-24
9186,84158,Size too small,2761.13,Approved,2025-03-19
9187,84160,Fabric quality poor,893.75,Approved,2025-08-05
9188,84174,Changed mind,2270.49,Approved,2025-11-16
9189,84175,Product damaged,846.15,Pending,2025-11-13
9190,84207,Fabric quality poor,2489.4,Approved,2026-08-26
9191,84223,Shade mismatch,1293.67,Approved,2026-08-26
9192,84226,Size too small,4978.8,Rejected,2026-09-03
9193,84229,Size too large,1985.38,Rejected,2026-09-04
9194,84230,Changed mind,1963.14,Approved,05 Sep 2026
9195,84236,Size too large,2270.49,Approved,2026-08-28
9196,84237,Fabric quality poor,1477.04,Approved,2026-08-28
9197,84238,Changed mind,1084.05,Approved,2026-09-06
9198,84258,Size too small,1477.04,Pending,2026-09-12
9199,84272,Fabric quality poor,2489.4,Approved,2026-06-08
9200,84279,Product damaged,789.2,Approved,2026-06-26
9201,84288,Product damaged,562.47,Approved,2026-07-12
9202,84300,Product damaged,3261.75,Approved,2026-08-30
9203,84328,Size too large,3970.76,Approved,2025-01-13
9204,84329,Changed mind,1477.93,Approved,2025-01-11
9205,84337,Size too large,2954.08,Approved,2025-06-15
9206,84338,Color mismatch,922.42,Approved,2025-06-09
9207,84342,Not as described,394.6,Pending,2025-06-28
9208,84347,Changed mind,1477.04,Rejected,2025-08-15
9209,84359,Color mismatch,4540.98,Approved,2025-11-05
9210,84363,Sole damage,5487.12,Approved,2026-06-03
9211,84365,Wrong size,2972.8,Approved,2026-06-14
9212,84384,Size too small,3021.33,Approved,2025-02-20
9213,84385,Size too large,1477.04,Approved,2025-04-06
9214,84399,Size too small,5522.26,Approved,2025-11-07
9215,84401,Size too small,6042.66,Approved,2025-11-08
9216,84406,Size too small,2761.13,Approved,2026-01-29
9217,84438,Size too large,782.44,Approved,2024-11-22
9218,84447,Changed mind,1287.64,Pending,2024-12-21
9219,84448,Uncomfortable fit,5487.12,Approved,2025-01-02
9220,84453,Uncomfortable fit,3862.92,Approved,2025-01-11
9221,84469,Size too large,2489.4,Approved,2025-01-31
9222,84471,Changed mind,893.22,Approved,2025-02-12
9223,84474,Changed mind,5503.05,Pending,2025-02-16
9224,84478,Changed mind,893.75,Approved,2025-02-18
9225,84488,Shade mismatch,893.22,Approved,2025-03-23
9226,84489,Changed mind,5522.26,Approved,2025-03-30
9227,84494,Changed mind,2909.4,Pending,2025-04-18
9228,84499,Fabric quality poor,1564.88,Approved,2025-05-02
9229,84511,Fabric quality poor,2761.13,Approved,2026-06-18
9230,84519,Size too large,1939.6,Pending,2026-07-05
9231,84523,Color mismatch,1477.93,Approved,2026-08-25
9232,84529,Size too small,1939.6,Approved,2024-12-19
9233,84535,Product damaged,1087.25,Approved,2023-10-30
9234,84536,Shade mismatch,695.64,Rejected,2023-10-27
9235,84540,Changed mind,1916.95,Approved,2026-03-17
9236,84542,Sole damage,5487.12,Approved,2026-03-27
9237,84544,Changed mind,5487.12,Approved,2026-04-27
9238,84552,Allergic reaction,869.3,Approved,2025-06-22
9239,84557,Product damaged,2587.34,Approved,2025-08-02
9240,84565,Not as described,716.49,Approved,2025-10-08
9241,84585,Changed mind,1488.07,Approved,2025-01-15
9242,84604,Size too small,2761.13,Approved,2026-01-09
9243,84638,Allergic reaction,562.47,Approved,2026-08-27
9244,84646,Size too large,2489.4,Approved,2025-04-26
9245,84652,Size issue,1552.4,Rejected,2025-10-08
9246,84654,Sole damage,4348.88,Rejected,2026-03-23
9247,84684,Fabric quality poor,2681.25,Approved,2024-05-10
9248,84685,Fabric quality poor,2489.4,Approved,2024-05-18
9249,84686,Color mismatch,922.42,Pending,2024-05-15
9250,84701,Changed mind,5487.12,Approved,2024-12-16
9251,84711,Uncomfortable fit,3833.9,Approved,2025-03-25
9252,84712,Wrong size,844.84,Pending,2025-03-23
9253,84713,Color mismatch,2743.56,Approved,2025-03-18
9254,84714,Product damaged,823.09,Rejected,2025-04-09
9255,84719,Changed mind,893.75,Approved,2025-07-06
9256,84720,Fabric quality poor,1985.38,Approved,2025-07-02
9257,84722,Color mismatch,1985.38,Approved,2025-10-14
9258,84725,Size too large,782.44,Approved,2026-01-03
9259,84728,Changed mind,716.49,Approved,2026-01-13
9260,84732,not as described,669.38,Approved,2026-03-18
9261,84734,Color mismatch,782.44,Approved,2026-06-18
9262,84742,Changed mind,844.84,Approved,2025-11-12
9263,84750,Changed mind,562.47,Pending,2025-12-22
9264,84753,Fabric quality poor,6042.66,Approved,2026-02-16
9265,84754,Size issue,716.49,Approved,2026-03-19
9266,84761,Changed mind,2481.06,Pending,2026-04-20
9267,84788,Color mismatch,1916.95,Rejected,2024-08-31
9268,84791,uncomfortable fit,1115.56,Approved,2024-12-31
9269,84797,Color mismatch,8283.39,Rejected,05 Jul 2025
9270,84803,Fabric quality poor,782.44,Approved,2025-11-08
9271,84805,Color mismatch,1115.56,Approved,04/08/2026
9272,84818,Wrong size,2972.8,Pending,2026-07-05
9273,84824,Allergic reaction,562.47,Approved,2026-08-21
9274,84833,Size too large,2955.86,Rejected,2026-09-01
9275,84843,Color mismatch,1916.95,Pending,2026-03-17
9276,84851,Changed mind,2954.08,Approved,2026-06-26
9277,84873,Shade mismatch,664.45,Rejected,2026-08-30
9278,84881,color mismatch,782.44,Approved,2026-01-04
9279,84882,Uncomfortable fit,1115.56,Approved,2026-01-15
9280,84883,Size issue,1338.76,Approved,2026-02-04
9281,84885,Allergic reaction,3721.59,Approved,2026-02-11
9282,84894,Changed mind,301.02,Approved,2026-08-20
9283,84907,Product damaged,893.22,Rejected,2026-03-23
9284,84920,Fabric quality poor,6042.66,Approved,2025-12-26
9285,84928,Allergic reaction,434.65,Approved,2025-06-10
9286,84936,Color mismatch,1564.88,Approved,2026-04-06
9287,84948,Product damaged,145.44,Approved,2026-05-04
9288,84951,Color mismatch,1287.64,Approved,2026-05-17
9289,84960,Color mismatch,782.44,Approved,2026-06-22
9290,84966,Changed mind,1477.93,Rejected,2026-06-22
9291,84969,Allergic reaction,562.47,Approved,2026-07-02
9292,84978,Changed mind,275.13,Approved,2026-07-20
9293,84979,Allergic reaction,434.65,Approved,2026-07-15
9294,84988,Changed mind,5522.26,Pending,2026-08-21
9295,84991,Shade mismatch,1646.18,Approved,2026-08-22
9296,84993,Shade mismatch,695.64,Approved,2026-08-24
9297,84996,Color mismatch,3021.33,Approved,2026-08-20
9298,85009,Uncomfortable fit,2419.78,Approved,2026-09-05
9299,85016,Not as described,2966.19,Approved,2024-10-13
9300,85020,Color mismatch,6811.47,Approved,2024-12-15
9301,85045,Changed mind,1985.38,Approved,2024-07-15
9302,85048,Color mismatch,3668.7,Approved,2024-08-09
9303,85053,Color mismatch,1488.07,Approved,2024-09-29
9304,85057,Shade mismatch,893.22,Approved,2024-11-18
9305,85059,allergic reaction,2538.45,Approved,2024-12-29
9306,85075,Sole damage,1287.64,Approved,26 Apr 2025
9307,85081,Changed mind,562.47,Approved,2025-11-29
9308,85082,Product damaged,846.15,Approved,2025-11-26
9309,85084,Product damaged,275.13,Rejected,2025-12-12
9310,85098,Uncomfortable fit,2088.22,Approved,2026-02-14
9311,85100,Changed mind,2575.28,Rejected,2026-02-19
9312,85114,Color mismatch,3021.33,Approved,2026-07-02
9313,85115,Color mismatch,1985.38,Approved,2026-08-23
9314,85128,Not as described,375.75,Approved,2026-02-07
9315,85138,Shade mismatch,562.47,Approved,2026-01-29
9316,85141,Changed mind,4464.21,Rejected,2026-02-05
9317,85144,Shade mismatch,1786.44,Approved,2025-02-10
9318,85151,Size too small,3970.76,Pending,2025-03-20
9319,85162,Sole damage,2088.22,Approved,2025-08-10
9320,85164,Sole damage,2174.44,Approved,2025-08-04
9321,85180,Changed mind,2419.78,Pending,2025-12-04
9322,85187,Uncomfortable fit,2575.28,Rejected,2025-12-30
9323,85214,Size too large,2761.13,Pending,2026-06-11
9324,85215,Allergic reaction,562.47,Approved,2026-07-12
9325,85230,Changed mind,1488.07,Approved,2024-10-20
9326,85242,Changed mind,264.09,Approved,2025-12-13
9327,85245,Color mismatch,5487.12,Approved,2026-03-14
9328,85259,Changed mind,1488.07,Rejected,30 Jan 2026
9329,85274,Changed mind,200.78,Rejected,2025-07-11
9330,85282,Product damaged,3721.59,Rejected,2025-04-14
9331,85303,Changed mind,844.84,Approved,2026-01-23
9332,85314,Changed mind,2575.28,Approved,2026-04-26
9333,85316,Size too small,782.44,Approved,2026-05-05
9334,85332,Changed mind,1087.25,Approved,2026-07-24
9335,85335,Product damaged,301.02,Approved,2026-07-22
9336,85346,Wrong size,5750.85,Pending,2026-08-26
9337,85348,Color mismatch,6523.32,Pending,2026-08-25
9338,85357,Color mismatch,1287.64,Approved,2026-06-12
9339,85384,Sole damage,2972.8,Approved,2025-03-19
9340,85402,SIZE TOO LARGE,969.8,Approved,11/21/2025
9341,85434,Changed mind,264.09,Approved,2024-11-07
9342,85439,Allergic reaction,1087.25,Approved,2024-12-28
9343,85442,Size too small,1985.38,Pending,2025-09-09
9344,85449,Color mismatch,1564.88,Approved,2024-01-07
9345,85456,Changed mind,2679.66,Approved,2025-10-13
9346,85485,Changed mind,3021.33,Approved,2025-02-23
9347,85503,Product damaged,243.4,Approved,29-12-2025
9348,85535,Not as described,1608.94,Approved,2026-09-12
9349,85539,Wrong size,5487.12,Approved,2025-07-23
9350,85546,Changed mind,375.75,Pending,2025-10-31
9351,85553,Changed mind,5945.6,Approved,2026-01-17
9352,85555,color mismatch,1844.84,Approved,2026-03-25
9353,85556,Fabric quality poor,1844.84,Rejected,2026-06-13
9354,85558,Not as described,301.02,Approved,2026-01-29
9355,85561,Changed mind,676.56,Approved,2026-06-23
9356,85564,Size too small,969.8,Approved,2025-05-23
9357,85581,Sole damage,1916.95,Approved,2025-12-31
9358,85586,Sole damage,1115.56,Approved,2026-01-11
9359,85590,Fabric quality poor,1477.04,Approved,2026-03-16
9360,85595,Allergic reaction,2481.06,Rejected,2026-06-25
9361,85596,Uncomfortable fit,5945.6,Pending,2026-07-09
9362,85600,Product damaged,695.64,Pending,2026-08-17
9363,85609,Product damaged,846.15,Approved,2025-10-20
9364,85632,Sole damage,2174.44,Approved,2026-08-24
9365,85635,Wrong size,1916.95,Approved,2026-08-20
9366,85636,Sole damage,2088.22,Approved,2026-08-25
9367,85644,Size too large,2270.49,Pending,2026-09-11
9368,85654,Product damaged,695.64,Rejected,2026-06-02
9369,85669,Changed mind,5956.14,Approved,2026-06-28
9370,85670,Changed mind,2761.13,Approved,2026-07-05
9371,85672,Size too small,2489.4,Pending,2026-08-15
9372,85676,Size too small,2489.4,Approved,2026-08-14
9373,85679,Changed mind,301.02,Approved,2026-08-21
9374,85682,Not as described,264.09,Approved,2026-08-29
9375,85685,Shade mismatch,823.09,Approved,2026-08-31
9376,85701,Product damaged,264.09,Approved,2026-01-26
9377,85732,Fabric quality poor,782.44,Approved,2025-10-11
9378,85736,Sole damage,1488.07,Approved,2025-08-01
9379,85750,Changed mind,1240.53,Rejected,2026-01-01
9380,85752,Changed mind,1124.94,Approved,2026-01-09
9381,85757,Size too small,2761.13,Approved,2026-01-24
9382,85759,Size issue,804.47,Approved,2026-02-24
9383,85769,Size issue,1308.76,Approved,2026-08-29
9384,85771,Shade mismatch,275.13,Approved,2026-09-07
9385,85778,Not as described,754.18,Pending,2026-08-02
9386,85781,Changed mind,2174.44,Approved,2026-07-30
9387,85783,Changed mind,3970.76,Approved,2026-08-02
9388,85794,Size too small,922.42,Approved,2024-01-28
9389,85798,Fabric quality poor,2489.4,Approved,2024-05-07
9390,85805,Fabric quality poor,1939.6,Approved,2025-09-01
9391,85810,Size issue,654.36,Approved,2026-02-22
9392,85820,Fabric quality poor,1985.38,Approved,2024-08-31
9393,85834,Product damaged,893.22,Approved,2024-12-31
9394,85842,Uncomfortable fit,1916.95,Rejected,2025-04-02
9395,85844,Sole damage,1287.64,Approved,2025-06-04
9396,85847,Changed mind,1115.56,Approved,2025-07-18
9397,85853,color mismatch,1287.64,Rejected,2025-10-17
9398,85855,Product damaged,2538.45,Approved,2025-11-09
9399,85872,Uncomfortable fit,2743.56,Approved,2026-06-24
9400,85876,Size too small,922.42,Approved,2026-07-18
9401,85901,Changed mind,969.8,Approved,2026-02-04
9402,85903,Size too large,1787.5,Pending,07-02-2026
9403,85911,Color mismatch,2743.56,Approved,2026-03-20
9404,85915,Not as described,751.5,Approved,2026-05-25
9405,85943,Allergic reaction,1124.94,Approved,2026-04-12
9406,85945,Color mismatch,1916.95,Rejected,2026-04-15
9407,85947,Size too large,2761.13,Approved,2026-04-22
9408,85948,Color mismatch,922.42,Approved,2026-04-11
9409,85949,Size too small,1787.5,Approved,2026-04-21
9410,85960,Color mismatch,2761.13,Approved,2026-05-02
9411,85968,Changed mind,525.91,Approved,2026-05-17
9412,85980,Not as described,525.91,Approved,2026-05-28
9413,85992,Changed mind,2972.8,Approved,2024-04-16
9414,85999,Uncomfortable fit,1115.56,Rejected,2026-07-07
9415,86003,Changed mind,1287.64,Approved,2024-11-14
9416,86020,Product damaged,1124.94,Approved,2025-03-30
9417,86049,Changed mind,243.4,Approved,2025-11-23
9418,86051,Wrong size,1115.56,Approved,2025-12-25
9419,86058,size too small,4540.98,Approved,2026-01-21
9420,86078,Changed mind,844.84,Approved,2026-04-03
9421,86106,Changed mind,3021.33,Approved,2026-07-27
9422,86112,Changed mind,1051.82,Approved,2026-09-02
9423,86113,Changed mind,375.75,Approved,2026-08-25
9424,86131,Sole damage,2088.22,Approved,2025-12-14
9425,86134,Color mismatch,3833.9,Rejected,2025-12-13
9426,86141,Color mismatch,2489.4,Approved,2026-02-11
9427,86146,NOT AS DESCRIBED,375.75,Rejected,2026-06-09
9428,86157,Color mismatch,844.84,Approved,2026-08-29
9429,86174,Product damaged,243.4,Rejected,2024-11-17
9430,86186,Sole damage,844.84,Approved,2026-05-20
9431,86187,Changed mind,562.47,Approved,2026-06-08
9432,86233,Size issue,2149.47,Approved,2026-03-27
9433,86236,Sole damage,5945.6,Approved,2025-08-23
9434,86245,Size too small,2270.49,Approved,2026-06-09
9435,86268,Color mismatch,2743.56,Approved,2026-01-09
9436,86272,not as described,669.38,Approved,2026-02-04
9437,86275,Allergic reaction,1087.25,Approved,2026-03-29
9438,86280,Changed mind,2174.44,Approved,2026-06-10
9439,86281,Color mismatch,8918.4,Approved,2023-10-12
9440,86287,Changed mind,893.75,Rejected,2023-11-22
9441,86288,Size too large,2955.86,Approved,2023-11-22
9442,86290,Changed mind,1293.67,Approved,2023-12-11
9443,86296,Color mismatch,3021.33,Approved,2023/12/14
9444,86307,Color mismatch,2347.32,Approved,2024-05-05
9445,86323,Color mismatch,2489.4,Approved,2025-11-14
9446,86333,Size too large,1787.5,Approved,2026-01-06
9447,86338,Size too small,922.42,Approved,2026-02-19
9448,86344,Uncomfortable fit,4839.56,Approved,2026-03-12
9449,86352,Wrong size,2976.14,Approved,2026-07-08
9450,86356,Changed mind,893.22,Approved,2026-08-23
9451,86359,Product damaged,772.4,Approved,2026-09-08
9452,86387,Size too small,2761.13,Pending,2026-04-10
9453,86389,Color mismatch,1844.84,Approved,2026-05-24
9454,86405,SOLE DAMAGE,844.84,Approved,2026-08-07
9455,86414,Changed mind,1844.84,Approved,2025-12-23
9456,86426,Size issue,1552.4,Approved,2024-05-05
9457,86430,Color mismatch,1488.07,Approved,2024-12-17
9458,86447,Color mismatch,1916.95,Approved,2026-09-06
9459,86460,Color mismatch,2174.44,Approved,2025-06-06
9460,86463,Shade mismatch,434.65,Approved,2025-07-21
9461,86467,Not as described,776.2,Approved,2025-08-30
9462,86472,Size issue,654.38,Approved,2025-09-27
9463,86477,Allergic reaction,1087.25,Approved,2025-10-12
9464,86493,Color mismatch,1916.95,Approved,2026-05-14
9465,86520,Changed mind,893.75,Approved,2024-09-03
9466,86522,Color mismatch,1287.64,Approved,2024-09-19
9467,86523,Wrong size,2972.8,Approved,2024-09-28
9468,86525,Product damaged,695.64,Rejected,2024-11-08
9469,86535,Sole damage,2972.8,Pending,2025-03-16
9470,86541,Changed mind,1834.35,Approved,2025-09-27
9471,86544,Changed mind,1087.25,Approved,2026-01-24
9472,86557,Color mismatch,7259.34,Pending,2025-11-16
9473,86558,Sole damage,2174.44,Approved,2025-11-19
9474,86559,Changed mind,2088.22,Pending,2025-11-20
9475,86579,Fabric quality poor,3021.33,Approved,2025-03-02
9476,86599,Sole damage,2088.22,Approved,2026-05-22
9477,86608,Color mismatch,2419.78,Approved,2026-02-02
9478,86613,CHANGED MIND,1308.76,Approved,2026-03-07
9479,86634,Not as described,394.6,Approved,2026-06-01
9480,86639,Shade mismatch,1087.25,Approved,2026-06-21
9481,86647,Not as described,386.2,Rejected,2026-08-14
9482,86667,Product damaged,410.58,Approved,2026-08-28
9483,86672,Fabric quality poor,2270.49,Approved,2026-09-09
9484,86689,Uncomfortable fit,1115.56,Approved,2026-07-11
9485,86690,Not as described,375.75,Approved,2026-07-23
9486,86693,Not as described,716.49,Rejected,2026-07-17
9487,86707,Sole damage,1916.95,Approved,2026-08-16
9488,86709,Wrong size,6523.32,Approved,2026-08-19
9489,86731,Color mismatch,1834.35,Approved,2026-09-04
9490,86758,Sole damage,2575.28,Approved,2026-01-31
9491,86761,Size too large,1844.84,Approved,2026-02-09
9492,86767,Color mismatch,893.75,Approved,2026-08-24
9493,86768,Size too small,1844.84,Approved,2026-08-29
9494,86798,Not as described,804.47,Approved,2024-10-24
9495,86809,Changed mind,8918.4,Approved,2026-06-04
9496,86813,Changed mind,8283.39,Approved,2023-08-24
9497,86828,Color mismatch,3833.9,Approved,2025-11-17
9498,86839,Size issue,776.2,Approved,2023-08-24
9499,86843,Changed mind,205.29,Approved,2026-07-03
9500,86862,Size issue,375.75,Approved,2025-12-22
9501,86870,Changed mind,394.6,Pending,2026-01-23
9502,86878,Allergic reaction,846.15,Approved,2026-03-21
9503,86891,Changed mind,386.2,Approved,2026-08-03
9504,86904,Shade mismatch,823.09,Approved,2026-02-16
9505,86906,Wrong size,1287.64,Approved,2026-03-16
9506,86925,Size issue,751.5,Approved,2024-04-11
9507,86929,wrong size,2088.22,Approved,2024-06-13
9508,86930,Changed mind,4348.88,Rejected,2024-07-09
9509,86931,Shade mismatch,1240.53,Approved,2024-07-13
9510,86935,Color mismatch,1916.95,Approved,2024-08-25
9511,86947,Changed mind,893.22,Approved,2024-11-15
9512,86949,Changed mind,2270.49,Approved,2024-12-19
9513,86954,Product damaged,664.45,Approved,2025-03-28
9514,86957,Changed mind,2489.4,Rejected,2025-06-06
9515,86961,Color mismatch,2909.4,Approved,2025-06-28
9516,86966,Fabric quality poor,1564.88,Approved,2025-12-20
9517,86967,Size too small,782.44,Pending,2025-12-22
9518,86978,Not as described,361.35,Approved,2026-04-06
9519,86980,Shade mismatch,1293.67,Approved,2026-06-24
9520,86999,Size too small,1787.5,Approved,2025-11-17
9521,87005,Allergic reaction,893.22,Approved,2026-04-26
9522,87017,Sole damage,2743.56,Rejected,2025-01-28
9523,87018,Sole damage,2088.22,Approved,2025-01-28
9524,87037,Allergic reaction,1240.53,Approved,2025-10-12
9525,87066,Color mismatch,6042.66,Approved,2026-05-20
9526,87067,Size too large,969.8,Pending,2026-05-19
9527,87085,Size issue,375.75,Approved,2026-08-27
9528,87087,Product damaged,3261.75,Approved,08/30/2026
9529,87092,Uncomfortable fit,2419.78,Approved,2026-09-05
9530,87096,Fabric quality poor,2909.4,Approved,2026-09-02
9531,87097,Fabric quality poor,1477.93,Approved,2026-09-04
9532,87098,Wrong size,2231.12,Approved,2026-09-03
9533,87104,Color mismatch,3021.33,Pending,2026-09-13
9534,87110,Sole damage,1488.07,Approved,2024-09-14
9535,87118,Changed mind,2174.5,Approved,2026-08-25
9536,87124,Sole damage,1287.64,Approved,06/10/2025
9537,87126,Wrong size,2743.56,Rejected,2025-06-14
9538,87141,Changed mind,844.84,Approved,2025-05-06
9539,87143,Sole damage,2972.8,Rejected,2025-12-23
9540,87159,Changed mind,2088.22,Approved,2024-12-12
9541,87162,Fabric quality poor,1985.38,Approved,2025-01-08
9542,87179,Changed mind,2972.8,Approved,2026-06-26
9543,87201,Color mismatch,2489.4,Approved,2024-06-30
9544,87204,Size too small,1477.04,Approved,2025-02-06
9545,87208,Changed mind,988.73,Approved,2025-03-24
9546,87210,Color mismatch,1287.64,Pending,2025-06-21
9547,87219,Changed mind,2538.45,Approved,2026-04-10
9548,87220,Changed mind,988.73,Approved,2026-06-09
9549,87224,Changed mind,562.47,Approved,2026-04-11
9550,87237,Size too small,969.8,Rejected,2026-04-25
9551,87241,Wrong size,1115.56,Approved,2026-04-30
9552,87242,Changed mind,1287.64,Rejected,2026-04-27
9553,87259,Size too large,2955.86,Approved,2026-06-28
9554,87261,Uncomfortable fit,1115.56,Approved,2026-07-12
9555,87265,Changed mind,2587.34,Approved,2026-08-07
9556,87271,Product damaged,205.29,Approved,2026-08-25
9557,87275,Changed mind,2419.78,Pending,2026-08-30
9558,87276,Color mismatch,4348.88,Approved,2026-09-02
9559,87279,Size too small,1477.93,Pending,2026-01-10
9560,87291,Fabric quality poor,893.75,Rejected,2025-09-08
9561,87297,wrong size,8918.4,Rejected,2025-10-17
9562,87304,Product damaged,233.58,Approved,2025-11-11
9563,87307,Sole damage,3862.92,Approved,2025-12-28
9564,87313,Size too small,1477.93,Pending,2026-01-05
9565,87315,Not as described,654.38,Approved,2025-06-30
9566,87322,Size too large,1787.5,Rejected,2023-09-03
9567,87326,Changed mind,301.02,Approved,2023-09-24
9568,87328,Changed mind,1293.67,Approved,2023-10-05
9569,87332,Uncomfortable fit,2088.22,Approved,2023-12-25
9570,87361,Uncomfortable fit,1287.64,Approved,2024-11-24
9571,87373,Allergic reaction,275.13,Approved,2025-02-15
9572,87374,Allergic reaction,664.45,Approved,2025-02-09
9573,87388,Changed mind,1608.94,Rejected,2025-03-26
9574,87398,Changed mind,1087.25,Rejected,2025-10-26
9575,87407,Color mismatch,1287.64,Approved,2026-03-30
9576,87446,Sole damage,2976.14,Approved,2025-12-23
9577,87451,Changed mind,1087.25,Approved,2025-08-20
9578,87460,Changed mind,669.38,Approved,2026-04-21
9579,87478,Shade mismatch,434.65,Approved,2026-08-29
9580,87481,Not as described,233.58,Approved,2026-09-07
9581,87504,Color mismatch,1287.64,Approved,2026-09-08
9582,87513,Wrong size,2174.44,Approved,2023-12-27
9583,87517,Color mismatch,2088.22,Approved,2024-01-09
9584,87521,Changed mind,2761.13,Approved,2024-03-20
9585,87536,Wrong size,2174.44,Approved,2024-12-24
9586,87542,Color mismatch,969.8,Approved,2025-03-25
9587,87551,Sole damage,2088.22,Approved,2025-07-09
9588,87555,Color mismatch,969.8,Approved,2025-10-05
9589,87560,Changed mind,389.69,Pending,2025-11-12
9590,87582,Wrong size,5945.6,Approved,2025-09-15
9591,87589,Size issue,716.49,Rejected,2025-11-24
9592,87597,Wrong size,2231.12,Approved,2026-01-23
9593,87600,Color mismatch,1287.64,Approved,2026-04-02
9594,87609,Uncomfortable fit,2174.44,Pending,2026-06-02
9595,87610,Changed mind,1916.95,Pending,2026-05-30
9596,87625,Allergic reaction,1293.67,Approved,2025-04-05
9597,87643,Changed mind,525.91,Approved,2025-10-02
9598,87652,Changed mind,1477.93,Approved,2026-02-11
9599,87654,Color mismatch,1844.84,Approved,2026-02-12
9600,87657,Size too small,2270.49,Approved,2026-02-12
9601,87669,Product damaged,772.4,Approved,2026-03-22
9602,87672,Shade mismatch,695.64,Approved,2026-06-08
9603,87676,Allergic reaction,1692.3,Approved,2026-06-24
9604,87678,Uncomfortable fit,5750.85,Pending,2026-07-02
9605,87680,changed mind,4348.88,Approved,2026-07-01
9606,87689,Color mismatch,5487.12,Approved,2026-08-11
9607,87691,Changed mind,2231.12,Pending,2026-08-14
9608,87696,Size issue,988.73,Approved,2026-08-29
9609,87702,Changed mind,2972.8,Pending,2026-09-01
9610,87708,Fabric quality poor,1564.88,Approved,2026-01-14
9611,87717,Size too small,6042.66,Approved,2026-04-09
9612,87718,Color mismatch,1939.6,Approved,2026-04-14
9613,87726,Fabric quality poor,2489.4,Approved,2026-04-28
9614,87736,Fabric quality poor,1477.93,Approved,2026-07-05
9615,87745,Shade mismatch,846.15,Pending,2026-09-05
9616,87750,Not as described,389.69,Approved,2026-09-02
9617,87785,Color mismatch,2270.49,Approved,2026-01-05
9618,87829,Allergic reaction,1692.3,Approved,2026-06-20
9619,87834,Sole damage,2419.78,Pending,2026-07-02
9620,87849,Sole damage,2976.14,Approved,2026-06-30
9621,87851,Not as described,1051.82,Approved,2026-07-06
9622,87854,Color mismatch,2761.13,Approved,2026-07-15
9623,87859,Wrong size,6523.32,Rejected,2026-08-24
9624,87872,Product damaged,825.39,Approved,2026-09-01
9625,87877,Shade mismatch,1087.25,Rejected,2026-09-02
9626,87887,Not as described,716.49,Approved,2026-09-15
9627,87896,Color mismatch,2270.49,Approved,2026-08-02
9628,87898,Changed mind,782.44,Approved,2026-08-14
9629,87922,Changed mind,846.15,Approved,2026-02-07
9630,87930,Shade mismatch,664.45,Approved,02/13/2026
9631,87955,Uncomfortable fit,2743.56,Approved,2025-08-23
9632,87963,Changed mind,1834.35,Approved,2026-02-28
9633,87970,Uncomfortable fit,2743.56,Approved,2026-06-14
9634,87980,Fabric quality poor,4978.8,Approved,2026-07-17
9635,87990,Color mismatch,6523.32,Approved,2026-08-29
9636,87996,Product damaged,846.15,Approved,2026-09-05
9637,88007,Size issue,375.75,Approved,2025-08-25
9638,88009,Changed mind,1939.6,Approved,2025-09-07
9639,88029,Sole damage,844.84,Approved,2025-12-30
9640,88082,Not as described,804.47,Approved,2025-11-14
9641,88088,Wrong size,2231.12,Pending,2025-07-01
9642,88114,Changed mind,1477.93,Approved,2026-08-18
9643,88123,Allergic reaction,562.47,Pending,2026-08-25
9644,88138,Fabric quality poor,969.8,Approved,2026-07-17
9645,88151,Not as described,792.27,Approved,2025-10-31
9646,88156,Size too small,4431.12,Pending,2025-11-22
9647,88175,Fabric quality poor,782.44,Approved,2026-09-05
9648,88201,Changed mind,3668.7,Approved,2025-06-17
9649,88205,Changed mind,1308.72,Approved,2025-10-01
9650,88209,Wrong size,2743.56,Approved,2026-09-03
9651,88212,Changed mind,4540.98,Approved,2026-09-06
9652,88213,Size too large,1477.93,Rejected,2026-09-02
9653,88220,Changed mind,654.38,Approved,2026-09-11
9654,88230,Wrong size,2419.78,Approved,2026-09-04
9655,88252,Fabric quality poor,2909.4,Approved,2026-09-09
9656,88295,Size too large,7468.2,Rejected,2024-10-09
9657,88311,Sole damage,2575.28,Approved,2025-11-10
9658,88312,Sole damage,6264.66,Approved,2025-11-01
9659,88326,Changed mind,2174.44,Approved,2026-09-11
9660,88330,Changed mind,275.13,Pending,2026-06-18
9661,88343,Not as described,525.91,Approved,2026-06-07
9662,88364,Changed mind,2761.13,Approved,2024-08-24
9663,88380,Size too large,4978.8,Approved,2025-02-12
9664,88389,Size issue,654.36,Approved,2025-09-04
9665,88397,Fabric quality poor,2489.4,Approved,2026-03-27
9666,88403,Allergic reaction,550.26,Approved,2026-07-04
9667,88428,Allergic reaction,846.15,Rejected,2026-08-13
9668,88450,Product damaged,823.09,Rejected,2024-07-26
9669,88454,Changed mind,869.3,Approved,2024-08-19
9670,88460,Changed mind,1844.84,Approved,2024-09-02
9671,88478,Sole damage,2972.8,Approved,2025-03-21
9672,88481,Product damaged,823.09,Rejected,2025-04-16
9673,88486,Allergic reaction,562.47,Approved,2025-05-29
9674,88495,Size too small,782.44,Approved,2026-01-03
9675,88496,Color mismatch,893.75,Approved,2026-01-02
9676,88525,Not as described,233.58,Approved,2025-06-27
9677,88533,Size too small,4540.98,Approved,2026-05-09
9678,88538,Changed mind,4540.98,Rejected,2026-08-09
9679,88546,Changed mind,275.13,Approved,2025-04-03
9680,88564,Changed mind,264.09,Approved,2026-03-19
9681,88574,PRODUCT DAMAGED,869.3,Approved,2026-05-10
9682,88583,Wrong size,1488.07,Rejected,2026-09-08
9683,88584,Changed mind,2743.56,Approved,2026-08-30
9684,88587,changed mind,716.49,Rejected,2026-07-19
9685,88604,Shade mismatch,846.15,Approved,2023-08-28
9686,88609,Color mismatch,893.75,Approved,2024-01-02
9687,88614,Allergic reaction,2538.45,Approved,2024-01-31
9688,88644,Allergic reaction,823.09,Approved,2026-09-01
9689,88670,Allergic reaction,1124.94,Approved,2025-01-14
9690,88678,Color mismatch,1689.68,Approved,2025-02-03
9691,88687,Size too small,1477.93,Rejected,2025-03-16
9692,88696,Size too large,4540.98,Approved,2025-08-31
9693,88697,Fabric quality poor,1787.5,Pending,2025-09-01
9694,88719,color mismatch,922.42,Approved,2026-01-03
9695,88720,Uncomfortable fit,8230.68,Approved,2026-01-09
9696,88733,Fabric quality poor,9063.99,Pending,2026-03-03
9697,88734,Fabric quality poor,2270.49,Approved,2026-02-26
9698,88741,Sole damage,3862.92,Approved,2026-03-23
9699,88762,Changed mind,669.38,Rejected,2026-06-21
9700,88767,Uncomfortable fit,1916.95,Approved,2026-08-23
9701,88773,Color mismatch,1834.35,Rejected,2026-09-04
9702,88788,Size too large,2681.25,Approved,2026-03-16
9703,88789,Size too large,3970.76,Approved,2026-03-20
9704,88794,Allergic reaction,695.64,Approved,2025-05-11
9705,88811,Size too small,2761.13,Approved,2024-10-02
9706,88812,Size too large,782.44,Approved,2024-10-05
9707,88815,Size too large,6042.66,Approved,2024-10-25
9708,88821,Changed mind,2174.44,Approved,2025-01-16
9709,88828,Size too small,6042.66,Approved,2026-01-31
9710,88834,Allergic reaction,562.47,Approved,2026-08-20
9711,88855,Fabric quality poor,2954.08,Approved,2026-09-01
9712,88884,Wrong size,4176.44,Approved,2026-08-31
9713,88886,Uncomfortable fit,2088.22,Approved,2026-08-27
9714,88891,Changed mind,550.26,Approved,2026-01-31
9715,88897,Not as described,804.47,Approved,2026-05-05
9716,88905,Sole damage,1834.35,Approved,2026-07-22
9717,88911,Changed mind,1477.93,Approved,2026-08-21
9718,88921,Allergic reaction,1293.67,Approved,2026-05-25
9719,88923,Sole damage,8230.68,Approved,2026-06-13
9720,88965,Changed mind,1916.95,Approved,2025-05-19
9721,88966,Uncomfortable fit,2976.14,Approved,2025-05-28
9722,88967,Wrong size,2088.22,Approved,2025-05-19
9723,88969,Shade mismatch,434.65,Rejected,2025-05-24
9724,88970,Sole damage,1916.95,Pending,2025-08-22
9725,88972,Color mismatch,2976.14,Approved,2025-08-25
9726,88974,Size too small,4431.12,Approved,2025-09-03
9727,88990,Uncomfortable fit,2174.44,Approved,2025-11-29
9728,88992,Size too large,2489.4,Approved,2025-12-09
9729,89007,Color mismatch,1115.56,Approved,2026-06-10
9730,89016,Changed mind,1477.93,Pending,2026-09-04
9731,89018,Changed mind,2761.13,Pending,2026-08-30
9732,89031,Size too small,3021.33,Approved,2025-12-17
9733,89040,Color mismatch,5945.6,Approved,2026-01-08
9734,89045,Changed mind,243.4,Approved,2026-01-25
9735,89054,Size too large,1477.93,Approved,2026-02-10
9736,89076,Product damaged,695.64,Approved,2026-06-18
9737,89088,Product damaged,205.29,Pending,2026-06-25
9738,89091,Changed mind,8283.39,Approved,2026-07-13
9739,89112,Uncomfortable fit,2743.56,Approved,2025-01-16
9740,89117,Color mismatch,1115.56,Approved,2025-01-11
9741,89120,Changed mind,1834.35,Approved,2025-01-07
9742,89149,Product damaged,846.15,Approved,2025-06-26
9743,89153,Changed mind,5487.12,Approved,2025-07-13
9744,89157,Allergic reaction,275.13,Rejected,2025-08-21
9745,89161,Color mismatch,2955.86,Approved,2025-10-05
9746,89176,Wrong size,2231.12,Approved,2026-01-28
9747,89180,Fabric quality poor,1477.04,Approved,2026-04-17
9748,89181,Size too small,2955.86,Approved,2026-04-10
9749,89185,Shade mismatch,562.47,Rejected,2026-05-01
9750,89189,Shade mismatch,275.13,Approved,2026-06-05
9751,89194,Uncomfortable fit,3668.7,Approved,2024-10-30
9752,89204,Shade mismatch,664.45,Approved,2024-06-10
9753,89206,Allergic reaction,695.64,Pending,2024-06-18
9754,89217,Color mismatch,6042.66,Approved,01/13/2025
9755,89234,Size too small,922.42,Pending,2025-08-30
9756,89236,Product damaged,2086.92,Pending,2025-09-10
9757,89261,Size too large,4433.79,Approved,2023-09-10
9758,89271,Changed mind,1115.56,Rejected,2024-08-18
9759,89272,Wrong size,1488.07,Approved,2024-08-17
9760,89279,Changed mind,1353.12,Approved,2025-02-01
9761,89280,Changed mind,2008.14,Approved,2025-09-28
9762,89282,Color mismatch,1287.64,Approved,2026-01-13
9763,89284,Fabric quality poor,1787.5,Approved,2026-01-29
9764,89302,SIZE ISSUE,669.38,Rejected,2026-03-19
9765,89309,Changed mind,1087.25,Approved,2026-04-28
9766,89329,Uncomfortable fit,2972.8,Approved,2025-11-07
9767,89338,Changed mind,389.69,Approved,2026-06-17
9768,89344,Color mismatch,1985.38,Approved,2026-09-02
9769,89379,Changed mind,1308.76,Rejected,2025-08-06
9770,89392,Not as described,804.47,Approved,2026-04-29
9771,89395,Allergic reaction,1240.53,Approved,2026-05-03
9772,89398,Size issue,375.75,Approved,2026-07-20
9773,89413,Not as described,669.38,Approved,2024-11-01
9774,89437,Changed mind,922.42,Pending,2025-12-06
9775,89438,Changed mind,695.64,Approved,2024-08-25
9776,89442,Uncomfortable fit,1287.64,Approved,2024-12-30
9777,89450,Wrong size,1488.07,Approved,2024-06-02
9778,89452,CHANGED MIND,4839.56,Approved,2024-06-06
9779,89479,Allergic reaction,1328.9,Pending,2024-02-07
9780,89498,Product damaged,145.44,Approved,2026-09-09
9781,89506,Size issue,375.75,Approved,2026-05-22
9782,89512,Changed mind,1985.38,Approved,2026-09-03
9783,89522,Uncomfortable fit,1115.56,Approved,2024-09-19
9784,89526,Changed mind,1338.76,Rejected,2024-12-29
9785,89528,Not as described,290.88,Approved,2025-01-11
9786,89530,Size issue,1308.72,Approved,2025-05-13
9787,89535,Uncomfortable fit,1115.56,Approved,2025-06-17
9788,89542,Changed mind,2972.8,Pending,2024-05-06
9789,89545,Color mismatch,4348.88,Approved,2026-02-09
9790,89547,Uncomfortable fit,2088.22,Approved,2026-02-08
9791,89565,Size too large,1477.93,Approved,2024-09-19
9792,89571,Shade mismatch,664.45,Approved,2026-03-07
9793,89574,Allergic reaction,550.26,Approved,2026-03-11
9794,89582,Fabric quality poor,893.75,Approved,2026-03-12
9795,89590,Size too small,969.8,Rejected,2026-03-04
9796,89592,Color mismatch,2174.44,Approved,2026-03-02
9797,89600,Fabric quality poor,2270.49,Approved,2026-03-04
9798,89614,Not as described,676.56,Rejected,2026-03-15
9799,89616,Fabric quality poor,2954.08,Approved,2026-03-12
9800,89617,Color mismatch,2955.86,Approved,2026-03-08
9801,89630,Not as described,386.2,Rejected,2025-10-12
9802,89631,Shade mismatch,1124.94,Approved,2025-10-12
9803,89638,Color mismatch,1488.07,Approved,2025-10-11
9804,89639,Wrong size,2419.78,Approved,2025-10-20
9805,89643,Changed mind,2088.22,Approved,2025-10-20
9806,89644,Size too large,922.42,Approved,2025-10-24
9807,89663,Color mismatch,3833.9,Pending,2024-04-04
9808,89664,Wrong size,1115.56,Pending,2024-03-25
9809,89706,Size too small,1985.38,Approved,2025-11-11
9810,89710,Not as described,2966.19,Approved,2026-02-10
9811,89765,Not as described,988.73,Approved,2026-08-01
9812,89771,Product damaged,562.47,Approved,2026-08-18
9813,89774,Changed mind,389.69,Approved,2026-08-25
9814,89776,Changed mind,2088.22,Approved,2026-08-26
9815,89778,Allergic reaction,1993.35,Approved,2026-09-03
9816,89807,Size issue,1552.4,Approved,2025-09-18
9817,89818,Uncomfortable fit,1287.64,Approved,2025-12-14
9818,89819,Fabric quality poor,2489.4,Approved,2025-12-26
9819,89830,Shade mismatch,2587.34,Approved,2026-09-13
9820,89852,Fabric quality poor,4540.98,Approved,2026-09-14
9821,89860,Size too small,3021.33,Approved,2026-09-14
9822,89889,Not as described,233.58,Pending,2025-05-19
9823,89896,Changed mind,893.75,Approved,2025-10-25
9824,89897,Changed mind,6042.66,Approved,2025-10-27
9825,89901,SIZE TOO LARGE,2489.4,Approved,05-11-2025
9826,89902,Changed mind,782.44,Approved,2025-11-17
9827,89905,Size too small,1477.93,Approved,2025-11-05
9828,89907,Uncomfortable fit,844.84,Approved,2026-01-14
9829,89932,Color mismatch,3021.33,Pending,2025-12-23
9830,89940,Product damaged,401.56,Approved,2025-07-12
9831,89942,Not as described,233.58,Approved,2025-07-12
9832,89975,Size too large,1787.5,Approved,2026-07-16
9833,89980,Changed mind,1432.98,Approved,2025-06-09
9834,89993,Not as described,988.73,Approved,2026-06-04
9835,89999,Uncomfortable fit,3833.9,Pending,2026-06-05
9836,90000,Color mismatch,2231.12,Pending,2026-06-11
9837,90002,Sole damage,2534.52,Approved,2026-06-03
9838,90003,Uncomfortable fit,2231.12,Rejected,2026-06-06
9839,90008,Shade mismatch,823.09,Approved,2026-06-11
9840,90009,Color mismatch,2347.32,Approved,2026-05-30
9841,90020,Not as described,988.73,Approved,2026-06-03
9842,90023,Product damaged,823.09,Rejected,2026-06-03
9843,90028,Changed mind,782.44,Pending,2026-06-12
9844,90030,Not as described,389.69,Approved,2025-03-13
9845,90041,Allergic reaction,275.13,Approved,2025-10-10
9846,90058,Changed mind,844.84,Approved,2024-02-06
9847,90062,Not as described,751.5,Approved,2024-03-16
9848,90068,Size issue,776.2,Approved,2026-05-26
9849,90074,Changed mind,1115.56,Approved,2026-09-07
9850,90080,Shade mismatch,1240.53,Approved,2025-10-12
9851,90086,Changed mind,8283.39,Approved,30-08-2026
9852,90093,Fabric quality poor,782.44,Approved,2025-04-15
9853,90094,Changed mind,1985.38,Approved,2025-04-10
9854,90108,Fabric quality poor,893.75,Approved,2025-12-19
9855,90112,Product damaged,1391.28,Approved,2026-01-06
9856,90122,Changed mind,789.2,Pending,2026-06-19
9857,90134,Shade mismatch,562.47,Approved,2026-01-04
9858,90138,Changed mind,389.69,Approved,2026-01-16
9859,90144,Color mismatch,4348.88,Approved,2026-01-24
9860,90164,Product damaged,695.64,Approved,2026-05-04
9861,90182,Changed mind,716.49,Approved,2026-08-19
9862,90190,Not as described,1308.72,Pending,2024-10-01
9863,90217,Fabric quality poor,782.44,Approved,2024-11-18
9864,90233,Size too small,1844.84,Approved,2026-03-23
9865,90240,Sole damage,1916.95,Approved,2026-03-16
9866,90242,Changed mind,2955.86,Approved,2026-09-05
9867,90243,Size too large,922.42,Approved,2026-08-30
9868,90255,Allergic reaction,695.64,Approved,2026-08-30
9869,90256,Product damaged,1293.67,Rejected,2026-08-29
9870,90270,Fabric quality poor,969.8,Approved,2026-09-10
9871,90288,Shade mismatch,1293.67,Rejected,2025-04-17
9872,90289,Size too large,1477.93,Rejected,2025-06-21
9873,90290,Changed mind,7468.2,Pending,2025-06-17
9874,90319,Changed mind,2270.49,Approved,2024-05-07
9875,90328,Fabric quality poor,2347.32,Pending,2024-07-20
9876,90331,Color mismatch,1287.64,Approved,2024-08-23
9877,90341,Allergic reaction,3261.75,Approved,2024-11-19
9878,90344,Fabric quality poor,782.44,Approved,2025-01-25
9879,90352,Sole damage,2972.8,Approved,2025-06-19
9880,90370,Wrong size,1916.95,Approved,2026-02-26
9881,90381,Changed mind,1963.14,Approved,2026-08-22
9882,90387,Not as described,200.78,Approved,2025-09-30
9883,90390,Fabric quality poor,1985.38,Approved,2025-10-11
9884,90397,Changed mind,1240.53,Approved,2024-02-01
9885,90409,Changed mind,6264.66,Approved,2025-08-22
9886,90422,Allergic reaction,550.26,Approved,2025-07-06
9887,90427,Size too small,4540.98,Approved,2026-02-14
9888,90484,Wrong size,2419.78,Approved,2026-03-23
9889,90485,Changed mind,1689.68,Approved,2026-03-27
9890,90487,Fabric quality poor,9063.99,Approved,2026-05-02
9891,90521,Product damaged,846.15,Approved,2025-06-21
9892,90522,Product damaged,823.09,Approved,2025-06-25
9893,90536,Uncomfortable fit,1916.95,Approved,2026-01-10
9894,90537,Wrong size,1115.56,Approved,2026-01-17
9895,90562,Changed mind,1844.84,Approved,2026-09-07
9896,90567,Changed mind,716.49,Pending,2026-09-01
9897,90580,Changed mind,846.15,Approved,2026-08-12
9898,90583,Product damaged,722.7,Approved,2026-04-08
9899,90598,Color mismatch,1834.35,Approved,2026-06-14
9900,90599,Sole damage,5750.85,Approved,2026-06-19
9901,90601,Not as described,375.75,Approved,2026-06-16
9902,90614,ALLERGIC REACTION,1687.41,Approved,2026-08-09
9903,90627,Product damaged,1293.67,Approved,2026-09-01
9904,90633,Changed mind,3833.9,Approved,2026-08-22
9905,90642,Shade mismatch,846.15,Approved,2026-09-07
9906,90655,Size too small,3970.76,Approved,2026-01-02
9907,90662,Changed mind,823.09,Approved,2025-07-12
9908,90666,Color mismatch,2681.25,Approved,2025-10-11
9909,90703,Color mismatch,2088.22,Approved,2025-08-28
9910,90707,Product damaged,2086.92,Approved,2025-11-01
9911,90711,Changed mind,664.45,Approved,2025-11-05
9912,90745,Changed mind,716.49,Approved,2025-04-03
9913,90783,Wrong size,4176.44,Approved,2026-07-10
9914,90809,Product damaged,386.2,Approved,2024-08-29
9915,90821,Changed mind,3021.33,Approved,2024-09-28
9916,90824,Size too small,2489.4,Rejected,2026-08-19
9917,90828,Product damaged,2481.06,Pending,2024-03-31
9918,90832,Size too large,1477.93,Approved,2024-04-08
9919,90839,Wrong size,1834.35,Approved,2024-08-15
9920,90859,Uncomfortable fit,2575.28,Approved,2025-04-28
9921,90867,Color mismatch,2761.13,Approved,2025-11-04
9922,90870,Color mismatch,2088.22,Approved,2025-11-24
9923,90874,Color mismatch,1985.38,Rejected,2026-01-04
9924,90885,Size too small,1477.04,Approved,2026-03-11
9925,90905,Color mismatch,2419.78,Approved,2025-07-09
9926,90938,Product damaged,823.09,Approved,2026-04-11
9927,90946,Changed mind,275.13,Rejected,2026-06-25
9928,90947,Allergic reaction,1646.18,Approved,2026-07-05
9929,90958,Changed mind,869.3,Approved,2026-09-07
9930,90959,Changed mind,2587.34,Pending,2026-09-09
9931,90980,Changed mind,1391.28,Rejected,2025-01-29
9932,90981,Product damaged,823.09,Pending,2025-02-03
9933,90984,Changed mind,2489.4,Rejected,2025-03-13
9934,90995,Not as described,716.49,Pending,2025-08-18
9935,91005,Wrong size,2972.8,Approved,2025-12-04
9936,91015,Size too small,3970.76,Approved,2026-02-06
9937,91019,Allergic reaction,893.22,Approved,2026-07-06
9938,91030,Size too small,782.44,Approved,2026-08-21
9939,91031,Changed mind,2088.22,Approved,2026-08-16
9940,91058,Size too large,893.75,Approved,30 Aug 2025
9941,91073,Changed mind,1844.84,Approved,2026-01-20
9942,91086,Not as described,654.36,Approved,2026-08-16
9943,91093,Color mismatch,3021.33,Approved,2026-04-12
9944,91095,Product damaged,275.13,Approved,2026-06-23
9945,91102,Size too small,969.8,Approved,2026-08-31
9946,91109,Size too small,4433.79,Rejected,2024-02-09
9947,91113,Shade mismatch,1391.28,Approved,2024-10-24
9948,91115,Size too small,2954.08,Approved,2024-12-04
9949,91116,Size too large,2761.13,Approved,2024-12-06
9950,91121,Wrong size,1834.35,Approved,2026-08-07
9951,91137,Changed mind,1240.53,Approved,2026-08-19
9952,91140,Changed mind,969.8,Approved,2026-08-31
9953,91142,Fabric quality poor,1477.04,Approved,2026-08-25
9954,91150,Size issue,988.73,Approved,2026-09-13
9955,91159,Allergic reaction,1240.53,Approved,2026-03-14
9956,91162,Sole damage,1488.07,Rejected,2026-03-13
9957,91165,Size too large,893.75,Rejected,2026-08-26
9958,91179,Color mismatch,2761.13,Approved,2026-08-24
9959,91202,Changed mind,804.47,Rejected,2026-09-02
9960,91228,Size issue,375.75,Rejected,2026-06-15
9961,91232,Size too small,893.75,Rejected,2024-06-04
9962,91240,Changed mind,3833.9,Approved,2024-10-15
9963,91242,Changed mind,776.2,Pending,2025-10-20
9964,91248,Product damaged,664.45,Approved,02-07-2026
9965,91256,Allergic reaction,1786.44,Approved,2026-08-26
9966,91269,Size too small,969.8,Pending,2026-04-30
9967,91286,Wrong size,1488.07,Pending,2025-11-08
9968,91297,Fabric quality poor,3021.33,Approved,2026-02-17
9969,91327,Changed mind,1169.07,Approved,2026-07-10
9970,91329,Product damaged,869.3,Pending,2026-08-13
9971,91339,Product damaged,602.04,Approved,2026-03-19
9972,91356,Size too small,9063.99,Approved,2026-06-15
9973,91360,Not as described,654.36,Approved,2026-07-04
9974,91364,Changed mind,1985.38,Rejected,2025-01-16
9975,91374,Product damaged,233.58,Approved,2026-01-15
9976,91385,Wrong size,2976.14,Pending,2026-01-13
9977,91389,Changed mind,1328.9,Pending,2026-04-16
9978,91409,Color mismatch,1477.93,Pending,2026-07-10
9979,91414,Color mismatch,782.44,Pending,2024-09-03
9980,91422,Shade mismatch,893.22,Approved,2025-05-12
9981,91432,Changed mind,4348.88,Approved,2026-01-12
9982,91434,Size issue,654.38,Approved,2026-01-28
9983,91437,Color mismatch,2270.49,Pending,2026-02-01
9984,91449,Not as described,654.38,Approved,2024-06-27
9985,91458,Uncomfortable fit,2231.12,Approved,2025-10-30
9986,91464,Wrong size,1115.56,Approved,2025-12-13
9987,91465,Size too small,3021.33,Pending,2026-01-10
9988,91477,Fabric quality poor,1844.84,Pending,2025-04-17
9989,91501,Wrong size,2174.44,Approved,2024-07-05
9990,91503,Color mismatch,4978.8,Approved,2026-08-08
9991,91508,Sole damage,2743.56,Approved,2024-03-15
9992,91510,Changed mind,525.91,Approved,2024-03-19
9993,91513,Allergic reaction,1391.28,Pending,2024-04-20
9994,91524,Size too large,3021.33,Approved,2024-06-25
9995,91534,Sole damage,1916.95,Pending,2024-08-19
9996,91535,Fabric quality poor,1985.38,Approved,2024-08-31
9997,91542,Changed mind,2743.56,Approved,2024-11-20
9998,91546,Shade mismatch,434.65,Approved,2024-12-13
9999,91557,Sole damage,5487.12,Approved,2025-03-19
10000,91576,Size too large,2270.49,Approved,2023-12-14
10001,91580,Color mismatch,1477.93,Approved,2024-10-09
10002,91623,Color mismatch,4464.21,Approved,2025-10-20
10003,91648,Changed mind,1477.04,Approved,2023-03-20
10004,91668,Size too small,922.42,Pending,2025-07-04
10005,91679,Uncomfortable fit,2419.78,Approved,2026-09-02
10006,91681,Changed mind,1477.93,Pending,2026-04-21
10007,91682,product damaged,1087.25,Approved,2026-06-10
10008,91685,Fabric quality poor,3021.33,Approved,2026-06-28
10009,91687,Size too small,782.44,Rejected,2026-06-30
10010,91688,Size too small,2489.4,Approved,2026-06-21
10011,91702,Shade mismatch,846.15,Pending,2026-08-23
10012,91703,changed mind,654.36,Approved,2026-08-24
10013,91704,Allergic reaction,3881.01,Approved,2026-09-03
10014,91737,Fabric quality poor,922.42,Pending,2026-03-31
10015,91745,Size too large,2270.49,Approved,2026-06-17
10016,91756,Wrong size,5945.6,Approved,2026-09-11
10017,91760,Size too small,2270.49,Approved,2026-09-09
10018,91761,Size too small,3970.76,Approved,2026-09-10
10019,91779,Uncomfortable fit,5945.6,Approved,2026-01-08
10020,91791,Size too small,3021.33,Approved,2026-01-12
10021,91794,Color mismatch,1477.93,Approved,2024-08-17
10022,91795,Size too large,2489.4,Approved,2025-02-11
10023,91802,Changed mind,1240.53,Approved,2026-06-29
10024,91822,Size too small,2270.49,Approved,2023-11-02
10025,91836,Wrong size,2575.28,Approved,2026-09-06
10026,91847,changed mind,6042.66,Approved,2026-09-12
10027,91848,Changed mind,1477.04,Pending,2026-09-12
10028,91880,Color mismatch,2088.22,Approved,2024-11-06
10029,91882,Wrong size,1834.35,Approved,2024-11-09
10030,91886,Size too large,893.75,Rejected,2025-10-16
10031,91901,Changed mind,434.65,Approved,2025-04-17
10032,91926,Product damaged,1692.3,Approved,2025-03-21
10033,91927,Uncomfortable fit,844.84,Rejected,2025-04-02
10034,91928,changed mind,676.56,Pending,2025-04-01
10035,91931,Sole damage,2088.22,Approved,2025-04-13
10036,91995,Changed mind,2419.78,Approved,2026-09-07
10037,91996,Changed mind,844.84,Approved,2026-09-02
10038,92004,Changed mind,3021.33,Pending,2026-09-12
10039,92006,Size too large,1985.38,Approved,2026-09-03
10040,92007,Changed mind,922.42,Approved,2026-09-05
10041,92056,Color mismatch,2743.56,Approved,2026-08-21
10042,92062,Sole damage,6264.66,Approved,2026-08-22
10043,92066,Changed mind,3833.9,Pending,2026-08-31
10044,92074,Sole damage,4839.56,Approved,2026-09-06
10045,92083,Allergic reaction,3721.59,Rejected,2024-02-02
10046,92085,Changed mind,1787.5,Approved,2024-03-24
10047,92098,Sole damage,2972.8,Approved,2024-10-03
10048,92111,Size too small,4433.79,Approved,2025-10-13
10049,92128,Fabric quality poor,1564.88,Pending,2025-08-28
10050,92132,Changed mind,1916.95,Approved,2025-11-09
10051,92145,Uncomfortable fit,1287.64,Approved,2025-12-15
10052,92146,Fabric quality poor,2270.49,Approved,2026-01-07
10053,92152,Shade mismatch,1293.67,Approved,2026-07-14
10054,92153,Shade mismatch,2481.06,Approved,2026-07-09
10055,92157,Changed mind,233.58,Approved,2026-07-26
10056,92174,Color mismatch,1115.56,Approved,2026-06-27
10057,92183,Size issue,1552.4,Approved,2025-09-06
10058,92200,Sole damage,6264.66,Approved,2026-03-22
10059,92201,Wrong size,3346.68,Approved,2026-03-19
10060,92203,Wrong size,2419.78,Approved,2026-03-25
10061,92229,Size too small,2270.49,Pending,2025-10-09
10062,92248,Wrong size,2419.78,Approved,2026-08-15
10063,92262,Changed mind,654.36,Approved,2026-06-19
10064,92266,Uncomfortable fit,1916.95,Pending,2026-06-26
10065,92267,Uncomfortable fit,2174.44,Approved,2026-07-06
10066,92271,Sole damage,7259.34,Approved,2026-07-26
10067,92281,Sole damage,1834.35,Approved,2026-07-29
10068,92305,Size too small,1787.5,Rejected,2026-08-31
10069,92317,Wrong size,1834.35,Approved,2023-10-16
10070,92318,Sole damage,2419.78,Approved,2023-10-15
10071,92320,Not as described,301.02,Pending,2024-01-15
10072,92325,Sole damage,4348.88,Approved,02/14/2024
10073,92330,Size issue,988.73,Approved,2024-06-22
10074,92332,Changed mind,782.44,Approved,2024-08-28
10075,92333,Changed mind,562.47,Approved,2024-10-03
10076,92338,Changed mind,3970.76,Rejected,2024-10-09
10077,92340,Color mismatch,1787.5,Pending,2024-12-24
10078,92358,Color mismatch,5487.12,Rejected,2025-10-23
10079,92363,Not as described,377.09,Approved,2025-11-03
10080,92365,Sole damage,2231.12,Rejected,2025-11-01
10081,92380,Color mismatch,6811.47,Approved,2026-08-23
10082,92408,Changed mind,4431.12,Pending,2025-10-28
10083,92422,Changed mind,2909.4,Approved,2026-01-15
10084,92423,Color mismatch,893.75,Approved,2026-03-03
10085,92424,Changed mind,4540.98,Approved,2026-02-25
10086,92435,Changed mind,922.42,Approved,2025-02-20
10087,92439,Size too small,5522.26,Approved,2025-04-21
10088,92440,Sole damage,1115.56,Approved,2025-04-28
10089,92452,Color mismatch,1787.5,Rejected,2025-08-22
10090,92454,Product damaged,1391.28,Approved,2025-09-07
10091,92458,Size issue,669.38,Rejected,2025-12-04
10092,92460,Fabric quality poor,9063.99,Approved,2025-12-19
10093,92464,Changed mind,1985.38,Approved,2026-05-02
10094,92479,Changed mind,2743.56,Approved,2026-09-07
10095,92492,Product damaged,301.02,Approved,2023-09-01
10096,92493,Product damaged,386.2,Rejected,2023-09-10
10097,92531,Color mismatch,969.8,Pending,2026-07-07
10098,92532,Color mismatch,2270.49,Approved,2026-08-18
10099,92534,Not as described,1308.76,Approved,2026-08-13
10100,92552,changed mind,275.13,Approved,2026-01-30
10101,92560,Uncomfortable fit,1115.56,Approved,2026-03-09
10102,92577,Product damaged,2174.5,Approved,2026-08-31
10103,92597,Not as described,375.75,Approved,2025-01-14
10104,92613,Color mismatch,969.8,Approved,2026-08-18
10105,92617,Changed mind,2972.8,Pending,2026-08-17
10106,92641,Changed mind,2231.12,Approved,2026-08-17
10107,92645,Changed mind,1477.04,Approved,2026-08-18
10108,92648,Changed mind,969.8,Approved,2026-08-14
10109,92655,Changed mind,695.64,Approved,2025-08-31
10110,92681,Size too large,4540.98,Pending,2026-08-20
10111,92683,Changed mind,654.36,Approved,2025-12-28
10112,92693,changed mind,1488.07,Approved,2026-04-15
10113,92715,Wrong size,2743.56,Approved,2025-07-04
10114,92716,Not as described,654.36,Approved,2026-06-07
10115,92720,Fabric quality poor,893.75,Rejected,2026-06-04
10116,92722,Color mismatch,2976.14,Approved,2026-06-03
10117,92728,Size too large,2270.49,Approved,2026-06-09
10118,92735,Fabric quality poor,9063.99,Rejected,2026-06-04
10119,92751,Color mismatch,1287.64,Approved,2025-07-16
10120,92783,Size too large,782.44,Approved,2026-01-13
10121,92805,Changed mind,893.75,Pending,2026-03-20
10122,92807,Fabric quality poor,3021.33,Rejected,2026-03-25
10123,92810,Color mismatch,844.84,Approved,2026-09-04
10124,92817,Fabric quality poor,2270.49,Approved,2026-08-31
10125,92826,Size too large,2681.25,Rejected,2024-02-12
10126,92840,Changed mind,2174.44,Approved,2025-08-28
10127,92847,Changed mind,1787.5,Approved,2026-01-01
10128,92850,Wrong size,1834.35,Approved,2026-07-01
10129,92855,Sole damage,4839.56,Approved,2026-08-04
10130,92860,Wrong size,1916.95,Pending,2026-05-07
10131,92864,Color mismatch,3668.7,Approved,2026-05-20
10132,92869,Fabric quality poor,922.42,Approved,2026-06-01
10133,92878,Wrong size,4176.44,Approved,2026-06-17
10134,92883,Changed mind,1293.67,Approved,2026-06-28
10135,92889,Color mismatch,2270.49,Approved,2026-07-06
10136,92900,Not as described,361.35,Approved,2026-08-14
10137,92902,Color mismatch,3021.33,Approved,2026-08-22
10138,92911,Changed mind,776.2,Approved,2026-09-05
10139,92917,Sole damage,1488.07,Pending,2026-08-30
10140,92930,Product damaged,846.15,Rejected,2024-03-28
10141,92936,Size issue,654.36,Approved,2026-09-13
10142,92945,Not as described,1051.82,Rejected,2026-09-06
10143,92949,Size too large,1477.04,Approved,2026-09-04
10144,92961,Changed mind,2270.49,Approved,2026-09-07
10145,92971,Changed mind,2489.4,Approved,2026-04-03
10146,92973,Wrong size,1834.35,Approved,2026-04-04
10147,92979,Size issue,375.75,Rejected,2026-06-12
10148,92987,Changed mind,669.38,Approved,2026-08-29
10149,93002,Wrong size,3862.92,Approved,2026-06-25
10150,93023,Wrong size,2174.44,Approved,2026-03-18
10151,93025,Wrong size,2088.22,Approved,2026-03-14
10152,93028,Color mismatch,1287.64,Approved,2026-07-24
10153,93035,Sole damage,2976.14,Approved,2026-09-03
10154,93043,Changed mind,1608.94,Approved,2025-08-26
10155,93044,Changed mind,375.75,Approved,2025-09-06
10156,93053,Changed mind,525.91,Rejected,2026-08-20
10157,93058,Size too large,1477.93,Approved,2026-09-12
10158,93059,Product damaged,1293.67,Rejected,2025-08-15
10159,93064,Size issue,804.47,Approved,2026-05-11
10160,93070,Size too large,969.8,Approved,2026-04-24
10161,93094,Changed mind,2174.44,Approved,2026-01-06
10162,93104,Allergic reaction,893.22,Approved,2026-07-02
10163,93114,Changed mind,792.27,Approved,2023-03-01
10164,93122,Changed mind,4978.8,Rejected,2023-07-09
10165,93127,Uncomfortable fit,2088.22,Approved,2023-12-02
10166,93132,Changed mind,1353.12,Approved,2025-07-07
10167,93161,Size too small,1985.38,Approved,2026-04-23
10168,93164,Size too small,1564.88,Approved,2026-05-03
10169,93171,Size too small,893.75,Approved,2026-06-28
10170,93188,Allergic reaction,695.64,Approved,2023-06-11
10171,93195,Not as described,525.91,Approved,2023-09-03
10172,93197,Changed mind,1124.94,Approved,2023-09-01
10173,93200,Fabric quality poor,2489.4,Rejected,2024-01-13
10174,93206,Shade mismatch,1240.53,Approved,2024-08-29
10175,93215,Product damaged,823.09,Approved,2025-05-26
10176,93226,Fabric quality poor,1844.84,Approved,2026-08-31
10177,93240,Not as described,1353.12,Approved,2026-08-12
10178,93248,Size too large,1787.5,Approved,2026-08-13
10179,93249,Changed mind,1477.93,Approved,2026/08/10
10180,93257,Size too large,922.42,Pending,2026-08-09
10181,93258,Changed mind,1353.12,Rejected,2026-08-16
10182,93271,Color mismatch,5956.14,Approved,2026-08-18
10183,93274,Color mismatch,2743.56,Pending,2026-08-16
10184,93279,Changed mind,2534.52,Approved,2026-08-09
10185,93309,Color mismatch,2419.78,Approved,2025-04-21
10186,93333,Fabric quality poor,922.42,Approved,2025-10-31
10187,93340,Color mismatch,969.8,Approved,2025-12-30
10188,93342,Size too small,1477.04,Approved,2025-12-26
10189,93352,Product damaged,486.8,Approved,2026-08-16
10190,93358,Fabric quality poor,1477.93,Approved,2026-02-14
10191,93359,Allergic reaction,3721.59,Approved,2026-03-30
10192,93363,Fabric quality poor,1985.38,Approved,2026-02-06
10193,93364,Changed mind,2489.4,Approved,2026-02-25
10194,93366,Size too large,1477.04,Approved,2026-02-20
10195,93391,Sole damage,5487.12,Approved,2026-06-17
10196,93393,Size too large,3021.33,Rejected,2026-07-10
10197,93398,Color mismatch,5750.85,Approved,2026-08-07
10198,93401,Changed mind,2347.32,Approved,2026-07-30
10199,93420,Uncomfortable fit,1916.95,Pending,2024-12-24
10200,93429,Uncomfortable fit,844.84,Approved,2026-08-13
10201,93435,Changed mind,264.09,Approved,2026-08-20
10202,93443,Color mismatch,2575.28,Approved,2026-08-26
10203,93444,Sole damage,2231.12,Approved,2026-08-23
10204,93445,Color mismatch,1916.95,Approved,2026-09-03
10205,93447,Color mismatch,2972.8,Approved,2026-08-26
10206,93454,Uncomfortable fit,2743.56,Approved,2026-09-02
10207,93456,CHANGED MIND,264.09,Approved,2026-09-10
10208,93459,Changed mind,1786.44,Rejected,2026-09-08
10209,93492,Product damaged,243.4,Rejected,2026-06-29
10210,93511,Color mismatch,2575.28,Approved,2023-10-06
10211,93514,Size too large,2489.4,Approved,2023-10-22
10212,93522,Wrong size,1287.64,Approved,2025-01-30
10213,93532,Not as described,394.6,Approved,2026-03-04
10214,93540,Changed mind,4464.21,Pending,2025-05-14
10215,93544,Product damaged,200.78,Rejected,2025-09-12
10216,93547,Color mismatch,1477.04,Approved,02 Jan 2026
10217,93549,Color mismatch,1985.38,Approved,2025-12-26
10218,93551,Wrong size,2174.44,Rejected,2026-07-25
10219,93566,Color mismatch,2489.4,Approved,2025-10-10
10220,93571,changed mind,1477.04,Rejected,2025-12-09
10221,93597,Size issue,716.49,Approved,2026-08-07
10222,93608,Changed mind,782.44,Approved,2026-08-26
10223,93619,Changed mind,2761.13,Rejected,2026-08-25
10224,93624,product damaged,1786.44,Approved,2026-09-07
10225,93639,Size too small,1477.93,Approved,2026-04-07
10226,93642,Not as described,676.56,Approved,2026-03-10
10227,93646,Product damaged,664.45,Approved,2024-02-23
10228,93650,Fabric quality poor,1985.38,Pending,2024-08-24
10229,93652,Color mismatch,2489.4,Approved,2024-08-23
10230,93655,Product damaged,562.47,Approved,2024-08-25
10231,93687,Color mismatch,2761.13,Rejected,2025-10-31
10232,93688,Size too small,2489.4,Approved,2025-11-12
10233,93708,Not as described,301.02,Pending,2026-06-17
10234,93711,Color mismatch,893.75,Approved,06/27/2026
10235,93712,Size too large,2489.4,Approved,2026-06-21
10236,93739,Size issue,1051.82,Approved,2025-08-27
10237,93742,Uncomfortable fit,2419.78,Approved,2025-09-03
10238,93748,Fabric quality poor,2270.49,Approved,2026-02-05
10239,93758,Product damaged,264.09,Approved,2026-05-02
10240,93776,Shade mismatch,562.47,Approved,2026-09-04
10241,93778,Shade mismatch,1293.67,Pending,2026-09-03
10242,93795,Changed mind,846.15,Approved,2026-06-29
10243,93802,Fabric quality poor,1985.38,Approved,2023-05-28
10244,93818,Wrong size,1287.64,Approved,2024-08-27
10245,93825,Not as described,145.44,Approved,2024-11-27
10246,93828,Changed mind,1293.67,Approved,2025-03-16
10247,93848,Changed mind,275.13,Approved,2026-01-31
10248,93860,Size too large,1787.5,Approved,2025-01-15
10249,93861,Size too large,1939.6,Approved,2025-01-23
10250,93916,Fabric quality poor,2761.13,Approved,2026-09-14
10251,93929,Allergic reaction,275.13,Approved,2026-06-03
10252,93952,Uncomfortable fit,844.84,Approved,2024-11-01
10253,93957,Changed mind,893.22,Approved,2024-12-21
10254,93958,Fabric quality poor,2954.08,Approved,2025-01-07
10255,93960,Changed mind,528.18,Approved,2025-02-08
10256,93968,Not as described,394.6,Approved,2025-03-22
10257,93974,Size too small,782.44,Approved,2025-04-26
10258,93985,Product damaged,615.87,Approved,2025-08-21
10259,93995,Fabric quality poor,1985.38,Approved,2025-11-21
10260,94020,Shade mismatch,1293.67,Approved,2024-05-10
10261,94022,Allergic reaction,664.45,Pending,2024-07-23
10262,94027,Product damaged,275.13,Approved,2025-05-09
10263,94030,Shade mismatch,1293.67,Approved,2026-07-28
10264,94039,Not as described,804.47,Rejected,2026-09-02
10265,94041,Product damaged,1692.3,Approved,2026-09-11
10266,94057,Color mismatch,782.44,Approved,2025-07-13
10267,94076,Size too large,3021.33,Approved,2026-06-18
10268,94102,Allergic reaction,2538.45,Approved,2025-12-29
10269,94108,Size issue,776.2,Approved,2026-05-27
10270,94114,Fabric quality poor,1985.38,Approved,2026-07-08
10271,94119,Size too large,3970.76,Approved,2026-09-09
10272,94123,Sole damage,2743.56,Approved,2026-08-25
10273,94133,Changed mind,1985.38,Approved,2026-01-31
10274,94139,Not as described,145.44,Approved,2026-02-19
10275,94143,Shade mismatch,893.22,Pending,2026-06-01
10276,94151,Fabric quality poor,3021.33,Pending,2026-08-12
10277,94179,Size issue,654.38,Approved,2025-09-28
10278,94184,Uncomfortable fit,2088.22,Approved,2026-01-11
10279,94185,Sole damage,1834.35,Approved,2026-01-14
10280,94201,Uncomfortable fit,5487.12,Pending,2026-04-22
10281,94214,Wrong size,1834.35,Rejected,2026-08-25
10282,94221,Changed mind,804.47,Approved,2026-09-05
10283,94226,Changed mind,375.75,Rejected,12/22/2024
10284,94230,Size too large,1477.93,Approved,2025-01-19
10285,94244,Changed mind,844.84,Approved,2026-05-27
10286,94252,Changed mind,4540.98,Approved,2026-05-07
10287,94263,Not as described,789.2,Pending,2024-12-29
10288,94264,Product damaged,264.09,Approved,2024-12-20
10289,94273,Size too small,969.8,Approved,2025-01-28
10290,94276,Changed mind,1786.44,Approved,2025-02-05
10291,94280,Not as described,654.38,Pending,2025-02-14
10292,94285,Size too large,2270.49,Rejected,27 Feb 2025
10293,94293,Size issue,654.36,Approved,2025-03-27
10294,94325,Size too large,4540.98,Rejected,2025-10-23
10295,94337,Size too small,2909.4,Rejected,2025-06-17
10296,94341,Changed mind,1308.72,Rejected,2025-06-30
10297,94384,Product damaged,664.45,Approved,2025-12-18
10298,94389,Allergic reaction,1087.25,Pending,2025-12-17
10299,94390,Changed mind,695.64,Approved,2025-08-30
10300,94402,Product damaged,243.4,Pending,2025-08-25
10301,94430,Not as described,2149.47,Approved,2026-08-20
10302,94433,Changed mind,5750.85,Approved,01 Sep 2026
10303,94434,Sole damage,5487.12,Rejected,2026-08-25
10304,94472,Color mismatch,1488.07,Approved,2026-06-21
10305,94474,Changed mind,1916.95,Approved,2026-06-16
10306,94479,Not as described,2149.47,Approved,2026-07-12
10307,94496,Shade mismatch,1240.53,Approved,2026-08-31
10308,94500,Not as described,301.02,Approved,2026-09-01
10309,94526,Changed mind,893.75,Approved,2026-06-29
10310,94527,color mismatch,893.75,Approved,2026-06-27
10311,94535,Color mismatch,1985.38,Approved,2026-09-02
10312,94539,Size too small,922.42,Approved,2026-09-04
10313,94546,Size too large,893.75,Approved,2026-06-27
10314,94547,Product damaged,2481.06,Approved,2026-06-19
10315,94548,Changed mind,1087.25,Approved,2026-06-18
10316,94552,Not as described,1552.4,Rejected,2026-06-16
10317,94553,Size too large,2489.4,Approved,2026-06-25
10318,94562,Uncomfortable fit,2972.8,Pending,2026-07-01
10319,94564,Wrong size,2419.78,Approved,2026-06-30
10320,94571,Fabric quality poor,1787.5,Pending,2026-06-25
10321,94592,Size too small,2955.86,Approved,2025-02-02
10322,94593,Size too small,922.42,Approved,2025-02-02
10323,94605,Color mismatch,5503.05,Approved,2025-06-26
10324,94612,Fabric quality poor,5522.26,Pending,2024-10-10
10325,94625,Fabric quality poor,3021.33,Approved,2025-04-29
10326,94630,Changed mind,243.4,Approved,2025-04-23
10327,94636,Allergic reaction,846.15,Approved,2025-06-22
10328,94638,Size too small,4978.8,Approved,2025-07-20
10329,94648,Sole damage,2575.28,Approved,2025-12-16
10330,94663,Size too large,1477.93,Approved,2026-04-04
10331,94669,Not as described,361.35,Approved,2026-06-23
10332,94680,Color mismatch,1477.93,Pending,2026-08-27
10333,94691,Wrong size,2972.8,Approved,2026-07-28
10334,94695,Color mismatch,3970.76,Approved,2026-08-19
10335,94730,Changed mind,2954.08,Approved,2026-07-07
10336,94733,Changed mind,988.73,Approved,2026-07-03
10337,94742,Fabric quality poor,2761.13,Rejected,2026-08-21
10338,94744,Changed mind,1477.93,Approved,2026-08-31
10339,94747,Size too small,2954.08,Approved,2026-09-01
10340,94762,Allergic reaction,846.15,Approved,2026-09-13
10341,94767,Color mismatch,3021.33,Approved,2026-08-15
10342,94768,Size too large,2761.13,Approved,2026-08-19
10343,94794,Allergic reaction,1087.25,Pending,2026-08-29
10344,94799,Uncomfortable fit,2743.56,Approved,2026-09-11
10345,94800,Sole damage,2419.78,Approved,2026-09-06
10346,94813,Changed mind,922.42,Approved,2024-01-07
10347,94815,Fabric quality poor,1985.38,Approved,2024-04-04
10348,94821,Size too small,893.75,Approved,2026-02-20
10349,94827,Size too small,969.8,Approved,2025-05-16
10350,94828,Size too small,1477.04,Approved,2025-05-15
10351,94829,Size too large,782.44,Approved,2025-05-24
10352,94837,Product damaged,1087.25,Approved,2026-09-02
10353,94848,Not as described,386.2,Approved,2024-05-27
10354,94857,Changed mind,1916.95,Approved,2024-09-01
10355,94858,Fabric quality poor,2489.4,Approved,2024-12-24
10356,94865,Allergic reaction,2174.5,Approved,2025-07-13
10357,94867,Product damaged,2481.06,Approved,2025-07-11
10358,94869,Changed mind,654.38,Approved,2026-01-02
10359,94883,Size issue,716.49,Approved,2026-03-27
10360,94889,Allergic reaction,823.09,Approved,2026-03-24
10361,94890,Changed mind,1692.3,Approved,2026-03-18
10362,94892,Color mismatch,2419.78,Approved,2026-03-22
10363,94910,Product damaged,1293.67,Approved,2024-03-01
10364,94916,Sole damage,2743.56,Approved,2025-11-07
10365,94921,Shade mismatch,1646.18,Approved,2026-04-19
10366,94931,Size too large,2489.4,Approved,2026-07-02
10367,94933,Changed mind,1087.25,Approved,2026-07-29
10368,94936,Fabric quality poor,2270.49,Approved,2026-08-21
10369,94937,Changed mind,1488.07,Approved,2026-08-21
10370,94941,Not as described,375.75,Approved,2026-08-23
10371,94946,COLOR MISMATCH,2954.08,Approved,2026-08-24
10372,94953,Product damaged,434.65,Approved,2026-08-27
10373,94959,Changed mind,361.35,Approved,2026-09-06
10374,94976,UNCOMFORTABLE FIT,3668.7,Pending,2025-04-07
10375,94980,Not as described,1338.76,Approved,2025-06-16
10376,94996,Product damaged,695.64,Pending,2026-05-19
10377,94997,Fabric quality poor,922.42,Pending,2026-08-19
10378,95001,Product damaged,486.8,Approved,2024-06-03
10379,95016,Color mismatch,7468.2,Approved,2026-02-07
10380,95017,Fabric quality poor,922.42,Approved,2026-02-02
10381,95025,product damaged,789.2,Approved,2026-08-25
10382,95028,Fabric quality poor,782.44,Approved,2026-09-10
10383,95031,Changed mind,1477.93,Approved,2026-09-10
10384,95033,Changed mind,1477.04,Approved,2026-09-07
10385,95035,Fabric quality poor,1787.5,Approved,2026-09-09
10386,95057,Not as described,377.09,Approved,2024-11-24
10387,95058,Size issue,654.36,Approved,2024-12-03
10388,95074,NOT AS DESCRIBED,1977.46,Approved,2025-02-10
10389,95082,SOLE DAMAGE,6523.32,Approved,2025-04-09
10390,95090,Product damaged,2587.34,Approved,2025-08-14
10391,95098,Sole damage,2231.12,Approved,2025-09-30
10392,95100,Color mismatch,2972.8,Approved,2025-10-05
10393,95113,Color mismatch,1834.35,Approved,2025-12-22
10394,95127,Allergic reaction,664.45,Approved,2025-10-21
10395,95133,Allergic reaction,3881.01,Approved,2025-01-30
10396,95134,Color mismatch,922.42,Approved,2025-05-01
10397,95137,Product damaged,467.16,Pending,2025-07-08
10398,95150,Shade mismatch,869.3,Approved,2026-01-31
10399,95159,Sole damage,2088.22,Approved,2026-01-23
10400,95167,Shade mismatch,1240.53,Approved,2026-08-31
10401,95170,Product damaged,386.2,Approved,2024-08-31
10402,95171,Uncomfortable fit,2419.78,Approved,2024-10-13
10403,95175,Wrong size,2575.28,Rejected,2024-10-30
10404,95209,Wrong size,1488.07,Approved,2026-08-16
10405,95221,Size issue,1308.72,Approved,2026-08-26
10406,95237,Wrong size,2534.52,Approved,2023-09-15
10407,95238,Color mismatch,2972.8,Approved,2023-09-14
10408,95259,Color mismatch,2347.32,Approved,2024-11-03
10409,95280,Uncomfortable fit,5750.85,Approved,2025-05-30
10410,95281,Sole damage,1488.07,Approved,2025-06-03
10411,95295,Changed mind,562.47,Approved,2026-05-02
10412,95308,Not as described,1552.4,Pending,2025-10-27
10413,95322,Shade mismatch,275.13,Approved,2025-07-22
10414,95331,Changed mind,776.2,Approved,2026-04-01
10415,95340,Shade mismatch,695.64,Rejected,2025-06-15
10416,95352,Changed mind,434.65,Approved,2026-08-23
10417,95354,wrong size,3668.7,Approved,2026-08-27
10418,95356,Size too small,1844.84,Approved,2026-09-06
10419,95375,Uncomfortable fit,844.84,Approved,2025-02-01
10420,95391,Fabric quality poor,969.8,Approved,2025-05-01
10421,95399,Allergic reaction,275.13,Approved,2025/10/26
10422,95400,Shade mismatch,1293.67,Approved,2025-10-25
10423,95402,Wrong size,5487.12,Rejected,2025-11-04
10424,95403,Wrong size,4348.88,Approved,2025-11-15
10425,95426,Wrong size,1115.56,Approved,2026-06-21
10426,95433,Uncomfortable fit,2743.56,Rejected,2026-08-22
10427,95436,Sole damage,2972.8,Approved,2024-10-30
10428,95439,Shade mismatch,664.45,Approved,2023-09-20
10429,95457,Changed mind,844.84,Pending,2025-10-09
10430,95460,Size too small,6042.66,Pending,2026-01-08
10431,95469,Product damaged,1293.67,Pending,2026-08-16
10432,95473,Not as described,525.91,Approved,2026-09-08
10433,95476,NOT AS DESCRIBED,233.58,Pending,27 May 2026
10434,95481,Allergic reaction,1240.53,Approved,2026-06-05
10435,95522,UNCOMFORTABLE FIT,3668.7,Approved,2026-09-09
10436,95529,Changed mind,4176.44,Approved,2023-12-12
10437,95533,Sole damage,2088.22,Approved,2024-01-05
10438,95538,Not as described,804.47,Approved,2024-08-07
10439,95549,COLOR MISMATCH,2231.12,Approved,2026-02-06
10440,95556,Color mismatch,2976.14,Rejected,2026-02-25
10441,95563,Not as described,525.91,Approved,2025-11-04
10442,95568,Allergic reaction,562.47,Approved,2025-03-14
10443,95577,SIZE TOO SMALL,5956.14,Approved,2023-10-20
10444,95579,Size too small,893.75,Approved,2023-10-21
10445,95582,Changed mind,5945.6,Approved,2025-08-27
10446,95588,Color mismatch,2743.56,Pending,2026-03-18
10447,95590,Sole damage,844.84,Approved,2026-03-19
10448,95591,Shade mismatch,664.45,Approved,2024-06-15
10449,95611,changed mind,205.29,Approved,2025-08-19
10450,95613,Changed mind,1844.84,Approved,2025-08-25
10451,95617,Allergic reaction,1993.35,Approved,2025-09-08
10452,95620,Wrong size,1916.95,Approved,2025-12-01
10453,95627,Color mismatch,1564.88,Approved,2026-03-17
10454,95634,Uncomfortable fit,2174.44,Approved,2026-03-16
10455,95635,Sole damage,3833.9,Approved,2026-03-15
10456,95647,Changed mind,1391.28,Approved,2025-01-23
10457,95659,Color mismatch,1477.93,Approved,2026-07-03
10458,95662,Shade mismatch,434.65,Pending,2026-07-01
10459,95666,Size issue,1977.46,Approved,2026-07-30
10460,95671,Product damaged,2538.45,Approved,2026-09-02
10461,95687,Changed mind,434.65,Approved,2025-01-27
10462,95695,Color mismatch,1985.38,Approved,2025-10-06
10463,95698,Fabric quality poor,1477.93,Approved,2025-10-16
10464,95712,Size too large,2954.08,Approved,2024-06-24
10465,95723,Changed mind,2008.14,Approved,2025-11-16
10466,95724,Not as described,233.58,Approved,2026-04-01
10467,95729,Not as described,200.78,Approved,2026-01-27
10468,95737,Wrong size,1834.35,Approved,2026-03-25
10469,95742,Shade mismatch,846.15,Approved,2026-04-16
10470,95763,Color mismatch,2743.56,Approved,2026-08-14
10471,95770,Size too large,3970.76,Approved,2025-07-29
10472,95772,Shade mismatch,664.45,Approved,2025-12-21
10473,95807,Allergic reaction,2587.34,Approved,2025-01-01
10474,95819,Size too small,3021.33,Approved,2025-08-23
10475,95823,Not as described,243.4,Pending,2025-08-30
10476,95842,Sole damage,1834.35,Approved,2026-04-12
10477,95844,Color mismatch,7259.34,Approved,2026-04-07
10478,95861,Uncomfortable fit,2174.44,Rejected,2026-06-29
10479,95862,Size too large,3021.33,Approved,2024-03-29
10480,95863,Shade mismatch,275.13,Rejected,2024-03-24
10481,95887,Size issue,1051.82,Approved,2025-06-25
10482,95898,Changed mind,1240.53,Pending,2026-05-21
10483,95903,CHANGED MIND,2270.49,Approved,2026-04-29
10484,95904,Size too small,893.75,Approved,2026-05-01
10485,95908,Sole damage,4348.88,Approved,2026-07-02
10486,95911,Sole damage,5945.6,Approved,2026-06-30
10487,95912,Product damaged,664.45,Approved,19-08-2026
10488,95939,Uncomfortable fit,5503.05,Approved,2026-07-29
10489,95945,Color mismatch,922.42,Approved,2026-09-05
10490,95954,Changed mind,844.84,Approved,2026-06-09
10491,95965,Uncomfortable fit,2174.44,Approved,2026-09-08
10492,95968,Uncomfortable fit,1287.64,Approved,2026-09-09
10493,95988,Color mismatch,1477.93,Approved,2025-06-28
10494,95989,Changed mind,2489.4,Approved,2025-06-19
10495,96016,Product damaged,562.47,Approved,2026-05-16
10496,96054,Color mismatch,1115.56,Pending,2026-05-04
10497,96061,Size issue,654.38,Approved,2026-05-10
10498,96077,Changed mind,1308.76,Approved,2025-07-31
10499,96080,Changed mind,844.84,Approved,2025-08-31
10500,96092,Color mismatch,2489.4,Approved,2026-02-05
10501,96098,Sole damage,2743.56,Approved,2026-03-16
10502,96103,Color mismatch,4431.12,Approved,2026-06-19
10503,96104,Size too small,1477.93,Pending,2026-06-18
10504,96105,Size too small,4540.98,Approved,2026-06-21
10505,96115,Fabric quality poor,922.42,Approved,03/27/2026
10506,96122,Allergic reaction,1786.44,Rejected,2026/07/09
10507,96124,Fabric quality poor,2955.86,Rejected,2026-08-08
10508,96146,Color mismatch,1488.07,Approved,2023-12-19
10509,96151,Size issue,1552.4,Approved,2024-03-07
10510,96179,Size too small,2489.4,Approved,2025-07-27
10511,96182,Sole damage,2976.14,Approved,2026-03-19
10512,96194,Size too large,2955.86,Approved,2025-10-15
10513,96200,Changed mind,2481.06,Approved,2026-08-24
10514,96208,Wrong size,1287.64,Pending,2025-04-20
10515,96212,Uncomfortable fit,2743.56,Approved,2025-10-14
10516,96214,Changed mind,377.09,Approved,2025-12-06
10517,96221,Changed mind,792.27,Approved,2026-05-15
10518,96246,Not as described,386.2,Approved,2026-09-09
10519,96254,Color mismatch,2088.22,Rejected,2026-02-15
10520,96298,Changed mind,776.2,Pending,2026-06-17
10521,96304,Changed mind,550.26,Approved,2026-07-29
10522,96310,Size issue,375.75,Approved,2026-09-09
10523,96315,Sole damage,844.84,Approved,2024-08-11
10524,96321,Color mismatch,2909.4,Approved,2024-11-02
10525,96322,Allergic reaction,664.45,Approved,2024-12-26
10526,96328,Color mismatch,1287.64,Approved,2025-04-02
10527,96329,Sole damage,2743.56,Approved,2025-04-03
10528,96337,Uncomfortable fit,844.84,Approved,2025-08-19
10529,96341,Changed mind,6042.66,Approved,2025-09-01
10530,96354,changed mind,844.84,Approved,2025-12-14
10531,96374,Size too large,922.42,Approved,2026-07-21
10532,96375,Fabric quality poor,782.44,Approved,2026-07-20
10533,96378,Not as described,722.7,Approved,2026-07-20
10534,96390,Sole damage,2419.78,Rejected,2024-01-12
10535,96397,Color mismatch,1834.35,Approved,2024-03-11
10536,96399,Fabric quality poor,2270.49,Approved,2024-03-11
10537,96400,Changed mind,5522.26,Approved,2024-03-21
10538,96401,Changed mind,782.44,Approved,2024-03-18
10539,96403,Fabric quality poor,3021.33,Approved,2024-03-28
10540,96408,Sole damage,4348.88,Approved,2024-05-29
10541,96421,Not as described,467.16,Approved,2024-08-23
10542,96422,Product damaged,386.2,Approved,2024-08-22
10543,96429,Sole damage,2419.78,Approved,2024-10-26
10544,96430,Sole damage,2231.12,Approved,2024-10-19
10545,96438,Uncomfortable fit,2972.8,Approved,2024-12-17
10546,96450,Color mismatch,2954.08,Approved,2025-02-07
10547,96455,Shade mismatch,823.09,Approved,2025-03-16
10548,96467,Color mismatch,2972.8,Pending,2025-08-26
10549,96468,Uncomfortable fit,1834.35,Approved,2025-08-25
10550,96493,Changed mind,1303.95,Approved,2025-06-20
10551,96499,Changed mind,2972.8,Approved,2025-01-10
10552,96500,Color mismatch,2489.4,Approved,2025-03-18
10553,96502,Color mismatch,3833.9,Approved,2025-07-29
10554,96513,Uncomfortable fit,4176.44,Approved,2026-08-09
10555,96515,Changed mind,969.8,Approved,2025-12-15
10556,96533,Allergic reaction,1240.53,Approved,2026-03-18
10557,96541,Product damaged,1087.25,Approved,2026-04-08
10558,96543,Fabric quality poor,2681.25,Approved,2026-04-20
10559,96548,Size too large,2489.4,Approved,2026-05-31
10560,96550,Changed mind,386.2,Approved,2026-06-10
10561,96563,Changed mind,1115.56,Approved,2026-07-25
10562,96564,Changed mind,2743.56,Approved,2026-07-31
10563,96601,Size too large,1985.38,Approved,2026-08-30
10564,96604,Size too small,893.75,Approved,2026-09-09
10565,96643,Size too small,2761.13,Approved,2026-08-30
10566,96655,Uncomfortable fit,844.84,Pending,2025-12-30
10567,96664,Size too small,8283.39,Approved,2026-04-06
10568,96667,color mismatch,1985.38,Approved,2026-04-05
10569,96678,Size too large,4978.8,Approved,2026-04-10
10570,96699,Product damaged,2174.5,Approved,2025-04-17
10571,96710,Size too large,4540.98,Pending,2026-08-18
10572,96712,Color mismatch,893.75,Approved,2026-08-20
10573,96719,Fabric quality poor,2270.49,Pending,2026-09-06
10574,96722,Changed mind,1477.93,Approved,2023-04-22
10575,96760,Color mismatch,6042.66,Approved,2025-11-04
10576,96766,Allergic reaction,823.09,Approved,2026-05-07
10577,96772,Allergic reaction,1124.94,Approved,2026-08-31
10578,96788,Product damaged,275.13,Approved,2025-03-28
10579,96789,Not as described,776.2,Approved,2025-05-08
10580,96791,Color mismatch,2761.13,Approved,2025-05-04
10581,96792,Fabric quality poor,969.8,Approved,2025-05-16
10582,96808,Uncomfortable fit,5487.12,Approved,2025-11-06
10583,96818,Size too small,5522.26,Approved,2025-12-04
10584,96860,Not as described,145.44,Pending,2026-08-22
10585,96868,Not as described,1308.76,Approved,2025-07-02
10586,96869,Size issue,654.36,Rejected,2025-07-04
10587,96872,Size too small,2489.4,Approved,2026-04-05
10588,96873,Size too small,1985.38,Approved,2026-03-26
10589,96874,Size too small,2909.4,Approved,2026-03-27
10590,96876,Color mismatch,2489.4,Approved,2026-03-23
10591,96885,Size too small,922.42,Approved,2026-03-25
10592,96909,Changed mind,145.44,Approved,2026-04-02
10593,96913,Product damaged,893.22,Approved,2026-03-24
10594,96919,Changed mind,4348.88,Rejected,2026-04-01
10595,96923,Fabric quality poor,922.42,Approved,2026-03-26
10596,96925,Fabric quality poor,4540.98,Approved,2026-04-03
10597,96929,Product damaged,1240.53,Approved,2026-03-30
10598,96938,Color mismatch,2270.49,Pending,2025-08-20
10599,96957,Changed mind,1477.93,Approved,2026-06-05
10600,96974,Product damaged,1240.53,Approved,2026-01-24
10601,96977,Changed mind,4176.44,Approved,2026-08-26
10602,96978,Sole damage,6523.32,Approved,2026-08-18
10603,97011,Fabric quality poor,3021.33,Approved,2025-06-01
10604,97019,Changed mind,2972.8,Rejected,2025-07-05
10605,97024,Sole damage,2174.44,Pending,2025-10-14
10606,97025,Sole damage,1916.95,Approved,2025-10-15
10607,97036,Changed mind,1293.67,Pending,2026-03-19
10608,97050,Not as described,804.47,Approved,2026-06-14
10609,97052,Changed mind,1786.44,Approved,2026-07-04
10610,97071,Changed mind,375.75,Rejected,2026-06-02
10611,97072,Changed mind,669.38,Approved,2026-05-27
10612,97109,Wrong size,4176.44,Rejected,2026-03-11
10613,97125,Not as described,602.04,Pending,2025-09-17
10614,97127,Not as described,145.44,Approved,2025-09-21
10615,97152,Changed mind,869.3,Approved,2026-05-28
10616,97162,Changed mind,1477.04,Approved,2025-07-29
10617,97166,Changed mind,375.75,Approved,2025-12-11
10618,97168,Color mismatch,2347.32,Approved,2025-12-11
10619,97174,Size too small,4978.8,Approved,2025-12-29
10620,97182,Changed mind,751.5,Approved,14 Jan 2026
10621,97191,Fabric quality poor,2270.49,Approved,2026-02-08
10622,97195,Changed mind,2761.13,Rejected,2026-02-18
10623,97199,Changed mind,145.44,Approved,2026-03-18
10624,97208,Wrong size,8918.4,Approved,2026-04-22
10625,97210,Wrong size,3668.7,Rejected,2026-04-24
10626,97213,Changed mind,2174.44,Approved,2026-06-25
10627,97223,Allergic reaction,1087.25,Approved,2026-08-29
10628,97225,Not as described,233.58,Approved,2026-09-09
10629,97236,Changed mind,410.58,Pending,2025-10-13
10630,97254,Color mismatch,2270.49,Approved,2026-01-31
10631,97256,sole damage,2972.8,Approved,2026-02-01
10632,97262,Allergic reaction,1293.67,Pending,2026-03-15
10633,97270,Size too large,6811.47,Approved,2026-03-30
10634,97271,Size too small,893.75,Approved,2026-04-02
10635,97276,Fabric quality poor,969.8,Approved,2026-04-18
10636,97294,Sole damage,2976.14,Approved,2026-08-15
10637,97295,Changed mind,2575.28,Rejected,2026-08-20
10638,97296,Uncomfortable fit,1115.56,Rejected,2026-08-21
10639,97310,Product damaged,486.8,Approved,2024-01-19
10640,97314,size issue,716.49,Approved,2024-04-01
10641,97315,Not as described,301.02,Pending,2024-07-04
10642,97321,Changed mind,4540.98,Pending,2024-11-16
10643,97322,Uncomfortable fit,1115.56,Rejected,2024-12-22
10644,97345,Not as described,205.29,Approved,2024-09-01
10645,97376,Wrong size,2976.14,Approved,2025-07-13
10646,97385,Product damaged,562.47,Approved,2025-09-28
10647,97401,Product damaged,1687.41,Approved,2026-06-18
10648,97404,Size too small,969.8,Approved,2026-06-25
10649,97410,Size too small,1985.38,Approved,19 Nov 2024
10650,97416,Allergic reaction,846.15,Approved,2025-08-13
10651,97424,Size issue,1308.76,Approved,2025-12-30
10652,97431,Fabric quality poor,2954.08,Approved,2026-01-20
10653,97447,product damaged,233.58,Approved,2026-03-18
10654,97480,Changed mind,375.75,Approved,24 Jul 2026
10655,97487,Size too large,2347.32,Approved,2025-08-24
10656,97489,Color mismatch,1488.07,Pending,2025-09-02
10657,97491,Changed mind,1293.67,Approved,2025-09-14
10658,97496,Product damaged,200.78,Approved,2025-10-05
10659,97501,Not as described,401.56,Approved,2025-11-07
10660,97513,Allergic reaction,1124.94,Pending,2026-01-13
10661,97519,Changed mind,664.45,Approved,2026-03-16
10662,97546,Sole damage,2088.22,Approved,2026-08-10
10663,97552,Allergic reaction,664.45,Rejected,2026-08-10
10664,97561,Sole damage,6523.32,Approved,2026-02-09
10665,97575,Changed mind,716.49,Approved,2024-04-19
10666,97607,Changed mind,969.8,Approved,2026-05-17
10667,97626,Shade mismatch,1786.44,Pending,2024-05-07
10668,97631,Changed mind,969.8,Rejected,2025-01-10
10669,97636,product damaged,1786.44,Approved,2025-09-02
10670,97637,Uncomfortable fit,2174.44,Approved,2025-09-01
10671,97655,Changed mind,1477.93,Approved,2026-06-02
10672,97659,Size too large,2761.13,Approved,2024-08-22
10673,97664,Size too large,1985.38,Approved,2024-10-29
10674,97667,Changed mind,844.84,Approved,2024-11-29
10675,97682,Product damaged,1240.53,Approved,2025-04-18
10676,97684,Fabric quality poor,2489.4,Approved,2025-09-11
10677,97686,Size too small,8283.39,Approved,2026-04-07
10678,97690,Wrong size,2088.22,Approved,2026-04-23
10679,97693,size too large,3021.33,Approved,2026-04-29
10680,97694,Size issue,804.47,Approved,2026-05-01
10681,97697,Product damaged,264.09,Approved,2026-05-19
10682,97716,Uncomfortable fit,1916.95,Approved,01 Aug 2026
10683,97723,Changed mind,2681.25,Pending,2026-09-06
10684,97733,Changed mind,264.09,Approved,2026-06-14
10685,97757,Changed mind,922.42,Rejected,2026-06-19
10686,97761,Changed mind,1689.68,Approved,2026-06-17
10687,97802,Sole damage,8230.68,Approved,2024-12-11
10688,97816,Changed mind,2972.8,Rejected,2025-08-23
10689,97824,Shade mismatch,1240.53,Approved,2025-09-05
10690,97828,Size too large,2270.49,Approved,2026-01-12
10691,97834,Not as described,389.69,Approved,2026-03-29
10692,97840,Changed mind,233.58,Approved,2026-05-29
10693,97842,Changed mind,1115.56,Approved,2023-11-17
10694,97847,Size issue,988.73,Approved,2024-07-05
10695,97850,Allergic reaction,695.64,Pending,2024-10-19
10696,97852,Sole damage,844.84,Approved,2024-11-10
10697,97857,Sole damage,844.84,Approved,2024-12-29
10698,97882,Product damaged,301.02,Approved,2025-01-10
10699,97890,Wrong size,3346.68,Approved,2025-08-10
10700,97898,Allergic reaction,1293.67,Approved,2026-05-23
10701,97902,Product damaged,301.02,Approved,2026-01-22
10702,97914,Changed mind,2679.66,Approved,2023-11-22
10703,97923,Allergic reaction,846.15,Approved,2025-01-18
10704,97928,Wrong size,3346.68,Approved,2025-02-22
10705,97932,Not as described,264.09,Rejected,2025-06-15
10706,97935,Fabric quality poor,2955.86,Approved,2025-10-23
10707,97943,Fabric quality poor,969.8,Approved,2026-05-31
10708,97957,Product damaged,389.69,Approved,2025-07-20
10709,97973,Changed mind,1939.6,Approved,2026-02-28
10710,97980,Changed mind,3021.33,Approved,2026-08-22
10711,97996,Size too large,922.42,Approved,2026-06-14
10712,98001,Changed mind,1985.38,Approved,2026-09-03
10713,98015,Size issue,525.91,Approved,2025-10-13
10714,98025,Color mismatch,782.44,Approved,2026-05-29
10715,98040,Uncomfortable fit,844.84,Approved,2026-09-15
10716,98050,Uncomfortable fit,1287.64,Approved,2026-08-29
10717,98051,Sole damage,1115.56,Rejected,2026-08-28
10718,98052,Uncomfortable fit,6523.32,Approved,2026-09-07
10719,98060,Allergic reaction,1391.28,Approved,2025-07-19
10720,98070,Allergic reaction,275.13,Approved,2026-02-02
10721,98073,Fabric quality poor,5522.26,Approved,2026-03-08
10722,98081,Not as described,525.91,Approved,2026-08-30
10723,98089,Size too small,2681.25,Approved,2024-07-01
10724,98109,Color mismatch,1834.35,Approved,2026-05-19
10725,98110,Changed mind,3261.75,Approved,2026-06-23
10726,98111,Changed mind,695.64,Approved,2026-06-21
10727,98112,Allergic reaction,1328.9,Approved,2026-06-22
10728,98115,Product damaged,264.09,Approved,2025-07-07
10729,98133,Fabric quality poor,922.42,Approved,2025-11-18
10730,98135,Uncomfortable fit,1834.35,Approved,2025-12-17
10731,98159,Allergic reaction,1087.25,Approved,2026-08-25
10732,98165,Product damaged,730.2,Approved,2026-09-07
10733,98174,Fabric quality poor,1844.84,Approved,2025-02-06
10734,98199,Wrong size,2088.22,Approved,2026-03-19
10735,98200,Wrong size,1115.56,Approved,2026-03-20
10736,98228,Size too small,2270.49,Approved,2026-04-12
10737,98229,Changed mind,275.13,Approved,2026-04-12
10738,98236,Color mismatch,782.44,Approved,2026-09-05
10739,98237,Color mismatch,1488.07,Approved,2026-08-30
10740,98241,Color mismatch,2088.22,Approved,2025-06-23
10741,98245,Changed mind,2743.56,Approved,2026-05-06
10742,98250,Size too large,1787.5,Approved,2026-05-05
10743,98259,Sole damage,1488.07,Approved,2026-01-24
10744,98261,Product damaged,434.65,Approved,2026-02-02
10745,98300,Changed mind,969.8,Approved,2025-05-28
10746,98307,Size too small,1985.38,Approved,2025-09-11
10747,98308,Fabric quality poor,1477.04,Approved,2025-09-12
10748,98312,Allergic reaction,1124.94,Approved,2026-01-05
10749,98322,Size issue,776.2,Approved,2026-06-26
10750,98332,Size too small,782.44,Approved,2026-02-21
10751,98340,size issue,1432.98,Approved,2026-03-09
10752,98357,Sole damage,2174.44,Approved,2026-05-24
10753,98368,Uncomfortable fit,844.84,Approved,2026-07-10
10754,98382,Changed mind,1985.38,Approved,2026-08-30
10755,98390,Uncomfortable fit,1115.56,Approved,2025-05-11
10756,98412,Wrong size,1115.56,Approved,2024-10-02
10757,98420,Color mismatch,1985.38,Approved,2025-08-19
10758,98441,Not as described,301.02,Approved,2026-03-22
10759,98453,Size too small,782.44,Approved,2026-03-15
10760,98467,Allergic reaction,695.64,Approved,2026-03-06
10761,98468,Shade mismatch,846.15,Approved,2026-03-13
10762,98471,Size too large,893.75,Approved,2026-03-22
10763,98475,Color mismatch,4176.44,Pending,2026-04-25
10764,98497,Fabric quality poor,2681.25,Approved,2026-08-23
10765,98510,Product damaged,615.87,Approved,2026-03-09
10766,98513,Changed mind,2972.8,Rejected,2026-03-07
10767,98516,Wrong size,2088.22,Approved,2026-03-10
10768,98591,Not as described,1552.4,Approved,2025-01-19
10769,98606,Size too small,8283.39,Approved,2026-02-04
10770,98610,Not as described,602.04,Rejected,2026-02-17
10771,98624,Wrong size,2088.22,Approved,2026-02-10
10772,98628,Wrong size,2575.28,Pending,2026-03-15
10773,98629,Size too small,1564.88,Approved,2026-03-22
10774,98636,Size too small,782.44,Pending,2026-04-05
10775,98644,Color mismatch,2761.13,Approved,2026-09-06
10776,98657,Fabric quality poor,1985.38,Approved,2026-02-19
10777,98689,Color mismatch,2743.56,Approved,2026-06-05
10778,98705,Color mismatch,893.75,Approved,2026-06-24
10779,98711,Sole damage,1287.64,Pending,2026-06-18
10780,98723,Sole damage,2231.12,Rejected,2026-06-28
10781,98734,Allergic reaction,275.13,Approved,2026-06-24
10782,98742,Size too large,2489.4,Approved,2026-09-10
10783,98759,Product damaged,434.65,Approved,2025-12-20
10784,98763,Sole damage,2088.22,Approved,2026-01-19
10785,98793,Product damaged,275.13,Pending,2026-07-20
10786,98805,Size too large,1985.38,Approved,2026-09-01
10787,98829,Changed mind,2761.13,Approved,2026-01-24
10788,98832,Color mismatch,1287.64,Approved,2026-02-06
10789,98852,Uncomfortable fit,1916.95,Approved,2026-01-04
10790,98862,Color mismatch,4433.79,Approved,2026-01-31
10791,98869,Wrong size,2534.52,Approved,2026-04-13
10792,98883,Changed mind,4540.98,Approved,2026-07-03
10793,98895,Changed mind,716.49,Approved,2025-07-21
10794,98904,Size issue,654.36,Approved,2025-02-21
10795,98914,Changed mind,2008.14,Approved,2025-08-22
10796,98916,Color mismatch,2088.22,Pending,2026-01-09
10797,98920,Color mismatch,3833.9,Approved,2026-03-15
10798,98945,size too small,2270.49,Approved,2025-03-17
10799,98982,Shade mismatch,846.15,Approved,2026-03-24
10800,98989,Size too large,782.44,Approved,2026-05-21
10801,98999,Changed mind,1488.07,Approved,2026-05-19
10802,99010,Uncomfortable fit,2534.52,Approved,2026-06-19
10803,99016,Size too large,893.75,Approved,2026-06-29
10804,99017,size too large,3970.76,Approved,2026-07-05
10805,99032,Product damaged,386.2,Approved,2023-03-23
10806,99043,Uncomfortable fit,1834.35,Approved,2026-07-02
10807,99044,Changed mind,2954.08,Approved,2026-07-02
10808,99053,Product damaged,664.45,Approved,2026-07-01
10809,99055,Sole damage,1488.07,Rejected,2026-06-30
10810,99061,Color mismatch,1834.35,Approved,2025/10/13
10811,99068,Size too small,1477.93,Approved,2025-11-12
10812,99080,Uncomfortable fit,1916.95,Approved,02/14/2026
10813,99085,Allergic reaction,1692.3,Approved,2023-12-15
10814,99097,Shade mismatch,275.13,Approved,2026-08-13
10815,99113,Sole damage,2174.44,Pending,2026-08-24
10816,99127,Size too large,1477.04,Approved,2026-09-06
10817,99135,Fabric quality poor,1477.93,Approved,2026-08-30
10818,99137,Size too small,893.75,Approved,2026-09-04
10819,99158,Color mismatch,2972.8,Approved,2024-10-25
10820,99179,Changed mind,1169.07,Approved,2025-06-15
10821,99201,Uncomfortable fit,2972.8,Pending,2026-02-28
10822,99223,Size too large,6042.66,Approved,2024-06-23
10823,99225,Fabric quality poor,1985.38,Approved,2024-06-25
10824,99250,Uncomfortable fit,1115.56,Approved,2026-02-12
10825,99282,Fabric quality poor,969.8,Approved,05-05-2025
10826,99297,Changed mind,1985.38,Rejected,2025-04-02
10827,99301,Size too large,2270.49,Approved,2025-09-07
10828,99308,Size too small,5522.26,Approved,01 Jul 2026
10829,99312,Fabric quality poor,782.44,Approved,2026-08-27
10830,99335,Changed mind,434.65,Approved,2025-09-02
10831,99338,Wrong size,1488.07,Approved,2025-11-30
10832,99340,Color mismatch,5522.26,Pending,2026-03-17
10833,99359,Changed mind,1939.6,Approved,2026-09-04
10834,99367,Product damaged,386.2,Pending,08/30/2026
10835,99379,Size issue,804.47,Approved,2026-09-08
10836,99384,Uncomfortable fit,5945.6,Approved,2026-09-10
10837,99386,Product damaged,869.3,Approved,2025-03-19
10838,99415,Changed mind,2767.26,Approved,2026-08-27
10839,99419,Changed mind,8283.39,Approved,2026-07-05
10840,99422,Fabric quality poor,2347.32,Approved,2026-08-14
10841,99425,Sole damage,1488.07,Approved,2026-08-27
10842,99437,Fabric quality poor,2489.4,Rejected,2026-09-11
10843,99441,Size too large,3970.76,Rejected,2025-11-01
10844,99485,Wrong size,1488.07,Pending,2026-06-10
10845,99513,Not as described,233.58,Approved,2026-08-08
10846,99540,Uncomfortable fit,4839.56,Approved,2026-05-04
10847,99541,Fabric quality poor,969.8,Approved,2026-04-27
10848,99543,Color mismatch,2270.49,Approved,2026-04-28
10849,99561,Color mismatch,1985.38,Approved,2026-07-03
10850,99564,Shade mismatch,2469.27,Pending,2026-06-26
10851,99586,Size too small,2681.25,Approved,2026-09-12
10852,99587,SIZE TOO SMALL,2909.4,Pending,2026-09-12
10853,99593,Product damaged,1087.25,Approved,2023-09-24
10854,99604,Size issue,776.2,Approved,2025-08-22
10855,99605,Changed mind,1353.12,Approved,2025-08-16
10856,99611,Uncomfortable fit,1287.64,Pending,2026-09-04
10857,99618,wrong size,2088.22,Pending,2025-06-04
10858,99630,Color mismatch,1115.56,Rejected,2026-09-04
10859,99642,Fabric quality poor,4978.8,Approved,2024-08-29
10860,99644,Size too small,969.8,Approved,2023-08-28
10861,99645,Size too large,2270.49,Approved,2023-08-31
10862,99662,Changed mind,1087.25,Pending,2024-03-30
10863,99663,Size too small,4978.8,Approved,2024-07-23
10864,99674,Shade mismatch,550.26,Approved,2024-12-26
10865,99676,Not as described,1308.72,Approved,2025-03-25
10866,99680,Fabric quality poor,969.8,Approved,2026-01-08
10867,99695,Color mismatch,2954.08,Approved,2026-08-30
10868,99701,Color mismatch,782.44,Rejected,2023-10-14
10869,99704,Shade mismatch,893.22,Approved,2024-02-09
10870,99729,Size too small,922.42,Approved,2026-09-02
10871,99738,Allergic reaction,893.22,Pending,2025-07-03
10872,99744,Size too small,3021.33,Rejected,2025-01-06
10873,99753,Wrong size,2174.44,Approved,2023-05-20
10874,99759,Shade mismatch,275.13,Rejected,2024-10-17
10875,99765,Fabric quality poor,2954.08,Approved,2025-12-27
10876,99769,Changed mind,922.42,Approved,2023-07-28
10877,99782,Size too large,1477.04,Approved,2024-01-17
10878,99785,Shade mismatch,664.45,Approved,2024-04-01
10879,99791,allergic reaction,664.45,Approved,2024-08-02
10880,99794,Size too small,893.75,Approved,2024-09-01
10881,99806,Color mismatch,2174.44,Pending,2025-05-04
10882,99821,Wrong size,2972.8,Approved,2026-02-09
10883,99822,Changed mind,3668.7,Approved,2026-02-05
10884,99824,Uncomfortable fit,5487.12,Rejected,2026-02-19
10885,99844,Color mismatch,893.75,Approved,2025-02-14
10886,99851,Size too large,2270.49,Approved,2025-03-25
10887,99859,Size too large,893.75,Approved,2025-06-16
10888,99862,Fabric quality poor,922.42,Pending,2025-06-25
10889,99870,Changed mind,969.8,Approved,2025-07-16
10890,99875,Fabric quality poor,1477.04,Approved,2025-08-23
10891,99876,Size too large,893.75,Approved,2025-08-18
10892,99890,Product damaged,869.3,Approved,2025-09-29
10893,99893,Sole damage,2976.14,Approved,2025-07-18
10894,99897,Size issue,669.38,Approved,2025-12-28
10895,99908,Size too small,5522.26,Approved,2026-04-03
10896,99910,Changed mind,5956.14,Pending,2026-04-08
10897,99911,Color mismatch,1787.5,Approved,2026-04-12
10898,99920,Changed mind,2972.8,Rejected,2025-07-08
10899,99921,Color mismatch,2575.28,Approved,2025-06-30
10900,99937,Product damaged,1293.67,Approved,2025-12-29
10901,99954,Color mismatch,5487.12,Approved,2026-07-07
10902,99958,Color mismatch,8918.4,Approved,2026-03-23
10903,99963,Wrong size,1689.68,Approved,2025-04-27
10904,99964,Not as described,654.38,Approved,2025-04-26
10905,99967,Product damaged,434.65,Rejected,2025-05-04
10906,99975,Changed mind,2088.22,Approved,2025-06-16
10907,99993,Allergic reaction,893.22,Approved,2025-06-28
10908,99999,Changed mind,2761.13,Approved,2025-07-11
10909,100028,changed mind,2587.34,Rejected,2025-09-03
10910,100039,Fabric quality poor,4540.98,Rejected,2026-07-14
10911,100044,Uncomfortable fit,844.84,Approved,2025-09-04
10912,100053,Size too large,1477.04,Rejected,2023-06-07
10913,100061,Uncomfortable fit,1689.68,Approved,2023-10-10
10914,100062,Uncomfortable fit,6523.32,Approved,2023-10-02
10915,100074,Shade mismatch,275.13,Rejected,2024-01-13
10916,100084,Changed mind,2575.28,Rejected,2024-04-17
10917,100099,Changed mind,233.58,Pending,2024-10-21
10918,100104,Not as described,264.09,Approved,2024-12-24
10919,100105,Product damaged,361.35,Approved,2025-01-02
10920,100117,Wrong size,2174.44,Rejected,2025-06-28
10921,100118,Sole damage,2534.52,Approved,2025-06-24
10922,100124,Shade mismatch,562.47,Approved,2025-08-31
10923,100133,Changed mind,2972.8,Approved,2026-08-16
10924,100135,Wrong size,2575.28,Approved,2026-08-17
10925,100145,Changed mind,4464.21,Approved,2023-11-10
10926,100150,Changed mind,1308.76,Approved,2024-08-14
10927,100151,Sole damage,1115.56,Approved,2024-11-03
10928,100165,Size too large,2955.86,Approved,2024-08-20
10929,100177,Color mismatch,893.75,Pending,2025-04-06
10930,100181,Shade mismatch,1293.67,Approved,2025-09-01
10931,100191,Size too small,2761.13,Approved,2024-11-06
10932,100200,Changed mind,233.58,Approved,2025-01-03
10933,100209,Fabric quality poor,2955.86,Approved,2025-01-24
10934,100210,Color mismatch,782.44,Rejected,2025-01-26
10935,100211,Sole damage,5750.85,Rejected,2025-02-01
10936,100229,Changed mind,716.49,Approved,2025-08-08
10937,100231,Size too small,1787.5,Approved,2024-10-10
10938,100236,Size too large,4540.98,Approved,2025-03-31
10939,100243,Color mismatch,1477.04,Approved,2025-06-21
10940,100263,Changed mind,654.36,Pending,2026-08-17
10941,100272,Size too large,782.44,Approved,2026-09-07
